student_id,canonical_student_id,academic_student_id,behavior_student_id,emotional_student_id,cohort_id,academic_risks,academic_risk,behavior_risk,behavior_risk_max,behavior_risk_change,emotional_stress,evidence_coverage,available_sources,expected_sources,trajectory,trajectory_explanation,priority_score,priority_level,confidence,reason_codes,recommended_action,data_mode,intervention_opportunity
CANONICAL_000001,CANONICAL_000001,OULAD_000001,BEHAVIOR_000001,EMOTIONAL_000001,OULAD_COHORT_2026_01,"[0.35, 0.37, 0.41, 0.47]",0.47,0.0875,0.17,-0.12,4.0,1.0,3,3,unstable,Academic risk changed without a single dominant trajectory pattern.,0.592,P2,High,ACADEMIC_UNSTABLE,Human review of conflicting evidence,synthetic_demo,"{'intervention_success_probability': 0.4693, 'opportunity_band': 'medium', 'model': 'intervention-opportunity-logistic-v1'}"
CANONICAL_000002,CANONICAL_000002,OULAD_000002,BEHAVIOR_000002,EMOTIONAL_000002,OULAD_COHORT_2026_01,"[0.25, 0.33, 0.49, 0.48]",0.48,0.7275,0.81,0.1200000000000001,0.0,1.0,3,3,unstable,Academic risk changed without a single dominant trajectory pattern.,0.599,P2,High,ACADEMIC_UNSTABLE,Human review of conflicting evidence,synthetic_demo,"{'intervention_success_probability': 0.5316, 'opportunity_band': 'medium', 'model': 'intervention-opportunity-logistic-v1'}"
CANONICAL_000003,CANONICAL_000003,OULAD_000003,BEHAVIOR_000003,EMOTIONAL_000003,OULAD_COHORT_2026_01,"[0.42, 0.5, 0.4, 0.35]",0.35,0.35750000000000004,0.42,0.07,0.0,1.0,3,3,stable_low,Academic risk remained comparatively low and stable.,0.55,P2,High,ACADEMIC_STABLE_LOW,Routine monitoring,synthetic_demo,"{'intervention_success_probability': 0.5333, 'opportunity_band': 'medium', 'model': 'intervention-opportunity-logistic-v1'}"
CANONICAL_000004,CANONICAL_000004,OULAD_000004,BEHAVIOR_000004,EMOTIONAL_000004,OULAD_COHORT_2026_01,"[0.16, 0.12, 0.04, 0.16]",0.16,0.0925,0.13,-0.03,2.0,1.0,3,3,stable_low,Academic risk remained comparatively low and stable.,0.524,P2,High,ACADEMIC_STABLE_LOW,Routine monitoring,synthetic_demo,"{'intervention_success_probability': 0.4435, 'opportunity_band': 'medium', 'model': 'intervention-opportunity-logistic-v1'}"
CANONICAL_000005,CANONICAL_000005,OULAD_000005,BEHAVIOR_000005,EMOTIONAL_000005,OULAD_COHORT_2026_01,"[0.55, 0.43, 0.6, 0.65]",0.65,0.915,0.98,-0.18999999999999995,3.0,1.0,3,3,unstable,Academic risk changed without a single dominant trajectory pattern.,0.625,P1,High,ACADEMIC_UNSTABLE,Human review of conflicting evidence,synthetic_demo,"{'intervention_success_probability': 0.5654, 'opportunity_band': 'medium', 'model': 'intervention-opportunity-logistic-v1'}"
CANONICAL_000006,CANONICAL_000006,OULAD_000006,BEHAVIOR_000006,EMOTIONAL_000006,OULAD_COHORT_2026_01,"[0.11, 0.18, 0.14, 0.04]",0.04,0.0475,0.12,-0.07,1.0,1.0,3,3,stable_low,Academic risk remained comparatively low and stable.,0.488,P2,High,ACADEMIC_STABLE_LOW,Routine monitoring,synthetic_demo,"{'intervention_success_probability': 0.4973, 'opportunity_band': 'medium', 'model': 'intervention-opportunity-logistic-v1'}"
CANONICAL_000007,CANONICAL_000007,OULAD_000007,BEHAVIOR_000007,EMOTIONAL_000007,OULAD_COHORT_2026_01,"[0.51, 0.54, 0.51, 0.59]",0.59,0.7,0.82,-0.15999999999999992,2.0,1.0,3,3,unstable,Academic risk changed without a single dominant trajectory pattern.,0.614,P2,High,ACADEMIC_UNSTABLE,Human review of conflicting evidence,synthetic_demo,"{'intervention_success_probability': 0.512, 'opportunity_band': 'medium', 'model': 'intervention-opportunity-logistic-v1'}"
CANONICAL_000008,CANONICAL_000008,OULAD_000008,BEHAVIOR_000008,EMOTIONAL_000008,OULAD_COHORT_2026_01,"[0.18, 0.28, 0.23, 0.29]",0.29,0.0675,0.12,0.0,3.0,1.0,3,3,stable_low,Academic risk remained comparatively low and stable.,0.555,P2,High,ACADEMIC_STABLE_LOW,Routine monitoring,synthetic_demo,"{'intervention_success_probability': 0.435, 'opportunity_band': 'medium', 'model': 'intervention-opportunity-logistic-v1'}"
CANONICAL_000009,CANONICAL_000009,OULAD_000009,BEHAVIOR_000009,EMOTIONAL_000009,OULAD_COHORT_2026_01,"[0.2, 0.16, 0.27, 0.27]",0.27,0.07250000000000001,0.23,0.06,2.0,1.0,3,3,stable_low,Academic risk remained comparatively low and stable.,0.541,P2,High,ACADEMIC_STABLE_LOW,Routine monitoring,synthetic_demo,"{'intervention_success_probability': 0.5007, 'opportunity_band': 'medium', 'model': 'intervention-opportunity-logistic-v1'}"
CANONICAL_000010,CANONICAL_000010,OULAD_000010,BEHAVIOR_000010,EMOTIONAL_000010,OULAD_COHORT_2026_01,"[0.38, 0.46, 0.38, 0.53]",0.53,0.66,0.74,-0.15000000000000002,0.0,1.0,3,3,unstable,Academic risk changed without a single dominant trajectory pattern.,0.616,P2,High,ACADEMIC_UNSTABLE,Human review of conflicting evidence,synthetic_demo,"{'intervention_success_probability': 0.4771, 'opportunity_band': 'medium', 'model': 'intervention-opportunity-logistic-v1'}"
CANONICAL_000011,CANONICAL_000011,OULAD_000011,BEHAVIOR_000011,EMOTIONAL_000011,OULAD_COHORT_2026_01,"[0.54, 0.65, 0.67, 0.64]",0.64,0.6,0.73,-0.20999999999999996,3.0,1.0,3,3,unstable,Academic risk changed without a single dominant trajectory pattern.,0.618,P2,High,ACADEMIC_UNSTABLE,Human review of conflicting evidence,synthetic_demo,"{'intervention_success_probability': 0.5294, 'opportunity_band': 'medium', 'model': 'intervention-opportunity-logistic-v1'}"
CANONICAL_000012,CANONICAL_000012,OULAD_000012,BEHAVIOR_000012,EMOTIONAL_000012,OULAD_COHORT_2026_01,"[0.08, 0.1, 0.1, 0.1]",0.1,0.060000000000000005,0.08,-0.010000000000000002,2.0,1.0,3,3,stable_low,Academic risk remained comparatively low and stable.,0.502,P2,High,ACADEMIC_STABLE_LOW,Routine monitoring,synthetic_demo,"{'intervention_success_probability': 0.4659, 'opportunity_band': 'medium', 'model': 'intervention-opportunity-logistic-v1'}"
CANONICAL_000013,CANONICAL_000013,OULAD_000013,BEHAVIOR_000013,EMOTIONAL_000013,OULAD_COHORT_2026_01,"[0.36, 0.41, 0.51, 0.6]",0.6,0.4675,0.53,0.12,2.0,1.0,3,3,late_emerging,Elevated academic risk emerged later in the observation window.,0.633,P1,High,ACADEMIC_LATE_EMERGING,Academic advisor review,synthetic_demo,"{'intervention_success_probability': 0.49, 'opportunity_band': 'medium', 'model': 'intervention-opportunity-logistic-v1'}"
CANONICAL_000014,CANONICAL_000014,OULAD_000014,BEHAVIOR_000014,EMOTIONAL_000014,OULAD_COHORT_2026_01,"[0.27, 0.32, 0.3, 0.32]",0.32,0.5825,0.73,0.25,2.0,1.0,3,3,stable_low,Academic risk remained comparatively low and stable.,0.551,P2,High,ACADEMIC_STABLE_LOW,Routine monitoring,synthetic_demo,"{'intervention_success_probability': 0.4935, 'opportunity_band': 'medium', 'model': 'intervention-opportunity-logistic-v1'}"
CANONICAL_000015,CANONICAL_000015,OULAD_000015,BEHAVIOR_000015,EMOTIONAL_000015,OULAD_COHORT_2026_01,"[0.13, 0.09, 0.14, 0.05]",0.05,0.13,0.18,0.009999999999999981,4.0,1.0,3,3,stable_low,Academic risk remained comparatively low and stable.,0.49,P2,High,ACADEMIC_STABLE_LOW,Routine monitoring,synthetic_demo,"{'intervention_success_probability': 0.4992, 'opportunity_band': 'medium', 'model': 'intervention-opportunity-logistic-v1'}"
CANONICAL_000016,CANONICAL_000016,OULAD_000016,BEHAVIOR_000016,EMOTIONAL_000016,OULAD_COHORT_2026_01,"[0.35, 0.42, 0.34, 0.38]",0.38,0.3075,0.41,0.10999999999999999,1.0,1.0,3,3,stable_low,Academic risk remained comparatively low and stable.,0.563,P2,High,ACADEMIC_STABLE_LOW,Routine monitoring,synthetic_demo,"{'intervention_success_probability': 0.4896, 'opportunity_band': 'medium', 'model': 'intervention-opportunity-logistic-v1'}"
CANONICAL_000017,CANONICAL_000017,OULAD_000017,BEHAVIOR_000017,EMOTIONAL_000017,OULAD_COHORT_2026_01,"[0.13, 0.28, 0.48, 0.47]",0.47,0.5325,0.69,0.07,0.0,1.0,3,3,unstable,Academic risk changed without a single dominant trajectory pattern.,0.608,P2,High,ACADEMIC_UNSTABLE,Human review of conflicting evidence,synthetic_demo,"{'intervention_success_probability': 0.502, 'opportunity_band': 'medium', 'model': 'intervention-opportunity-logistic-v1'}"
CANONICAL_000018,CANONICAL_000018,OULAD_000018,BEHAVIOR_000018,EMOTIONAL_000018,OULAD_COHORT_2026_01,"[0.33, 0.35, 0.35, 0.44]",0.44,0.0825,0.25,0.25,1.0,1.0,3,3,unstable,Academic risk changed without a single dominant trajectory pattern.,0.588,P2,High,ACADEMIC_UNSTABLE,Human review of conflicting evidence,synthetic_demo,"{'intervention_success_probability': 0.4796, 'opportunity_band': 'medium', 'model': 'intervention-opportunity-logistic-v1'}"
CANONICAL_000019,CANONICAL_000019,OULAD_000019,BEHAVIOR_000019,EMOTIONAL_000019,OULAD_COHORT_2026_01,"[0.17, 0.07, 0.09, 0.12]",0.12,0.2075,0.33,0.09,0.0,1.0,3,3,stable_low,Academic risk remained comparatively low and stable.,0.504,P2,High,ACADEMIC_STABLE_LOW,Routine monitoring,synthetic_demo,"{'intervention_success_probability': 0.5112, 'opportunity_band': 'medium', 'model': 'intervention-opportunity-logistic-v1'}"
CANONICAL_000020,CANONICAL_000020,OULAD_000020,BEHAVIOR_000020,EMOTIONAL_000020,OULAD_COHORT_2026_01,"[0.21, 0.17, 0.33, 0.35]",0.35,0.3275,0.4,0.16000000000000003,0.0,1.0,3,3,stable_low,Academic risk remained comparatively low and stable.,0.566,P2,High,ACADEMIC_STABLE_LOW,Routine monitoring,synthetic_demo,"{'intervention_success_probability': 0.5248, 'opportunity_band': 'medium', 'model': 'intervention-opportunity-logistic-v1'}"
CANONICAL_000021,CANONICAL_000021,OULAD_000021,BEHAVIOR_000021,EMOTIONAL_000021,OULAD_COHORT_2026_01,"[0.26, 0.14, 0.11, 0.05]",0.05,0.05,0.19,0.01,1.0,1.0,3,3,improving,Academic risk decreased across the observation window.,0.49,P2,High,ACADEMIC_IMPROVING,Recognition and light-touch follow-up,synthetic_demo,"{'intervention_success_probability': 0.5365, 'opportunity_band': 'medium', 'model': 'intervention-opportunity-logistic-v1'}"
CANONICAL_000022,CANONICAL_000022,OULAD_000022,BEHAVIOR_000022,EMOTIONAL_000022,OULAD_COHORT_2026_01,"[0.39, 0.51, 0.67, 0.67]",0.67,0.7625,0.87,-0.010000000000000009,0.0,1.0,3,3,late_emerging,Elevated academic risk emerged later in the observation window.,0.642,P1,High,ACADEMIC_LATE_EMERGING,Academic advisor review,synthetic_demo,"{'intervention_success_probability': 0.5411, 'opportunity_band': 'medium', 'model': 'intervention-opportunity-logistic-v1'}"
CANONICAL_000023,CANONICAL_000023,OULAD_000023,BEHAVIOR_000023,EMOTIONAL_000023,OULAD_COHORT_2026_01,"[0.15, 0.23, 0.22, 0.32]",0.32,0.465,0.65,-0.15000000000000002,2.0,1.0,3,3,unstable,Academic risk changed without a single dominant trajectory pattern.,0.571,P2,High,ACADEMIC_UNSTABLE,Human review of conflicting evidence,synthetic_demo,"{'intervention_success_probability': 0.4458, 'opportunity_band': 'medium', 'model': 'intervention-opportunity-logistic-v1'}"
CANONICAL_000024,CANONICAL_000024,OULAD_000024,BEHAVIOR_000024,EMOTIONAL_000024,OULAD_COHORT_2026_01,"[0.31, 0.29, 0.36, 0.32]",0.32,0.185,0.37,-0.24,3.0,1.0,3,3,stable_low,Academic risk remained comparatively low and stable.,0.545,P2,High,ACADEMIC_STABLE_LOW,Routine monitoring,synthetic_demo,"{'intervention_success_probability': 0.5156, 'opportunity_band': 'medium', 'model': 'intervention-opportunity-logistic-v1'}"
CANONICAL_000025,CANONICAL_000025,OULAD_000025,BEHAVIOR_000025,EMOTIONAL_000025,OULAD_COHORT_2026_01,"[0.2, 0.11, 0.08, 0.1]",0.1,0.0625,0.24,-0.24,1.0,1.0,3,3,stable_low,Academic risk remained comparatively low and stable.,0.5,P2,High,ACADEMIC_STABLE_LOW,Routine monitoring,synthetic_demo,"{'intervention_success_probability': 0.4994, 'opportunity_band': 'medium', 'model': 'intervention-opportunity-logistic-v1'}"
CANONICAL_000026,CANONICAL_000026,OULAD_000026,BEHAVIOR_000026,EMOTIONAL_000026,OULAD_COHORT_2026_01,"[0.18, 0.14, 0.05, 0.0]",0.0,0.03,0.06,0.009999999999999995,3.0,1.0,3,3,stable_low,Academic risk remained comparatively low and stable.,0.48,P2,High,ACADEMIC_STABLE_LOW,Routine monitoring,synthetic_demo,"{'intervention_success_probability': 0.4872, 'opportunity_band': 'medium', 'model': 'intervention-opportunity-logistic-v1'}"
CANONICAL_000027,CANONICAL_000027,OULAD_000027,BEHAVIOR_000027,EMOTIONAL_000027,OULAD_COHORT_2026_01,"[0.37, 0.34, 0.39, 0.32]",0.32,0.215,0.3,-0.15,0.0,1.0,3,3,stable_low,Academic risk remained comparatively low and stable.,0.544,P2,High,ACADEMIC_STABLE_LOW,Routine monitoring,synthetic_demo,"{'intervention_success_probability': 0.559, 'opportunity_band': 'medium', 'model': 'intervention-opportunity-logistic-v1'}"
CANONICAL_000028,CANONICAL_000028,OULAD_000028,BEHAVIOR_000028,EMOTIONAL_000028,OULAD_COHORT_2026_01,"[0.2, 0.23, 0.3, 0.32]",0.32,0.24250000000000002,0.28,-0.05000000000000002,3.0,1.0,3,3,stable_low,Academic risk remained comparatively low and stable.,0.558,P2,High,ACADEMIC_STABLE_LOW,Routine monitoring,synthetic_demo,"{'intervention_success_probability': 0.4764, 'opportunity_band': 'medium', 'model': 'intervention-opportunity-logistic-v1'}"
CANONICAL_000029,CANONICAL_000029,OULAD_000029,BEHAVIOR_000029,EMOTIONAL_000029,OULAD_COHORT_2026_01,"[0.19, 0.21, 0.13, 0.16]",0.16,0.0225,0.09,0.0,3.0,1.0,3,3,stable_low,Academic risk remained comparatively low and stable.,0.512,P2,High,ACADEMIC_STABLE_LOW,Routine monitoring,synthetic_demo,"{'intervention_success_probability': 0.4546, 'opportunity_band': 'medium', 'model': 'intervention-opportunity-logistic-v1'}"
CANONICAL_000030,CANONICAL_000030,OULAD_000030,BEHAVIOR_000030,EMOTIONAL_000030,OULAD_COHORT_2026_01,"[0.28, 0.41, 0.41, 0.59]",0.59,0.66,0.85,-0.31999999999999995,0.0,1.0,3,3,unstable,Academic risk changed without a single dominant trajectory pattern.,0.647,P1,High,ACADEMIC_UNSTABLE,Human review of conflicting evidence,synthetic_demo,"{'intervention_success_probability': 0.4533, 'opportunity_band': 'medium', 'model': 'intervention-opportunity-logistic-v1'}"
CANONICAL_000031,CANONICAL_000031,OULAD_000031,BEHAVIOR_000031,EMOTIONAL_000031,OULAD_COHORT_2026_01,"[0.1, 0.06, 0.18, 0.16]",0.16,0.1,0.27,-0.020000000000000004,0.0,1.0,3,3,stable_low,Academic risk remained comparatively low and stable.,0.518,P2,High,ACADEMIC_STABLE_LOW,Routine monitoring,synthetic_demo,"{'intervention_success_probability': 0.5127, 'opportunity_band': 'medium', 'model': 'intervention-opportunity-logistic-v1'}"
CANONICAL_000032,CANONICAL_000032,OULAD_000032,BEHAVIOR_000032,EMOTIONAL_000032,OULAD_COHORT_2026_01,"[0.21, 0.11, 0.18, 0.19]",0.19,0.3475,0.42,0.18,0.0,1.0,3,3,stable_low,Academic risk remained comparatively low and stable.,0.518,P2,High,ACADEMIC_STABLE_LOW,Routine monitoring,synthetic_demo,"{'intervention_success_probability': 0.5309, 'opportunity_band': 'medium', 'model': 'intervention-opportunity-logistic-v1'}"
CANONICAL_000033,CANONICAL_000033,OULAD_000033,BEHAVIOR_000033,EMOTIONAL_000033,OULAD_COHORT_2026_01,"[0.31, 0.24, 0.23, 0.15]",0.15,0.3775,0.48,-0.06,3.0,1.0,3,3,stable_low,Academic risk remained comparatively low and stable.,0.51,P2,High,ACADEMIC_STABLE_LOW,Routine monitoring,synthetic_demo,"{'intervention_success_probability': 0.5354, 'opportunity_band': 'medium', 'model': 'intervention-opportunity-logistic-v1'}"
CANONICAL_000034,CANONICAL_000034,OULAD_000034,BEHAVIOR_000034,EMOTIONAL_000034,OULAD_COHORT_2026_01,"[0.04, 0.06, 0.03, 0.1]",0.1,0.1825,0.28,0.25,3.0,1.0,3,3,stable_low,Academic risk remained comparatively low and stable.,0.513,P2,High,ACADEMIC_STABLE_LOW,Routine monitoring,synthetic_demo,"{'intervention_success_probability': 0.4321, 'opportunity_band': 'medium', 'model': 'intervention-opportunity-logistic-v1'}"
CANONICAL_000035,CANONICAL_000035,OULAD_000035,BEHAVIOR_000035,EMOTIONAL_000035,OULAD_COHORT_2026_01,"[0.12, 0.09, 0.26, 0.31]",0.31,0.26249999999999996,0.31,0.1,0.0,1.0,3,3,unstable,Academic risk changed without a single dominant trajectory pattern.,0.566,P2,High,ACADEMIC_UNSTABLE,Human review of conflicting evidence,synthetic_demo,"{'intervention_success_probability': 0.5011, 'opportunity_band': 'medium', 'model': 'intervention-opportunity-logistic-v1'}"
CANONICAL_000036,CANONICAL_000036,OULAD_000036,BEHAVIOR_000036,EMOTIONAL_000036,OULAD_COHORT_2026_01,"[0.21, 0.21, 0.11, 0.25]",0.25,0.505,0.68,-0.39999999999999997,1.0,1.0,3,3,stable_low,Academic risk remained comparatively low and stable.,0.548,P2,High,ACADEMIC_STABLE_LOW,Routine monitoring,synthetic_demo,"{'intervention_success_probability': 0.4565, 'opportunity_band': 'medium', 'model': 'intervention-opportunity-logistic-v1'}"
CANONICAL_000037,CANONICAL_000037,OULAD_000037,BEHAVIOR_000037,EMOTIONAL_000037,OULAD_COHORT_2026_01,"[0.36, 0.34, 0.36, 0.47]",0.47,0.2425,0.27,0.04000000000000001,0.0,1.0,3,3,unstable,Academic risk changed without a single dominant trajectory pattern.,0.596,P2,High,ACADEMIC_UNSTABLE,Human review of conflicting evidence,synthetic_demo,"{'intervention_success_probability': 0.4989, 'opportunity_band': 'medium', 'model': 'intervention-opportunity-logistic-v1'}"
CANONICAL_000038,CANONICAL_000038,OULAD_000038,BEHAVIOR_000038,EMOTIONAL_000038,OULAD_COHORT_2026_01,"[0.65, 0.75, 0.65, 0.7]",0.7,0.615,0.68,0.020000000000000018,1.0,1.0,3,3,persistent_high,Academic risk remained consistently high.,0.63,P1,High,ACADEMIC_PERSISTENT_HIGH,Programme review,synthetic_demo,"{'intervention_success_probability': 0.5281, 'opportunity_band': 'medium', 'model': 'intervention-opportunity-logistic-v1'}"
CANONICAL_000039,CANONICAL_000039,OULAD_000039,BEHAVIOR_000039,EMOTIONAL_000039,OULAD_COHORT_2026_01,"[0.16, 0.14, 0.26, 0.24]",0.24,0.0275,0.11,0.0,4.0,1.0,3,3,stable_low,Academic risk remained comparatively low and stable.,0.536,P2,High,ACADEMIC_STABLE_LOW,Routine monitoring,synthetic_demo,"{'intervention_success_probability': 0.4809, 'opportunity_band': 'medium', 'model': 'intervention-opportunity-logistic-v1'}"
CANONICAL_000040,CANONICAL_000040,OULAD_000040,BEHAVIOR_000040,EMOTIONAL_000040,OULAD_COHORT_2026_01,"[0.07, 0.06, 0.08, 0.12]",0.12,0.3025,0.44,-0.26,0.0,1.0,3,3,stable_low,Academic risk remained comparatively low and stable.,0.513,P2,High,ACADEMIC_STABLE_LOW,Routine monitoring,synthetic_demo,"{'intervention_success_probability': 0.4832, 'opportunity_band': 'medium', 'model': 'intervention-opportunity-logistic-v1'}"
CANONICAL_000041,CANONICAL_000041,OULAD_000041,BEHAVIOR_000041,EMOTIONAL_000041,OULAD_COHORT_2026_01,"[0.08, 0.15, 0.19, 0.2]",0.2,0.10250000000000001,0.18,-0.09,4.0,1.0,3,3,stable_low,Academic risk remained comparatively low and stable.,0.533,P2,High,ACADEMIC_STABLE_LOW,Routine monitoring,synthetic_demo,"{'intervention_success_probability': 0.4423, 'opportunity_band': 'medium', 'model': 'intervention-opportunity-logistic-v1'}"
CANONICAL_000042,CANONICAL_000042,OULAD_000042,BEHAVIOR_000042,EMOTIONAL_000042,OULAD_COHORT_2026_01,"[0.17, 0.15, 0.39, 0.49]",0.49,0.3625,0.48,0.010000000000000009,3.0,1.0,3,3,unstable,Academic risk changed without a single dominant trajectory pattern.,0.62,P1,High,ACADEMIC_UNSTABLE,Human review of conflicting evidence,synthetic_demo,"{'intervention_success_probability': 0.4737, 'opportunity_band': 'medium', 'model': 'intervention-opportunity-logistic-v1'}"
CANONICAL_000043,CANONICAL_000043,OULAD_000043,BEHAVIOR_000043,EMOTIONAL_000043,OULAD_COHORT_2026_01,"[0.54, 0.6, 0.57, 0.66]",0.66,0.2725,0.38,-0.020000000000000018,4.0,1.0,3,3,unstable,Academic risk changed without a single dominant trajectory pattern.,0.633,P1,High,ACADEMIC_UNSTABLE,Human review of conflicting evidence,synthetic_demo,"{'intervention_success_probability': 0.4779, 'opportunity_band': 'medium', 'model': 'intervention-opportunity-logistic-v1'}"
CANONICAL_000044,CANONICAL_000044,OULAD_000044,BEHAVIOR_000044,EMOTIONAL_000044,OULAD_COHORT_2026_01,"[0.06, 0.11, 0.27, 0.26]",0.26,0.355,0.46,0.23,0.0,1.0,3,3,unstable,Academic risk changed without a single dominant trajectory pattern.,0.552,P2,High,ACADEMIC_UNSTABLE,Human review of conflicting evidence,synthetic_demo,"{'intervention_success_probability': 0.5007, 'opportunity_band': 'medium', 'model': 'intervention-opportunity-logistic-v1'}"
CANONICAL_000045,CANONICAL_000045,OULAD_000045,BEHAVIOR_000045,EMOTIONAL_000045,OULAD_COHORT_2026_01,"[0.24, 0.27, 0.26, 0.16]",0.16,0.32,0.4,0.01999999999999999,0.0,1.0,3,3,stable_low,Academic risk remained comparatively low and stable.,0.512,P2,High,ACADEMIC_STABLE_LOW,Routine monitoring,synthetic_demo,"{'intervention_success_probability': 0.5399, 'opportunity_band': 'medium', 'model': 'intervention-opportunity-logistic-v1'}"
CANONICAL_000046,CANONICAL_000046,OULAD_000046,BEHAVIOR_000046,EMOTIONAL_000046,OULAD_COHORT_2026_01,"[0.31, 0.24, 0.24, 0.37]",0.37,0.2675,0.32,0.07,0.0,1.0,3,3,stable_low,Academic risk remained comparatively low and stable.,0.573,P2,High,ACADEMIC_STABLE_LOW,Routine monitoring,synthetic_demo,"{'intervention_success_probability': 0.4936, 'opportunity_band': 'medium', 'model': 'intervention-opportunity-logistic-v1'}"
CANONICAL_000047,CANONICAL_000047,OULAD_000047,BEHAVIOR_000047,EMOTIONAL_000047,OULAD_COHORT_2026_01,"[0.15, 0.27, 0.5, 0.57]",0.57,0.615,0.76,0.35000000000000003,2.0,1.0,3,3,unstable,Academic risk changed without a single dominant trajectory pattern.,0.643,P1,High,ACADEMIC_UNSTABLE,Human review of conflicting evidence,synthetic_demo,"{'intervention_success_probability': 0.4727, 'opportunity_band': 'medium', 'model': 'intervention-opportunity-logistic-v1'}"
CANONICAL_000048,CANONICAL_000048,OULAD_000048,BEHAVIOR_000048,EMOTIONAL_000048,OULAD_COHORT_2026_01,"[0.39, 0.58, 0.59, 0.59]",0.59,0.58,0.74,0.16999999999999998,2.0,1.0,3,3,unstable,Academic risk changed without a single dominant trajectory pattern.,0.618,P2,High,ACADEMIC_UNSTABLE,Human review of conflicting evidence,synthetic_demo,"{'intervention_success_probability': 0.4946, 'opportunity_band': 'medium', 'model': 'intervention-opportunity-logistic-v1'}"
CANONICAL_000049,CANONICAL_000049,OULAD_000049,BEHAVIOR_000049,EMOTIONAL_000049,OULAD_COHORT_2026_01,"[0.48, 0.51, 0.42, 0.48]",0.48,0.53,0.57,0.05999999999999994,0.0,1.0,3,3,unstable,Academic risk changed without a single dominant trajectory pattern.,0.582,P2,High,ACADEMIC_UNSTABLE,Human review of conflicting evidence,synthetic_demo,"{'intervention_success_probability': 0.5213, 'opportunity_band': 'medium', 'model': 'intervention-opportunity-logistic-v1'}"
CANONICAL_000050,CANONICAL_000050,OULAD_000050,BEHAVIOR_000050,EMOTIONAL_000050,OULAD_COHORT_2026_01,"[0.1, 0.03, 0.07, 0.1]",0.1,0.0475,0.1,0.09,2.0,1.0,3,3,stable_low,Academic risk remained comparatively low and stable.,0.503,P2,High,ACADEMIC_STABLE_LOW,Routine monitoring,synthetic_demo,"{'intervention_success_probability': 0.4769, 'opportunity_band': 'medium', 'model': 'intervention-opportunity-logistic-v1'}"
CANONICAL_000051,CANONICAL_000051,OULAD_000051,BEHAVIOR_000051,EMOTIONAL_000051,OULAD_COHORT_2026_01,"[0.37, 0.39, 0.39, 0.52]",0.52,0.2725,0.33,-0.13999999999999999,0.0,1.0,3,3,unstable,Academic risk changed without a single dominant trajectory pattern.,0.612,P2,High,ACADEMIC_UNSTABLE,Human review of conflicting evidence,synthetic_demo,"{'intervention_success_probability': 0.4867, 'opportunity_band': 'medium', 'model': 'intervention-opportunity-logistic-v1'}"
CANONICAL_000052,CANONICAL_000052,OULAD_000052,BEHAVIOR_000052,EMOTIONAL_000052,OULAD_COHORT_2026_01,"[0.3, 0.4, 0.45, 0.31]",0.31,0.49,0.58,-0.010000000000000009,0.0,1.0,3,3,stable_low,Academic risk remained comparatively low and stable.,0.543,P2,High,ACADEMIC_STABLE_LOW,Routine monitoring,synthetic_demo,"{'intervention_success_probability': 0.5585, 'opportunity_band': 'medium', 'model': 'intervention-opportunity-logistic-v1'}"
CANONICAL_000053,CANONICAL_000053,OULAD_000053,BEHAVIOR_000053,EMOTIONAL_000053,OULAD_COHORT_2026_01,"[0.22, 0.19, 0.2, 0.19]",0.19,0.235,0.35,-0.18999999999999997,1.0,1.0,3,3,stable_low,Academic risk remained comparatively low and stable.,0.518,P2,High,ACADEMIC_STABLE_LOW,Routine monitoring,synthetic_demo,"{'intervention_success_probability': 0.51, 'opportunity_band': 'medium', 'model': 'intervention-opportunity-logistic-v1'}"
CANONICAL_000054,CANONICAL_000054,OULAD_000054,BEHAVIOR_000054,EMOTIONAL_000054,OULAD_COHORT_2026_01,"[0.16, 0.17, 0.37, 0.52]",0.52,0.32,0.36,0.07999999999999996,0.0,1.0,3,3,unstable,Academic risk changed without a single dominant trajectory pattern.,0.635,P1,High,ACADEMIC_UNSTABLE,Human review of conflicting evidence,synthetic_demo,"{'intervention_success_probability': 0.473, 'opportunity_band': 'medium', 'model': 'intervention-opportunity-logistic-v1'}"
CANONICAL_000055,CANONICAL_000055,OULAD_000055,BEHAVIOR_000055,EMOTIONAL_000055,OULAD_COHORT_2026_01,"[0.46, 0.51, 0.57, 0.64]",0.64,0.6725,0.74,0.10999999999999999,0.0,1.0,3,3,late_emerging,Elevated academic risk emerged later in the observation window.,0.633,P1,High,ACADEMIC_LATE_EMERGING,Academic advisor review,synthetic_demo,"{'intervention_success_probability': 0.529, 'opportunity_band': 'medium', 'model': 'intervention-opportunity-logistic-v1'}"
CANONICAL_000056,CANONICAL_000056,OULAD_000056,BEHAVIOR_000056,EMOTIONAL_000056,OULAD_COHORT_2026_01,"[0.1, 0.21, 0.15, 0.31]",0.31,0.5,0.68,0.23000000000000004,1.0,1.0,3,3,unstable,Academic risk changed without a single dominant trajectory pattern.,0.579,P2,High,ACADEMIC_UNSTABLE,Human review of conflicting evidence,synthetic_demo,"{'intervention_success_probability': 0.4217, 'opportunity_band': 'medium', 'model': 'intervention-opportunity-logistic-v1'}"
CANONICAL_000057,CANONICAL_000057,OULAD_000057,BEHAVIOR_000057,EMOTIONAL_000057,OULAD_COHORT_2026_01,"[0.18, 0.26, 0.29, 0.21]",0.21,0.22,0.38,0.22,3.0,1.0,3,3,stable_low,Academic risk remained comparatively low and stable.,0.525,P2,High,ACADEMIC_STABLE_LOW,Routine monitoring,synthetic_demo,"{'intervention_success_probability': 0.4925, 'opportunity_band': 'medium', 'model': 'intervention-opportunity-logistic-v1'}"
CANONICAL_000058,CANONICAL_000058,OULAD_000058,BEHAVIOR_000058,EMOTIONAL_000058,OULAD_COHORT_2026_01,"[0.34, 0.43, 0.38, 0.49]",0.49,0.71,0.84,-0.10999999999999999,2.0,1.0,3,3,unstable,Academic risk changed without a single dominant trajectory pattern.,0.604,P2,High,ACADEMIC_UNSTABLE,Human review of conflicting evidence,synthetic_demo,"{'intervention_success_probability': 0.4696, 'opportunity_band': 'medium', 'model': 'intervention-opportunity-logistic-v1'}"
CANONICAL_000059,CANONICAL_000059,OULAD_000059,BEHAVIOR_000059,EMOTIONAL_000059,OULAD_COHORT_2026_01,"[0.27, 0.26, 0.26, 0.36]",0.36,0.1875,0.4,0.010000000000000009,1.0,1.0,3,3,stable_low,Academic risk remained comparatively low and stable.,0.571,P2,High,ACADEMIC_STABLE_LOW,Routine monitoring,synthetic_demo,"{'intervention_success_probability': 0.4769, 'opportunity_band': 'medium', 'model': 'intervention-opportunity-logistic-v1'}"
CANONICAL_000060,CANONICAL_000060,OULAD_000060,BEHAVIOR_000060,EMOTIONAL_000060,OULAD_COHORT_2026_01,"[0.44, 0.5, 0.44, 0.33]",0.33,0.1875,0.3,0.10999999999999999,2.0,1.0,3,3,stable_low,Academic risk remained comparatively low and stable.,0.546,P2,High,ACADEMIC_STABLE_LOW,Routine monitoring,synthetic_demo,"{'intervention_success_probability': 0.5388, 'opportunity_band': 'medium', 'model': 'intervention-opportunity-logistic-v1'}"
CANONICAL_000061,CANONICAL_000061,OULAD_000061,BEHAVIOR_000061,EMOTIONAL_000061,OULAD_COHORT_2026_01,"[0.13, 0.09, 0.28, 0.28]",0.28,0.295,0.44,-0.040000000000000036,1.0,1.0,3,3,unstable,Academic risk changed without a single dominant trajectory pattern.,0.551,P2,High,ACADEMIC_UNSTABLE,Human review of conflicting evidence,synthetic_demo,"{'intervention_success_probability': 0.5136, 'opportunity_band': 'medium', 'model': 'intervention-opportunity-logistic-v1'}"
CANONICAL_000062,CANONICAL_000062,OULAD_000062,BEHAVIOR_000062,EMOTIONAL_000062,OULAD_COHORT_2026_01,"[0.4, 0.49, 0.45, 0.46]",0.46,0.435,0.48,0.09999999999999998,0.0,1.0,3,3,unstable,Academic risk changed without a single dominant trajectory pattern.,0.579,P2,High,ACADEMIC_UNSTABLE,Human review of conflicting evidence,synthetic_demo,"{'intervention_success_probability': 0.5178, 'opportunity_band': 'medium', 'model': 'intervention-opportunity-logistic-v1'}"
CANONICAL_000063,CANONICAL_000063,OULAD_000063,BEHAVIOR_000063,EMOTIONAL_000063,OULAD_COHORT_2026_01,"[0.32, 0.43, 0.51, 0.4]",0.4,0.16499999999999998,0.29,-0.19999999999999998,2.0,1.0,3,3,unstable,Academic risk changed without a single dominant trajectory pattern.,0.568,P2,High,ACADEMIC_UNSTABLE,Human review of conflicting evidence,synthetic_demo,"{'intervention_success_probability': 0.526, 'opportunity_band': 'medium', 'model': 'intervention-opportunity-logistic-v1'}"
CANONICAL_000064,CANONICAL_000064,OULAD_000064,BEHAVIOR_000064,EMOTIONAL_000064,OULAD_COHORT_2026_01,"[0.29, 0.36, 0.35, 0.35]",0.35,0.21,0.35,-0.01999999999999999,2.0,1.0,3,3,stable_low,Academic risk remained comparatively low and stable.,0.556,P2,High,ACADEMIC_STABLE_LOW,Routine monitoring,synthetic_demo,"{'intervention_success_probability': 0.4885, 'opportunity_band': 'medium', 'model': 'intervention-opportunity-logistic-v1'}"
CANONICAL_000065,CANONICAL_000065,OULAD_000065,BEHAVIOR_000065,EMOTIONAL_000065,OULAD_COHORT_2026_01,"[0.11, 0.1, 0.03, 0.12]",0.12,0.065,0.12,-0.12,2.0,1.0,3,3,stable_low,Academic risk remained comparatively low and stable.,0.514,P2,High,ACADEMIC_STABLE_LOW,Routine monitoring,synthetic_demo,"{'intervention_success_probability': 0.4414, 'opportunity_band': 'medium', 'model': 'intervention-opportunity-logistic-v1'}"
CANONICAL_000066,CANONICAL_000066,OULAD_000066,BEHAVIOR_000066,EMOTIONAL_000066,OULAD_COHORT_2026_01,"[0.34, 0.35, 0.38, 0.37]",0.37,0.45,0.6,-0.13999999999999996,2.0,1.0,3,3,stable_low,Academic risk remained comparatively low and stable.,0.557,P2,High,ACADEMIC_STABLE_LOW,Routine monitoring,synthetic_demo,"{'intervention_success_probability': 0.5186, 'opportunity_band': 'medium', 'model': 'intervention-opportunity-logistic-v1'}"
CANONICAL_000067,CANONICAL_000067,OULAD_000067,BEHAVIOR_000067,EMOTIONAL_000067,OULAD_COHORT_2026_01,"[0.17, 0.33, 0.39, 0.43]",0.43,0.565,0.62,0.030000000000000027,2.0,1.0,3,3,unstable,Academic risk changed without a single dominant trajectory pattern.,0.596,P2,High,ACADEMIC_UNSTABLE,Human review of conflicting evidence,synthetic_demo,"{'intervention_success_probability': 0.4624, 'opportunity_band': 'medium', 'model': 'intervention-opportunity-logistic-v1'}"
CANONICAL_000068,CANONICAL_000068,OULAD_000068,BEHAVIOR_000068,EMOTIONAL_000068,OULAD_COHORT_2026_01,"[0.8, 0.79, 0.86, 0.9]",0.9,0.7175,0.86,-0.1399999999999999,1.0,1.0,3,3,persistent_high,Academic risk remained consistently high.,0.674,P1,High,ACADEMIC_PERSISTENT_HIGH,Programme review,synthetic_demo,"{'intervention_success_probability': 0.5851, 'opportunity_band': 'medium', 'model': 'intervention-opportunity-logistic-v1'}"
CANONICAL_000069,CANONICAL_000069,OULAD_000069,BEHAVIOR_000069,EMOTIONAL_000069,OULAD_COHORT_2026_01,"[0.13, 0.24, 0.05, 0.07]",0.07,0.16,0.24,0.04000000000000001,3.0,1.0,3,3,stable_low,Academic risk remained comparatively low and stable.,0.494,P2,High,ACADEMIC_STABLE_LOW,Routine monitoring,synthetic_demo,"{'intervention_success_probability': 0.4305, 'opportunity_band': 'medium', 'model': 'intervention-opportunity-logistic-v1'}"
CANONICAL_000070,CANONICAL_000070,OULAD_000070,BEHAVIOR_000070,EMOTIONAL_000070,OULAD_COHORT_2026_01,"[0.13, 0.17, 0.09, 0.06]",0.06,0.060000000000000005,0.16,0.060000000000000005,0.0,1.0,3,3,stable_low,Academic risk remained comparatively low and stable.,0.492,P2,High,ACADEMIC_STABLE_LOW,Routine monitoring,synthetic_demo,"{'intervention_success_probability': 0.4888, 'opportunity_band': 'medium', 'model': 'intervention-opportunity-logistic-v1'}"
CANONICAL_000071,CANONICAL_000071,OULAD_000071,BEHAVIOR_000071,EMOTIONAL_000071,OULAD_COHORT_2026_01,"[0.34, 0.33, 0.43, 0.5]",0.5,0.4225,0.53,-0.09999999999999998,3.0,1.0,3,3,unstable,Academic risk changed without a single dominant trajectory pattern.,0.603,P2,High,ACADEMIC_UNSTABLE,Human review of conflicting evidence,synthetic_demo,"{'intervention_success_probability': 0.4935, 'opportunity_band': 'medium', 'model': 'intervention-opportunity-logistic-v1'}"
CANONICAL_000072,CANONICAL_000072,OULAD_000072,BEHAVIOR_000072,EMOTIONAL_000072,OULAD_COHORT_2026_01,"[0.03, 0.0, 0.0, 0.0]",0.0,0.03,0.12,-0.12,0.0,1.0,3,3,stable_low,Academic risk remained comparatively low and stable.,0.48,P2,High,ACADEMIC_STABLE_LOW,Routine monitoring,synthetic_demo,"{'intervention_success_probability': 0.4838, 'opportunity_band': 'medium', 'model': 'intervention-opportunity-logistic-v1'}"
CANONICAL_000073,CANONICAL_000073,OULAD_000073,BEHAVIOR_000073,EMOTIONAL_000073,OULAD_COHORT_2026_01,"[0.16, 0.2, 0.23, 0.25]",0.25,0.425,0.58,-0.18999999999999995,0.0,1.0,3,3,stable_low,Academic risk remained comparatively low and stable.,0.541,P2,High,ACADEMIC_STABLE_LOW,Routine monitoring,synthetic_demo,"{'intervention_success_probability': 0.4974, 'opportunity_band': 'medium', 'model': 'intervention-opportunity-logistic-v1'}"
CANONICAL_000074,CANONICAL_000074,OULAD_000074,BEHAVIOR_000074,EMOTIONAL_000074,OULAD_COHORT_2026_01,"[0.26, 0.29, 0.21, 0.34]",0.34,0.275,0.41,-0.16999999999999998,2.0,1.0,3,3,stable_low,Academic risk remained comparatively low and stable.,0.569,P2,High,ACADEMIC_STABLE_LOW,Routine monitoring,synthetic_demo,"{'intervention_success_probability': 0.4474, 'opportunity_band': 'medium', 'model': 'intervention-opportunity-logistic-v1'}"
CANONICAL_000075,CANONICAL_000075,OULAD_000075,BEHAVIOR_000075,EMOTIONAL_000075,OULAD_COHORT_2026_01,"[0.25, 0.41, 0.49, 0.48]",0.48,0.5075000000000001,0.52,0.040000000000000036,1.0,1.0,3,3,unstable,Academic risk changed without a single dominant trajectory pattern.,0.599,P2,High,ACADEMIC_UNSTABLE,Human review of conflicting evidence,synthetic_demo,"{'intervention_success_probability': 0.4967, 'opportunity_band': 'medium', 'model': 'intervention-opportunity-logistic-v1'}"
CANONICAL_000076,CANONICAL_000076,OULAD_000076,BEHAVIOR_000076,EMOTIONAL_000076,OULAD_COHORT_2026_01,"[0.07, 0.02, 0.11, 0.08]",0.08,0.0775,0.23,0.08,3.0,1.0,3,3,stable_low,Academic risk remained comparatively low and stable.,0.497,P2,High,ACADEMIC_STABLE_LOW,Routine monitoring,synthetic_demo,"{'intervention_success_probability': 0.4848, 'opportunity_band': 'medium', 'model': 'intervention-opportunity-logistic-v1'}"
CANONICAL_000077,CANONICAL_000077,OULAD_000077,BEHAVIOR_000077,EMOTIONAL_000077,OULAD_COHORT_2026_01,"[0.46, 0.66, 0.74, 0.82]",0.82,0.7625,0.96,-0.27,1.0,1.0,3,3,rapidly_escalating,Academic risk increased substantially across the observation window.,0.688,P1,High,ACADEMIC_RAPIDLY_ESCALATING,Academic advisor check-in,synthetic_demo,"{'intervention_success_probability': 0.4972, 'opportunity_band': 'medium', 'model': 'intervention-opportunity-logistic-v1'}"
CANONICAL_000078,CANONICAL_000078,OULAD_000078,BEHAVIOR_000078,EMOTIONAL_000078,OULAD_COHORT_2026_01,"[0.54, 0.59, 0.69, 0.73]",0.73,0.7225,0.85,0.07999999999999996,2.0,1.0,3,3,unstable,Academic risk changed without a single dominant trajectory pattern.,0.649,P1,High,ACADEMIC_UNSTABLE,Human review of conflicting evidence,synthetic_demo,"{'intervention_success_probability': 0.5364, 'opportunity_band': 'medium', 'model': 'intervention-opportunity-logistic-v1'}"
CANONICAL_000079,CANONICAL_000079,OULAD_000079,BEHAVIOR_000079,EMOTIONAL_000079,OULAD_COHORT_2026_01,"[0.26, 0.31, 0.46, 0.54]",0.54,0.905,0.95,-0.019999999999999907,0.0,1.0,3,3,unstable,Academic risk changed without a single dominant trajectory pattern.,0.624,P1,High,ACADEMIC_UNSTABLE,Human review of conflicting evidence,synthetic_demo,"{'intervention_success_probability': 0.5146, 'opportunity_band': 'medium', 'model': 'intervention-opportunity-logistic-v1'}"
CANONICAL_000080,CANONICAL_000080,OULAD_000080,BEHAVIOR_000080,EMOTIONAL_000080,OULAD_COHORT_2026_01,"[0.07, 0.04, 0.0, 0.02]",0.02,0.042499999999999996,0.15,0.15,0.0,1.0,3,3,stable_low,Academic risk remained comparatively low and stable.,0.484,P2,High,ACADEMIC_STABLE_LOW,Routine monitoring,synthetic_demo,"{'intervention_success_probability': 0.4798, 'opportunity_band': 'medium', 'model': 'intervention-opportunity-logistic-v1'}"
CANONICAL_000081,CANONICAL_000081,OULAD_000081,BEHAVIOR_000081,EMOTIONAL_000081,OULAD_COHORT_2026_01,"[0.05, 0.09, 0.05, 0.0]",0.0,0.2225,0.34,0.12000000000000002,1.0,1.0,3,3,stable_low,Academic risk remained comparatively low and stable.,0.48,P2,High,ACADEMIC_STABLE_LOW,Routine monitoring,synthetic_demo,"{'intervention_success_probability': 0.4843, 'opportunity_band': 'medium', 'model': 'intervention-opportunity-logistic-v1'}"
CANONICAL_000082,CANONICAL_000082,OULAD_000082,BEHAVIOR_000082,EMOTIONAL_000082,OULAD_COHORT_2026_01,"[0.13, 0.18, 0.28, 0.39]",0.39,0.17,0.28,-0.13,2.0,1.0,3,3,unstable,Academic risk changed without a single dominant trajectory pattern.,0.595,P2,High,ACADEMIC_UNSTABLE,Human review of conflicting evidence,synthetic_demo,"{'intervention_success_probability': 0.4452, 'opportunity_band': 'medium', 'model': 'intervention-opportunity-logistic-v1'}"
CANONICAL_000083,CANONICAL_000083,OULAD_000083,BEHAVIOR_000083,EMOTIONAL_000083,OULAD_COHORT_2026_01,"[0.33, 0.42, 0.53, 0.72]",0.72,0.6,0.71,-0.17999999999999994,2.0,1.0,3,3,rapidly_escalating,Academic risk increased substantially across the observation window.,0.682,P1,High,ACADEMIC_RAPIDLY_ESCALATING,Academic advisor check-in,synthetic_demo,"{'intervention_success_probability': 0.4535, 'opportunity_band': 'medium', 'model': 'intervention-opportunity-logistic-v1'}"
CANONICAL_000084,CANONICAL_000084,OULAD_000084,BEHAVIOR_000084,EMOTIONAL_000084,OULAD_COHORT_2026_01,"[0.12, 0.06, 0.03, 0.15]",0.15,0.13,0.21,0.09999999999999999,1.0,1.0,3,3,stable_low,Academic risk remained comparatively low and stable.,0.525,P2,High,ACADEMIC_STABLE_LOW,Routine monitoring,synthetic_demo,"{'intervention_success_probability': 0.4553, 'opportunity_band': 'medium', 'model': 'intervention-opportunity-logistic-v1'}"
CANONICAL_000085,CANONICAL_000085,OULAD_000085,BEHAVIOR_000085,EMOTIONAL_000085,OULAD_COHORT_2026_01,"[0.11, 0.24, 0.2, 0.0]",0.0,0.1125,0.33,-0.01,4.0,1.0,3,3,stable_low,Academic risk remained comparatively low and stable.,0.48,P2,High,ACADEMIC_STABLE_LOW,Routine monitoring,synthetic_demo,"{'intervention_success_probability': 0.4948, 'opportunity_band': 'medium', 'model': 'intervention-opportunity-logistic-v1'}"
CANONICAL_000086,CANONICAL_000086,OULAD_000086,BEHAVIOR_000086,EMOTIONAL_000086,OULAD_COHORT_2026_01,"[0.32, 0.37, 0.34, 0.4]",0.4,0.51,0.65,0.10000000000000003,2.0,1.0,3,3,unstable,Academic risk changed without a single dominant trajectory pattern.,0.574,P2,High,ACADEMIC_UNSTABLE,Human review of conflicting evidence,synthetic_demo,"{'intervention_success_probability': 0.4846, 'opportunity_band': 'medium', 'model': 'intervention-opportunity-logistic-v1'}"
CANONICAL_000087,CANONICAL_000087,OULAD_000087,BEHAVIOR_000087,EMOTIONAL_000087,OULAD_COHORT_2026_01,"[0.22, 0.29, 0.18, 0.16]",0.16,0.15250000000000002,0.33,0.13,4.0,1.0,3,3,stable_low,Academic risk remained comparatively low and stable.,0.512,P2,High,ACADEMIC_STABLE_LOW,Routine monitoring,synthetic_demo,"{'intervention_success_probability': 0.4587, 'opportunity_band': 'medium', 'model': 'intervention-opportunity-logistic-v1'}"
CANONICAL_000088,CANONICAL_000088,OULAD_000088,BEHAVIOR_000088,EMOTIONAL_000088,OULAD_COHORT_2026_01,"[0.3, 0.31, 0.23, 0.16]",0.16,0.2475,0.36,-0.24,0.0,1.0,3,3,stable_low,Academic risk remained comparatively low and stable.,0.512,P2,High,ACADEMIC_STABLE_LOW,Routine monitoring,synthetic_demo,"{'intervention_success_probability': 0.5337, 'opportunity_band': 'medium', 'model': 'intervention-opportunity-logistic-v1'}"
CANONICAL_000089,CANONICAL_000089,OULAD_000089,BEHAVIOR_000089,EMOTIONAL_000089,OULAD_COHORT_2026_01,"[0.4, 0.35, 0.27, 0.3]",0.3,0.2875,0.36,0.10999999999999999,0.0,1.0,3,3,stable_low,Academic risk remained comparatively low and stable.,0.54,P2,High,ACADEMIC_STABLE_LOW,Routine monitoring,synthetic_demo,"{'intervention_success_probability': 0.5268, 'opportunity_band': 'medium', 'model': 'intervention-opportunity-logistic-v1'}"
CANONICAL_000090,CANONICAL_000090,OULAD_000090,BEHAVIOR_000090,EMOTIONAL_000090,OULAD_COHORT_2026_01,"[0.18, 0.21, 0.21, 0.21]",0.21,0.22,0.3,0.14,0.0,1.0,3,3,stable_low,Academic risk remained comparatively low and stable.,0.525,P2,High,ACADEMIC_STABLE_LOW,Routine monitoring,synthetic_demo,"{'intervention_success_probability': 0.4991, 'opportunity_band': 'medium', 'model': 'intervention-opportunity-logistic-v1'}"
CANONICAL_000091,CANONICAL_000091,OULAD_000091,BEHAVIOR_000091,EMOTIONAL_000091,OULAD_COHORT_2026_01,"[0.23, 0.27, 0.31, 0.37]",0.37,0.54,0.68,0.050000000000000044,0.0,1.0,3,3,stable_low,Academic risk remained comparatively low and stable.,0.574,P2,High,ACADEMIC_STABLE_LOW,Routine monitoring,synthetic_demo,"{'intervention_success_probability': 0.4984, 'opportunity_band': 'medium', 'model': 'intervention-opportunity-logistic-v1'}"
CANONICAL_000092,CANONICAL_000092,OULAD_000092,BEHAVIOR_000092,EMOTIONAL_000092,OULAD_COHORT_2026_01,"[0.18, 0.08, 0.14, 0.16]",0.16,0.12,0.18,-0.09,1.0,1.0,3,3,stable_low,Academic risk remained comparatively low and stable.,0.512,P2,High,ACADEMIC_STABLE_LOW,Routine monitoring,synthetic_demo,"{'intervention_success_probability': 0.5077, 'opportunity_band': 'medium', 'model': 'intervention-opportunity-logistic-v1'}"
CANONICAL_000093,CANONICAL_000093,OULAD_000093,BEHAVIOR_000093,EMOTIONAL_000093,OULAD_COHORT_2026_01,"[0.27, 0.35, 0.33, 0.26]",0.26,0.1275,0.2,-0.14,1.0,1.0,3,3,stable_low,Academic risk remained comparatively low and stable.,0.532,P2,High,ACADEMIC_STABLE_LOW,Routine monitoring,synthetic_demo,"{'intervention_success_probability': 0.5112, 'opportunity_band': 'medium', 'model': 'intervention-opportunity-logistic-v1'}"
CANONICAL_000094,CANONICAL_000094,OULAD_000094,BEHAVIOR_000094,EMOTIONAL_000094,OULAD_COHORT_2026_01,"[0.24, 0.34, 0.32, 0.29]",0.29,0.2575,0.32,0.14,1.0,1.0,3,3,stable_low,Academic risk remained comparatively low and stable.,0.543,P2,High,ACADEMIC_STABLE_LOW,Routine monitoring,synthetic_demo,"{'intervention_success_probability': 0.4956, 'opportunity_band': 'medium', 'model': 'intervention-opportunity-logistic-v1'}"
CANONICAL_000095,CANONICAL_000095,OULAD_000095,BEHAVIOR_000095,EMOTIONAL_000095,OULAD_COHORT_2026_01,"[0.33, 0.29, 0.32, 0.28]",0.28,0.3,0.4,-0.04000000000000001,2.0,1.0,3,3,stable_low,Academic risk remained comparatively low and stable.,0.536,P2,High,ACADEMIC_STABLE_LOW,Routine monitoring,synthetic_demo,"{'intervention_success_probability': 0.5302, 'opportunity_band': 'medium', 'model': 'intervention-opportunity-logistic-v1'}"
CANONICAL_000096,CANONICAL_000096,OULAD_000096,BEHAVIOR_000096,EMOTIONAL_000096,OULAD_COHORT_2026_01,"[0.44, 0.38, 0.28, 0.16]",0.16,0.2775,0.46,0.06,4.0,1.0,3,3,improving,Academic risk decreased across the observation window.,0.512,P2,High,ACADEMIC_IMPROVING,Recognition and light-touch follow-up,synthetic_demo,"{'intervention_success_probability': 0.5439, 'opportunity_band': 'medium', 'model': 'intervention-opportunity-logistic-v1'}"
CANONICAL_000097,CANONICAL_000097,OULAD_000097,BEHAVIOR_000097,EMOTIONAL_000097,OULAD_COHORT_2026_01,"[0.39, 0.38, 0.48, 0.39]",0.39,0.5225,0.57,-0.020000000000000018,3.0,1.0,3,3,stable_low,Academic risk remained comparatively low and stable.,0.558,P2,High,ACADEMIC_STABLE_LOW,Routine monitoring,synthetic_demo,"{'intervention_success_probability': 0.5524, 'opportunity_band': 'medium', 'model': 'intervention-opportunity-logistic-v1'}"
CANONICAL_000098,CANONICAL_000098,OULAD_000098,BEHAVIOR_000098,EMOTIONAL_000098,OULAD_COHORT_2026_01,"[0.1, 0.12, 0.24, 0.24]",0.24,0.4,0.43,-0.020000000000000018,0.0,1.0,3,3,stable_low,Academic risk remained comparatively low and stable.,0.542,P2,High,ACADEMIC_STABLE_LOW,Routine monitoring,synthetic_demo,"{'intervention_success_probability': 0.5058, 'opportunity_band': 'medium', 'model': 'intervention-opportunity-logistic-v1'}"
CANONICAL_000099,CANONICAL_000099,OULAD_000099,BEHAVIOR_000099,EMOTIONAL_000099,OULAD_COHORT_2026_01,"[0.21, 0.21, 0.18, 0.31]",0.31,0.3075,0.43,0.22,0.0,1.0,3,3,stable_low,Academic risk remained comparatively low and stable.,0.565,P2,High,ACADEMIC_STABLE_LOW,Routine monitoring,synthetic_demo,"{'intervention_success_probability': 0.4679, 'opportunity_band': 'medium', 'model': 'intervention-opportunity-logistic-v1'}"
CANONICAL_000100,CANONICAL_000100,OULAD_000100,BEHAVIOR_000100,EMOTIONAL_000100,OULAD_COHORT_2026_01,"[0.17, 0.18, 0.17, 0.15]",0.15,0.3075,0.35,0.06,0.0,1.0,3,3,stable_low,Academic risk remained comparatively low and stable.,0.51,P2,High,ACADEMIC_STABLE_LOW,Routine monitoring,synthetic_demo,"{'intervention_success_probability': 0.5091, 'opportunity_band': 'medium', 'model': 'intervention-opportunity-logistic-v1'}"
CANONICAL_000101,CANONICAL_000101,OULAD_000101,BEHAVIOR_000101,EMOTIONAL_000101,OULAD_COHORT_2026_01,"[0.23, 0.26, 0.38, 0.34]",0.34,0.4575,0.5,0.07,0.0,1.0,3,3,stable_low,Academic risk remained comparatively low and stable.,0.559,P2,High,ACADEMIC_STABLE_LOW,Routine monitoring,synthetic_demo,"{'intervention_success_probability': 0.535, 'opportunity_band': 'medium', 'model': 'intervention-opportunity-logistic-v1'}"
CANONICAL_000102,CANONICAL_000102,OULAD_000102,BEHAVIOR_000102,EMOTIONAL_000102,OULAD_COHORT_2026_01,"[0.48, 0.39, 0.4, 0.32]",0.32,0.0775,0.17,0.02,1.0,1.0,3,3,stable_low,Academic risk remained comparatively low and stable.,0.544,P2,High,ACADEMIC_STABLE_LOW,Routine monitoring,synthetic_demo,"{'intervention_success_probability': 0.57, 'opportunity_band': 'medium', 'model': 'intervention-opportunity-logistic-v1'}"
CANONICAL_000103,CANONICAL_000103,OULAD_000103,BEHAVIOR_000103,EMOTIONAL_000103,OULAD_COHORT_2026_01,"[0.12, 0.04, 0.1, 0.13]",0.13,0.1275,0.28,0.13000000000000003,1.0,1.0,3,3,stable_low,Academic risk remained comparatively low and stable.,0.51,P2,High,ACADEMIC_STABLE_LOW,Routine monitoring,synthetic_demo,"{'intervention_success_probability': 0.4937, 'opportunity_band': 'medium', 'model': 'intervention-opportunity-logistic-v1'}"
CANONICAL_000104,CANONICAL_000104,OULAD_000104,BEHAVIOR_000104,EMOTIONAL_000104,OULAD_COHORT_2026_01,"[0.17, 0.0, 0.01, 0.13]",0.13,0.1,0.3,0.3,0.0,1.0,3,3,stable_low,Academic risk remained comparatively low and stable.,0.514,P2,High,ACADEMIC_STABLE_LOW,Routine monitoring,synthetic_demo,"{'intervention_success_probability': 0.4907, 'opportunity_band': 'medium', 'model': 'intervention-opportunity-logistic-v1'}"
CANONICAL_000105,CANONICAL_000105,OULAD_000105,BEHAVIOR_000105,EMOTIONAL_000105,OULAD_COHORT_2026_01,"[0.24, 0.34, 0.48, 0.66]",0.66,0.565,0.67,0.030000000000000027,2.0,1.0,3,3,late_emerging,Elevated academic risk emerged later in the observation window.,0.672,P1,High,ACADEMIC_LATE_EMERGING,Academic advisor review,synthetic_demo,"{'intervention_success_probability': 0.4448, 'opportunity_band': 'medium', 'model': 'intervention-opportunity-logistic-v1'}"
CANONICAL_000106,CANONICAL_000106,OULAD_000106,BEHAVIOR_000106,EMOTIONAL_000106,OULAD_COHORT_2026_01,"[0.2, 0.22, 0.28, 0.32]",0.32,0.095,0.17,-0.010000000000000009,2.0,1.0,3,3,stable_low,Academic risk remained comparatively low and stable.,0.56,P2,High,ACADEMIC_STABLE_LOW,Routine monitoring,synthetic_demo,"{'intervention_success_probability': 0.4751, 'opportunity_band': 'medium', 'model': 'intervention-opportunity-logistic-v1'}"
CANONICAL_000107,CANONICAL_000107,OULAD_000107,BEHAVIOR_000107,EMOTIONAL_000107,OULAD_COHORT_2026_01,"[0.15, 0.26, 0.32, 0.35]",0.35,0.1775,0.23,0.03,0.0,1.0,3,3,unstable,Academic risk changed without a single dominant trajectory pattern.,0.573,P2,High,ACADEMIC_UNSTABLE,Human review of conflicting evidence,synthetic_demo,"{'intervention_success_probability': 0.4765, 'opportunity_band': 'medium', 'model': 'intervention-opportunity-logistic-v1'}"
CANONICAL_000108,CANONICAL_000108,OULAD_000108,BEHAVIOR_000108,EMOTIONAL_000108,OULAD_COHORT_2026_01,"[0.3, 0.23, 0.3, 0.27]",0.27,0.22499999999999998,0.29,0.09999999999999998,1.0,1.0,3,3,stable_low,Academic risk remained comparatively low and stable.,0.534,P2,High,ACADEMIC_STABLE_LOW,Routine monitoring,synthetic_demo,"{'intervention_success_probability': 0.5377, 'opportunity_band': 'medium', 'model': 'intervention-opportunity-logistic-v1'}"
CANONICAL_000109,CANONICAL_000109,OULAD_000109,BEHAVIOR_000109,EMOTIONAL_000109,OULAD_COHORT_2026_01,"[0.26, 0.28, 0.26, 0.25]",0.25,0.43,0.5,-0.07,3.0,1.0,3,3,stable_low,Academic risk remained comparatively low and stable.,0.53,P2,High,ACADEMIC_STABLE_LOW,Routine monitoring,synthetic_demo,"{'intervention_success_probability': 0.4933, 'opportunity_band': 'medium', 'model': 'intervention-opportunity-logistic-v1'}"
CANONICAL_000110,CANONICAL_000110,OULAD_000110,BEHAVIOR_000110,EMOTIONAL_000110,OULAD_COHORT_2026_01,"[0.18, 0.22, 0.2, 0.27]",0.27,0.2725,0.4,0.2,1.0,1.0,3,3,stable_low,Academic risk remained comparatively low and stable.,0.55,P2,High,ACADEMIC_STABLE_LOW,Routine monitoring,synthetic_demo,"{'intervention_success_probability': 0.4672, 'opportunity_band': 'medium', 'model': 'intervention-opportunity-logistic-v1'}"
CANONICAL_000111,CANONICAL_000111,OULAD_000111,BEHAVIOR_000111,EMOTIONAL_000111,OULAD_COHORT_2026_01,"[0.07, 0.05, 0.13, 0.12]",0.12,0.035,0.14,0.14,0.0,1.0,3,3,stable_low,Academic risk remained comparatively low and stable.,0.509,P2,High,ACADEMIC_STABLE_LOW,Routine monitoring,synthetic_demo,"{'intervention_success_probability': 0.4972, 'opportunity_band': 'medium', 'model': 'intervention-opportunity-logistic-v1'}"
CANONICAL_000112,CANONICAL_000112,OULAD_000112,BEHAVIOR_000112,EMOTIONAL_000112,OULAD_COHORT_2026_01,"[0.37, 0.26, 0.29, 0.3]",0.3,0.235,0.3,-0.1,0.0,1.0,3,3,stable_low,Academic risk remained comparatively low and stable.,0.54,P2,High,ACADEMIC_STABLE_LOW,Routine monitoring,synthetic_demo,"{'intervention_success_probability': 0.5464, 'opportunity_band': 'medium', 'model': 'intervention-opportunity-logistic-v1'}"
CANONICAL_000113,CANONICAL_000113,OULAD_000113,BEHAVIOR_000113,EMOTIONAL_000113,OULAD_COHORT_2026_01,"[0.17, 0.32, 0.25, 0.27]",0.27,0.45,0.56,0.10999999999999999,0.0,1.0,3,3,stable_low,Academic risk remained comparatively low and stable.,0.546,P2,High,ACADEMIC_STABLE_LOW,Routine monitoring,synthetic_demo,"{'intervention_success_probability': 0.4731, 'opportunity_band': 'medium', 'model': 'intervention-opportunity-logistic-v1'}"
CANONICAL_000114,CANONICAL_000114,OULAD_000114,BEHAVIOR_000114,EMOTIONAL_000114,OULAD_COHORT_2026_01,"[0.65, 0.78, 0.95, 0.92]",0.92,0.795,0.84,0.040000000000000036,0.0,1.0,3,3,rapidly_escalating,Academic risk increased substantially across the observation window.,0.691,P1,High,ACADEMIC_RAPIDLY_ESCALATING,Academic advisor check-in,synthetic_demo,"{'intervention_success_probability': 0.5835, 'opportunity_band': 'medium', 'model': 'intervention-opportunity-logistic-v1'}"
CANONICAL_000115,CANONICAL_000115,OULAD_000115,BEHAVIOR_000115,EMOTIONAL_000115,OULAD_COHORT_2026_01,"[0.5, 0.49, 0.59, 0.6]",0.6,0.605,0.66,-0.08000000000000007,3.0,1.0,3,3,unstable,Academic risk changed without a single dominant trajectory pattern.,0.611,P2,High,ACADEMIC_UNSTABLE,Human review of conflicting evidence,synthetic_demo,"{'intervention_success_probability': 0.5383, 'opportunity_band': 'medium', 'model': 'intervention-opportunity-logistic-v1'}"
CANONICAL_000116,CANONICAL_000116,OULAD_000116,BEHAVIOR_000116,EMOTIONAL_000116,OULAD_COHORT_2026_01,"[0.41, 0.47, 0.49, 0.35]",0.35,0.4725,0.52,-0.11000000000000004,0.0,1.0,3,3,stable_low,Academic risk remained comparatively low and stable.,0.55,P2,High,ACADEMIC_STABLE_LOW,Routine monitoring,synthetic_demo,"{'intervention_success_probability': 0.576, 'opportunity_band': 'medium', 'model': 'intervention-opportunity-logistic-v1'}"
CANONICAL_000117,CANONICAL_000117,OULAD_000117,BEHAVIOR_000117,EMOTIONAL_000117,OULAD_COHORT_2026_01,"[0.38, 0.36, 0.36, 0.42]",0.42,0.5325,0.69,-0.23000000000000004,0.0,1.0,3,3,unstable,Academic risk changed without a single dominant trajectory pattern.,0.574,P2,High,ACADEMIC_UNSTABLE,Human review of conflicting evidence,synthetic_demo,"{'intervention_success_probability': 0.5241, 'opportunity_band': 'medium', 'model': 'intervention-opportunity-logistic-v1'}"
CANONICAL_000118,CANONICAL_000118,OULAD_000118,BEHAVIOR_000118,EMOTIONAL_000118,OULAD_COHORT_2026_01,"[0.48, 0.42, 0.46, 0.67]",0.67,0.9,1.0,0.10999999999999999,0.0,1.0,3,3,late_emerging,Elevated academic risk emerged later in the observation window.,0.654,P1,High,ACADEMIC_LATE_EMERGING,Academic advisor review,synthetic_demo,"{'intervention_success_probability': 0.5117, 'opportunity_band': 'medium', 'model': 'intervention-opportunity-logistic-v1'}"
CANONICAL_000119,CANONICAL_000119,OULAD_000119,BEHAVIOR_000119,EMOTIONAL_000119,OULAD_COHORT_2026_01,"[0.45, 0.62, 0.68, 0.65]",0.65,0.62,0.72,-0.07999999999999996,2.0,1.0,3,3,late_emerging,Elevated academic risk emerged later in the observation window.,0.63,P1,High,ACADEMIC_LATE_EMERGING,Academic advisor review,synthetic_demo,"{'intervention_success_probability': 0.5203, 'opportunity_band': 'medium', 'model': 'intervention-opportunity-logistic-v1'}"
CANONICAL_000120,CANONICAL_000120,OULAD_000120,BEHAVIOR_000120,EMOTIONAL_000120,OULAD_COHORT_2026_01,"[0.31, 0.2, 0.06, 0.11]",0.11,0.195,0.33,0.19,0.0,1.0,3,3,improving,Academic risk decreased across the observation window.,0.502,P2,High,ACADEMIC_IMPROVING,Recognition and light-touch follow-up,synthetic_demo,"{'intervention_success_probability': 0.5111, 'opportunity_band': 'medium', 'model': 'intervention-opportunity-logistic-v1'}"
CANONICAL_000121,CANONICAL_000121,OULAD_000121,BEHAVIOR_000121,EMOTIONAL_000121,OULAD_COHORT_2026_01,"[0.35, 0.34, 0.53, 0.62]",0.62,0.6925,0.81,-0.14,0.0,1.0,3,3,late_emerging,Elevated academic risk emerged later in the observation window.,0.64,P1,High,ACADEMIC_LATE_EMERGING,Academic advisor review,synthetic_demo,"{'intervention_success_probability': 0.5298, 'opportunity_band': 'medium', 'model': 'intervention-opportunity-logistic-v1'}"
CANONICAL_000122,CANONICAL_000122,OULAD_000122,BEHAVIOR_000122,EMOTIONAL_000122,OULAD_COHORT_2026_01,"[0.54, 0.57, 0.52, 0.64]",0.64,0.725,0.78,0.040000000000000036,1.0,1.0,3,3,unstable,Academic risk changed without a single dominant trajectory pattern.,0.63,P1,High,ACADEMIC_UNSTABLE,Human review of conflicting evidence,synthetic_demo,"{'intervention_success_probability': 0.5112, 'opportunity_band': 'medium', 'model': 'intervention-opportunity-logistic-v1'}"
CANONICAL_000123,CANONICAL_000123,OULAD_000123,BEHAVIOR_000123,EMOTIONAL_000123,OULAD_COHORT_2026_01,"[0.31, 0.46, 0.48, 0.48]",0.48,0.8775,0.92,-0.08000000000000007,1.0,1.0,3,3,unstable,Academic risk changed without a single dominant trajectory pattern.,0.593,P2,High,ACADEMIC_UNSTABLE,Human review of conflicting evidence,synthetic_demo,"{'intervention_success_probability': 0.5092, 'opportunity_band': 'medium', 'model': 'intervention-opportunity-logistic-v1'}"
CANONICAL_000124,CANONICAL_000124,OULAD_000124,BEHAVIOR_000124,EMOTIONAL_000124,OULAD_COHORT_2026_01,"[0.15, 0.24, 0.26, 0.14]",0.14,0.125,0.18,-0.009999999999999981,0.0,1.0,3,3,stable_low,Academic risk remained comparatively low and stable.,0.508,P2,High,ACADEMIC_STABLE_LOW,Routine monitoring,synthetic_demo,"{'intervention_success_probability': 0.5212, 'opportunity_band': 'medium', 'model': 'intervention-opportunity-logistic-v1'}"
CANONICAL_000125,CANONICAL_000125,OULAD_000125,BEHAVIOR_000125,EMOTIONAL_000125,OULAD_COHORT_2026_01,"[0.45, 0.34, 0.52, 0.56]",0.56,0.575,0.65,0.07999999999999996,0.0,1.0,3,3,unstable,Academic risk changed without a single dominant trajectory pattern.,0.607,P2,High,ACADEMIC_UNSTABLE,Human review of conflicting evidence,synthetic_demo,"{'intervention_success_probability': 0.5699, 'opportunity_band': 'medium', 'model': 'intervention-opportunity-logistic-v1'}"
CANONICAL_000126,CANONICAL_000126,OULAD_000126,BEHAVIOR_000126,EMOTIONAL_000126,OULAD_COHORT_2026_01,"[0.36, 0.38, 0.39, 0.42]",0.42,0.4175,0.45,-0.12,2.0,1.0,3,3,unstable,Academic risk changed without a single dominant trajectory pattern.,0.573,P2,High,ACADEMIC_UNSTABLE,Human review of conflicting evidence,synthetic_demo,"{'intervention_success_probability': 0.5045, 'opportunity_band': 'medium', 'model': 'intervention-opportunity-logistic-v1'}"
CANONICAL_000127,CANONICAL_000127,OULAD_000127,BEHAVIOR_000127,EMOTIONAL_000127,OULAD_COHORT_2026_01,"[0.06, 0.08, 0.23, 0.22]",0.22,0.0925,0.18,-0.05,4.0,1.0,3,3,unstable,Academic risk changed without a single dominant trajectory pattern.,0.54,P2,High,ACADEMIC_UNSTABLE,Human review of conflicting evidence,synthetic_demo,"{'intervention_success_probability': 0.4627, 'opportunity_band': 'medium', 'model': 'intervention-opportunity-logistic-v1'}"
CANONICAL_000128,CANONICAL_000128,OULAD_000128,BEHAVIOR_000128,EMOTIONAL_000128,OULAD_COHORT_2026_01,"[0.23, 0.23, 0.29, 0.3]",0.3,0.1325,0.16,-0.06,0.0,1.0,3,3,stable_low,Academic risk remained comparatively low and stable.,0.548,P2,High,ACADEMIC_STABLE_LOW,Routine monitoring,synthetic_demo,"{'intervention_success_probability': 0.5097, 'opportunity_band': 'medium', 'model': 'intervention-opportunity-logistic-v1'}"
CANONICAL_000129,CANONICAL_000129,OULAD_000129,BEHAVIOR_000129,EMOTIONAL_000129,OULAD_COHORT_2026_01,"[0.19, 0.26, 0.2, 0.24]",0.24,0.0925,0.17,-0.14,0.0,1.0,3,3,stable_low,Academic risk remained comparatively low and stable.,0.537,P2,High,ACADEMIC_STABLE_LOW,Routine monitoring,synthetic_demo,"{'intervention_success_probability': 0.4726, 'opportunity_band': 'medium', 'model': 'intervention-opportunity-logistic-v1'}"
CANONICAL_000130,CANONICAL_000130,OULAD_000130,BEHAVIOR_000130,EMOTIONAL_000130,OULAD_COHORT_2026_01,"[0.52, 0.43, 0.46, 0.51]",0.51,0.325,0.4,-0.02999999999999997,0.0,1.0,3,3,unstable,Academic risk changed without a single dominant trajectory pattern.,0.586,P2,High,ACADEMIC_UNSTABLE,Human review of conflicting evidence,synthetic_demo,"{'intervention_success_probability': 0.5529, 'opportunity_band': 'medium', 'model': 'intervention-opportunity-logistic-v1'}"
CANONICAL_000131,CANONICAL_000131,OULAD_000131,BEHAVIOR_000131,EMOTIONAL_000131,OULAD_COHORT_2026_01,"[0.22, 0.21, 0.22, 0.26]",0.26,0.4075,0.63,0.020000000000000018,2.0,1.0,3,3,stable_low,Academic risk remained comparatively low and stable.,0.54,P2,High,ACADEMIC_STABLE_LOW,Routine monitoring,synthetic_demo,"{'intervention_success_probability': 0.4879, 'opportunity_band': 'medium', 'model': 'intervention-opportunity-logistic-v1'}"
CANONICAL_000132,CANONICAL_000132,OULAD_000132,BEHAVIOR_000132,EMOTIONAL_000132,OULAD_COHORT_2026_01,"[0.14, 0.2, 0.13, 0.13]",0.13,0.095,0.2,0.05,1.0,1.0,3,3,stable_low,Academic risk remained comparatively low and stable.,0.506,P2,High,ACADEMIC_STABLE_LOW,Routine monitoring,synthetic_demo,"{'intervention_success_probability': 0.4709, 'opportunity_band': 'medium', 'model': 'intervention-opportunity-logistic-v1'}"
CANONICAL_000133,CANONICAL_000133,OULAD_000133,BEHAVIOR_000133,EMOTIONAL_000133,OULAD_COHORT_2026_01,"[0.47, 0.55, 0.59, 0.65]",0.65,0.585,0.64,0.08999999999999997,2.0,1.0,3,3,late_emerging,Elevated academic risk emerged later in the observation window.,0.634,P1,High,ACADEMIC_LATE_EMERGING,Academic advisor review,synthetic_demo,"{'intervention_success_probability': 0.5071, 'opportunity_band': 'medium', 'model': 'intervention-opportunity-logistic-v1'}"
CANONICAL_000134,CANONICAL_000134,OULAD_000134,BEHAVIOR_000134,EMOTIONAL_000134,OULAD_COHORT_2026_01,"[0.16, 0.19, 0.21, 0.21]",0.21,0.0625,0.16,0.16,2.0,1.0,3,3,stable_low,Academic risk remained comparatively low and stable.,0.527,P2,High,ACADEMIC_STABLE_LOW,Routine monitoring,synthetic_demo,"{'intervention_success_probability': 0.4763, 'opportunity_band': 'medium', 'model': 'intervention-opportunity-logistic-v1'}"
CANONICAL_000135,CANONICAL_000135,OULAD_000135,BEHAVIOR_000135,EMOTIONAL_000135,OULAD_COHORT_2026_01,"[0.06, 0.06, 0.12, 0.19]",0.19,0.1525,0.24,0.12,3.0,1.0,3,3,stable_low,Academic risk remained comparatively low and stable.,0.538,P2,High,ACADEMIC_STABLE_LOW,Routine monitoring,synthetic_demo,"{'intervention_success_probability': 0.4443, 'opportunity_band': 'medium', 'model': 'intervention-opportunity-logistic-v1'}"
CANONICAL_000136,CANONICAL_000136,OULAD_000136,BEHAVIOR_000136,EMOTIONAL_000136,OULAD_COHORT_2026_01,"[0.34, 0.35, 0.39, 0.36]",0.36,0.535,0.62,0.0,3.0,1.0,3,3,stable_low,Academic risk remained comparatively low and stable.,0.554,P2,High,ACADEMIC_STABLE_LOW,Routine monitoring,synthetic_demo,"{'intervention_success_probability': 0.5196, 'opportunity_band': 'medium', 'model': 'intervention-opportunity-logistic-v1'}"
CANONICAL_000137,CANONICAL_000137,OULAD_000137,BEHAVIOR_000137,EMOTIONAL_000137,OULAD_COHORT_2026_01,"[0.31, 0.39, 0.35, 0.38]",0.38,0.4075,0.6,0.14999999999999997,2.0,1.0,3,3,stable_low,Academic risk remained comparatively low and stable.,0.566,P2,High,ACADEMIC_STABLE_LOW,Routine monitoring,synthetic_demo,"{'intervention_success_probability': 0.4837, 'opportunity_band': 'medium', 'model': 'intervention-opportunity-logistic-v1'}"
CANONICAL_000138,CANONICAL_000138,OULAD_000138,BEHAVIOR_000138,EMOTIONAL_000138,OULAD_COHORT_2026_01,"[0.28, 0.3, 0.38, 0.27]",0.27,0.395,0.52,0.13,1.0,1.0,3,3,stable_low,Academic risk remained comparatively low and stable.,0.534,P2,High,ACADEMIC_STABLE_LOW,Routine monitoring,synthetic_demo,"{'intervention_success_probability': 0.551, 'opportunity_band': 'medium', 'model': 'intervention-opportunity-logistic-v1'}"
CANONICAL_000139,CANONICAL_000139,OULAD_000139,BEHAVIOR_000139,EMOTIONAL_000139,OULAD_COHORT_2026_01,"[0.33, 0.27, 0.24, 0.23]",0.23,0.58,0.75,-0.22999999999999998,0.0,1.0,3,3,stable_low,Academic risk remained comparatively low and stable.,0.526,P2,High,ACADEMIC_STABLE_LOW,Routine monitoring,synthetic_demo,"{'intervention_success_probability': 0.5447, 'opportunity_band': 'medium', 'model': 'intervention-opportunity-logistic-v1'}"
CANONICAL_000140,CANONICAL_000140,OULAD_000140,BEHAVIOR_000140,EMOTIONAL_000140,OULAD_COHORT_2026_01,"[0.41, 0.33, 0.1, 0.17]",0.17,0.235,0.45,0.12,1.0,1.0,3,3,improving,Academic risk decreased across the observation window.,0.514,P2,High,ACADEMIC_IMPROVING,Recognition and light-touch follow-up,synthetic_demo,"{'intervention_success_probability': 0.4982, 'opportunity_band': 'medium', 'model': 'intervention-opportunity-logistic-v1'}"
CANONICAL_000141,CANONICAL_000141,OULAD_000141,BEHAVIOR_000141,EMOTIONAL_000141,OULAD_COHORT_2026_01,"[0.32, 0.22, 0.25, 0.19]",0.19,0.2925,0.47,0.019999999999999962,1.0,1.0,3,3,stable_low,Academic risk remained comparatively low and stable.,0.518,P2,High,ACADEMIC_STABLE_LOW,Routine monitoring,synthetic_demo,"{'intervention_success_probability': 0.5531, 'opportunity_band': 'medium', 'model': 'intervention-opportunity-logistic-v1'}"
CANONICAL_000142,CANONICAL_000142,OULAD_000142,BEHAVIOR_000142,EMOTIONAL_000142,OULAD_COHORT_2026_01,"[0.18, 0.32, 0.29, 0.29]",0.29,0.41500000000000004,0.45,-0.07,2.0,1.0,3,3,stable_low,Academic risk remained comparatively low and stable.,0.549,P2,High,ACADEMIC_STABLE_LOW,Routine monitoring,synthetic_demo,"{'intervention_success_probability': 0.4674, 'opportunity_band': 'medium', 'model': 'intervention-opportunity-logistic-v1'}"
CANONICAL_000143,CANONICAL_000143,OULAD_000143,BEHAVIOR_000143,EMOTIONAL_000143,OULAD_COHORT_2026_01,"[0.11, 0.19, 0.25, 0.07]",0.07,0.052500000000000005,0.11,0.06,0.0,1.0,3,3,stable_low,Academic risk remained comparatively low and stable.,0.494,P2,High,ACADEMIC_STABLE_LOW,Routine monitoring,synthetic_demo,"{'intervention_success_probability': 0.5373, 'opportunity_band': 'medium', 'model': 'intervention-opportunity-logistic-v1'}"
CANONICAL_000144,CANONICAL_000144,OULAD_000144,BEHAVIOR_000144,EMOTIONAL_000144,OULAD_COHORT_2026_01,"[0.06, 0.07, 0.25, 0.16]",0.16,0.24,0.44,-0.06999999999999998,2.0,1.0,3,3,stable_low,Academic risk remained comparatively low and stable.,0.522,P2,High,ACADEMIC_STABLE_LOW,Routine monitoring,synthetic_demo,"{'intervention_success_probability': 0.5131, 'opportunity_band': 'medium', 'model': 'intervention-opportunity-logistic-v1'}"
CANONICAL_000145,CANONICAL_000145,OULAD_000145,BEHAVIOR_000145,EMOTIONAL_000145,OULAD_COHORT_2026_01,"[0.39, 0.37, 0.56, 0.49]",0.49,0.435,0.58,-0.06,1.0,1.0,3,3,unstable,Academic risk changed without a single dominant trajectory pattern.,0.588,P2,High,ACADEMIC_UNSTABLE,Human review of conflicting evidence,synthetic_demo,"{'intervention_success_probability': 0.5694, 'opportunity_band': 'medium', 'model': 'intervention-opportunity-logistic-v1'}"
CANONICAL_000146,CANONICAL_000146,OULAD_000146,BEHAVIOR_000146,EMOTIONAL_000146,OULAD_COHORT_2026_01,"[0.22, 0.19, 0.2, 0.23]",0.23,0.31,0.43,0.22999999999999998,2.0,1.0,3,3,stable_low,Academic risk remained comparatively low and stable.,0.53,P2,High,ACADEMIC_STABLE_LOW,Routine monitoring,synthetic_demo,"{'intervention_success_probability': 0.4913, 'opportunity_band': 'medium', 'model': 'intervention-opportunity-logistic-v1'}"
CANONICAL_000147,CANONICAL_000147,OULAD_000147,BEHAVIOR_000147,EMOTIONAL_000147,OULAD_COHORT_2026_01,"[0.17, 0.28, 0.23, 0.28]",0.28,0.32,0.35,-0.06,0.0,1.0,3,3,stable_low,Academic risk remained comparatively low and stable.,0.552,P2,High,ACADEMIC_STABLE_LOW,Routine monitoring,synthetic_demo,"{'intervention_success_probability': 0.4681, 'opportunity_band': 'medium', 'model': 'intervention-opportunity-logistic-v1'}"
CANONICAL_000148,CANONICAL_000148,OULAD_000148,BEHAVIOR_000148,EMOTIONAL_000148,OULAD_COHORT_2026_01,"[0.07, 0.24, 0.31, 0.32]",0.32,0.33,0.47,-0.21,1.0,1.0,3,3,unstable,Academic risk changed without a single dominant trajectory pattern.,0.57,P2,High,ACADEMIC_UNSTABLE,Human review of conflicting evidence,synthetic_demo,"{'intervention_success_probability': 0.4594, 'opportunity_band': 'medium', 'model': 'intervention-opportunity-logistic-v1'}"
CANONICAL_000149,CANONICAL_000149,OULAD_000149,BEHAVIOR_000149,EMOTIONAL_000149,OULAD_COHORT_2026_01,"[0.21, 0.18, 0.17, 0.16]",0.16,0.21,0.29,0.14999999999999997,0.0,1.0,3,3,stable_low,Academic risk remained comparatively low and stable.,0.512,P2,High,ACADEMIC_STABLE_LOW,Routine monitoring,synthetic_demo,"{'intervention_success_probability': 0.5148, 'opportunity_band': 'medium', 'model': 'intervention-opportunity-logistic-v1'}"
CANONICAL_000150,CANONICAL_000150,OULAD_000150,BEHAVIOR_000150,EMOTIONAL_000150,OULAD_COHORT_2026_01,"[0.36, 0.47, 0.52, 0.51]",0.51,0.3825,0.47,0.15999999999999998,3.0,1.0,3,3,unstable,Academic risk changed without a single dominant trajectory pattern.,0.597,P2,High,ACADEMIC_UNSTABLE,Human review of conflicting evidence,synthetic_demo,"{'intervention_success_probability': 0.4958, 'opportunity_band': 'medium', 'model': 'intervention-opportunity-logistic-v1'}"
CANONICAL_000151,CANONICAL_000151,OULAD_000151,BEHAVIOR_000151,EMOTIONAL_000151,OULAD_COHORT_2026_01,"[0.32, 0.34, 0.31, 0.38]",0.38,0.195,0.36,-0.26,1.0,1.0,3,3,stable_low,Academic risk remained comparatively low and stable.,0.569,P2,High,ACADEMIC_STABLE_LOW,Routine monitoring,synthetic_demo,"{'intervention_success_probability': 0.4854, 'opportunity_band': 'medium', 'model': 'intervention-opportunity-logistic-v1'}"
CANONICAL_000152,CANONICAL_000152,OULAD_000152,BEHAVIOR_000152,EMOTIONAL_000152,OULAD_COHORT_2026_01,"[0.14, 0.14, 0.18, 0.22]",0.22,0.3025,0.49,0.1,0.0,1.0,3,3,stable_low,Academic risk remained comparatively low and stable.,0.536,P2,High,ACADEMIC_STABLE_LOW,Routine monitoring,synthetic_demo,"{'intervention_success_probability': 0.4923, 'opportunity_band': 'medium', 'model': 'intervention-opportunity-logistic-v1'}"
CANONICAL_000153,CANONICAL_000153,OULAD_000153,BEHAVIOR_000153,EMOTIONAL_000153,OULAD_COHORT_2026_01,"[0.22, 0.36, 0.31, 0.31]",0.31,0.1975,0.26,0.17,0.0,1.0,3,3,stable_low,Academic risk remained comparatively low and stable.,0.551,P2,High,ACADEMIC_STABLE_LOW,Routine monitoring,synthetic_demo,"{'intervention_success_probability': 0.4814, 'opportunity_band': 'medium', 'model': 'intervention-opportunity-logistic-v1'}"
CANONICAL_000154,CANONICAL_000154,OULAD_000154,BEHAVIOR_000154,EMOTIONAL_000154,OULAD_COHORT_2026_01,"[0.14, 0.16, 0.27, 0.39]",0.39,0.5525,0.65,0.029999999999999916,2.0,1.0,3,3,unstable,Academic risk changed without a single dominant trajectory pattern.,0.595,P2,High,ACADEMIC_UNSTABLE,Human review of conflicting evidence,synthetic_demo,"{'intervention_success_probability': 0.4606, 'opportunity_band': 'medium', 'model': 'intervention-opportunity-logistic-v1'}"
CANONICAL_000155,CANONICAL_000155,OULAD_000155,BEHAVIOR_000155,EMOTIONAL_000155,OULAD_COHORT_2026_01,"[0.06, 0.11, 0.08, 0.26]",0.26,0.21500000000000002,0.4,0.26,0.0,1.0,3,3,unstable,Academic risk changed without a single dominant trajectory pattern.,0.57,P2,High,ACADEMIC_UNSTABLE,Human review of conflicting evidence,synthetic_demo,"{'intervention_success_probability': 0.4225, 'opportunity_band': 'medium', 'model': 'intervention-opportunity-logistic-v1'}"
CANONICAL_000156,CANONICAL_000156,OULAD_000156,BEHAVIOR_000156,EMOTIONAL_000156,OULAD_COHORT_2026_01,"[0.58, 0.62, 0.69, 0.61]",0.61,0.53,0.7,-0.17999999999999994,4.0,1.0,3,3,unstable,Academic risk changed without a single dominant trajectory pattern.,0.605,P2,High,ACADEMIC_UNSTABLE,Human review of conflicting evidence,synthetic_demo,"{'intervention_success_probability': 0.5548, 'opportunity_band': 'medium', 'model': 'intervention-opportunity-logistic-v1'}"
CANONICAL_000157,CANONICAL_000157,OULAD_000157,BEHAVIOR_000157,EMOTIONAL_000157,OULAD_COHORT_2026_01,"[0.17, 0.06, 0.0, 0.06]",0.06,0.08499999999999999,0.21,-0.15,1.0,1.0,3,3,stable_low,Academic risk remained comparatively low and stable.,0.492,P2,High,ACADEMIC_STABLE_LOW,Routine monitoring,synthetic_demo,"{'intervention_success_probability': 0.4846, 'opportunity_band': 'medium', 'model': 'intervention-opportunity-logistic-v1'}"
CANONICAL_000158,CANONICAL_000158,OULAD_000158,BEHAVIOR_000158,EMOTIONAL_000158,OULAD_COHORT_2026_01,"[0.49, 0.53, 0.61, 0.88]",0.88,0.8500000000000001,0.92,0.13,0.0,1.0,3,3,rapidly_escalating,Academic risk increased substantially across the observation window.,0.722,P1,High,ACADEMIC_RAPIDLY_ESCALATING,Academic advisor check-in,synthetic_demo,"{'intervention_success_probability': 0.4797, 'opportunity_band': 'medium', 'model': 'intervention-opportunity-logistic-v1'}"
CANONICAL_000159,CANONICAL_000159,OULAD_000159,BEHAVIOR_000159,EMOTIONAL_000159,OULAD_COHORT_2026_01,"[0.22, 0.2, 0.14, 0.18]",0.18,0.205,0.29,-0.11000000000000001,2.0,1.0,3,3,stable_low,Academic risk remained comparatively low and stable.,0.516,P2,High,ACADEMIC_STABLE_LOW,Routine monitoring,synthetic_demo,"{'intervention_success_probability': 0.4776, 'opportunity_band': 'medium', 'model': 'intervention-opportunity-logistic-v1'}"
CANONICAL_000160,CANONICAL_000160,OULAD_000160,BEHAVIOR_000160,EMOTIONAL_000160,OULAD_COHORT_2026_01,"[0.37, 0.28, 0.32, 0.35]",0.35,0.4125,0.48,-0.08999999999999997,0.0,1.0,3,3,stable_low,Academic risk remained comparatively low and stable.,0.551,P2,High,ACADEMIC_STABLE_LOW,Routine monitoring,synthetic_demo,"{'intervention_success_probability': 0.5432, 'opportunity_band': 'medium', 'model': 'intervention-opportunity-logistic-v1'}"
CANONICAL_000161,CANONICAL_000161,OULAD_000161,BEHAVIOR_000161,EMOTIONAL_000161,OULAD_COHORT_2026_01,"[0.39, 0.37, 0.47, 0.48]",0.48,0.5975,0.69,0.040000000000000036,3.0,1.0,3,3,unstable,Academic risk changed without a single dominant trajectory pattern.,0.586,P2,High,ACADEMIC_UNSTABLE,Human review of conflicting evidence,synthetic_demo,"{'intervention_success_probability': 0.5255, 'opportunity_band': 'medium', 'model': 'intervention-opportunity-logistic-v1'}"
CANONICAL_000162,CANONICAL_000162,OULAD_000162,BEHAVIOR_000162,EMOTIONAL_000162,OULAD_COHORT_2026_01,"[0.29, 0.27, 0.27, 0.33]",0.33,0.2675,0.4,0.21000000000000002,0.0,1.0,3,3,stable_low,Academic risk remained comparatively low and stable.,0.556,P2,High,ACADEMIC_STABLE_LOW,Routine monitoring,synthetic_demo,"{'intervention_success_probability': 0.5044, 'opportunity_band': 'medium', 'model': 'intervention-opportunity-logistic-v1'}"
CANONICAL_000163,CANONICAL_000163,OULAD_000163,BEHAVIOR_000163,EMOTIONAL_000163,OULAD_COHORT_2026_01,"[0.36, 0.46, 0.4, 0.48]",0.48,0.5275,0.6,0.08000000000000007,4.0,1.0,3,3,unstable,Academic risk changed without a single dominant trajectory pattern.,0.596,P2,High,ACADEMIC_UNSTABLE,Human review of conflicting evidence,synthetic_demo,"{'intervention_success_probability': 0.4564, 'opportunity_band': 'medium', 'model': 'intervention-opportunity-logistic-v1'}"
CANONICAL_000164,CANONICAL_000164,OULAD_000164,BEHAVIOR_000164,EMOTIONAL_000164,OULAD_COHORT_2026_01,"[0.37, 0.3, 0.36, 0.28]",0.28,0.48,0.64,0.32,2.0,1.0,3,3,stable_low,Academic risk remained comparatively low and stable.,0.536,P2,High,ACADEMIC_STABLE_LOW,Routine monitoring,synthetic_demo,"{'intervention_success_probability': 0.5604, 'opportunity_band': 'medium', 'model': 'intervention-opportunity-logistic-v1'}"
CANONICAL_000165,CANONICAL_000165,OULAD_000165,BEHAVIOR_000165,EMOTIONAL_000165,OULAD_COHORT_2026_01,"[0.43, 0.39, 0.34, 0.36]",0.36,0.22,0.34,0.04000000000000001,3.0,1.0,3,3,stable_low,Academic risk remained comparatively low and stable.,0.552,P2,High,ACADEMIC_STABLE_LOW,Routine monitoring,synthetic_demo,"{'intervention_success_probability': 0.507, 'opportunity_band': 'medium', 'model': 'intervention-opportunity-logistic-v1'}"
CANONICAL_000166,CANONICAL_000166,OULAD_000166,BEHAVIOR_000166,EMOTIONAL_000166,OULAD_COHORT_2026_01,"[0.06, 0.1, 0.09, 0.0]",0.0,0.1875,0.24,0.15999999999999998,0.0,1.0,3,3,stable_low,Academic risk remained comparatively low and stable.,0.48,P2,High,ACADEMIC_STABLE_LOW,Routine monitoring,synthetic_demo,"{'intervention_success_probability': 0.5079, 'opportunity_band': 'medium', 'model': 'intervention-opportunity-logistic-v1'}"
CANONICAL_000167,CANONICAL_000167,OULAD_000167,BEHAVIOR_000167,EMOTIONAL_000167,OULAD_COHORT_2026_01,"[0.15, 0.07, 0.11, 0.11]",0.11,0.04,0.11,0.11,0.0,1.0,3,3,stable_low,Academic risk remained comparatively low and stable.,0.502,P2,High,ACADEMIC_STABLE_LOW,Routine monitoring,synthetic_demo,"{'intervention_success_probability': 0.5111, 'opportunity_band': 'medium', 'model': 'intervention-opportunity-logistic-v1'}"
CANONICAL_000168,CANONICAL_000168,OULAD_000168,BEHAVIOR_000168,EMOTIONAL_000168,OULAD_COHORT_2026_01,"[0.69, 0.66, 0.79, 0.73]",0.73,0.47250000000000003,0.76,-0.42,2.0,1.0,3,3,persistent_high,Academic risk remained consistently high.,0.63,P1,High,ACADEMIC_PERSISTENT_HIGH,Programme review,synthetic_demo,"{'intervention_success_probability': 0.5938, 'opportunity_band': 'medium', 'model': 'intervention-opportunity-logistic-v1'}"
CANONICAL_000169,CANONICAL_000169,OULAD_000169,BEHAVIOR_000169,EMOTIONAL_000169,OULAD_COHORT_2026_01,"[0.05, 0.0, 0.02, 0.07]",0.07,0.1,0.23,-0.07,2.0,1.0,3,3,stable_low,Academic risk remained comparatively low and stable.,0.501,P2,High,ACADEMIC_STABLE_LOW,Routine monitoring,synthetic_demo,"{'intervention_success_probability': 0.4609, 'opportunity_band': 'medium', 'model': 'intervention-opportunity-logistic-v1'}"
CANONICAL_000170,CANONICAL_000170,OULAD_000170,BEHAVIOR_000170,EMOTIONAL_000170,OULAD_COHORT_2026_01,"[0.19, 0.28, 0.3, 0.19]",0.19,0.4475,0.49,-0.03999999999999998,0.0,1.0,3,3,stable_low,Academic risk remained comparatively low and stable.,0.518,P2,High,ACADEMIC_STABLE_LOW,Routine monitoring,synthetic_demo,"{'intervention_success_probability': 0.5331, 'opportunity_band': 'medium', 'model': 'intervention-opportunity-logistic-v1'}"
CANONICAL_000171,CANONICAL_000171,OULAD_000171,BEHAVIOR_000171,EMOTIONAL_000171,OULAD_COHORT_2026_01,"[0.27, 0.27, 0.35, 0.33]",0.33,0.3725,0.43,0.08000000000000002,1.0,1.0,3,3,stable_low,Academic risk remained comparatively low and stable.,0.552,P2,High,ACADEMIC_STABLE_LOW,Routine monitoring,synthetic_demo,"{'intervention_success_probability': 0.5246, 'opportunity_band': 'medium', 'model': 'intervention-opportunity-logistic-v1'}"
CANONICAL_000172,CANONICAL_000172,OULAD_000172,BEHAVIOR_000172,EMOTIONAL_000172,OULAD_COHORT_2026_01,"[0.32, 0.34, 0.36, 0.46]",0.46,0.435,0.54,0.050000000000000044,0.0,1.0,3,3,unstable,Academic risk changed without a single dominant trajectory pattern.,0.596,P2,High,ACADEMIC_UNSTABLE,Human review of conflicting evidence,synthetic_demo,"{'intervention_success_probability': 0.4961, 'opportunity_band': 'medium', 'model': 'intervention-opportunity-logistic-v1'}"
CANONICAL_000173,CANONICAL_000173,OULAD_000173,BEHAVIOR_000173,EMOTIONAL_000173,OULAD_COHORT_2026_01,"[0.48, 0.58, 0.65, 0.61]",0.61,0.7175,0.82,0.06999999999999995,2.0,1.0,3,3,late_emerging,Elevated academic risk emerged later in the observation window.,0.615,P2,High,ACADEMIC_LATE_EMERGING,Academic advisor review,synthetic_demo,"{'intervention_success_probability': 0.5425, 'opportunity_band': 'medium', 'model': 'intervention-opportunity-logistic-v1'}"
CANONICAL_000174,CANONICAL_000174,OULAD_000174,BEHAVIOR_000174,EMOTIONAL_000174,OULAD_COHORT_2026_01,"[0.32, 0.28, 0.39, 0.26]",0.26,0.3525,0.5,-0.04000000000000001,0.0,1.0,3,3,stable_low,Academic risk remained comparatively low and stable.,0.532,P2,High,ACADEMIC_STABLE_LOW,Routine monitoring,synthetic_demo,"{'intervention_success_probability': 0.5814, 'opportunity_band': 'medium', 'model': 'intervention-opportunity-logistic-v1'}"
CANONICAL_000175,CANONICAL_000175,OULAD_000175,BEHAVIOR_000175,EMOTIONAL_000175,OULAD_COHORT_2026_01,"[0.49, 0.49, 0.48, 0.52]",0.52,0.4,0.48,-0.07,0.0,1.0,3,3,unstable,Academic risk changed without a single dominant trajectory pattern.,0.591,P2,High,ACADEMIC_UNSTABLE,Human review of conflicting evidence,synthetic_demo,"{'intervention_success_probability': 0.5364, 'opportunity_band': 'medium', 'model': 'intervention-opportunity-logistic-v1'}"
CANONICAL_000176,CANONICAL_000176,OULAD_000176,BEHAVIOR_000176,EMOTIONAL_000176,OULAD_COHORT_2026_01,"[0.18, 0.12, 0.0, 0.0]",0.0,0.055,0.21,-0.21,0.0,1.0,3,3,stable_low,Academic risk remained comparatively low and stable.,0.48,P2,High,ACADEMIC_STABLE_LOW,Routine monitoring,synthetic_demo,"{'intervention_success_probability': 0.499, 'opportunity_band': 'medium', 'model': 'intervention-opportunity-logistic-v1'}"
CANONICAL_000177,CANONICAL_000177,OULAD_000177,BEHAVIOR_000177,EMOTIONAL_000177,OULAD_COHORT_2026_01,"[0.03, 0.0, 0.0, 0.01]",0.01,0.07,0.13,-0.13,1.0,1.0,3,3,stable_low,Academic risk remained comparatively low and stable.,0.482,P2,High,ACADEMIC_STABLE_LOW,Routine monitoring,synthetic_demo,"{'intervention_success_probability': 0.4734, 'opportunity_band': 'medium', 'model': 'intervention-opportunity-logistic-v1'}"
CANONICAL_000178,CANONICAL_000178,OULAD_000178,BEHAVIOR_000178,EMOTIONAL_000178,OULAD_COHORT_2026_01,"[0.44, 0.38, 0.5, 0.46]",0.46,0.6825,0.76,0.030000000000000027,0.0,1.0,3,3,unstable,Academic risk changed without a single dominant trajectory pattern.,0.574,P2,High,ACADEMIC_UNSTABLE,Human review of conflicting evidence,synthetic_demo,"{'intervention_success_probability': 0.5831, 'opportunity_band': 'medium', 'model': 'intervention-opportunity-logistic-v1'}"
CANONICAL_000179,CANONICAL_000179,OULAD_000179,BEHAVIOR_000179,EMOTIONAL_000179,OULAD_COHORT_2026_01,"[0.22, 0.2, 0.22, 0.4]",0.4,0.34,0.44,0.16999999999999998,4.0,1.0,3,3,unstable,Academic risk changed without a single dominant trajectory pattern.,0.596,P2,High,ACADEMIC_UNSTABLE,Human review of conflicting evidence,synthetic_demo,"{'intervention_success_probability': 0.4284, 'opportunity_band': 'medium', 'model': 'intervention-opportunity-logistic-v1'}"
CANONICAL_000180,CANONICAL_000180,OULAD_000180,BEHAVIOR_000180,EMOTIONAL_000180,OULAD_COHORT_2026_01,"[0.13, 0.12, 0.11, 0.0]",0.0,0.05,0.2,-0.2,0.0,1.0,3,3,stable_low,Academic risk remained comparatively low and stable.,0.48,P2,High,ACADEMIC_STABLE_LOW,Routine monitoring,synthetic_demo,"{'intervention_success_probability': 0.5272, 'opportunity_band': 'medium', 'model': 'intervention-opportunity-logistic-v1'}"
CANONICAL_000181,CANONICAL_000181,OULAD_000181,BEHAVIOR_000181,EMOTIONAL_000181,OULAD_COHORT_2026_01,"[0.56, 0.61, 0.72, 0.97]",0.97,0.9975,1.0,0.0,3.0,1.0,3,3,rapidly_escalating,Academic risk increased substantially across the observation window.,0.74,P1,High,ACADEMIC_RAPIDLY_ESCALATING,Academic advisor check-in,synthetic_demo,"{'intervention_success_probability': 0.4747, 'opportunity_band': 'medium', 'model': 'intervention-opportunity-logistic-v1'}"
CANONICAL_000182,CANONICAL_000182,OULAD_000182,BEHAVIOR_000182,EMOTIONAL_000182,OULAD_COHORT_2026_01,"[0.14, 0.08, 0.1, 0.08]",0.08,0.1925,0.25,0.07,1.0,1.0,3,3,stable_low,Academic risk remained comparatively low and stable.,0.496,P2,High,ACADEMIC_STABLE_LOW,Routine monitoring,synthetic_demo,"{'intervention_success_probability': 0.5072, 'opportunity_band': 'medium', 'model': 'intervention-opportunity-logistic-v1'}"
CANONICAL_000183,CANONICAL_000183,OULAD_000183,BEHAVIOR_000183,EMOTIONAL_000183,OULAD_COHORT_2026_01,"[0.19, 0.23, 0.09, 0.12]",0.12,0.1075,0.15,-0.04999999999999999,1.0,1.0,3,3,stable_low,Academic risk remained comparatively low and stable.,0.504,P2,High,ACADEMIC_STABLE_LOW,Routine monitoring,synthetic_demo,"{'intervention_success_probability': 0.466, 'opportunity_band': 'medium', 'model': 'intervention-opportunity-logistic-v1'}"
CANONICAL_000184,CANONICAL_000184,OULAD_000184,BEHAVIOR_000184,EMOTIONAL_000184,OULAD_COHORT_2026_01,"[0.28, 0.34, 0.24, 0.21]",0.21,0.4125,0.51,0.12,0.0,1.0,3,3,stable_low,Academic risk remained comparatively low and stable.,0.522,P2,High,ACADEMIC_STABLE_LOW,Routine monitoring,synthetic_demo,"{'intervention_success_probability': 0.5139, 'opportunity_band': 'medium', 'model': 'intervention-opportunity-logistic-v1'}"
CANONICAL_000185,CANONICAL_000185,OULAD_000185,BEHAVIOR_000185,EMOTIONAL_000185,OULAD_COHORT_2026_01,"[0.26, 0.24, 0.29, 0.27]",0.27,0.22749999999999998,0.43,-0.12,2.0,1.0,3,3,stable_low,Academic risk remained comparatively low and stable.,0.535,P2,High,ACADEMIC_STABLE_LOW,Routine monitoring,synthetic_demo,"{'intervention_success_probability': 0.5112, 'opportunity_band': 'medium', 'model': 'intervention-opportunity-logistic-v1'}"
CANONICAL_000186,CANONICAL_000186,OULAD_000186,BEHAVIOR_000186,EMOTIONAL_000186,OULAD_COHORT_2026_01,"[0.17, 0.13, 0.14, 0.1]",0.1,0.2975,0.41,0.12999999999999995,2.0,1.0,3,3,stable_low,Academic risk remained comparatively low and stable.,0.5,P2,High,ACADEMIC_STABLE_LOW,Routine monitoring,synthetic_demo,"{'intervention_success_probability': 0.5078, 'opportunity_band': 'medium', 'model': 'intervention-opportunity-logistic-v1'}"
CANONICAL_000187,CANONICAL_000187,OULAD_000187,BEHAVIOR_000187,EMOTIONAL_000187,OULAD_COHORT_2026_01,"[0.39, 0.42, 0.55, 0.62]",0.62,0.5,0.61,0.16999999999999998,1.0,1.0,3,3,late_emerging,Elevated academic risk emerged later in the observation window.,0.634,P1,High,ACADEMIC_LATE_EMERGING,Academic advisor review,synthetic_demo,"{'intervention_success_probability': 0.5153, 'opportunity_band': 'medium', 'model': 'intervention-opportunity-logistic-v1'}"
CANONICAL_000188,CANONICAL_000188,OULAD_000188,BEHAVIOR_000188,EMOTIONAL_000188,OULAD_COHORT_2026_01,"[0.14, 0.14, 0.1, 0.01]",0.01,0.17500000000000002,0.34,0.09999999999999999,0.0,1.0,3,3,stable_low,Academic risk remained comparatively low and stable.,0.482,P2,High,ACADEMIC_STABLE_LOW,Routine monitoring,synthetic_demo,"{'intervention_success_probability': 0.522, 'opportunity_band': 'medium', 'model': 'intervention-opportunity-logistic-v1'}"
CANONICAL_000189,CANONICAL_000189,OULAD_000189,BEHAVIOR_000189,EMOTIONAL_000189,OULAD_COHORT_2026_01,"[0.47, 0.5, 0.5, 0.55]",0.55,0.58,0.7,-0.09999999999999998,3.0,1.0,3,3,unstable,Academic risk changed without a single dominant trajectory pattern.,0.603,P2,High,ACADEMIC_UNSTABLE,Human review of conflicting evidence,synthetic_demo,"{'intervention_success_probability': 0.5065, 'opportunity_band': 'medium', 'model': 'intervention-opportunity-logistic-v1'}"
CANONICAL_000190,CANONICAL_000190,OULAD_000190,BEHAVIOR_000190,EMOTIONAL_000190,OULAD_COHORT_2026_01,"[0.62, 0.76, 0.71, 0.56]",0.56,0.44,0.61,0.16999999999999998,4.0,1.0,3,3,unstable,Academic risk changed without a single dominant trajectory pattern.,0.592,P2,High,ACADEMIC_UNSTABLE,Human review of conflicting evidence,synthetic_demo,"{'intervention_success_probability': 0.5526, 'opportunity_band': 'medium', 'model': 'intervention-opportunity-logistic-v1'}"
CANONICAL_000191,CANONICAL_000191,OULAD_000191,BEHAVIOR_000191,EMOTIONAL_000191,OULAD_COHORT_2026_01,"[0.31, 0.33, 0.31, 0.35]",0.35,0.34249999999999997,0.47,-0.12,1.0,1.0,3,3,stable_low,Academic risk remained comparatively low and stable.,0.558,P2,High,ACADEMIC_STABLE_LOW,Routine monitoring,synthetic_demo,"{'intervention_success_probability': 0.4987, 'opportunity_band': 'medium', 'model': 'intervention-opportunity-logistic-v1'}"
CANONICAL_000192,CANONICAL_000192,OULAD_000192,BEHAVIOR_000192,EMOTIONAL_000192,OULAD_COHORT_2026_01,"[0.31, 0.28, 0.15, 0.24]",0.24,0.3025,0.31,0.0,2.0,1.0,3,3,stable_low,Academic risk remained comparatively low and stable.,0.53,P2,High,ACADEMIC_STABLE_LOW,Routine monitoring,synthetic_demo,"{'intervention_success_probability': 0.4726, 'opportunity_band': 'medium', 'model': 'intervention-opportunity-logistic-v1'}"
CANONICAL_000193,CANONICAL_000193,OULAD_000193,BEHAVIOR_000193,EMOTIONAL_000193,OULAD_COHORT_2026_01,"[0.13, 0.08, 0.07, 0.0]",0.0,0.0425,0.1,0.07,1.0,1.0,3,3,stable_low,Academic risk remained comparatively low and stable.,0.48,P2,High,ACADEMIC_STABLE_LOW,Routine monitoring,synthetic_demo,"{'intervention_success_probability': 0.5127, 'opportunity_band': 'medium', 'model': 'intervention-opportunity-logistic-v1'}"
CANONICAL_000194,CANONICAL_000194,OULAD_000194,BEHAVIOR_000194,EMOTIONAL_000194,OULAD_COHORT_2026_01,"[0.72, 0.68, 0.69, 0.77]",0.77,0.8775,0.95,0.1399999999999999,0.0,1.0,3,3,persistent_high,Academic risk remained consistently high.,0.647,P1,High,ACADEMIC_PERSISTENT_HIGH,Programme review,synthetic_demo,"{'intervention_success_probability': 0.5759, 'opportunity_band': 'medium', 'model': 'intervention-opportunity-logistic-v1'}"
CANONICAL_000195,CANONICAL_000195,OULAD_000195,BEHAVIOR_000195,EMOTIONAL_000195,OULAD_COHORT_2026_01,"[0.12, 0.02, 0.03, 0.06]",0.06,0.07,0.17,0.07,0.0,1.0,3,3,stable_low,Academic risk remained comparatively low and stable.,0.492,P2,High,ACADEMIC_STABLE_LOW,Routine monitoring,synthetic_demo,"{'intervention_success_probability': 0.4997, 'opportunity_band': 'medium', 'model': 'intervention-opportunity-logistic-v1'}"
CANONICAL_000196,CANONICAL_000196,OULAD_000196,BEHAVIOR_000196,EMOTIONAL_000196,OULAD_COHORT_2026_01,"[0.29, 0.38, 0.57, 0.72]",0.72,0.5525,0.65,-0.2,1.0,1.0,3,3,rapidly_escalating,Academic risk increased substantially across the observation window.,0.682,P1,High,ACADEMIC_RAPIDLY_ESCALATING,Academic advisor check-in,synthetic_demo,"{'intervention_success_probability': 0.4743, 'opportunity_band': 'medium', 'model': 'intervention-opportunity-logistic-v1'}"
CANONICAL_000197,CANONICAL_000197,OULAD_000197,BEHAVIOR_000197,EMOTIONAL_000197,OULAD_COHORT_2026_01,"[0.51, 0.36, 0.52, 0.47]",0.47,0.6,0.71,0.15000000000000002,3.0,1.0,3,3,unstable,Academic risk changed without a single dominant trajectory pattern.,0.574,P2,High,ACADEMIC_UNSTABLE,Human review of conflicting evidence,synthetic_demo,"{'intervention_success_probability': 0.5852, 'opportunity_band': 'medium', 'model': 'intervention-opportunity-logistic-v1'}"
CANONICAL_000198,CANONICAL_000198,OULAD_000198,BEHAVIOR_000198,EMOTIONAL_000198,OULAD_COHORT_2026_01,"[0.16, 0.22, 0.18, 0.42]",0.42,0.23249999999999998,0.26,-0.04000000000000001,0.0,1.0,3,3,unstable,Academic risk changed without a single dominant trajectory pattern.,0.614,P2,High,ACADEMIC_UNSTABLE,Human review of conflicting evidence,synthetic_demo,"{'intervention_success_probability': 0.4152, 'opportunity_band': 'medium', 'model': 'intervention-opportunity-logistic-v1'}"
CANONICAL_000199,CANONICAL_000199,OULAD_000199,BEHAVIOR_000199,EMOTIONAL_000199,OULAD_COHORT_2026_01,"[0.26, 0.21, 0.07, 0.0]",0.0,0.1375,0.26,-0.13,1.0,1.0,3,3,improving,Academic risk decreased across the observation window.,0.48,P2,High,ACADEMIC_IMPROVING,Recognition and light-touch follow-up,synthetic_demo,"{'intervention_success_probability': 0.5216, 'opportunity_band': 'medium', 'model': 'intervention-opportunity-logistic-v1'}"
CANONICAL_000200,CANONICAL_000200,OULAD_000200,BEHAVIOR_000200,EMOTIONAL_000200,OULAD_COHORT_2026_01,"[0.14, 0.12, 0.13, 0.12]",0.12,0.11249999999999999,0.35,-0.35,3.0,1.0,3,3,stable_low,Academic risk remained comparatively low and stable.,0.504,P2,High,ACADEMIC_STABLE_LOW,Routine monitoring,synthetic_demo,"{'intervention_success_probability': 0.4772, 'opportunity_band': 'medium', 'model': 'intervention-opportunity-logistic-v1'}"
CANONICAL_000201,CANONICAL_000201,OULAD_000201,BEHAVIOR_000201,EMOTIONAL_000201,OULAD_COHORT_2026_01,"[0.39, 0.34, 0.39, 0.27]",0.27,0.045,0.12,-0.12,0.0,1.0,3,3,stable_low,Academic risk remained comparatively low and stable.,0.534,P2,High,ACADEMIC_STABLE_LOW,Routine monitoring,synthetic_demo,"{'intervention_success_probability': 0.5749, 'opportunity_band': 'medium', 'model': 'intervention-opportunity-logistic-v1'}"
CANONICAL_000202,CANONICAL_000202,OULAD_000202,BEHAVIOR_000202,EMOTIONAL_000202,OULAD_COHORT_2026_01,"[0.46, 0.6, 0.55, 0.72]",0.72,0.615,0.68,0.050000000000000044,0.0,1.0,3,3,rapidly_escalating,Academic risk increased substantially across the observation window.,0.667,P1,High,ACADEMIC_RAPIDLY_ESCALATING,Academic advisor check-in,synthetic_demo,"{'intervention_success_probability': 0.4725, 'opportunity_band': 'medium', 'model': 'intervention-opportunity-logistic-v1'}"
CANONICAL_000203,CANONICAL_000203,OULAD_000203,BEHAVIOR_000203,EMOTIONAL_000203,OULAD_COHORT_2026_01,"[0.13, 0.15, 0.1, 0.1]",0.1,0.325,0.54,0.37,2.0,1.0,3,3,stable_low,Academic risk remained comparatively low and stable.,0.5,P2,High,ACADEMIC_STABLE_LOW,Routine monitoring,synthetic_demo,"{'intervention_success_probability': 0.4762, 'opportunity_band': 'medium', 'model': 'intervention-opportunity-logistic-v1'}"
CANONICAL_000204,CANONICAL_000204,OULAD_000204,BEHAVIOR_000204,EMOTIONAL_000204,OULAD_COHORT_2026_01,"[0.06, 0.14, 0.29, 0.29]",0.29,0.05500000000000001,0.14,0.0,0.0,1.0,3,3,unstable,Academic risk changed without a single dominant trajectory pattern.,0.561,P2,High,ACADEMIC_UNSTABLE,Human review of conflicting evidence,synthetic_demo,"{'intervention_success_probability': 0.4827, 'opportunity_band': 'medium', 'model': 'intervention-opportunity-logistic-v1'}"
CANONICAL_000205,CANONICAL_000205,OULAD_000205,BEHAVIOR_000205,EMOTIONAL_000205,OULAD_COHORT_2026_01,"[0.02, 0.14, 0.14, 0.2]",0.2,0.1775,0.27,0.010000000000000009,0.0,1.0,3,3,unstable,Academic risk changed without a single dominant trajectory pattern.,0.544,P2,High,ACADEMIC_UNSTABLE,Human review of conflicting evidence,synthetic_demo,"{'intervention_success_probability': 0.4439, 'opportunity_band': 'medium', 'model': 'intervention-opportunity-logistic-v1'}"
CANONICAL_000206,CANONICAL_000206,OULAD_000206,BEHAVIOR_000206,EMOTIONAL_000206,OULAD_COHORT_2026_01,"[0.16, 0.19, 0.27, 0.28]",0.28,0.36,0.44,-0.07,1.0,1.0,3,3,stable_low,Academic risk remained comparatively low and stable.,0.549,P2,High,ACADEMIC_STABLE_LOW,Routine monitoring,synthetic_demo,"{'intervention_success_probability': 0.4957, 'opportunity_band': 'medium', 'model': 'intervention-opportunity-logistic-v1'}"
CANONICAL_000207,CANONICAL_000207,OULAD_000207,BEHAVIOR_000207,EMOTIONAL_000207,OULAD_COHORT_2026_01,"[0.27, 0.19, 0.14, 0.11]",0.11,0.3925,0.44,0.09000000000000002,1.0,1.0,3,3,stable_low,Academic risk remained comparatively low and stable.,0.502,P2,High,ACADEMIC_STABLE_LOW,Routine monitoring,synthetic_demo,"{'intervention_success_probability': 0.5306, 'opportunity_band': 'medium', 'model': 'intervention-opportunity-logistic-v1'}"
CANONICAL_000208,CANONICAL_000208,OULAD_000208,BEHAVIOR_000208,EMOTIONAL_000208,OULAD_COHORT_2026_01,"[0.53, 0.53, 0.55, 0.47]",0.47,0.505,0.56,-0.010000000000000009,3.0,1.0,3,3,unstable,Academic risk changed without a single dominant trajectory pattern.,0.574,P2,High,ACADEMIC_UNSTABLE,Human review of conflicting evidence,synthetic_demo,"{'intervention_success_probability': 0.5585, 'opportunity_band': 'medium', 'model': 'intervention-opportunity-logistic-v1'}"
CANONICAL_000209,CANONICAL_000209,OULAD_000209,BEHAVIOR_000209,EMOTIONAL_000209,OULAD_COHORT_2026_01,"[0.31, 0.27, 0.26, 0.29]",0.29,0.0825,0.13,-0.06,2.0,1.0,3,3,stable_low,Academic risk remained comparatively low and stable.,0.539,P2,High,ACADEMIC_STABLE_LOW,Routine monitoring,synthetic_demo,"{'intervention_success_probability': 0.4961, 'opportunity_band': 'medium', 'model': 'intervention-opportunity-logistic-v1'}"
CANONICAL_000210,CANONICAL_000210,OULAD_000210,BEHAVIOR_000210,EMOTIONAL_000210,OULAD_COHORT_2026_01,"[0.25, 0.23, 0.2, 0.25]",0.25,0.21250000000000002,0.31,-0.030000000000000027,1.0,1.0,3,3,stable_low,Academic risk remained comparatively low and stable.,0.535,P2,High,ACADEMIC_STABLE_LOW,Routine monitoring,synthetic_demo,"{'intervention_success_probability': 0.4896, 'opportunity_band': 'medium', 'model': 'intervention-opportunity-logistic-v1'}"
CANONICAL_000211,CANONICAL_000211,OULAD_000211,BEHAVIOR_000211,EMOTIONAL_000211,OULAD_COHORT_2026_01,"[0.4, 0.42, 0.53, 0.6]",0.6,0.4075,0.51,0.02999999999999997,1.0,1.0,3,3,late_emerging,Elevated academic risk emerged later in the observation window.,0.627,P1,High,ACADEMIC_LATE_EMERGING,Academic advisor review,synthetic_demo,"{'intervention_success_probability': 0.5138, 'opportunity_band': 'medium', 'model': 'intervention-opportunity-logistic-v1'}"
CANONICAL_000212,CANONICAL_000212,OULAD_000212,BEHAVIOR_000212,EMOTIONAL_000212,OULAD_COHORT_2026_01,"[0.37, 0.38, 0.29, 0.46]",0.46,0.49,0.65,0.09999999999999998,4.0,1.0,3,3,unstable,Academic risk changed without a single dominant trajectory pattern.,0.598,P2,High,ACADEMIC_UNSTABLE,Human review of conflicting evidence,synthetic_demo,"{'intervention_success_probability': 0.4412, 'opportunity_band': 'medium', 'model': 'intervention-opportunity-logistic-v1'}"
CANONICAL_000213,CANONICAL_000213,OULAD_000213,BEHAVIOR_000213,EMOTIONAL_000213,OULAD_COHORT_2026_01,"[0.22, 0.27, 0.32, 0.16]",0.16,0.18,0.36,-0.18999999999999997,0.0,1.0,3,3,stable_low,Academic risk remained comparatively low and stable.,0.512,P2,High,ACADEMIC_STABLE_LOW,Routine monitoring,synthetic_demo,"{'intervention_success_probability': 0.5532, 'opportunity_band': 'medium', 'model': 'intervention-opportunity-logistic-v1'}"
CANONICAL_000214,CANONICAL_000214,OULAD_000214,BEHAVIOR_000214,EMOTIONAL_000214,OULAD_COHORT_2026_01,"[0.09, 0.16, 0.15, 0.16]",0.16,0.165,0.24,-0.039999999999999994,0.0,1.0,3,3,stable_low,Academic risk remained comparatively low and stable.,0.52,P2,High,ACADEMIC_STABLE_LOW,Routine monitoring,synthetic_demo,"{'intervention_success_probability': 0.4753, 'opportunity_band': 'medium', 'model': 'intervention-opportunity-logistic-v1'}"
CANONICAL_000215,CANONICAL_000215,OULAD_000215,BEHAVIOR_000215,EMOTIONAL_000215,OULAD_COHORT_2026_01,"[0.43, 0.44, 0.49, 0.6]",0.6,0.6275,0.78,-0.25,4.0,1.0,3,3,late_emerging,Elevated academic risk emerged later in the observation window.,0.628,P1,High,ACADEMIC_LATE_EMERGING,Academic advisor review,synthetic_demo,"{'intervention_success_probability': 0.483, 'opportunity_band': 'medium', 'model': 'intervention-opportunity-logistic-v1'}"
CANONICAL_000216,CANONICAL_000216,OULAD_000216,BEHAVIOR_000216,EMOTIONAL_000216,OULAD_COHORT_2026_01,"[0.31, 0.36, 0.35, 0.36]",0.36,0.2975,0.4,0.2,4.0,1.0,3,3,stable_low,Academic risk remained comparatively low and stable.,0.558,P2,High,ACADEMIC_STABLE_LOW,Routine monitoring,synthetic_demo,"{'intervention_success_probability': 0.4769, 'opportunity_band': 'medium', 'model': 'intervention-opportunity-logistic-v1'}"
CANONICAL_000217,CANONICAL_000217,OULAD_000217,BEHAVIOR_000217,EMOTIONAL_000217,OULAD_COHORT_2026_01,"[0.09, 0.06, 0.15, 0.0]",0.0,0.037500000000000006,0.11,0.0,0.0,1.0,3,3,stable_low,Academic risk remained comparatively low and stable.,0.48,P2,High,ACADEMIC_STABLE_LOW,Routine monitoring,synthetic_demo,"{'intervention_success_probability': 0.5455, 'opportunity_band': 'medium', 'model': 'intervention-opportunity-logistic-v1'}"
CANONICAL_000218,CANONICAL_000218,OULAD_000218,BEHAVIOR_000218,EMOTIONAL_000218,OULAD_COHORT_2026_01,"[0.32, 0.45, 0.39, 0.31]",0.31,0.1975,0.28,-0.01999999999999999,0.0,1.0,3,3,stable_low,Academic risk remained comparatively low and stable.,0.542,P2,High,ACADEMIC_STABLE_LOW,Routine monitoring,synthetic_demo,"{'intervention_success_probability': 0.5199, 'opportunity_band': 'medium', 'model': 'intervention-opportunity-logistic-v1'}"
CANONICAL_000219,CANONICAL_000219,OULAD_000219,BEHAVIOR_000219,EMOTIONAL_000219,OULAD_COHORT_2026_01,"[0.17, 0.15, 0.26, 0.31]",0.31,0.3425,0.56,0.21999999999999997,1.0,1.0,3,3,stable_low,Academic risk remained comparatively low and stable.,0.561,P2,High,ACADEMIC_STABLE_LOW,Routine monitoring,synthetic_demo,"{'intervention_success_probability': 0.4948, 'opportunity_band': 'medium', 'model': 'intervention-opportunity-logistic-v1'}"
CANONICAL_000220,CANONICAL_000220,OULAD_000220,BEHAVIOR_000220,EMOTIONAL_000220,OULAD_COHORT_2026_01,"[0.52, 0.64, 0.66, 0.7]",0.7,0.6425000000000001,0.78,0.10999999999999999,0.0,1.0,3,3,unstable,Academic risk changed without a single dominant trajectory pattern.,0.642,P1,High,ACADEMIC_UNSTABLE,Human review of conflicting evidence,synthetic_demo,"{'intervention_success_probability': 0.5304, 'opportunity_band': 'medium', 'model': 'intervention-opportunity-logistic-v1'}"
CANONICAL_000221,CANONICAL_000221,OULAD_000221,BEHAVIOR_000221,EMOTIONAL_000221,OULAD_COHORT_2026_01,"[0.14, 0.05, 0.0, 0.07]",0.07,0.075,0.18,0.18,2.0,1.0,3,3,stable_low,Academic risk remained comparatively low and stable.,0.494,P2,High,ACADEMIC_STABLE_LOW,Routine monitoring,synthetic_demo,"{'intervention_success_probability': 0.4664, 'opportunity_band': 'medium', 'model': 'intervention-opportunity-logistic-v1'}"
CANONICAL_000222,CANONICAL_000222,OULAD_000222,BEHAVIOR_000222,EMOTIONAL_000222,OULAD_COHORT_2026_01,"[0.44, 0.43, 0.5, 0.46]",0.46,0.8,0.84,0.0,0.0,1.0,3,3,unstable,Academic risk changed without a single dominant trajectory pattern.,0.574,P2,High,ACADEMIC_UNSTABLE,Human review of conflicting evidence,synthetic_demo,"{'intervention_success_probability': 0.5746, 'opportunity_band': 'medium', 'model': 'intervention-opportunity-logistic-v1'}"
CANONICAL_000223,CANONICAL_000223,OULAD_000223,BEHAVIOR_000223,EMOTIONAL_000223,OULAD_COHORT_2026_01,"[0.56, 0.56, 0.56, 0.6]",0.6,0.545,0.62,0.06000000000000005,0.0,1.0,3,3,unstable,Academic risk changed without a single dominant trajectory pattern.,0.608,P2,High,ACADEMIC_UNSTABLE,Human review of conflicting evidence,synthetic_demo,"{'intervention_success_probability': 0.5505, 'opportunity_band': 'medium', 'model': 'intervention-opportunity-logistic-v1'}"
CANONICAL_000224,CANONICAL_000224,OULAD_000224,BEHAVIOR_000224,EMOTIONAL_000224,OULAD_COHORT_2026_01,"[0.2, 0.25, 0.13, 0.07]",0.07,0.5025000000000001,0.54,-0.010000000000000009,1.0,1.0,3,3,stable_low,Academic risk remained comparatively low and stable.,0.494,P2,High,ACADEMIC_STABLE_LOW,Routine monitoring,synthetic_demo,"{'intervention_success_probability': 0.507, 'opportunity_band': 'medium', 'model': 'intervention-opportunity-logistic-v1'}"
CANONICAL_000225,CANONICAL_000225,OULAD_000225,BEHAVIOR_000225,EMOTIONAL_000225,OULAD_COHORT_2026_01,"[0.27, 0.35, 0.4, 0.44]",0.44,0.42,0.43,0.010000000000000009,4.0,1.0,3,3,unstable,Academic risk changed without a single dominant trajectory pattern.,0.589,P2,High,ACADEMIC_UNSTABLE,Human review of conflicting evidence,synthetic_demo,"{'intervention_success_probability': 0.4662, 'opportunity_band': 'medium', 'model': 'intervention-opportunity-logistic-v1'}"
CANONICAL_000226,CANONICAL_000226,OULAD_000226,BEHAVIOR_000226,EMOTIONAL_000226,OULAD_COHORT_2026_01,"[0.34, 0.26, 0.36, 0.39]",0.39,0.3825,0.46,-0.08000000000000002,1.0,1.0,3,3,stable_low,Academic risk remained comparatively low and stable.,0.566,P2,High,ACADEMIC_STABLE_LOW,Routine monitoring,synthetic_demo,"{'intervention_success_probability': 0.5332, 'opportunity_band': 'medium', 'model': 'intervention-opportunity-logistic-v1'}"
CANONICAL_000227,CANONICAL_000227,OULAD_000227,BEHAVIOR_000227,EMOTIONAL_000227,OULAD_COHORT_2026_01,"[0.31, 0.24, 0.36, 0.32]",0.32,0.385,0.48,-0.03999999999999998,1.0,1.0,3,3,stable_low,Academic risk remained comparatively low and stable.,0.545,P2,High,ACADEMIC_STABLE_LOW,Routine monitoring,synthetic_demo,"{'intervention_success_probability': 0.551, 'opportunity_band': 'medium', 'model': 'intervention-opportunity-logistic-v1'}"
CANONICAL_000228,CANONICAL_000228,OULAD_000228,BEHAVIOR_000228,EMOTIONAL_000228,OULAD_COHORT_2026_01,"[0.08, 0.0, 0.0, 0.14]",0.14,0.13,0.26,-0.26,4.0,1.0,3,3,stable_low,Academic risk remained comparatively low and stable.,0.528,P2,High,ACADEMIC_STABLE_LOW,Routine monitoring,synthetic_demo,"{'intervention_success_probability': 0.4246, 'opportunity_band': 'medium', 'model': 'intervention-opportunity-logistic-v1'}"
CANONICAL_000229,CANONICAL_000229,OULAD_000229,BEHAVIOR_000229,EMOTIONAL_000229,OULAD_COHORT_2026_01,"[0.2, 0.33, 0.36, 0.24]",0.24,0.24,0.44,0.2,1.0,1.0,3,3,stable_low,Academic risk remained comparatively low and stable.,0.532,P2,High,ACADEMIC_STABLE_LOW,Routine monitoring,synthetic_demo,"{'intervention_success_probability': 0.5169, 'opportunity_band': 'medium', 'model': 'intervention-opportunity-logistic-v1'}"
CANONICAL_000230,CANONICAL_000230,OULAD_000230,BEHAVIOR_000230,EMOTIONAL_000230,OULAD_COHORT_2026_01,"[0.47, 0.51, 0.54, 0.54]",0.54,0.35250000000000004,0.4,-0.09000000000000002,1.0,1.0,3,3,unstable,Academic risk changed without a single dominant trajectory pattern.,0.595,P2,High,ACADEMIC_UNSTABLE,Human review of conflicting evidence,synthetic_demo,"{'intervention_success_probability': 0.5329, 'opportunity_band': 'medium', 'model': 'intervention-opportunity-logistic-v1'}"
CANONICAL_000231,CANONICAL_000231,OULAD_000231,BEHAVIOR_000231,EMOTIONAL_000231,OULAD_COHORT_2026_01,"[0.22, 0.16, 0.3, 0.25]",0.25,0.4925,0.58,0.09999999999999998,1.0,1.0,3,3,stable_low,Academic risk remained comparatively low and stable.,0.533,P2,High,ACADEMIC_STABLE_LOW,Routine monitoring,synthetic_demo,"{'intervention_success_probability': 0.5457, 'opportunity_band': 'medium', 'model': 'intervention-opportunity-logistic-v1'}"
CANONICAL_000232,CANONICAL_000232,OULAD_000232,BEHAVIOR_000232,EMOTIONAL_000232,OULAD_COHORT_2026_01,"[0.56, 0.55, 0.5, 0.67]",0.67,0.59,0.69,-0.009999999999999898,0.0,1.0,3,3,unstable,Academic risk changed without a single dominant trajectory pattern.,0.642,P1,High,ACADEMIC_UNSTABLE,Human review of conflicting evidence,synthetic_demo,"{'intervention_success_probability': 0.5093, 'opportunity_band': 'medium', 'model': 'intervention-opportunity-logistic-v1'}"
CANONICAL_000233,CANONICAL_000233,OULAD_000233,BEHAVIOR_000233,EMOTIONAL_000233,OULAD_COHORT_2026_01,"[0.46, 0.57, 0.56, 0.62]",0.62,0.5525,0.6,0.020000000000000018,1.0,1.0,3,3,late_emerging,Elevated academic risk emerged later in the observation window.,0.626,P1,High,ACADEMIC_LATE_EMERGING,Academic advisor review,synthetic_demo,"{'intervention_success_probability': 0.5043, 'opportunity_band': 'medium', 'model': 'intervention-opportunity-logistic-v1'}"
CANONICAL_000234,CANONICAL_000234,OULAD_000234,BEHAVIOR_000234,EMOTIONAL_000234,OULAD_COHORT_2026_01,"[0.23, 0.23, 0.18, 0.15]",0.15,0.037500000000000006,0.11,-0.04,1.0,1.0,3,3,stable_low,Academic risk remained comparatively low and stable.,0.51,P2,High,ACADEMIC_STABLE_LOW,Routine monitoring,synthetic_demo,"{'intervention_success_probability': 0.5016, 'opportunity_band': 'medium', 'model': 'intervention-opportunity-logistic-v1'}"
CANONICAL_000235,CANONICAL_000235,OULAD_000235,BEHAVIOR_000235,EMOTIONAL_000235,OULAD_COHORT_2026_01,"[0.19, 0.19, 0.09, 0.09]",0.09,0.06,0.11,0.03,0.0,1.0,3,3,stable_low,Academic risk remained comparatively low and stable.,0.498,P2,High,ACADEMIC_STABLE_LOW,Routine monitoring,synthetic_demo,"{'intervention_success_probability': 0.4922, 'opportunity_band': 'medium', 'model': 'intervention-opportunity-logistic-v1'}"
CANONICAL_000236,CANONICAL_000236,OULAD_000236,BEHAVIOR_000236,EMOTIONAL_000236,OULAD_COHORT_2026_01,"[0.11, 0.07, 0.11, 0.28]",0.28,0.3275,0.37,-0.030000000000000027,0.0,1.0,3,3,unstable,Academic risk changed without a single dominant trajectory pattern.,0.57,P2,High,ACADEMIC_UNSTABLE,Human review of conflicting evidence,synthetic_demo,"{'intervention_success_probability': 0.4556, 'opportunity_band': 'medium', 'model': 'intervention-opportunity-logistic-v1'}"
CANONICAL_000237,CANONICAL_000237,OULAD_000237,BEHAVIOR_000237,EMOTIONAL_000237,OULAD_COHORT_2026_01,"[0.12, 0.06, 0.2, 0.15]",0.15,0.0175,0.04,0.03,0.0,1.0,3,3,stable_low,Academic risk remained comparatively low and stable.,0.513,P2,High,ACADEMIC_STABLE_LOW,Routine monitoring,synthetic_demo,"{'intervention_success_probability': 0.527, 'opportunity_band': 'medium', 'model': 'intervention-opportunity-logistic-v1'}"
CANONICAL_000238,CANONICAL_000238,OULAD_000238,BEHAVIOR_000238,EMOTIONAL_000238,OULAD_COHORT_2026_01,"[0.22, 0.34, 0.34, 0.22]",0.22,0.07,0.13,-0.03,1.0,1.0,3,3,stable_low,Academic risk remained comparatively low and stable.,0.524,P2,High,ACADEMIC_STABLE_LOW,Routine monitoring,synthetic_demo,"{'intervention_success_probability': 0.5135, 'opportunity_band': 'medium', 'model': 'intervention-opportunity-logistic-v1'}"
CANONICAL_000239,CANONICAL_000239,OULAD_000239,BEHAVIOR_000239,EMOTIONAL_000239,OULAD_COHORT_2026_01,"[0.17, 0.33, 0.28, 0.32]",0.32,0.37,0.45,0.07,0.0,1.0,3,3,unstable,Academic risk changed without a single dominant trajectory pattern.,0.563,P2,High,ACADEMIC_UNSTABLE,Human review of conflicting evidence,synthetic_demo,"{'intervention_success_probability': 0.4645, 'opportunity_band': 'medium', 'model': 'intervention-opportunity-logistic-v1'}"
CANONICAL_000240,CANONICAL_000240,OULAD_000240,BEHAVIOR_000240,EMOTIONAL_000240,OULAD_COHORT_2026_01,"[0.24, 0.18, 0.21, 0.26]",0.26,0.3675,0.45,-0.16000000000000003,0.0,1.0,3,3,stable_low,Academic risk remained comparatively low and stable.,0.539,P2,High,ACADEMIC_STABLE_LOW,Routine monitoring,synthetic_demo,"{'intervention_success_probability': 0.5131, 'opportunity_band': 'medium', 'model': 'intervention-opportunity-logistic-v1'}"
CANONICAL_000241,CANONICAL_000241,OULAD_000241,BEHAVIOR_000241,EMOTIONAL_000241,OULAD_COHORT_2026_01,"[0.44, 0.57, 0.64, 0.71]",0.71,0.755,0.86,0.14,4.0,1.0,3,3,rapidly_escalating,Academic risk increased substantially across the observation window.,0.656,P1,High,ACADEMIC_RAPIDLY_ESCALATING,Academic advisor check-in,synthetic_demo,"{'intervention_success_probability': 0.4825, 'opportunity_band': 'medium', 'model': 'intervention-opportunity-logistic-v1'}"
CANONICAL_000242,CANONICAL_000242,OULAD_000242,BEHAVIOR_000242,EMOTIONAL_000242,OULAD_COHORT_2026_01,"[0.31, 0.29, 0.29, 0.37]",0.37,0.34,0.46,0.22000000000000003,1.0,1.0,3,3,stable_low,Academic risk remained comparatively low and stable.,0.568,P2,High,ACADEMIC_STABLE_LOW,Routine monitoring,synthetic_demo,"{'intervention_success_probability': 0.4945, 'opportunity_band': 'medium', 'model': 'intervention-opportunity-logistic-v1'}"
CANONICAL_000243,CANONICAL_000243,OULAD_000243,BEHAVIOR_000243,EMOTIONAL_000243,OULAD_COHORT_2026_01,"[0.41, 0.47, 0.61, 0.77]",0.77,0.705,0.76,0.12,0.0,1.0,3,3,rapidly_escalating,Academic risk increased substantially across the observation window.,0.686,P1,High,ACADEMIC_RAPIDLY_ESCALATING,Academic advisor check-in,synthetic_demo,"{'intervention_success_probability': 0.5007, 'opportunity_band': 'medium', 'model': 'intervention-opportunity-logistic-v1'}"
CANONICAL_000244,CANONICAL_000244,OULAD_000244,BEHAVIOR_000244,EMOTIONAL_000244,OULAD_COHORT_2026_01,"[0.24, 0.37, 0.33, 0.21]",0.21,0.5549999999999999,0.75,0.010000000000000009,2.0,1.0,3,3,stable_low,Academic risk remained comparatively low and stable.,0.522,P2,High,ACADEMIC_STABLE_LOW,Routine monitoring,synthetic_demo,"{'intervention_success_probability': 0.5173, 'opportunity_band': 'medium', 'model': 'intervention-opportunity-logistic-v1'}"
CANONICAL_000245,CANONICAL_000245,OULAD_000245,BEHAVIOR_000245,EMOTIONAL_000245,OULAD_COHORT_2026_01,"[0.31, 0.31, 0.31, 0.23]",0.23,0.0925,0.16,0.05,0.0,1.0,3,3,stable_low,Academic risk remained comparatively low and stable.,0.526,P2,High,ACADEMIC_STABLE_LOW,Routine monitoring,synthetic_demo,"{'intervention_success_probability': 0.5417, 'opportunity_band': 'medium', 'model': 'intervention-opportunity-logistic-v1'}"
CANONICAL_000246,CANONICAL_000246,OULAD_000246,BEHAVIOR_000246,EMOTIONAL_000246,OULAD_COHORT_2026_01,"[0.22, 0.22, 0.26, 0.33]",0.33,0.25,0.38,0.22,2.0,1.0,3,3,stable_low,Academic risk remained comparatively low and stable.,0.564,P2,High,ACADEMIC_STABLE_LOW,Routine monitoring,synthetic_demo,"{'intervention_success_probability': 0.4747, 'opportunity_band': 'medium', 'model': 'intervention-opportunity-logistic-v1'}"
CANONICAL_000247,CANONICAL_000247,OULAD_000247,BEHAVIOR_000247,EMOTIONAL_000247,OULAD_COHORT_2026_01,"[0.23, 0.31, 0.36, 0.3]",0.3,0.06999999999999999,0.15,-0.09,2.0,1.0,3,3,stable_low,Academic risk remained comparatively low and stable.,0.547,P2,High,ACADEMIC_STABLE_LOW,Routine monitoring,synthetic_demo,"{'intervention_success_probability': 0.4984, 'opportunity_band': 'medium', 'model': 'intervention-opportunity-logistic-v1'}"
CANONICAL_000248,CANONICAL_000248,OULAD_000248,BEHAVIOR_000248,EMOTIONAL_000248,OULAD_COHORT_2026_01,"[0.6, 0.53, 0.56, 0.46]",0.46,0.5025,0.63,-0.23999999999999994,2.0,1.0,3,3,unstable,Academic risk changed without a single dominant trajectory pattern.,0.572,P2,High,ACADEMIC_UNSTABLE,Human review of conflicting evidence,synthetic_demo,"{'intervention_success_probability': 0.5937, 'opportunity_band': 'medium', 'model': 'intervention-opportunity-logistic-v1'}"
CANONICAL_000249,CANONICAL_000249,OULAD_000249,BEHAVIOR_000249,EMOTIONAL_000249,OULAD_COHORT_2026_01,"[0.19, 0.3, 0.22, 0.38]",0.38,0.5349999999999999,0.62,-0.12,2.0,1.0,3,3,unstable,Academic risk changed without a single dominant trajectory pattern.,0.591,P2,High,ACADEMIC_UNSTABLE,Human review of conflicting evidence,synthetic_demo,"{'intervention_success_probability': 0.4241, 'opportunity_band': 'medium', 'model': 'intervention-opportunity-logistic-v1'}"
CANONICAL_000250,CANONICAL_000250,OULAD_000250,BEHAVIOR_000250,EMOTIONAL_000250,OULAD_COHORT_2026_01,"[0.33, 0.36, 0.57, 0.46]",0.46,0.5725,0.75,0.16999999999999998,0.0,1.0,3,3,unstable,Academic risk changed without a single dominant trajectory pattern.,0.585,P2,High,ACADEMIC_UNSTABLE,Human review of conflicting evidence,synthetic_demo,"{'intervention_success_probability': 0.58, 'opportunity_band': 'medium', 'model': 'intervention-opportunity-logistic-v1'}"
CANONICAL_000251,CANONICAL_000251,OULAD_000251,BEHAVIOR_000251,EMOTIONAL_000251,OULAD_COHORT_2026_01,"[0.15, 0.13, 0.13, 0.12]",0.12,0.0075,0.03,0.03,2.0,1.0,3,3,stable_low,Academic risk remained comparatively low and stable.,0.504,P2,High,ACADEMIC_STABLE_LOW,Routine monitoring,synthetic_demo,"{'intervention_success_probability': 0.483, 'opportunity_band': 'medium', 'model': 'intervention-opportunity-logistic-v1'}"
CANONICAL_000252,CANONICAL_000252,OULAD_000252,BEHAVIOR_000252,EMOTIONAL_000252,OULAD_COHORT_2026_01,"[0.59, 0.56, 0.59, 0.61]",0.61,0.6375,0.73,0.10999999999999999,0.0,1.0,3,3,unstable,Academic risk changed without a single dominant trajectory pattern.,0.606,P2,High,ACADEMIC_UNSTABLE,Human review of conflicting evidence,synthetic_demo,"{'intervention_success_probability': 0.5705, 'opportunity_band': 'medium', 'model': 'intervention-opportunity-logistic-v1'}"
CANONICAL_000253,CANONICAL_000253,OULAD_000253,BEHAVIOR_000253,EMOTIONAL_000253,OULAD_COHORT_2026_01,"[0.14, 0.05, 0.11, 0.24]",0.24,0.3175,0.4,-0.12,0.0,1.0,3,3,stable_low,Academic risk remained comparatively low and stable.,0.551,P2,High,ACADEMIC_STABLE_LOW,Routine monitoring,synthetic_demo,"{'intervention_success_probability': 0.4813, 'opportunity_band': 'medium', 'model': 'intervention-opportunity-logistic-v1'}"
CANONICAL_000254,CANONICAL_000254,OULAD_000254,BEHAVIOR_000254,EMOTIONAL_000254,OULAD_COHORT_2026_01,"[0.15, 0.12, 0.09, 0.0]",0.0,0.21000000000000002,0.32,0.0,4.0,1.0,3,3,stable_low,Academic risk remained comparatively low and stable.,0.48,P2,High,ACADEMIC_STABLE_LOW,Routine monitoring,synthetic_demo,"{'intervention_success_probability': 0.496, 'opportunity_band': 'medium', 'model': 'intervention-opportunity-logistic-v1'}"
CANONICAL_000255,CANONICAL_000255,OULAD_000255,BEHAVIOR_000255,EMOTIONAL_000255,OULAD_COHORT_2026_01,"[0.47, 0.47, 0.49, 0.55]",0.55,0.6849999999999999,0.69,-0.019999999999999907,1.0,1.0,3,3,unstable,Academic risk changed without a single dominant trajectory pattern.,0.604,P2,High,ACADEMIC_UNSTABLE,Human review of conflicting evidence,synthetic_demo,"{'intervention_success_probability': 0.5302, 'opportunity_band': 'medium', 'model': 'intervention-opportunity-logistic-v1'}"
CANONICAL_000256,CANONICAL_000256,OULAD_000256,BEHAVIOR_000256,EMOTIONAL_000256,OULAD_COHORT_2026_01,"[0.35, 0.28, 0.25, 0.2]",0.2,0.0675,0.15,0.04999999999999999,4.0,1.0,3,3,stable_low,Academic risk remained comparatively low and stable.,0.52,P2,High,ACADEMIC_STABLE_LOW,Routine monitoring,synthetic_demo,"{'intervention_success_probability': 0.5118, 'opportunity_band': 'medium', 'model': 'intervention-opportunity-logistic-v1'}"
CANONICAL_000257,CANONICAL_000257,OULAD_000257,BEHAVIOR_000257,EMOTIONAL_000257,OULAD_COHORT_2026_01,"[0.22, 0.24, 0.29, 0.36]",0.36,0.1625,0.25,0.010000000000000009,0.0,1.0,3,3,stable_low,Academic risk remained comparatively low and stable.,0.573,P2,High,ACADEMIC_STABLE_LOW,Routine monitoring,synthetic_demo,"{'intervention_success_probability': 0.4866, 'opportunity_band': 'medium', 'model': 'intervention-opportunity-logistic-v1'}"
CANONICAL_000258,CANONICAL_000258,OULAD_000258,BEHAVIOR_000258,EMOTIONAL_000258,OULAD_COHORT_2026_01,"[0.38, 0.44, 0.44, 0.38]",0.38,0.3725,0.49,0.02999999999999997,1.0,1.0,3,3,stable_low,Academic risk remained comparatively low and stable.,0.556,P2,High,ACADEMIC_STABLE_LOW,Routine monitoring,synthetic_demo,"{'intervention_success_probability': 0.5347, 'opportunity_band': 'medium', 'model': 'intervention-opportunity-logistic-v1'}"
CANONICAL_000259,CANONICAL_000259,OULAD_000259,BEHAVIOR_000259,EMOTIONAL_000259,OULAD_COHORT_2026_01,"[0.25, 0.26, 0.3, 0.44]",0.44,0.295,0.35,0.09,0.0,1.0,3,3,unstable,Academic risk changed without a single dominant trajectory pattern.,0.601,P2,High,ACADEMIC_UNSTABLE,Human review of conflicting evidence,synthetic_demo,"{'intervention_success_probability': 0.4737, 'opportunity_band': 'medium', 'model': 'intervention-opportunity-logistic-v1'}"
CANONICAL_000260,CANONICAL_000260,OULAD_000260,BEHAVIOR_000260,EMOTIONAL_000260,OULAD_COHORT_2026_01,"[0.19, 0.26, 0.2, 0.15]",0.15,0.3225,0.41,-0.07,2.0,1.0,3,3,stable_low,Academic risk remained comparatively low and stable.,0.51,P2,High,ACADEMIC_STABLE_LOW,Routine monitoring,synthetic_demo,"{'intervention_success_probability': 0.4903, 'opportunity_band': 'medium', 'model': 'intervention-opportunity-logistic-v1'}"
CANONICAL_000261,CANONICAL_000261,OULAD_000261,BEHAVIOR_000261,EMOTIONAL_000261,OULAD_COHORT_2026_01,"[0.22, 0.17, 0.13, 0.0]",0.0,0.015000000000000001,0.05,-0.05,0.0,1.0,3,3,improving,Academic risk decreased across the observation window.,0.48,P2,High,ACADEMIC_IMPROVING,Recognition and light-touch follow-up,synthetic_demo,"{'intervention_success_probability': 0.548, 'opportunity_band': 'medium', 'model': 'intervention-opportunity-logistic-v1'}"
CANONICAL_000262,CANONICAL_000262,OULAD_000262,BEHAVIOR_000262,EMOTIONAL_000262,OULAD_COHORT_2026_01,"[0.55, 0.65, 0.56, 0.51]",0.51,0.6025,0.63,0.08999999999999997,0.0,1.0,3,3,unstable,Academic risk changed without a single dominant trajectory pattern.,0.582,P2,High,ACADEMIC_UNSTABLE,Human review of conflicting evidence,synthetic_demo,"{'intervention_success_probability': 0.5549, 'opportunity_band': 'medium', 'model': 'intervention-opportunity-logistic-v1'}"
CANONICAL_000263,CANONICAL_000263,OULAD_000263,BEHAVIOR_000263,EMOTIONAL_000263,OULAD_COHORT_2026_01,"[0.43, 0.46, 0.42, 0.42]",0.42,0.4525,0.55,-0.06000000000000005,0.0,1.0,3,3,unstable,Academic risk changed without a single dominant trajectory pattern.,0.564,P2,High,ACADEMIC_UNSTABLE,Human review of conflicting evidence,synthetic_demo,"{'intervention_success_probability': 0.5351, 'opportunity_band': 'medium', 'model': 'intervention-opportunity-logistic-v1'}"
CANONICAL_000264,CANONICAL_000264,OULAD_000264,BEHAVIOR_000264,EMOTIONAL_000264,OULAD_COHORT_2026_01,"[0.34, 0.48, 0.3, 0.4]",0.4,0.44999999999999996,0.49,0.07,2.0,1.0,3,3,unstable,Academic risk changed without a single dominant trajectory pattern.,0.576,P2,High,ACADEMIC_UNSTABLE,Human review of conflicting evidence,synthetic_demo,"{'intervention_success_probability': 0.446, 'opportunity_band': 'medium', 'model': 'intervention-opportunity-logistic-v1'}"
CANONICAL_000265,CANONICAL_000265,OULAD_000265,BEHAVIOR_000265,EMOTIONAL_000265,OULAD_COHORT_2026_01,"[0.28, 0.49, 0.49, 0.41]",0.41,0.5625,0.63,0.019999999999999907,0.0,1.0,3,3,unstable,Academic risk changed without a single dominant trajectory pattern.,0.575,P2,High,ACADEMIC_UNSTABLE,Human review of conflicting evidence,synthetic_demo,"{'intervention_success_probability': 0.5176, 'opportunity_band': 'medium', 'model': 'intervention-opportunity-logistic-v1'}"
CANONICAL_000266,CANONICAL_000266,OULAD_000266,BEHAVIOR_000266,EMOTIONAL_000266,OULAD_COHORT_2026_01,"[0.2, 0.19, 0.16, 0.09]",0.09,0.1575,0.29,-0.01999999999999999,3.0,1.0,3,3,stable_low,Academic risk remained comparatively low and stable.,0.498,P2,High,ACADEMIC_STABLE_LOW,Routine monitoring,synthetic_demo,"{'intervention_success_probability': 0.4999, 'opportunity_band': 'medium', 'model': 'intervention-opportunity-logistic-v1'}"
CANONICAL_000267,CANONICAL_000267,OULAD_000267,BEHAVIOR_000267,EMOTIONAL_000267,OULAD_COHORT_2026_01,"[0.2, 0.18, 0.22, 0.31]",0.31,0.2375,0.31,-0.06999999999999998,0.0,1.0,3,3,stable_low,Academic risk remained comparatively low and stable.,0.562,P2,High,ACADEMIC_STABLE_LOW,Routine monitoring,synthetic_demo,"{'intervention_success_probability': 0.4859, 'opportunity_band': 'medium', 'model': 'intervention-opportunity-logistic-v1'}"
CANONICAL_000268,CANONICAL_000268,OULAD_000268,BEHAVIOR_000268,EMOTIONAL_000268,OULAD_COHORT_2026_01,"[0.42, 0.42, 0.44, 0.35]",0.35,0.3125,0.35,0.009999999999999953,0.0,1.0,3,3,stable_low,Academic risk remained comparatively low and stable.,0.55,P2,High,ACADEMIC_STABLE_LOW,Routine monitoring,synthetic_demo,"{'intervention_success_probability': 0.567, 'opportunity_band': 'medium', 'model': 'intervention-opportunity-logistic-v1'}"
CANONICAL_000269,CANONICAL_000269,OULAD_000269,BEHAVIOR_000269,EMOTIONAL_000269,OULAD_COHORT_2026_01,"[0.09, 0.16, 0.28, 0.29]",0.29,0.275,0.39,-0.15000000000000002,1.0,1.0,3,3,unstable,Academic risk changed without a single dominant trajectory pattern.,0.559,P2,High,ACADEMIC_UNSTABLE,Human review of conflicting evidence,synthetic_demo,"{'intervention_success_probability': 0.4808, 'opportunity_band': 'medium', 'model': 'intervention-opportunity-logistic-v1'}"
CANONICAL_000270,CANONICAL_000270,OULAD_000270,BEHAVIOR_000270,EMOTIONAL_000270,OULAD_COHORT_2026_01,"[0.07, 0.19, 0.42, 0.43]",0.43,0.24,0.42,0.26,4.0,1.0,3,3,unstable,Academic risk changed without a single dominant trajectory pattern.,0.603,P2,High,ACADEMIC_UNSTABLE,Human review of conflicting evidence,synthetic_demo,"{'intervention_success_probability': 0.4526, 'opportunity_band': 'medium', 'model': 'intervention-opportunity-logistic-v1'}"
CANONICAL_000271,CANONICAL_000271,OULAD_000271,BEHAVIOR_000271,EMOTIONAL_000271,OULAD_COHORT_2026_01,"[0.37, 0.34, 0.45, 0.49]",0.49,0.5225,0.58,0.030000000000000027,0.0,1.0,3,3,unstable,Academic risk changed without a single dominant trajectory pattern.,0.594,P2,High,ACADEMIC_UNSTABLE,Human review of conflicting evidence,synthetic_demo,"{'intervention_success_probability': 0.5394, 'opportunity_band': 'medium', 'model': 'intervention-opportunity-logistic-v1'}"
CANONICAL_000272,CANONICAL_000272,OULAD_000272,BEHAVIOR_000272,EMOTIONAL_000272,OULAD_COHORT_2026_01,"[0.18, 0.23, 0.22, 0.18]",0.18,0.0275,0.11,0.0,0.0,1.0,3,3,stable_low,Academic risk remained comparatively low and stable.,0.516,P2,High,ACADEMIC_STABLE_LOW,Routine monitoring,synthetic_demo,"{'intervention_success_probability': 0.5015, 'opportunity_band': 'medium', 'model': 'intervention-opportunity-logistic-v1'}"
CANONICAL_000273,CANONICAL_000273,OULAD_000273,BEHAVIOR_000273,EMOTIONAL_000273,OULAD_COHORT_2026_01,"[0.47, 0.48, 0.46, 0.4]",0.4,0.745,0.84,-0.10999999999999999,2.0,1.0,3,3,unstable,Academic risk changed without a single dominant trajectory pattern.,0.56,P2,High,ACADEMIC_UNSTABLE,Human review of conflicting evidence,synthetic_demo,"{'intervention_success_probability': 0.5555, 'opportunity_band': 'medium', 'model': 'intervention-opportunity-logistic-v1'}"
CANONICAL_000274,CANONICAL_000274,OULAD_000274,BEHAVIOR_000274,EMOTIONAL_000274,OULAD_COHORT_2026_01,"[0.44, 0.51, 0.6, 0.65]",0.65,0.61,0.67,0.030000000000000027,0.0,1.0,3,3,late_emerging,Elevated academic risk emerged later in the observation window.,0.636,P1,High,ACADEMIC_LATE_EMERGING,Academic advisor review,synthetic_demo,"{'intervention_success_probability': 0.5299, 'opportunity_band': 'medium', 'model': 'intervention-opportunity-logistic-v1'}"
CANONICAL_000275,CANONICAL_000275,OULAD_000275,BEHAVIOR_000275,EMOTIONAL_000275,OULAD_COHORT_2026_01,"[0.27, 0.41, 0.3, 0.25]",0.25,0.145,0.3,-0.07999999999999999,2.0,1.0,3,3,stable_low,Academic risk remained comparatively low and stable.,0.53,P2,High,ACADEMIC_STABLE_LOW,Routine monitoring,synthetic_demo,"{'intervention_success_probability': 0.4797, 'opportunity_band': 'medium', 'model': 'intervention-opportunity-logistic-v1'}"
CANONICAL_000276,CANONICAL_000276,OULAD_000276,BEHAVIOR_000276,EMOTIONAL_000276,OULAD_COHORT_2026_01,"[0.44, 0.44, 0.44, 0.35]",0.35,0.47,0.55,0.07000000000000006,0.0,1.0,3,3,stable_low,Academic risk remained comparatively low and stable.,0.55,P2,High,ACADEMIC_STABLE_LOW,Routine monitoring,synthetic_demo,"{'intervention_success_probability': 0.5726, 'opportunity_band': 'medium', 'model': 'intervention-opportunity-logistic-v1'}"
CANONICAL_000277,CANONICAL_000277,OULAD_000277,BEHAVIOR_000277,EMOTIONAL_000277,OULAD_COHORT_2026_01,"[0.45, 0.34, 0.34, 0.46]",0.46,0.3025,0.37,0.07,1.0,1.0,3,3,unstable,Academic risk changed without a single dominant trajectory pattern.,0.585,P2,High,ACADEMIC_UNSTABLE,Human review of conflicting evidence,synthetic_demo,"{'intervention_success_probability': 0.5139, 'opportunity_band': 'medium', 'model': 'intervention-opportunity-logistic-v1'}"
CANONICAL_000278,CANONICAL_000278,OULAD_000278,BEHAVIOR_000278,EMOTIONAL_000278,OULAD_COHORT_2026_01,"[0.51, 0.59, 0.66, 0.72]",0.72,0.8,0.95,0.06000000000000005,0.0,1.0,3,3,unstable,Academic risk changed without a single dominant trajectory pattern.,0.651,P1,High,ACADEMIC_UNSTABLE,Human review of conflicting evidence,synthetic_demo,"{'intervention_success_probability': 0.5383, 'opportunity_band': 'medium', 'model': 'intervention-opportunity-logistic-v1'}"
CANONICAL_000279,CANONICAL_000279,OULAD_000279,BEHAVIOR_000279,EMOTIONAL_000279,OULAD_COHORT_2026_01,"[0.2, 0.15, 0.22, 0.38]",0.38,0.39749999999999996,0.49,0.13,1.0,1.0,3,3,unstable,Academic risk changed without a single dominant trajectory pattern.,0.59,P2,High,ACADEMIC_UNSTABLE,Human review of conflicting evidence,synthetic_demo,"{'intervention_success_probability': 0.468, 'opportunity_band': 'medium', 'model': 'intervention-opportunity-logistic-v1'}"
CANONICAL_000280,CANONICAL_000280,OULAD_000280,BEHAVIOR_000280,EMOTIONAL_000280,OULAD_COHORT_2026_01,"[0.06, 0.06, 0.03, 0.11]",0.11,0.05,0.2,-0.2,2.0,1.0,3,3,stable_low,Academic risk remained comparatively low and stable.,0.515,P2,High,ACADEMIC_STABLE_LOW,Routine monitoring,synthetic_demo,"{'intervention_success_probability': 0.4393, 'opportunity_band': 'medium', 'model': 'intervention-opportunity-logistic-v1'}"
CANONICAL_000281,CANONICAL_000281,OULAD_000281,BEHAVIOR_000281,EMOTIONAL_000281,OULAD_COHORT_2026_01,"[0.01, 0.1, 0.08, 0.0]",0.0,0.045,0.09,-0.08,2.0,1.0,3,3,stable_low,Academic risk remained comparatively low and stable.,0.48,P2,High,ACADEMIC_STABLE_LOW,Routine monitoring,synthetic_demo,"{'intervention_success_probability': 0.468, 'opportunity_band': 'medium', 'model': 'intervention-opportunity-logistic-v1'}"
CANONICAL_000282,CANONICAL_000282,OULAD_000282,BEHAVIOR_000282,EMOTIONAL_000282,OULAD_COHORT_2026_01,"[0.44, 0.49, 0.54, 0.57]",0.57,0.86,1.0,0.040000000000000036,1.0,1.0,3,3,unstable,Academic risk changed without a single dominant trajectory pattern.,0.61,P2,High,ACADEMIC_UNSTABLE,Human review of conflicting evidence,synthetic_demo,"{'intervention_success_probability': 0.5351, 'opportunity_band': 'medium', 'model': 'intervention-opportunity-logistic-v1'}"
CANONICAL_000283,CANONICAL_000283,OULAD_000283,BEHAVIOR_000283,EMOTIONAL_000283,OULAD_COHORT_2026_01,"[0.26, 0.27, 0.22, 0.16]",0.16,0.26749999999999996,0.35,0.030000000000000027,4.0,1.0,3,3,stable_low,Academic risk remained comparatively low and stable.,0.512,P2,High,ACADEMIC_STABLE_LOW,Routine monitoring,synthetic_demo,"{'intervention_success_probability': 0.4945, 'opportunity_band': 'medium', 'model': 'intervention-opportunity-logistic-v1'}"
CANONICAL_000284,CANONICAL_000284,OULAD_000284,BEHAVIOR_000284,EMOTIONAL_000284,OULAD_COHORT_2026_01,"[0.12, 0.09, 0.21, 0.1]",0.1,0.10250000000000001,0.17,0.0,0.0,1.0,3,3,stable_low,Academic risk remained comparatively low and stable.,0.5,P2,High,ACADEMIC_STABLE_LOW,Routine monitoring,synthetic_demo,"{'intervention_success_probability': 0.5415, 'opportunity_band': 'medium', 'model': 'intervention-opportunity-logistic-v1'}"
CANONICAL_000285,CANONICAL_000285,OULAD_000285,BEHAVIOR_000285,EMOTIONAL_000285,OULAD_COHORT_2026_01,"[0.29, 0.08, 0.15, 0.13]",0.13,0.14500000000000002,0.21,0.13,0.0,1.0,3,3,stable_low,Academic risk remained comparatively low and stable.,0.506,P2,High,ACADEMIC_STABLE_LOW,Routine monitoring,synthetic_demo,"{'intervention_success_probability': 0.5622, 'opportunity_band': 'medium', 'model': 'intervention-opportunity-logistic-v1'}"
CANONICAL_000286,CANONICAL_000286,OULAD_000286,BEHAVIOR_000286,EMOTIONAL_000286,OULAD_COHORT_2026_01,"[0.25, 0.32, 0.36, 0.46]",0.46,0.3825,0.4,-0.010000000000000009,2.0,1.0,3,3,unstable,Academic risk changed without a single dominant trajectory pattern.,0.603,P2,High,ACADEMIC_UNSTABLE,Human review of conflicting evidence,synthetic_demo,"{'intervention_success_probability': 0.4618, 'opportunity_band': 'medium', 'model': 'intervention-opportunity-logistic-v1'}"
CANONICAL_000287,CANONICAL_000287,OULAD_000287,BEHAVIOR_000287,EMOTIONAL_000287,OULAD_COHORT_2026_01,"[0.27, 0.27, 0.32, 0.37]",0.37,0.285,0.35,-0.17999999999999997,2.0,1.0,3,3,stable_low,Academic risk remained comparatively low and stable.,0.569,P2,High,ACADEMIC_STABLE_LOW,Routine monitoring,synthetic_demo,"{'intervention_success_probability': 0.4892, 'opportunity_band': 'medium', 'model': 'intervention-opportunity-logistic-v1'}"
CANONICAL_000288,CANONICAL_000288,OULAD_000288,BEHAVIOR_000288,EMOTIONAL_000288,OULAD_COHORT_2026_01,"[0.23, 0.37, 0.35, 0.26]",0.26,0.06,0.11,-0.05,0.0,1.0,3,3,stable_low,Academic risk remained comparatively low and stable.,0.535,P2,High,ACADEMIC_STABLE_LOW,Routine monitoring,synthetic_demo,"{'intervention_success_probability': 0.5088, 'opportunity_band': 'medium', 'model': 'intervention-opportunity-logistic-v1'}"
CANONICAL_000289,CANONICAL_000289,OULAD_000289,BEHAVIOR_000289,EMOTIONAL_000289,OULAD_COHORT_2026_01,"[0.4, 0.45, 0.42, 0.4]",0.4,0.36,0.5,-0.11999999999999997,2.0,1.0,3,3,unstable,Academic risk changed without a single dominant trajectory pattern.,0.56,P2,High,ACADEMIC_UNSTABLE,Human review of conflicting evidence,synthetic_demo,"{'intervention_success_probability': 0.5152, 'opportunity_band': 'medium', 'model': 'intervention-opportunity-logistic-v1'}"
CANONICAL_000290,CANONICAL_000290,OULAD_000290,BEHAVIOR_000290,EMOTIONAL_000290,OULAD_COHORT_2026_01,"[0.12, 0.1, 0.09, 0.09]",0.09,0.02,0.08,-0.08,1.0,1.0,3,3,stable_low,Academic risk remained comparatively low and stable.,0.498,P2,High,ACADEMIC_STABLE_LOW,Routine monitoring,synthetic_demo,"{'intervention_success_probability': 0.4841, 'opportunity_band': 'medium', 'model': 'intervention-opportunity-logistic-v1'}"
CANONICAL_000291,CANONICAL_000291,OULAD_000291,BEHAVIOR_000291,EMOTIONAL_000291,OULAD_COHORT_2026_01,"[0.24, 0.35, 0.41, 0.29]",0.29,0.025,0.1,0.1,2.0,1.0,3,3,stable_low,Academic risk remained comparatively low and stable.,0.543,P2,High,ACADEMIC_STABLE_LOW,Routine monitoring,synthetic_demo,"{'intervention_success_probability': 0.5128, 'opportunity_band': 'medium', 'model': 'intervention-opportunity-logistic-v1'}"
CANONICAL_000292,CANONICAL_000292,OULAD_000292,BEHAVIOR_000292,EMOTIONAL_000292,OULAD_COHORT_2026_01,"[0.17, 0.28, 0.32, 0.39]",0.39,0.18,0.2,0.03,3.0,1.0,3,3,unstable,Academic risk changed without a single dominant trajectory pattern.,0.587,P2,High,ACADEMIC_UNSTABLE,Human review of conflicting evidence,synthetic_demo,"{'intervention_success_probability': 0.4397, 'opportunity_band': 'medium', 'model': 'intervention-opportunity-logistic-v1'}"
CANONICAL_000293,CANONICAL_000293,OULAD_000293,BEHAVIOR_000293,EMOTIONAL_000293,OULAD_COHORT_2026_01,"[0.36, 0.37, 0.35, 0.35]",0.35,0.215,0.32,-0.07,1.0,1.0,3,3,stable_low,Academic risk remained comparatively low and stable.,0.55,P2,High,ACADEMIC_STABLE_LOW,Routine monitoring,synthetic_demo,"{'intervention_success_probability': 0.5153, 'opportunity_band': 'medium', 'model': 'intervention-opportunity-logistic-v1'}"
CANONICAL_000294,CANONICAL_000294,OULAD_000294,BEHAVIOR_000294,EMOTIONAL_000294,OULAD_COHORT_2026_01,"[0.16, 0.27, 0.35, 0.26]",0.26,0.355,0.46,0.32999999999999996,0.0,1.0,3,3,stable_low,Academic risk remained comparatively low and stable.,0.542,P2,High,ACADEMIC_STABLE_LOW,Routine monitoring,synthetic_demo,"{'intervention_success_probability': 0.5219, 'opportunity_band': 'medium', 'model': 'intervention-opportunity-logistic-v1'}"
CANONICAL_000295,CANONICAL_000295,OULAD_000295,BEHAVIOR_000295,EMOTIONAL_000295,OULAD_COHORT_2026_01,"[0.1, 0.07, 0.08, 0.0]",0.0,0.07500000000000001,0.16,-0.14,2.0,1.0,3,3,stable_low,Academic risk remained comparatively low and stable.,0.48,P2,High,ACADEMIC_STABLE_LOW,Routine monitoring,synthetic_demo,"{'intervention_success_probability': 0.5027, 'opportunity_band': 'medium', 'model': 'intervention-opportunity-logistic-v1'}"
CANONICAL_000296,CANONICAL_000296,OULAD_000296,BEHAVIOR_000296,EMOTIONAL_000296,OULAD_COHORT_2026_01,"[0.33, 0.36, 0.32, 0.43]",0.43,0.5975,0.72,0.07999999999999996,2.0,1.0,3,3,unstable,Academic risk changed without a single dominant trajectory pattern.,0.587,P2,High,ACADEMIC_UNSTABLE,Human review of conflicting evidence,synthetic_demo,"{'intervention_success_probability': 0.4755, 'opportunity_band': 'medium', 'model': 'intervention-opportunity-logistic-v1'}"
CANONICAL_000297,CANONICAL_000297,OULAD_000297,BEHAVIOR_000297,EMOTIONAL_000297,OULAD_COHORT_2026_01,"[0.31, 0.37, 0.41, 0.4]",0.4,0.3175,0.44,0.04999999999999999,0.0,1.0,3,3,unstable,Academic risk changed without a single dominant trajectory pattern.,0.569,P2,High,ACADEMIC_UNSTABLE,Human review of conflicting evidence,synthetic_demo,"{'intervention_success_probability': 0.5203, 'opportunity_band': 'medium', 'model': 'intervention-opportunity-logistic-v1'}"
CANONICAL_000298,CANONICAL_000298,OULAD_000298,BEHAVIOR_000298,EMOTIONAL_000298,OULAD_COHORT_2026_01,"[0.08, 0.16, 0.1, 0.21]",0.21,0.6525,0.73,0.14,1.0,1.0,3,3,stable_low,Academic risk remained comparatively low and stable.,0.546,P2,High,ACADEMIC_STABLE_LOW,Routine monitoring,synthetic_demo,"{'intervention_success_probability': 0.4437, 'opportunity_band': 'medium', 'model': 'intervention-opportunity-logistic-v1'}"
CANONICAL_000299,CANONICAL_000299,OULAD_000299,BEHAVIOR_000299,EMOTIONAL_000299,OULAD_COHORT_2026_01,"[0.47, 0.54, 0.43, 0.57]",0.57,0.3525,0.44,-0.07,4.0,1.0,3,3,unstable,Academic risk changed without a single dominant trajectory pattern.,0.618,P2,High,ACADEMIC_UNSTABLE,Human review of conflicting evidence,synthetic_demo,"{'intervention_success_probability': 0.4477, 'opportunity_band': 'medium', 'model': 'intervention-opportunity-logistic-v1'}"
CANONICAL_000300,CANONICAL_000300,OULAD_000300,BEHAVIOR_000300,EMOTIONAL_000300,OULAD_COHORT_2026_01,"[0.32, 0.31, 0.33, 0.43]",0.43,0.3875,0.46,-0.06,0.0,1.0,3,3,unstable,Academic risk changed without a single dominant trajectory pattern.,0.587,P2,High,ACADEMIC_UNSTABLE,Human review of conflicting evidence,synthetic_demo,"{'intervention_success_probability': 0.4996, 'opportunity_band': 'medium', 'model': 'intervention-opportunity-logistic-v1'}"
CANONICAL_000301,CANONICAL_000301,OULAD_000301,BEHAVIOR_000301,EMOTIONAL_000301,OULAD_COHORT_2026_01,"[0.21, 0.31, 0.28, 0.26]",0.26,0.1375,0.21,0.09999999999999999,0.0,1.0,3,3,stable_low,Academic risk remained comparatively low and stable.,0.537,P2,High,ACADEMIC_STABLE_LOW,Routine monitoring,synthetic_demo,"{'intervention_success_probability': 0.4927, 'opportunity_band': 'medium', 'model': 'intervention-opportunity-logistic-v1'}"
CANONICAL_000302,CANONICAL_000302,OULAD_000302,BEHAVIOR_000302,EMOTIONAL_000302,OULAD_COHORT_2026_01,"[0.04, 0.05, 0.05, 0.0]",0.0,0.01,0.04,0.0,0.0,1.0,3,3,stable_low,Academic risk remained comparatively low and stable.,0.48,P2,High,ACADEMIC_STABLE_LOW,Routine monitoring,synthetic_demo,"{'intervention_success_probability': 0.4934, 'opportunity_band': 'medium', 'model': 'intervention-opportunity-logistic-v1'}"
CANONICAL_000303,CANONICAL_000303,OULAD_000303,BEHAVIOR_000303,EMOTIONAL_000303,OULAD_COHORT_2026_01,"[0.42, 0.39, 0.33, 0.38]",0.38,0.4975,0.56,-0.15000000000000008,1.0,1.0,3,3,stable_low,Academic risk remained comparatively low and stable.,0.557,P2,High,ACADEMIC_STABLE_LOW,Routine monitoring,synthetic_demo,"{'intervention_success_probability': 0.5195, 'opportunity_band': 'medium', 'model': 'intervention-opportunity-logistic-v1'}"
CANONICAL_000304,CANONICAL_000304,OULAD_000304,BEHAVIOR_000304,EMOTIONAL_000304,OULAD_COHORT_2026_01,"[0.31, 0.28, 0.4, 0.58]",0.58,0.445,0.63,0.2,4.0,1.0,3,3,unstable,Academic risk changed without a single dominant trajectory pattern.,0.641,P1,High,ACADEMIC_UNSTABLE,Human review of conflicting evidence,synthetic_demo,"{'intervention_success_probability': 0.4528, 'opportunity_band': 'medium', 'model': 'intervention-opportunity-logistic-v1'}"
CANONICAL_000305,CANONICAL_000305,OULAD_000305,BEHAVIOR_000305,EMOTIONAL_000305,OULAD_COHORT_2026_01,"[0.36, 0.54, 0.5, 0.52]",0.52,0.3525,0.41,-0.08999999999999997,2.0,1.0,3,3,unstable,Academic risk changed without a single dominant trajectory pattern.,0.602,P2,High,ACADEMIC_UNSTABLE,Human review of conflicting evidence,synthetic_demo,"{'intervention_success_probability': 0.4752, 'opportunity_band': 'medium', 'model': 'intervention-opportunity-logistic-v1'}"
CANONICAL_000306,CANONICAL_000306,OULAD_000306,BEHAVIOR_000306,EMOTIONAL_000306,OULAD_COHORT_2026_01,"[0.32, 0.28, 0.27, 0.13]",0.13,0.1,0.21,0.17,0.0,1.0,3,3,stable_low,Academic risk remained comparatively low and stable.,0.506,P2,High,ACADEMIC_STABLE_LOW,Routine monitoring,synthetic_demo,"{'intervention_success_probability': 0.5672, 'opportunity_band': 'medium', 'model': 'intervention-opportunity-logistic-v1'}"
CANONICAL_000307,CANONICAL_000307,OULAD_000307,BEHAVIOR_000307,EMOTIONAL_000307,OULAD_COHORT_2026_01,"[0.06, 0.18, 0.23, 0.2]",0.2,0.034999999999999996,0.12,-0.09999999999999999,2.0,1.0,3,3,stable_low,Academic risk remained comparatively low and stable.,0.534,P2,High,ACADEMIC_STABLE_LOW,Routine monitoring,synthetic_demo,"{'intervention_success_probability': 0.4596, 'opportunity_band': 'medium', 'model': 'intervention-opportunity-logistic-v1'}"
CANONICAL_000308,CANONICAL_000308,OULAD_000308,BEHAVIOR_000308,EMOTIONAL_000308,OULAD_COHORT_2026_01,"[0.22, 0.15, 0.06, 0.06]",0.06,0.0,0.0,0.0,2.0,1.0,3,3,stable_low,Academic risk remained comparatively low and stable.,0.492,P2,High,ACADEMIC_STABLE_LOW,Routine monitoring,synthetic_demo,"{'intervention_success_probability': 0.4895, 'opportunity_band': 'medium', 'model': 'intervention-opportunity-logistic-v1'}"
CANONICAL_000309,CANONICAL_000309,OULAD_000309,BEHAVIOR_000309,EMOTIONAL_000309,OULAD_COHORT_2026_01,"[0.42, 0.48, 0.39, 0.32]",0.32,0.45,0.51,0.010000000000000009,1.0,1.0,3,3,stable_low,Academic risk remained comparatively low and stable.,0.544,P2,High,ACADEMIC_STABLE_LOW,Routine monitoring,synthetic_demo,"{'intervention_success_probability': 0.5378, 'opportunity_band': 'medium', 'model': 'intervention-opportunity-logistic-v1'}"
CANONICAL_000310,CANONICAL_000310,OULAD_000310,BEHAVIOR_000310,EMOTIONAL_000310,OULAD_COHORT_2026_01,"[0.09, 0.13, 0.18, 0.0]",0.0,0.03,0.06,-0.01,0.0,1.0,3,3,stable_low,Academic risk remained comparatively low and stable.,0.48,P2,High,ACADEMIC_STABLE_LOW,Routine monitoring,synthetic_demo,"{'intervention_success_probability': 0.5398, 'opportunity_band': 'medium', 'model': 'intervention-opportunity-logistic-v1'}"
CANONICAL_000311,CANONICAL_000311,OULAD_000311,BEHAVIOR_000311,EMOTIONAL_000311,OULAD_COHORT_2026_01,"[0.24, 0.39, 0.38, 0.39]",0.39,0.345,0.45,-0.019999999999999962,2.0,1.0,3,3,unstable,Academic risk changed without a single dominant trajectory pattern.,0.574,P2,High,ACADEMIC_UNSTABLE,Human review of conflicting evidence,synthetic_demo,"{'intervention_success_probability': 0.4699, 'opportunity_band': 'medium', 'model': 'intervention-opportunity-logistic-v1'}"
CANONICAL_000312,CANONICAL_000312,OULAD_000312,BEHAVIOR_000312,EMOTIONAL_000312,OULAD_COHORT_2026_01,"[0.11, 0.07, 0.02, 0.0]",0.0,0.0625,0.25,0.0,1.0,1.0,3,3,stable_low,Academic risk remained comparatively low and stable.,0.48,P2,High,ACADEMIC_STABLE_LOW,Routine monitoring,synthetic_demo,"{'intervention_success_probability': 0.4903, 'opportunity_band': 'medium', 'model': 'intervention-opportunity-logistic-v1'}"
CANONICAL_000313,CANONICAL_000313,OULAD_000313,BEHAVIOR_000313,EMOTIONAL_000313,OULAD_COHORT_2026_01,"[0.39, 0.34, 0.41, 0.57]",0.57,0.7075,0.75,0.040000000000000036,0.0,1.0,3,3,unstable,Academic risk changed without a single dominant trajectory pattern.,0.628,P1,High,ACADEMIC_UNSTABLE,Human review of conflicting evidence,synthetic_demo,"{'intervention_success_probability': 0.5105, 'opportunity_band': 'medium', 'model': 'intervention-opportunity-logistic-v1'}"
CANONICAL_000314,CANONICAL_000314,OULAD_000314,BEHAVIOR_000314,EMOTIONAL_000314,OULAD_COHORT_2026_01,"[0.26, 0.27, 0.22, 0.25]",0.25,0.1975,0.24,-0.04999999999999999,1.0,1.0,3,3,stable_low,Academic risk remained comparatively low and stable.,0.532,P2,High,ACADEMIC_STABLE_LOW,Routine monitoring,synthetic_demo,"{'intervention_success_probability': 0.4901, 'opportunity_band': 'medium', 'model': 'intervention-opportunity-logistic-v1'}"
CANONICAL_000315,CANONICAL_000315,OULAD_000315,BEHAVIOR_000315,EMOTIONAL_000315,OULAD_COHORT_2026_01,"[0.38, 0.54, 0.54, 0.59]",0.59,0.6025,0.67,-0.009999999999999898,4.0,1.0,3,3,unstable,Academic risk changed without a single dominant trajectory pattern.,0.624,P1,High,ACADEMIC_UNSTABLE,Human review of conflicting evidence,synthetic_demo,"{'intervention_success_probability': 0.4656, 'opportunity_band': 'medium', 'model': 'intervention-opportunity-logistic-v1'}"
CANONICAL_000316,CANONICAL_000316,OULAD_000316,BEHAVIOR_000316,EMOTIONAL_000316,OULAD_COHORT_2026_01,"[0.37, 0.32, 0.26, 0.27]",0.27,0.35,0.46,-0.19,0.0,1.0,3,3,stable_low,Academic risk remained comparatively low and stable.,0.534,P2,High,ACADEMIC_STABLE_LOW,Routine monitoring,synthetic_demo,"{'intervention_success_probability': 0.5327, 'opportunity_band': 'medium', 'model': 'intervention-opportunity-logistic-v1'}"
CANONICAL_000317,CANONICAL_000317,OULAD_000317,BEHAVIOR_000317,EMOTIONAL_000317,OULAD_COHORT_2026_01,"[0.58, 0.39, 0.44, 0.47]",0.47,0.43,0.51,-0.22000000000000003,4.0,1.0,3,3,unstable,Academic risk changed without a single dominant trajectory pattern.,0.574,P2,High,ACADEMIC_UNSTABLE,Human review of conflicting evidence,synthetic_demo,"{'intervention_success_probability': 0.5539, 'opportunity_band': 'medium', 'model': 'intervention-opportunity-logistic-v1'}"
CANONICAL_000318,CANONICAL_000318,OULAD_000318,BEHAVIOR_000318,EMOTIONAL_000318,OULAD_COHORT_2026_01,"[0.56, 0.59, 0.71, 0.6]",0.6,0.8200000000000001,0.86,0.010000000000000009,0.0,1.0,3,3,unstable,Academic risk changed without a single dominant trajectory pattern.,0.604,P2,High,ACADEMIC_UNSTABLE,Human review of conflicting evidence,synthetic_demo,"{'intervention_success_probability': 0.6087, 'opportunity_band': 'medium', 'model': 'intervention-opportunity-logistic-v1'}"
CANONICAL_000319,CANONICAL_000319,OULAD_000319,BEHAVIOR_000319,EMOTIONAL_000319,OULAD_COHORT_2026_01,"[0.09, 0.18, 0.06, 0.0]",0.0,0.2625,0.36,0.12,2.0,1.0,3,3,stable_low,Academic risk remained comparatively low and stable.,0.48,P2,High,ACADEMIC_STABLE_LOW,Routine monitoring,synthetic_demo,"{'intervention_success_probability': 0.4704, 'opportunity_band': 'medium', 'model': 'intervention-opportunity-logistic-v1'}"
CANONICAL_000320,CANONICAL_000320,OULAD_000320,BEHAVIOR_000320,EMOTIONAL_000320,OULAD_COHORT_2026_01,"[0.34, 0.28, 0.31, 0.42]",0.42,0.4625,0.53,-0.12000000000000005,0.0,1.0,3,3,unstable,Academic risk changed without a single dominant trajectory pattern.,0.583,P2,High,ACADEMIC_UNSTABLE,Human review of conflicting evidence,synthetic_demo,"{'intervention_success_probability': 0.5104, 'opportunity_band': 'medium', 'model': 'intervention-opportunity-logistic-v1'}"
CANONICAL_000321,CANONICAL_000321,OULAD_000321,BEHAVIOR_000321,EMOTIONAL_000321,OULAD_COHORT_2026_01,"[0.61, 0.7, 0.79, 0.82]",0.82,0.8049999999999999,0.91,0.16000000000000003,0.0,1.0,3,3,unstable,Academic risk changed without a single dominant trajectory pattern.,0.668,P1,High,ACADEMIC_UNSTABLE,Human review of conflicting evidence,synthetic_demo,"{'intervention_success_probability': 0.5605, 'opportunity_band': 'medium', 'model': 'intervention-opportunity-logistic-v1'}"
CANONICAL_000322,CANONICAL_000322,OULAD_000322,BEHAVIOR_000322,EMOTIONAL_000322,OULAD_COHORT_2026_01,"[0.31, 0.25, 0.24, 0.23]",0.23,0.0025,0.01,-0.01,1.0,1.0,3,3,stable_low,Academic risk remained comparatively low and stable.,0.526,P2,High,ACADEMIC_STABLE_LOW,Routine monitoring,synthetic_demo,"{'intervention_success_probability': 0.5179, 'opportunity_band': 'medium', 'model': 'intervention-opportunity-logistic-v1'}"
CANONICAL_000323,CANONICAL_000323,OULAD_000323,BEHAVIOR_000323,EMOTIONAL_000323,OULAD_COHORT_2026_01,"[0.65, 0.66, 0.59, 0.64]",0.64,0.8725,1.0,-0.010000000000000009,1.0,1.0,3,3,unstable,Academic risk changed without a single dominant trajectory pattern.,0.612,P2,High,ACADEMIC_UNSTABLE,Human review of conflicting evidence,synthetic_demo,"{'intervention_success_probability': 0.553, 'opportunity_band': 'medium', 'model': 'intervention-opportunity-logistic-v1'}"
CANONICAL_000324,CANONICAL_000324,OULAD_000324,BEHAVIOR_000324,EMOTIONAL_000324,OULAD_COHORT_2026_01,"[0.23, 0.31, 0.36, 0.42]",0.42,0.1475,0.24,-0.08,2.0,1.0,3,3,unstable,Academic risk changed without a single dominant trajectory pattern.,0.589,P2,High,ACADEMIC_UNSTABLE,Human review of conflicting evidence,synthetic_demo,"{'intervention_success_probability': 0.4637, 'opportunity_band': 'medium', 'model': 'intervention-opportunity-logistic-v1'}"
CANONICAL_000325,CANONICAL_000325,OULAD_000325,BEHAVIOR_000325,EMOTIONAL_000325,OULAD_COHORT_2026_01,"[0.45, 0.38, 0.48, 0.66]",0.66,0.23,0.34,0.040000000000000036,2.0,1.0,3,3,late_emerging,Elevated academic risk emerged later in the observation window.,0.651,P1,High,ACADEMIC_LATE_EMERGING,Academic advisor review,synthetic_demo,"{'intervention_success_probability': 0.4863, 'opportunity_band': 'medium', 'model': 'intervention-opportunity-logistic-v1'}"
CANONICAL_000326,CANONICAL_000326,OULAD_000326,BEHAVIOR_000326,EMOTIONAL_000326,OULAD_COHORT_2026_01,"[0.6, 0.63, 0.73, 0.76]",0.76,0.8200000000000001,0.85,-0.020000000000000018,1.0,1.0,3,3,unstable,Academic risk changed without a single dominant trajectory pattern.,0.651,P1,High,ACADEMIC_UNSTABLE,Human review of conflicting evidence,synthetic_demo,"{'intervention_success_probability': 0.5618, 'opportunity_band': 'medium', 'model': 'intervention-opportunity-logistic-v1'}"
CANONICAL_000327,CANONICAL_000327,OULAD_000327,BEHAVIOR_000327,EMOTIONAL_000327,OULAD_COHORT_2026_01,"[0.14, 0.25, 0.3, 0.24]",0.24,0.31,0.39,-0.07,3.0,1.0,3,3,stable_low,Academic risk remained comparatively low and stable.,0.538,P2,High,ACADEMIC_STABLE_LOW,Routine monitoring,synthetic_demo,"{'intervention_success_probability': 0.4806, 'opportunity_band': 'medium', 'model': 'intervention-opportunity-logistic-v1'}"
CANONICAL_000328,CANONICAL_000328,OULAD_000328,BEHAVIOR_000328,EMOTIONAL_000328,OULAD_COHORT_2026_01,"[0.24, 0.29, 0.32, 0.33]",0.33,0.24,0.36,0.0,1.0,1.0,3,3,stable_low,Academic risk remained comparatively low and stable.,0.556,P2,High,ACADEMIC_STABLE_LOW,Routine monitoring,synthetic_demo,"{'intervention_success_probability': 0.495, 'opportunity_band': 'medium', 'model': 'intervention-opportunity-logistic-v1'}"
CANONICAL_000329,CANONICAL_000329,OULAD_000329,BEHAVIOR_000329,EMOTIONAL_000329,OULAD_COHORT_2026_01,"[0.6, 0.57, 0.52, 0.58]",0.58,0.5375,0.58,0.11000000000000004,0.0,1.0,3,3,unstable,Academic risk changed without a single dominant trajectory pattern.,0.6,P2,High,ACADEMIC_UNSTABLE,Human review of conflicting evidence,synthetic_demo,"{'intervention_success_probability': 0.5501, 'opportunity_band': 'medium', 'model': 'intervention-opportunity-logistic-v1'}"
CANONICAL_000330,CANONICAL_000330,OULAD_000330,BEHAVIOR_000330,EMOTIONAL_000330,OULAD_COHORT_2026_01,"[0.29, 0.43, 0.52, 0.62]",0.62,0.4875,0.6,-0.05999999999999994,0.0,1.0,3,3,late_emerging,Elevated academic risk emerged later in the observation window.,0.647,P1,High,ACADEMIC_LATE_EMERGING,Academic advisor review,synthetic_demo,"{'intervention_success_probability': 0.4799, 'opportunity_band': 'medium', 'model': 'intervention-opportunity-logistic-v1'}"
CANONICAL_000331,CANONICAL_000331,OULAD_000331,BEHAVIOR_000331,EMOTIONAL_000331,OULAD_COHORT_2026_01,"[0.4, 0.47, 0.56, 0.45]",0.45,0.675,0.74,0.010000000000000009,1.0,1.0,3,3,unstable,Academic risk changed without a single dominant trajectory pattern.,0.575,P2,High,ACADEMIC_UNSTABLE,Human review of conflicting evidence,synthetic_demo,"{'intervention_success_probability': 0.5674, 'opportunity_band': 'medium', 'model': 'intervention-opportunity-logistic-v1'}"
CANONICAL_000332,CANONICAL_000332,OULAD_000332,BEHAVIOR_000332,EMOTIONAL_000332,OULAD_COHORT_2026_01,"[0.45, 0.32, 0.25, 0.29]",0.29,0.2525,0.43,0.18,2.0,1.0,3,3,stable_low,Academic risk remained comparatively low and stable.,0.538,P2,High,ACADEMIC_STABLE_LOW,Routine monitoring,synthetic_demo,"{'intervention_success_probability': 0.5261, 'opportunity_band': 'medium', 'model': 'intervention-opportunity-logistic-v1'}"
CANONICAL_000333,CANONICAL_000333,OULAD_000333,BEHAVIOR_000333,EMOTIONAL_000333,OULAD_COHORT_2026_01,"[0.18, 0.27, 0.32, 0.27]",0.27,0.095,0.15,-0.04000000000000001,0.0,1.0,3,3,stable_low,Academic risk remained comparatively low and stable.,0.543,P2,High,ACADEMIC_STABLE_LOW,Routine monitoring,synthetic_demo,"{'intervention_success_probability': 0.505, 'opportunity_band': 'medium', 'model': 'intervention-opportunity-logistic-v1'}"
CANONICAL_000334,CANONICAL_000334,OULAD_000334,BEHAVIOR_000334,EMOTIONAL_000334,OULAD_COHORT_2026_01,"[0.41, 0.38, 0.46, 0.43]",0.43,0.455,0.51,-0.07,0.0,1.0,3,3,unstable,Academic risk changed without a single dominant trajectory pattern.,0.568,P2,High,ACADEMIC_UNSTABLE,Human review of conflicting evidence,synthetic_demo,"{'intervention_success_probability': 0.5615, 'opportunity_band': 'medium', 'model': 'intervention-opportunity-logistic-v1'}"
CANONICAL_000335,CANONICAL_000335,OULAD_000335,BEHAVIOR_000335,EMOTIONAL_000335,OULAD_COHORT_2026_01,"[0.35, 0.39, 0.48, 0.56]",0.56,0.46,0.57,0.19,0.0,1.0,3,3,unstable,Academic risk changed without a single dominant trajectory pattern.,0.621,P1,High,ACADEMIC_UNSTABLE,Human review of conflicting evidence,synthetic_demo,"{'intervention_success_probability': 0.5094, 'opportunity_band': 'medium', 'model': 'intervention-opportunity-logistic-v1'}"
CANONICAL_000336,CANONICAL_000336,OULAD_000336,BEHAVIOR_000336,EMOTIONAL_000336,OULAD_COHORT_2026_01,"[0.18, 0.28, 0.29, 0.37]",0.37,0.21,0.37,-0.13,1.0,1.0,3,3,unstable,Academic risk changed without a single dominant trajectory pattern.,0.581,P2,High,ACADEMIC_UNSTABLE,Human review of conflicting evidence,synthetic_demo,"{'intervention_success_probability': 0.4549, 'opportunity_band': 'medium', 'model': 'intervention-opportunity-logistic-v1'}"
CANONICAL_000337,CANONICAL_000337,OULAD_000337,BEHAVIOR_000337,EMOTIONAL_000337,OULAD_COHORT_2026_01,"[0.21, 0.18, 0.13, 0.1]",0.1,0.1775,0.33,0.28,0.0,1.0,3,3,stable_low,Academic risk remained comparatively low and stable.,0.5,P2,High,ACADEMIC_STABLE_LOW,Routine monitoring,synthetic_demo,"{'intervention_success_probability': 0.5167, 'opportunity_band': 'medium', 'model': 'intervention-opportunity-logistic-v1'}"
CANONICAL_000338,CANONICAL_000338,OULAD_000338,BEHAVIOR_000338,EMOTIONAL_000338,OULAD_COHORT_2026_01,"[0.61, 0.5, 0.48, 0.48]",0.48,0.4325,0.62,-0.08999999999999997,0.0,1.0,3,3,unstable,Academic risk changed without a single dominant trajectory pattern.,0.576,P2,High,ACADEMIC_UNSTABLE,Human review of conflicting evidence,synthetic_demo,"{'intervention_success_probability': 0.5819, 'opportunity_band': 'medium', 'model': 'intervention-opportunity-logistic-v1'}"
CANONICAL_000339,CANONICAL_000339,OULAD_000339,BEHAVIOR_000339,EMOTIONAL_000339,OULAD_COHORT_2026_01,"[0.14, 0.28, 0.22, 0.2]",0.2,0.08249999999999999,0.21,0.08,1.0,1.0,3,3,stable_low,Academic risk remained comparatively low and stable.,0.526,P2,High,ACADEMIC_STABLE_LOW,Routine monitoring,synthetic_demo,"{'intervention_success_probability': 0.4644, 'opportunity_band': 'medium', 'model': 'intervention-opportunity-logistic-v1'}"
CANONICAL_000340,CANONICAL_000340,OULAD_000340,BEHAVIOR_000340,EMOTIONAL_000340,OULAD_COHORT_2026_01,"[0.44, 0.55, 0.57, 0.82]",0.82,0.7025,0.82,-0.17999999999999994,2.0,1.0,3,3,rapidly_escalating,Academic risk increased substantially across the observation window.,0.707,P1,High,ACADEMIC_RAPIDLY_ESCALATING,Academic advisor check-in,synthetic_demo,"{'intervention_success_probability': 0.4417, 'opportunity_band': 'medium', 'model': 'intervention-opportunity-logistic-v1'}"
CANONICAL_000341,CANONICAL_000341,OULAD_000341,BEHAVIOR_000341,EMOTIONAL_000341,OULAD_COHORT_2026_01,"[0.31, 0.32, 0.32, 0.36]",0.36,0.2475,0.35,-0.06999999999999999,0.0,1.0,3,3,stable_low,Academic risk remained comparatively low and stable.,0.561,P2,High,ACADEMIC_STABLE_LOW,Routine monitoring,synthetic_demo,"{'intervention_success_probability': 0.5077, 'opportunity_band': 'medium', 'model': 'intervention-opportunity-logistic-v1'}"
CANONICAL_000342,CANONICAL_000342,OULAD_000342,BEHAVIOR_000342,EMOTIONAL_000342,OULAD_COHORT_2026_01,"[0.46, 0.54, 0.73, 0.69]",0.69,0.675,0.84,0.18999999999999995,1.0,1.0,3,3,late_emerging,Elevated academic risk emerged later in the observation window.,0.641,P1,High,ACADEMIC_LATE_EMERGING,Academic advisor review,synthetic_demo,"{'intervention_success_probability': 0.5602, 'opportunity_band': 'medium', 'model': 'intervention-opportunity-logistic-v1'}"
CANONICAL_000343,CANONICAL_000343,OULAD_000343,BEHAVIOR_000343,EMOTIONAL_000343,OULAD_COHORT_2026_01,"[0.43, 0.42, 0.51, 0.64]",0.64,0.6799999999999999,0.76,-0.050000000000000044,0.0,1.0,3,3,late_emerging,Elevated academic risk emerged later in the observation window.,0.642,P1,High,ACADEMIC_LATE_EMERGING,Academic advisor review,synthetic_demo,"{'intervention_success_probability': 0.5192, 'opportunity_band': 'medium', 'model': 'intervention-opportunity-logistic-v1'}"
CANONICAL_000344,CANONICAL_000344,OULAD_000344,BEHAVIOR_000344,EMOTIONAL_000344,OULAD_COHORT_2026_01,"[0.28, 0.31, 0.4, 0.53]",0.53,0.8574999999999999,0.98,0.06000000000000005,4.0,1.0,3,3,unstable,Academic risk changed without a single dominant trajectory pattern.,0.624,P1,High,ACADEMIC_UNSTABLE,Human review of conflicting evidence,synthetic_demo,"{'intervention_success_probability': 0.4645, 'opportunity_band': 'medium', 'model': 'intervention-opportunity-logistic-v1'}"
CANONICAL_000345,CANONICAL_000345,OULAD_000345,BEHAVIOR_000345,EMOTIONAL_000345,OULAD_COHORT_2026_01,"[0.19, 0.19, 0.25, 0.41]",0.41,0.22,0.28,-0.09,0.0,1.0,3,3,unstable,Academic risk changed without a single dominant trajectory pattern.,0.6,P2,High,ACADEMIC_UNSTABLE,Human review of conflicting evidence,synthetic_demo,"{'intervention_success_probability': 0.4608, 'opportunity_band': 'medium', 'model': 'intervention-opportunity-logistic-v1'}"
CANONICAL_000346,CANONICAL_000346,OULAD_000346,BEHAVIOR_000346,EMOTIONAL_000346,OULAD_COHORT_2026_01,"[0.56, 0.55, 0.54, 0.73]",0.73,0.465,0.54,-0.22000000000000003,4.0,1.0,3,3,unstable,Academic risk changed without a single dominant trajectory pattern.,0.662,P1,High,ACADEMIC_UNSTABLE,Human review of conflicting evidence,synthetic_demo,"{'intervention_success_probability': 0.4685, 'opportunity_band': 'medium', 'model': 'intervention-opportunity-logistic-v1'}"
CANONICAL_000347,CANONICAL_000347,OULAD_000347,BEHAVIOR_000347,EMOTIONAL_000347,OULAD_COHORT_2026_01,"[0.5, 0.55, 0.55, 0.63]",0.63,0.5375,0.63,-0.13999999999999996,4.0,1.0,3,3,unstable,Academic risk changed without a single dominant trajectory pattern.,0.627,P1,High,ACADEMIC_UNSTABLE,Human review of conflicting evidence,synthetic_demo,"{'intervention_success_probability': 0.4879, 'opportunity_band': 'medium', 'model': 'intervention-opportunity-logistic-v1'}"
CANONICAL_000348,CANONICAL_000348,OULAD_000348,BEHAVIOR_000348,EMOTIONAL_000348,OULAD_COHORT_2026_01,"[0.32, 0.25, 0.25, 0.24]",0.24,0.215,0.32,-0.030000000000000027,2.0,1.0,3,3,stable_low,Academic risk remained comparatively low and stable.,0.528,P2,High,ACADEMIC_STABLE_LOW,Routine monitoring,synthetic_demo,"{'intervention_success_probability': 0.5195, 'opportunity_band': 'medium', 'model': 'intervention-opportunity-logistic-v1'}"
CANONICAL_000349,CANONICAL_000349,OULAD_000349,BEHAVIOR_000349,EMOTIONAL_000349,OULAD_COHORT_2026_01,"[0.29, 0.29, 0.33, 0.33]",0.33,0.2625,0.37,0.010000000000000009,0.0,1.0,3,3,stable_low,Academic risk remained comparatively low and stable.,0.55,P2,High,ACADEMIC_STABLE_LOW,Routine monitoring,synthetic_demo,"{'intervention_success_probability': 0.5229, 'opportunity_band': 'medium', 'model': 'intervention-opportunity-logistic-v1'}"
CANONICAL_000350,CANONICAL_000350,OULAD_000350,BEHAVIOR_000350,EMOTIONAL_000350,OULAD_COHORT_2026_01,"[0.13, 0.17, 0.22, 0.22]",0.22,0.115,0.2,-0.09000000000000001,1.0,1.0,3,3,stable_low,Academic risk remained comparatively low and stable.,0.533,P2,High,ACADEMIC_STABLE_LOW,Routine monitoring,synthetic_demo,"{'intervention_success_probability': 0.4834, 'opportunity_band': 'medium', 'model': 'intervention-opportunity-logistic-v1'}"
CANONICAL_000351,CANONICAL_000351,OULAD_000351,BEHAVIOR_000351,EMOTIONAL_000351,OULAD_COHORT_2026_01,"[0.44, 0.61, 0.63, 0.62]",0.62,0.5975,0.68,0.16000000000000003,0.0,1.0,3,3,late_emerging,Elevated academic risk emerged later in the observation window.,0.622,P1,High,ACADEMIC_LATE_EMERGING,Academic advisor review,synthetic_demo,"{'intervention_success_probability': 0.5259, 'opportunity_band': 'medium', 'model': 'intervention-opportunity-logistic-v1'}"
CANONICAL_000352,CANONICAL_000352,OULAD_000352,BEHAVIOR_000352,EMOTIONAL_000352,OULAD_COHORT_2026_01,"[0.58, 0.5, 0.5, 0.62]",0.62,0.6825,0.76,-0.1100000000000001,3.0,1.0,3,3,unstable,Academic risk changed without a single dominant trajectory pattern.,0.62,P1,High,ACADEMIC_UNSTABLE,Human review of conflicting evidence,synthetic_demo,"{'intervention_success_probability': 0.5202, 'opportunity_band': 'medium', 'model': 'intervention-opportunity-logistic-v1'}"
CANONICAL_000353,CANONICAL_000353,OULAD_000353,BEHAVIOR_000353,EMOTIONAL_000353,OULAD_COHORT_2026_01,"[0.12, 0.19, 0.16, 0.18]",0.18,0.2425,0.35,0.09999999999999999,2.0,1.0,3,3,stable_low,Academic risk remained comparatively low and stable.,0.524,P2,High,ACADEMIC_STABLE_LOW,Routine monitoring,synthetic_demo,"{'intervention_success_probability': 0.4597, 'opportunity_band': 'medium', 'model': 'intervention-opportunity-logistic-v1'}"
CANONICAL_000354,CANONICAL_000354,OULAD_000354,BEHAVIOR_000354,EMOTIONAL_000354,OULAD_COHORT_2026_01,"[0.14, 0.21, 0.12, 0.22]",0.22,0.0925,0.12,0.009999999999999995,4.0,1.0,3,3,stable_low,Academic risk remained comparatively low and stable.,0.542,P2,High,ACADEMIC_STABLE_LOW,Routine monitoring,synthetic_demo,"{'intervention_success_probability': 0.4118, 'opportunity_band': 'medium', 'model': 'intervention-opportunity-logistic-v1'}"
CANONICAL_000355,CANONICAL_000355,OULAD_000355,BEHAVIOR_000355,EMOTIONAL_000355,OULAD_COHORT_2026_01,"[0.19, 0.06, 0.18, 0.25]",0.25,0.305,0.47,0.009999999999999953,2.0,1.0,3,3,stable_low,Academic risk remained comparatively low and stable.,0.543,P2,High,ACADEMIC_STABLE_LOW,Routine monitoring,synthetic_demo,"{'intervention_success_probability': 0.5005, 'opportunity_band': 'medium', 'model': 'intervention-opportunity-logistic-v1'}"
CANONICAL_000356,CANONICAL_000356,OULAD_000356,BEHAVIOR_000356,EMOTIONAL_000356,OULAD_COHORT_2026_01,"[0.19, 0.24, 0.44, 0.37]",0.37,0.3625,0.48,-0.19999999999999996,1.0,1.0,3,3,unstable,Academic risk changed without a single dominant trajectory pattern.,0.572,P2,High,ACADEMIC_UNSTABLE,Human review of conflicting evidence,synthetic_demo,"{'intervention_success_probability': 0.5311, 'opportunity_band': 'medium', 'model': 'intervention-opportunity-logistic-v1'}"
CANONICAL_000357,CANONICAL_000357,OULAD_000357,BEHAVIOR_000357,EMOTIONAL_000357,OULAD_COHORT_2026_01,"[0.28, 0.37, 0.48, 0.36]",0.36,0.3775,0.45,-0.13,1.0,1.0,3,3,stable_low,Academic risk remained comparatively low and stable.,0.56,P2,High,ACADEMIC_STABLE_LOW,Routine monitoring,synthetic_demo,"{'intervention_success_probability': 0.5445, 'opportunity_band': 'medium', 'model': 'intervention-opportunity-logistic-v1'}"
CANONICAL_000358,CANONICAL_000358,OULAD_000358,BEHAVIOR_000358,EMOTIONAL_000358,OULAD_COHORT_2026_01,"[0.26, 0.33, 0.25, 0.17]",0.17,0.27,0.44,-0.2,1.0,1.0,3,3,stable_low,Academic risk remained comparatively low and stable.,0.514,P2,High,ACADEMIC_STABLE_LOW,Routine monitoring,synthetic_demo,"{'intervention_success_probability': 0.514, 'opportunity_band': 'medium', 'model': 'intervention-opportunity-logistic-v1'}"
CANONICAL_000359,CANONICAL_000359,OULAD_000359,BEHAVIOR_000359,EMOTIONAL_000359,OULAD_COHORT_2026_01,"[0.12, 0.13, 0.21, 0.2]",0.2,0.175,0.31,-0.07,1.0,1.0,3,3,stable_low,Academic risk remained comparatively low and stable.,0.528,P2,High,ACADEMIC_STABLE_LOW,Routine monitoring,synthetic_demo,"{'intervention_success_probability': 0.4944, 'opportunity_band': 'medium', 'model': 'intervention-opportunity-logistic-v1'}"
CANONICAL_000360,CANONICAL_000360,OULAD_000360,BEHAVIOR_000360,EMOTIONAL_000360,OULAD_COHORT_2026_01,"[0.59, 0.63, 0.74, 0.77]",0.77,0.725,0.77,-0.13,2.0,1.0,3,3,unstable,Academic risk changed without a single dominant trajectory pattern.,0.655,P1,High,ACADEMIC_UNSTABLE,Human review of conflicting evidence,synthetic_demo,"{'intervention_success_probability': 0.5484, 'opportunity_band': 'medium', 'model': 'intervention-opportunity-logistic-v1'}"
CANONICAL_000361,CANONICAL_000361,OULAD_000361,BEHAVIOR_000361,EMOTIONAL_000361,OULAD_COHORT_2026_01,"[0.14, 0.18, 0.16, 0.13]",0.13,0.245,0.36,0.09999999999999998,4.0,1.0,3,3,stable_low,Academic risk remained comparatively low and stable.,0.506,P2,High,ACADEMIC_STABLE_LOW,Routine monitoring,synthetic_demo,"{'intervention_success_probability': 0.4665, 'opportunity_band': 'medium', 'model': 'intervention-opportunity-logistic-v1'}"
CANONICAL_000362,CANONICAL_000362,OULAD_000362,BEHAVIOR_000362,EMOTIONAL_000362,OULAD_COHORT_2026_01,"[0.27, 0.15, 0.21, 0.29]",0.29,0.3475,0.44,0.09000000000000002,1.0,1.0,3,3,stable_low,Academic risk remained comparatively low and stable.,0.548,P2,High,ACADEMIC_STABLE_LOW,Routine monitoring,synthetic_demo,"{'intervention_success_probability': 0.5109, 'opportunity_band': 'medium', 'model': 'intervention-opportunity-logistic-v1'}"
CANONICAL_000363,CANONICAL_000363,OULAD_000363,BEHAVIOR_000363,EMOTIONAL_000363,OULAD_COHORT_2026_01,"[0.17, 0.2, 0.19, 0.17]",0.17,0.1875,0.22,0.03,3.0,1.0,3,3,stable_low,Academic risk remained comparatively low and stable.,0.514,P2,High,ACADEMIC_STABLE_LOW,Routine monitoring,synthetic_demo,"{'intervention_success_probability': 0.4766, 'opportunity_band': 'medium', 'model': 'intervention-opportunity-logistic-v1'}"
CANONICAL_000364,CANONICAL_000364,OULAD_000364,BEHAVIOR_000364,EMOTIONAL_000364,OULAD_COHORT_2026_01,"[0.51, 0.5, 0.64, 0.68]",0.68,0.55,0.63,-0.010000000000000009,3.0,1.0,3,3,unstable,Academic risk changed without a single dominant trajectory pattern.,0.637,P1,High,ACADEMIC_UNSTABLE,Human review of conflicting evidence,synthetic_demo,"{'intervention_success_probability': 0.532, 'opportunity_band': 'medium', 'model': 'intervention-opportunity-logistic-v1'}"
CANONICAL_000365,CANONICAL_000365,OULAD_000365,BEHAVIOR_000365,EMOTIONAL_000365,OULAD_COHORT_2026_01,"[0.22, 0.18, 0.23, 0.26]",0.26,0.2725,0.34,-0.030000000000000027,1.0,1.0,3,3,stable_low,Academic risk remained comparatively low and stable.,0.539,P2,High,ACADEMIC_STABLE_LOW,Routine monitoring,synthetic_demo,"{'intervention_success_probability': 0.5037, 'opportunity_band': 'medium', 'model': 'intervention-opportunity-logistic-v1'}"
CANONICAL_000366,CANONICAL_000366,OULAD_000366,BEHAVIOR_000366,EMOTIONAL_000366,OULAD_COHORT_2026_01,"[0.3, 0.52, 0.47, 0.63]",0.63,0.7224999999999999,0.75,-0.030000000000000027,0.0,1.0,3,3,late_emerging,Elevated academic risk emerged later in the observation window.,0.655,P1,High,ACADEMIC_LATE_EMERGING,Academic advisor review,synthetic_demo,"{'intervention_success_probability': 0.4452, 'opportunity_band': 'medium', 'model': 'intervention-opportunity-logistic-v1'}"
CANONICAL_000367,CANONICAL_000367,OULAD_000367,BEHAVIOR_000367,EMOTIONAL_000367,OULAD_COHORT_2026_01,"[0.6, 0.72, 0.8, 0.74]",0.74,0.4425,0.52,-0.09999999999999998,2.0,1.0,3,3,unstable,Academic risk changed without a single dominant trajectory pattern.,0.642,P1,High,ACADEMIC_UNSTABLE,Human review of conflicting evidence,synthetic_demo,"{'intervention_success_probability': 0.5533, 'opportunity_band': 'medium', 'model': 'intervention-opportunity-logistic-v1'}"
CANONICAL_000368,CANONICAL_000368,OULAD_000368,BEHAVIOR_000368,EMOTIONAL_000368,OULAD_COHORT_2026_01,"[0.23, 0.15, 0.26, 0.46]",0.46,0.635,0.75,0.21999999999999997,1.0,1.0,3,3,unstable,Academic risk changed without a single dominant trajectory pattern.,0.615,P2,High,ACADEMIC_UNSTABLE,Human review of conflicting evidence,synthetic_demo,"{'intervention_success_probability': 0.4749, 'opportunity_band': 'medium', 'model': 'intervention-opportunity-logistic-v1'}"
CANONICAL_000369,CANONICAL_000369,OULAD_000369,BEHAVIOR_000369,EMOTIONAL_000369,OULAD_COHORT_2026_01,"[0.33, 0.38, 0.41, 0.39]",0.39,0.4425,0.55,0.020000000000000018,0.0,1.0,3,3,stable_low,Academic risk remained comparatively low and stable.,0.564,P2,High,ACADEMIC_STABLE_LOW,Routine monitoring,synthetic_demo,"{'intervention_success_probability': 0.5306, 'opportunity_band': 'medium', 'model': 'intervention-opportunity-logistic-v1'}"
CANONICAL_000370,CANONICAL_000370,OULAD_000370,BEHAVIOR_000370,EMOTIONAL_000370,OULAD_COHORT_2026_01,"[0.16, 0.29, 0.35, 0.26]",0.26,0.245,0.33,-0.18000000000000002,1.0,1.0,3,3,stable_low,Academic risk remained comparatively low and stable.,0.542,P2,High,ACADEMIC_STABLE_LOW,Routine monitoring,synthetic_demo,"{'intervention_success_probability': 0.5051, 'opportunity_band': 'medium', 'model': 'intervention-opportunity-logistic-v1'}"
CANONICAL_000371,CANONICAL_000371,OULAD_000371,BEHAVIOR_000371,EMOTIONAL_000371,OULAD_COHORT_2026_01,"[0.26, 0.16, 0.18, 0.18]",0.18,0.22,0.33,-0.21000000000000002,4.0,1.0,3,3,stable_low,Academic risk remained comparatively low and stable.,0.516,P2,High,ACADEMIC_STABLE_LOW,Routine monitoring,synthetic_demo,"{'intervention_success_probability': 0.4983, 'opportunity_band': 'medium', 'model': 'intervention-opportunity-logistic-v1'}"
CANONICAL_000372,CANONICAL_000372,OULAD_000372,BEHAVIOR_000372,EMOTIONAL_000372,OULAD_COHORT_2026_01,"[0.39, 0.41, 0.34, 0.62]",0.62,0.7050000000000001,0.81,0.06000000000000005,0.0,1.0,3,3,late_emerging,Elevated academic risk emerged later in the observation window.,0.655,P1,High,ACADEMIC_LATE_EMERGING,Academic advisor review,synthetic_demo,"{'intervention_success_probability': 0.4503, 'opportunity_band': 'medium', 'model': 'intervention-opportunity-logistic-v1'}"
CANONICAL_000373,CANONICAL_000373,OULAD_000373,BEHAVIOR_000373,EMOTIONAL_000373,OULAD_COHORT_2026_01,"[0.12, 0.15, 0.16, 0.25]",0.25,0.07250000000000001,0.14,-0.11000000000000001,2.0,1.0,3,3,stable_low,Academic risk remained comparatively low and stable.,0.552,P2,High,ACADEMIC_STABLE_LOW,Routine monitoring,synthetic_demo,"{'intervention_success_probability': 0.443, 'opportunity_band': 'medium', 'model': 'intervention-opportunity-logistic-v1'}"
CANONICAL_000374,CANONICAL_000374,OULAD_000374,BEHAVIOR_000374,EMOTIONAL_000374,OULAD_COHORT_2026_01,"[0.23, 0.15, 0.21, 0.28]",0.28,0.255,0.38,-0.060000000000000026,3.0,1.0,3,3,stable_low,Academic risk remained comparatively low and stable.,0.548,P2,High,ACADEMIC_STABLE_LOW,Routine monitoring,synthetic_demo,"{'intervention_success_probability': 0.4824, 'opportunity_band': 'medium', 'model': 'intervention-opportunity-logistic-v1'}"
CANONICAL_000375,CANONICAL_000375,OULAD_000375,BEHAVIOR_000375,EMOTIONAL_000375,OULAD_COHORT_2026_01,"[0.34, 0.39, 0.4, 0.48]",0.48,0.3625,0.61,-0.38,2.0,1.0,3,3,unstable,Academic risk changed without a single dominant trajectory pattern.,0.598,P2,High,ACADEMIC_UNSTABLE,Human review of conflicting evidence,synthetic_demo,"{'intervention_success_probability': 0.4798, 'opportunity_band': 'medium', 'model': 'intervention-opportunity-logistic-v1'}"
CANONICAL_000376,CANONICAL_000376,OULAD_000376,BEHAVIOR_000376,EMOTIONAL_000376,OULAD_COHORT_2026_01,"[0.07, 0.18, 0.27, 0.22]",0.22,0.4475,0.56,-0.19000000000000006,1.0,1.0,3,3,unstable,Academic risk changed without a single dominant trajectory pattern.,0.539,P2,High,ACADEMIC_UNSTABLE,Human review of conflicting evidence,synthetic_demo,"{'intervention_success_probability': 0.493, 'opportunity_band': 'medium', 'model': 'intervention-opportunity-logistic-v1'}"
CANONICAL_000377,CANONICAL_000377,OULAD_000377,BEHAVIOR_000377,EMOTIONAL_000377,OULAD_COHORT_2026_01,"[0.38, 0.52, 0.51, 0.55]",0.55,0.6375,0.79,0.07000000000000006,2.0,1.0,3,3,unstable,Academic risk changed without a single dominant trajectory pattern.,0.611,P2,High,ACADEMIC_UNSTABLE,Human review of conflicting evidence,synthetic_demo,"{'intervention_success_probability': 0.4893, 'opportunity_band': 'medium', 'model': 'intervention-opportunity-logistic-v1'}"
CANONICAL_000378,CANONICAL_000378,OULAD_000378,BEHAVIOR_000378,EMOTIONAL_000378,OULAD_COHORT_2026_01,"[0.32, 0.32, 0.31, 0.33]",0.33,0.2375,0.36,-0.27999999999999997,1.0,1.0,3,3,stable_low,Academic risk remained comparatively low and stable.,0.549,P2,High,ACADEMIC_STABLE_LOW,Routine monitoring,synthetic_demo,"{'intervention_success_probability': 0.5071, 'opportunity_band': 'medium', 'model': 'intervention-opportunity-logistic-v1'}"
CANONICAL_000379,CANONICAL_000379,OULAD_000379,BEHAVIOR_000379,EMOTIONAL_000379,OULAD_COHORT_2026_01,"[0.2, 0.42, 0.5, 0.67]",0.67,0.7125,0.8,0.20999999999999996,0.0,1.0,3,3,late_emerging,Elevated academic risk emerged later in the observation window.,0.678,P1,High,ACADEMIC_LATE_EMERGING,Academic advisor review,synthetic_demo,"{'intervention_success_probability': 0.4396, 'opportunity_band': 'medium', 'model': 'intervention-opportunity-logistic-v1'}"
CANONICAL_000380,CANONICAL_000380,OULAD_000380,BEHAVIOR_000380,EMOTIONAL_000380,OULAD_COHORT_2026_01,"[0.29, 0.14, 0.18, 0.19]",0.19,0.3075,0.48,-0.12,4.0,1.0,3,3,stable_low,Academic risk remained comparatively low and stable.,0.518,P2,High,ACADEMIC_STABLE_LOW,Routine monitoring,synthetic_demo,"{'intervention_success_probability': 0.5117, 'opportunity_band': 'medium', 'model': 'intervention-opportunity-logistic-v1'}"
CANONICAL_000381,CANONICAL_000381,OULAD_000381,BEHAVIOR_000381,EMOTIONAL_000381,OULAD_COHORT_2026_01,"[0.6, 0.65, 0.64, 0.63]",0.63,0.2575,0.34,-0.11000000000000001,1.0,1.0,3,3,unstable,Academic risk changed without a single dominant trajectory pattern.,0.609,P2,High,ACADEMIC_UNSTABLE,Human review of conflicting evidence,synthetic_demo,"{'intervention_success_probability': 0.5449, 'opportunity_band': 'medium', 'model': 'intervention-opportunity-logistic-v1'}"
CANONICAL_000382,CANONICAL_000382,OULAD_000382,BEHAVIOR_000382,EMOTIONAL_000382,OULAD_COHORT_2026_01,"[0.1, 0.0, 0.11, 0.03]",0.03,0.3025,0.42,0.09,2.0,1.0,3,3,stable_low,Academic risk remained comparatively low and stable.,0.486,P2,High,ACADEMIC_STABLE_LOW,Routine monitoring,synthetic_demo,"{'intervention_success_probability': 0.5294, 'opportunity_band': 'medium', 'model': 'intervention-opportunity-logistic-v1'}"
CANONICAL_000383,CANONICAL_000383,OULAD_000383,BEHAVIOR_000383,EMOTIONAL_000383,OULAD_COHORT_2026_01,"[0.28, 0.3, 0.27, 0.3]",0.3,0.22,0.31,-0.10999999999999999,1.0,1.0,3,3,stable_low,Academic risk remained comparatively low and stable.,0.545,P2,High,ACADEMIC_STABLE_LOW,Routine monitoring,synthetic_demo,"{'intervention_success_probability': 0.4934, 'opportunity_band': 'medium', 'model': 'intervention-opportunity-logistic-v1'}"
CANONICAL_000384,CANONICAL_000384,OULAD_000384,BEHAVIOR_000384,EMOTIONAL_000384,OULAD_COHORT_2026_01,"[0.5, 0.48, 0.44, 0.49]",0.49,0.7424999999999999,0.83,0.020000000000000018,0.0,1.0,3,3,unstable,Academic risk changed without a single dominant trajectory pattern.,0.582,P2,High,ACADEMIC_UNSTABLE,Human review of conflicting evidence,synthetic_demo,"{'intervention_success_probability': 0.5457, 'opportunity_band': 'medium', 'model': 'intervention-opportunity-logistic-v1'}"
CANONICAL_000385,CANONICAL_000385,OULAD_000385,BEHAVIOR_000385,EMOTIONAL_000385,OULAD_COHORT_2026_01,"[0.16, 0.22, 0.01, 0.0]",0.0,0.22,0.33,0.14,4.0,1.0,3,3,stable_low,Academic risk remained comparatively low and stable.,0.48,P2,High,ACADEMIC_STABLE_LOW,Routine monitoring,synthetic_demo,"{'intervention_success_probability': 0.4433, 'opportunity_band': 'medium', 'model': 'intervention-opportunity-logistic-v1'}"
CANONICAL_000386,CANONICAL_000386,OULAD_000386,BEHAVIOR_000386,EMOTIONAL_000386,OULAD_COHORT_2026_01,"[0.21, 0.22, 0.2, 0.26]",0.26,0.20249999999999999,0.37,0.1,2.0,1.0,3,3,stable_low,Academic risk remained comparatively low and stable.,0.543,P2,High,ACADEMIC_STABLE_LOW,Routine monitoring,synthetic_demo,"{'intervention_success_probability': 0.4685, 'opportunity_band': 'medium', 'model': 'intervention-opportunity-logistic-v1'}"
CANONICAL_000387,CANONICAL_000387,OULAD_000387,BEHAVIOR_000387,EMOTIONAL_000387,OULAD_COHORT_2026_01,"[0.46, 0.42, 0.54, 0.58]",0.58,0.8175,0.88,0.050000000000000044,0.0,1.0,3,3,unstable,Academic risk changed without a single dominant trajectory pattern.,0.612,P2,High,ACADEMIC_UNSTABLE,Human review of conflicting evidence,synthetic_demo,"{'intervention_success_probability': 0.5622, 'opportunity_band': 'medium', 'model': 'intervention-opportunity-logistic-v1'}"
CANONICAL_000388,CANONICAL_000388,OULAD_000388,BEHAVIOR_000388,EMOTIONAL_000388,OULAD_COHORT_2026_01,"[0.28, 0.24, 0.09, 0.19]",0.19,0.0,0.0,0.0,4.0,1.0,3,3,stable_low,Academic risk remained comparatively low and stable.,0.519,P2,High,ACADEMIC_STABLE_LOW,Routine monitoring,synthetic_demo,"{'intervention_success_probability': 0.4396, 'opportunity_band': 'medium', 'model': 'intervention-opportunity-logistic-v1'}"
CANONICAL_000389,CANONICAL_000389,OULAD_000389,BEHAVIOR_000389,EMOTIONAL_000389,OULAD_COHORT_2026_01,"[0.19, 0.36, 0.3, 0.42]",0.42,0.2675,0.31,0.010000000000000009,2.0,1.0,3,3,unstable,Academic risk changed without a single dominant trajectory pattern.,0.599,P2,High,ACADEMIC_UNSTABLE,Human review of conflicting evidence,synthetic_demo,"{'intervention_success_probability': 0.4203, 'opportunity_band': 'medium', 'model': 'intervention-opportunity-logistic-v1'}"
CANONICAL_000390,CANONICAL_000390,OULAD_000390,BEHAVIOR_000390,EMOTIONAL_000390,OULAD_COHORT_2026_01,"[0.11, 0.17, 0.23, 0.25]",0.25,0.395,0.44,-0.030000000000000027,1.0,1.0,3,3,stable_low,Academic risk remained comparatively low and stable.,0.546,P2,High,ACADEMIC_STABLE_LOW,Routine monitoring,synthetic_demo,"{'intervention_success_probability': 0.4806, 'opportunity_band': 'medium', 'model': 'intervention-opportunity-logistic-v1'}"
CANONICAL_000391,CANONICAL_000391,OULAD_000391,BEHAVIOR_000391,EMOTIONAL_000391,OULAD_COHORT_2026_01,"[0.42, 0.31, 0.15, 0.08]",0.08,0.255,0.26,0.0,2.0,1.0,3,3,improving,Academic risk decreased across the observation window.,0.496,P2,High,ACADEMIC_IMPROVING,Recognition and light-touch follow-up,synthetic_demo,"{'intervention_success_probability': 0.5455, 'opportunity_band': 'medium', 'model': 'intervention-opportunity-logistic-v1'}"
CANONICAL_000392,CANONICAL_000392,OULAD_000392,BEHAVIOR_000392,EMOTIONAL_000392,OULAD_COHORT_2026_01,"[0.64, 0.71, 0.69, 0.64]",0.64,0.905,1.0,0.22000000000000008,0.0,1.0,3,3,unstable,Academic risk changed without a single dominant trajectory pattern.,0.608,P2,High,ACADEMIC_UNSTABLE,Human review of conflicting evidence,synthetic_demo,"{'intervention_success_probability': 0.5858, 'opportunity_band': 'medium', 'model': 'intervention-opportunity-logistic-v1'}"
CANONICAL_000393,CANONICAL_000393,OULAD_000393,BEHAVIOR_000393,EMOTIONAL_000393,OULAD_COHORT_2026_01,"[0.31, 0.31, 0.42, 0.58]",0.58,0.6525000000000001,0.81,-0.10999999999999999,1.0,1.0,3,3,unstable,Academic risk changed without a single dominant trajectory pattern.,0.639,P1,High,ACADEMIC_UNSTABLE,Human review of conflicting evidence,synthetic_demo,"{'intervention_success_probability': 0.485, 'opportunity_band': 'medium', 'model': 'intervention-opportunity-logistic-v1'}"
CANONICAL_000394,CANONICAL_000394,OULAD_000394,BEHAVIOR_000394,EMOTIONAL_000394,OULAD_COHORT_2026_01,"[0.41, 0.43, 0.61, 0.65]",0.65,0.49249999999999994,0.58,-0.11000000000000004,0.0,1.0,3,3,late_emerging,Elevated academic risk emerged later in the observation window.,0.638,P1,High,ACADEMIC_LATE_EMERGING,Academic advisor review,synthetic_demo,"{'intervention_success_probability': 0.5412, 'opportunity_band': 'medium', 'model': 'intervention-opportunity-logistic-v1'}"
CANONICAL_000395,CANONICAL_000395,OULAD_000395,BEHAVIOR_000395,EMOTIONAL_000395,OULAD_COHORT_2026_01,"[0.2, 0.28, 0.32, 0.48]",0.48,0.3125,0.33,0.020000000000000018,1.0,1.0,3,3,unstable,Academic risk changed without a single dominant trajectory pattern.,0.62,P1,High,ACADEMIC_UNSTABLE,Human review of conflicting evidence,synthetic_demo,"{'intervention_success_probability': 0.4418, 'opportunity_band': 'medium', 'model': 'intervention-opportunity-logistic-v1'}"
CANONICAL_000396,CANONICAL_000396,OULAD_000396,BEHAVIOR_000396,EMOTIONAL_000396,OULAD_COHORT_2026_01,"[0.14, 0.25, 0.2, 0.26]",0.26,0.20500000000000002,0.29,0.06999999999999998,1.0,1.0,3,3,stable_low,Academic risk remained comparatively low and stable.,0.55,P2,High,ACADEMIC_STABLE_LOW,Routine monitoring,synthetic_demo,"{'intervention_success_probability': 0.4492, 'opportunity_band': 'medium', 'model': 'intervention-opportunity-logistic-v1'}"
CANONICAL_000397,CANONICAL_000397,OULAD_000397,BEHAVIOR_000397,EMOTIONAL_000397,OULAD_COHORT_2026_01,"[0.1, 0.05, 0.0, 0.08]",0.08,0.25,0.35,0.17000000000000004,3.0,1.0,3,3,stable_low,Academic risk remained comparatively low and stable.,0.502,P2,High,ACADEMIC_STABLE_LOW,Routine monitoring,synthetic_demo,"{'intervention_success_probability': 0.4484, 'opportunity_band': 'medium', 'model': 'intervention-opportunity-logistic-v1'}"
CANONICAL_000398,CANONICAL_000398,OULAD_000398,BEHAVIOR_000398,EMOTIONAL_000398,OULAD_COHORT_2026_01,"[0.37, 0.38, 0.42, 0.51]",0.51,0.6025,0.63,-0.020000000000000018,2.0,1.0,3,3,unstable,Academic risk changed without a single dominant trajectory pattern.,0.605,P2,High,ACADEMIC_UNSTABLE,Human review of conflicting evidence,synthetic_demo,"{'intervention_success_probability': 0.497, 'opportunity_band': 'medium', 'model': 'intervention-opportunity-logistic-v1'}"
CANONICAL_000399,CANONICAL_000399,OULAD_000399,BEHAVIOR_000399,EMOTIONAL_000399,OULAD_COHORT_2026_01,"[0.51, 0.48, 0.53, 0.45]",0.45,0.47250000000000003,0.66,-0.030000000000000027,0.0,1.0,3,3,unstable,Academic risk changed without a single dominant trajectory pattern.,0.57,P2,High,ACADEMIC_UNSTABLE,Human review of conflicting evidence,synthetic_demo,"{'intervention_success_probability': 0.5874, 'opportunity_band': 'medium', 'model': 'intervention-opportunity-logistic-v1'}"
CANONICAL_000400,CANONICAL_000400,OULAD_000400,BEHAVIOR_000400,EMOTIONAL_000400,OULAD_COHORT_2026_01,"[0.24, 0.3, 0.47, 0.52]",0.52,0.345,0.54,0.32000000000000006,3.0,1.0,3,3,unstable,Academic risk changed without a single dominant trajectory pattern.,0.617,P2,High,ACADEMIC_UNSTABLE,Human review of conflicting evidence,synthetic_demo,"{'intervention_success_probability': 0.4787, 'opportunity_band': 'medium', 'model': 'intervention-opportunity-logistic-v1'}"
CANONICAL_000401,CANONICAL_000401,OULAD_000401,BEHAVIOR_000401,EMOTIONAL_000401,OULAD_COHORT_2026_01,"[0.41, 0.41, 0.5, 0.43]",0.43,0.4075,0.7,-0.07,1.0,1.0,3,3,unstable,Academic risk changed without a single dominant trajectory pattern.,0.568,P2,High,ACADEMIC_UNSTABLE,Human review of conflicting evidence,synthetic_demo,"{'intervention_success_probability': 0.5598, 'opportunity_band': 'medium', 'model': 'intervention-opportunity-logistic-v1'}"
CANONICAL_000402,CANONICAL_000402,OULAD_000402,BEHAVIOR_000402,EMOTIONAL_000402,OULAD_COHORT_2026_01,"[0.26, 0.29, 0.31, 0.31]",0.31,0.3575,0.39,-0.030000000000000027,2.0,1.0,3,3,stable_low,Academic risk remained comparatively low and stable.,0.547,P2,High,ACADEMIC_STABLE_LOW,Routine monitoring,synthetic_demo,"{'intervention_success_probability': 0.4982, 'opportunity_band': 'medium', 'model': 'intervention-opportunity-logistic-v1'}"
CANONICAL_000403,CANONICAL_000403,OULAD_000403,BEHAVIOR_000403,EMOTIONAL_000403,OULAD_COHORT_2026_01,"[0.38, 0.38, 0.37, 0.44]",0.44,0.4225,0.58,-0.18999999999999995,0.0,1.0,3,3,unstable,Academic risk changed without a single dominant trajectory pattern.,0.581,P2,High,ACADEMIC_UNSTABLE,Human review of conflicting evidence,synthetic_demo,"{'intervention_success_probability': 0.5136, 'opportunity_band': 'medium', 'model': 'intervention-opportunity-logistic-v1'}"
CANONICAL_000404,CANONICAL_000404,OULAD_000404,BEHAVIOR_000404,EMOTIONAL_000404,OULAD_COHORT_2026_01,"[0.23, 0.24, 0.5, 0.44]",0.44,0.5875,0.66,0.17000000000000004,3.0,1.0,3,3,unstable,Academic risk changed without a single dominant trajectory pattern.,0.589,P2,High,ACADEMIC_UNSTABLE,Human review of conflicting evidence,synthetic_demo,"{'intervention_success_probability': 0.5344, 'opportunity_band': 'medium', 'model': 'intervention-opportunity-logistic-v1'}"
CANONICAL_000405,CANONICAL_000405,OULAD_000405,BEHAVIOR_000405,EMOTIONAL_000405,OULAD_COHORT_2026_01,"[0.05, 0.2, 0.27, 0.34]",0.34,0.3425,0.48,-0.24999999999999997,4.0,1.0,3,3,unstable,Academic risk changed without a single dominant trajectory pattern.,0.584,P2,High,ACADEMIC_UNSTABLE,Human review of conflicting evidence,synthetic_demo,"{'intervention_success_probability': 0.417, 'opportunity_band': 'medium', 'model': 'intervention-opportunity-logistic-v1'}"
CANONICAL_000406,CANONICAL_000406,OULAD_000406,BEHAVIOR_000406,EMOTIONAL_000406,OULAD_COHORT_2026_01,"[0.16, 0.38, 0.34, 0.24]",0.24,0.22,0.37,0.16999999999999998,2.0,1.0,3,3,stable_low,Academic risk remained comparatively low and stable.,0.536,P2,High,ACADEMIC_STABLE_LOW,Routine monitoring,synthetic_demo,"{'intervention_success_probability': 0.4758, 'opportunity_band': 'medium', 'model': 'intervention-opportunity-logistic-v1'}"
CANONICAL_000407,CANONICAL_000407,OULAD_000407,BEHAVIOR_000407,EMOTIONAL_000407,OULAD_COHORT_2026_01,"[0.19, 0.24, 0.24, 0.36]",0.36,0.5625,0.69,0.04999999999999993,4.0,1.0,3,3,unstable,Academic risk changed without a single dominant trajectory pattern.,0.581,P2,High,ACADEMIC_UNSTABLE,Human review of conflicting evidence,synthetic_demo,"{'intervention_success_probability': 0.4365, 'opportunity_band': 'medium', 'model': 'intervention-opportunity-logistic-v1'}"
CANONICAL_000408,CANONICAL_000408,OULAD_000408,BEHAVIOR_000408,EMOTIONAL_000408,OULAD_COHORT_2026_01,"[0.26, 0.27, 0.22, 0.19]",0.19,0.08750000000000001,0.14,0.009999999999999995,0.0,1.0,3,3,stable_low,Academic risk remained comparatively low and stable.,0.518,P2,High,ACADEMIC_STABLE_LOW,Routine monitoring,synthetic_demo,"{'intervention_success_probability': 0.5139, 'opportunity_band': 'medium', 'model': 'intervention-opportunity-logistic-v1'}"
CANONICAL_000409,CANONICAL_000409,OULAD_000409,BEHAVIOR_000409,EMOTIONAL_000409,OULAD_COHORT_2026_01,"[0.36, 0.25, 0.08, 0.01]",0.01,0.022500000000000003,0.07,0.0,3.0,1.0,3,3,improving,Academic risk decreased across the observation window.,0.482,P2,High,ACADEMIC_IMPROVING,Recognition and light-touch follow-up,synthetic_demo,"{'intervention_success_probability': 0.5214, 'opportunity_band': 'medium', 'model': 'intervention-opportunity-logistic-v1'}"
CANONICAL_000410,CANONICAL_000410,OULAD_000410,BEHAVIOR_000410,EMOTIONAL_000410,OULAD_COHORT_2026_01,"[0.08, 0.04, 0.08, 0.0]",0.0,0.0275,0.11,0.0,1.0,1.0,3,3,stable_low,Academic risk remained comparatively low and stable.,0.48,P2,High,ACADEMIC_STABLE_LOW,Routine monitoring,synthetic_demo,"{'intervention_success_probability': 0.5114, 'opportunity_band': 'medium', 'model': 'intervention-opportunity-logistic-v1'}"
CANONICAL_000411,CANONICAL_000411,OULAD_000411,BEHAVIOR_000411,EMOTIONAL_000411,OULAD_COHORT_2026_01,"[0.11, 0.12, 0.28, 0.25]",0.25,0.045,0.08,-0.06,0.0,1.0,3,3,stable_low,Academic risk remained comparatively low and stable.,0.544,P2,High,ACADEMIC_STABLE_LOW,Routine monitoring,synthetic_demo,"{'intervention_success_probability': 0.5105, 'opportunity_band': 'medium', 'model': 'intervention-opportunity-logistic-v1'}"
CANONICAL_000412,CANONICAL_000412,OULAD_000412,BEHAVIOR_000412,EMOTIONAL_000412,OULAD_COHORT_2026_01,"[0.25, 0.21, 0.1, 0.0]",0.0,0.04,0.16,0.16,2.0,1.0,3,3,improving,Academic risk decreased across the observation window.,0.48,P2,High,ACADEMIC_IMPROVING,Recognition and light-touch follow-up,synthetic_demo,"{'intervention_success_probability': 0.519, 'opportunity_band': 'medium', 'model': 'intervention-opportunity-logistic-v1'}"
CANONICAL_000413,CANONICAL_000413,OULAD_000413,BEHAVIOR_000413,EMOTIONAL_000413,OULAD_COHORT_2026_01,"[0.55, 0.52, 0.54, 0.52]",0.52,0.3375,0.46,-0.15000000000000002,2.0,1.0,3,3,unstable,Academic risk changed without a single dominant trajectory pattern.,0.584,P2,High,ACADEMIC_UNSTABLE,Human review of conflicting evidence,synthetic_demo,"{'intervention_success_probability': 0.551, 'opportunity_band': 'medium', 'model': 'intervention-opportunity-logistic-v1'}"
CANONICAL_000414,CANONICAL_000414,OULAD_000414,BEHAVIOR_000414,EMOTIONAL_000414,OULAD_COHORT_2026_01,"[0.34, 0.48, 0.45, 0.55]",0.55,0.27,0.35,-0.16000000000000003,0.0,1.0,3,3,unstable,Academic risk changed without a single dominant trajectory pattern.,0.621,P1,High,ACADEMIC_UNSTABLE,Human review of conflicting evidence,synthetic_demo,"{'intervention_success_probability': 0.4698, 'opportunity_band': 'medium', 'model': 'intervention-opportunity-logistic-v1'}"
CANONICAL_000415,CANONICAL_000415,OULAD_000415,BEHAVIOR_000415,EMOTIONAL_000415,OULAD_COHORT_2026_01,"[0.11, 0.13, 0.2, 0.2]",0.2,0.2125,0.25,0.03,0.0,1.0,3,3,stable_low,Academic risk remained comparatively low and stable.,0.529,P2,High,ACADEMIC_STABLE_LOW,Routine monitoring,synthetic_demo,"{'intervention_success_probability': 0.4972, 'opportunity_band': 'medium', 'model': 'intervention-opportunity-logistic-v1'}"
CANONICAL_000416,CANONICAL_000416,OULAD_000416,BEHAVIOR_000416,EMOTIONAL_000416,OULAD_COHORT_2026_01,"[0.08, 0.11, 0.11, 0.04]",0.04,0.175,0.24,-0.01999999999999999,0.0,1.0,3,3,stable_low,Academic risk remained comparatively low and stable.,0.488,P2,High,ACADEMIC_STABLE_LOW,Routine monitoring,synthetic_demo,"{'intervention_success_probability': 0.5064, 'opportunity_band': 'medium', 'model': 'intervention-opportunity-logistic-v1'}"
CANONICAL_000417,CANONICAL_000417,OULAD_000417,BEHAVIOR_000417,EMOTIONAL_000417,OULAD_COHORT_2026_01,"[0.22, 0.19, 0.1, 0.14]",0.14,0.035,0.1,0.0,1.0,1.0,3,3,stable_low,Academic risk remained comparatively low and stable.,0.508,P2,High,ACADEMIC_STABLE_LOW,Routine monitoring,synthetic_demo,"{'intervention_success_probability': 0.4802, 'opportunity_band': 'medium', 'model': 'intervention-opportunity-logistic-v1'}"
CANONICAL_000418,CANONICAL_000418,OULAD_000418,BEHAVIOR_000418,EMOTIONAL_000418,OULAD_COHORT_2026_01,"[0.24, 0.35, 0.3, 0.33]",0.33,0.0525,0.15,0.10999999999999999,0.0,1.0,3,3,stable_low,Academic risk remained comparatively low and stable.,0.558,P2,High,ACADEMIC_STABLE_LOW,Routine monitoring,synthetic_demo,"{'intervention_success_probability': 0.4752, 'opportunity_band': 'medium', 'model': 'intervention-opportunity-logistic-v1'}"
CANONICAL_000419,CANONICAL_000419,OULAD_000419,BEHAVIOR_000419,EMOTIONAL_000419,OULAD_COHORT_2026_01,"[0.47, 0.47, 0.43, 0.6]",0.6,0.72,0.86,0.26,0.0,1.0,3,3,late_emerging,Elevated academic risk emerged later in the observation window.,0.63,P1,High,ACADEMIC_LATE_EMERGING,Academic advisor review,synthetic_demo,"{'intervention_success_probability': 0.5008, 'opportunity_band': 'medium', 'model': 'intervention-opportunity-logistic-v1'}"
CANONICAL_000420,CANONICAL_000420,OULAD_000420,BEHAVIOR_000420,EMOTIONAL_000420,OULAD_COHORT_2026_01,"[0.11, 0.09, 0.22, 0.3]",0.3,0.3425,0.42,0.09999999999999998,1.0,1.0,3,3,unstable,Academic risk changed without a single dominant trajectory pattern.,0.567,P2,High,ACADEMIC_UNSTABLE,Human review of conflicting evidence,synthetic_demo,"{'intervention_success_probability': 0.4794, 'opportunity_band': 'medium', 'model': 'intervention-opportunity-logistic-v1'}"
CANONICAL_000421,CANONICAL_000421,OULAD_000421,BEHAVIOR_000421,EMOTIONAL_000421,OULAD_COHORT_2026_01,"[0.35, 0.24, 0.37, 0.41]",0.41,0.415,0.6,0.24,4.0,1.0,3,3,unstable,Academic risk changed without a single dominant trajectory pattern.,0.572,P2,High,ACADEMIC_UNSTABLE,Human review of conflicting evidence,synthetic_demo,"{'intervention_success_probability': 0.5143, 'opportunity_band': 'medium', 'model': 'intervention-opportunity-logistic-v1'}"
CANONICAL_000422,CANONICAL_000422,OULAD_000422,BEHAVIOR_000422,EMOTIONAL_000422,OULAD_COHORT_2026_01,"[0.11, 0.13, 0.12, 0.22]",0.22,0.175,0.23,-0.10999999999999999,2.0,1.0,3,3,stable_low,Academic risk remained comparatively low and stable.,0.545,P2,High,ACADEMIC_STABLE_LOW,Routine monitoring,synthetic_demo,"{'intervention_success_probability': 0.4417, 'opportunity_band': 'medium', 'model': 'intervention-opportunity-logistic-v1'}"
CANONICAL_000423,CANONICAL_000423,OULAD_000423,BEHAVIOR_000423,EMOTIONAL_000423,OULAD_COHORT_2026_01,"[0.52, 0.5, 0.62, 0.62]",0.62,0.575,0.69,0.05999999999999994,0.0,1.0,3,3,unstable,Academic risk changed without a single dominant trajectory pattern.,0.614,P2,High,ACADEMIC_UNSTABLE,Human review of conflicting evidence,synthetic_demo,"{'intervention_success_probability': 0.5716, 'opportunity_band': 'medium', 'model': 'intervention-opportunity-logistic-v1'}"
CANONICAL_000424,CANONICAL_000424,OULAD_000424,BEHAVIOR_000424,EMOTIONAL_000424,OULAD_COHORT_2026_01,"[0.46, 0.62, 0.62, 0.64]",0.64,0.5825,0.71,-0.040000000000000036,4.0,1.0,3,3,late_emerging,Elevated academic risk emerged later in the observation window.,0.628,P1,High,ACADEMIC_LATE_EMERGING,Academic advisor review,synthetic_demo,"{'intervention_success_probability': 0.4846, 'opportunity_band': 'medium', 'model': 'intervention-opportunity-logistic-v1'}"
CANONICAL_000425,CANONICAL_000425,OULAD_000425,BEHAVIOR_000425,EMOTIONAL_000425,OULAD_COHORT_2026_01,"[0.45, 0.61, 0.61, 0.76]",0.76,0.925,1.0,-0.18999999999999995,2.0,1.0,3,3,rapidly_escalating,Academic risk increased substantially across the observation window.,0.678,P1,High,ACADEMIC_RAPIDLY_ESCALATING,Academic advisor check-in,synthetic_demo,"{'intervention_success_probability': 0.4706, 'opportunity_band': 'medium', 'model': 'intervention-opportunity-logistic-v1'}"
CANONICAL_000426,CANONICAL_000426,OULAD_000426,BEHAVIOR_000426,EMOTIONAL_000426,OULAD_COHORT_2026_01,"[0.45, 0.37, 0.4, 0.29]",0.29,0.215,0.38,-0.32,1.0,1.0,3,3,stable_low,Academic risk remained comparatively low and stable.,0.538,P2,High,ACADEMIC_STABLE_LOW,Routine monitoring,synthetic_demo,"{'intervention_success_probability': 0.5793, 'opportunity_band': 'medium', 'model': 'intervention-opportunity-logistic-v1'}"
CANONICAL_000427,CANONICAL_000427,OULAD_000427,BEHAVIOR_000427,EMOTIONAL_000427,OULAD_COHORT_2026_01,"[0.21, 0.14, 0.18, 0.28]",0.28,0.345,0.45,0.040000000000000036,1.0,1.0,3,3,stable_low,Academic risk remained comparatively low and stable.,0.553,P2,High,ACADEMIC_STABLE_LOW,Routine monitoring,synthetic_demo,"{'intervention_success_probability': 0.487, 'opportunity_band': 'medium', 'model': 'intervention-opportunity-logistic-v1'}"
CANONICAL_000428,CANONICAL_000428,OULAD_000428,BEHAVIOR_000428,EMOTIONAL_000428,OULAD_COHORT_2026_01,"[0.55, 0.55, 0.53, 0.54]",0.54,0.3175,0.4,0.06999999999999998,1.0,1.0,3,3,unstable,Academic risk changed without a single dominant trajectory pattern.,0.588,P2,High,ACADEMIC_UNSTABLE,Human review of conflicting evidence,synthetic_demo,"{'intervention_success_probability': 0.5415, 'opportunity_band': 'medium', 'model': 'intervention-opportunity-logistic-v1'}"
CANONICAL_000429,CANONICAL_000429,OULAD_000429,BEHAVIOR_000429,EMOTIONAL_000429,OULAD_COHORT_2026_01,"[0.24, 0.2, 0.22, 0.21]",0.21,0.0875,0.16,-0.06,0.0,1.0,3,3,stable_low,Academic risk remained comparatively low and stable.,0.522,P2,High,ACADEMIC_STABLE_LOW,Routine monitoring,synthetic_demo,"{'intervention_success_probability': 0.5191, 'opportunity_band': 'medium', 'model': 'intervention-opportunity-logistic-v1'}"
CANONICAL_000430,CANONICAL_000430,OULAD_000430,BEHAVIOR_000430,EMOTIONAL_000430,OULAD_COHORT_2026_01,"[0.35, 0.39, 0.47, 0.45]",0.45,0.40249999999999997,0.48,-0.04999999999999999,1.0,1.0,3,3,unstable,Academic risk changed without a single dominant trajectory pattern.,0.58,P2,High,ACADEMIC_UNSTABLE,Human review of conflicting evidence,synthetic_demo,"{'intervention_success_probability': 0.5292, 'opportunity_band': 'medium', 'model': 'intervention-opportunity-logistic-v1'}"
CANONICAL_000431,CANONICAL_000431,OULAD_000431,BEHAVIOR_000431,EMOTIONAL_000431,OULAD_COHORT_2026_01,"[0.56, 0.56, 0.59, 0.62]",0.62,0.67,0.81,-0.09999999999999998,1.0,1.0,3,3,unstable,Academic risk changed without a single dominant trajectory pattern.,0.613,P2,High,ACADEMIC_UNSTABLE,Human review of conflicting evidence,synthetic_demo,"{'intervention_success_probability': 0.5514, 'opportunity_band': 'medium', 'model': 'intervention-opportunity-logistic-v1'}"
CANONICAL_000432,CANONICAL_000432,OULAD_000432,BEHAVIOR_000432,EMOTIONAL_000432,OULAD_COHORT_2026_01,"[0.07, 0.11, 0.13, 0.15]",0.15,0.1875,0.31,0.010000000000000009,1.0,1.0,3,3,stable_low,Academic risk remained comparatively low and stable.,0.52,P2,High,ACADEMIC_STABLE_LOW,Routine monitoring,synthetic_demo,"{'intervention_success_probability': 0.4692, 'opportunity_band': 'medium', 'model': 'intervention-opportunity-logistic-v1'}"
CANONICAL_000433,CANONICAL_000433,OULAD_000433,BEHAVIOR_000433,EMOTIONAL_000433,OULAD_COHORT_2026_01,"[0.48, 0.58, 0.64, 0.63]",0.63,0.2825,0.37,-0.09999999999999998,2.0,1.0,3,3,late_emerging,Elevated academic risk emerged later in the observation window.,0.621,P1,High,ACADEMIC_LATE_EMERGING,Academic advisor review,synthetic_demo,"{'intervention_success_probability': 0.5193, 'opportunity_band': 'medium', 'model': 'intervention-opportunity-logistic-v1'}"
CANONICAL_000434,CANONICAL_000434,OULAD_000434,BEHAVIOR_000434,EMOTIONAL_000434,OULAD_COHORT_2026_01,"[0.36, 0.3, 0.37, 0.33]",0.33,0.3275,0.42,-0.010000000000000009,1.0,1.0,3,3,stable_low,Academic risk remained comparatively low and stable.,0.546,P2,High,ACADEMIC_STABLE_LOW,Routine monitoring,synthetic_demo,"{'intervention_success_probability': 0.5499, 'opportunity_band': 'medium', 'model': 'intervention-opportunity-logistic-v1'}"
CANONICAL_000435,CANONICAL_000435,OULAD_000435,BEHAVIOR_000435,EMOTIONAL_000435,OULAD_COHORT_2026_01,"[0.4, 0.5, 0.52, 0.38]",0.38,0.28500000000000003,0.32,0.08000000000000002,2.0,1.0,3,3,stable_low,Academic risk remained comparatively low and stable.,0.556,P2,High,ACADEMIC_STABLE_LOW,Routine monitoring,synthetic_demo,"{'intervention_success_probability': 0.5458, 'opportunity_band': 'medium', 'model': 'intervention-opportunity-logistic-v1'}"
CANONICAL_000436,CANONICAL_000436,OULAD_000436,BEHAVIOR_000436,EMOTIONAL_000436,OULAD_COHORT_2026_01,"[0.14, 0.11, 0.09, 0.05]",0.05,0.0075,0.03,0.0,1.0,1.0,3,3,stable_low,Academic risk remained comparatively low and stable.,0.49,P2,High,ACADEMIC_STABLE_LOW,Routine monitoring,synthetic_demo,"{'intervention_success_probability': 0.4995, 'opportunity_band': 'medium', 'model': 'intervention-opportunity-logistic-v1'}"
CANONICAL_000437,CANONICAL_000437,OULAD_000437,BEHAVIOR_000437,EMOTIONAL_000437,OULAD_COHORT_2026_01,"[0.15, 0.34, 0.38, 0.35]",0.35,0.1675,0.32,0.17,4.0,1.0,3,3,unstable,Academic risk changed without a single dominant trajectory pattern.,0.57,P2,High,ACADEMIC_UNSTABLE,Human review of conflicting evidence,synthetic_demo,"{'intervention_success_probability': 0.4459, 'opportunity_band': 'medium', 'model': 'intervention-opportunity-logistic-v1'}"
CANONICAL_000438,CANONICAL_000438,OULAD_000438,BEHAVIOR_000438,EMOTIONAL_000438,OULAD_COHORT_2026_01,"[0.27, 0.42, 0.31, 0.34]",0.34,0.435,0.6,0.25,1.0,1.0,3,3,stable_low,Academic risk remained comparatively low and stable.,0.558,P2,High,ACADEMIC_STABLE_LOW,Routine monitoring,synthetic_demo,"{'intervention_success_probability': 0.4706, 'opportunity_band': 'medium', 'model': 'intervention-opportunity-logistic-v1'}"
CANONICAL_000439,CANONICAL_000439,OULAD_000439,BEHAVIOR_000439,EMOTIONAL_000439,OULAD_COHORT_2026_01,"[0.27, 0.28, 0.28, 0.46]",0.46,0.475,0.59,-0.14999999999999997,3.0,1.0,3,3,unstable,Academic risk changed without a single dominant trajectory pattern.,0.609,P2,High,ACADEMIC_UNSTABLE,Human review of conflicting evidence,synthetic_demo,"{'intervention_success_probability': 0.4407, 'opportunity_band': 'medium', 'model': 'intervention-opportunity-logistic-v1'}"
CANONICAL_000440,CANONICAL_000440,OULAD_000440,BEHAVIOR_000440,EMOTIONAL_000440,OULAD_COHORT_2026_01,"[0.2, 0.14, 0.0, 0.0]",0.0,0.0,0.0,0.0,3.0,1.0,3,3,improving,Academic risk decreased across the observation window.,0.48,P2,High,ACADEMIC_IMPROVING,Recognition and light-touch follow-up,synthetic_demo,"{'intervention_success_probability': 0.4726, 'opportunity_band': 'medium', 'model': 'intervention-opportunity-logistic-v1'}"
CANONICAL_000441,CANONICAL_000441,OULAD_000441,BEHAVIOR_000441,EMOTIONAL_000441,OULAD_COHORT_2026_01,"[0.52, 0.45, 0.33, 0.27]",0.27,0.01,0.04,-0.04,2.0,1.0,3,3,improving,Academic risk decreased across the observation window.,0.534,P2,High,ACADEMIC_IMPROVING,Recognition and light-touch follow-up,synthetic_demo,"{'intervention_success_probability': 0.5446, 'opportunity_band': 'medium', 'model': 'intervention-opportunity-logistic-v1'}"
CANONICAL_000442,CANONICAL_000442,OULAD_000442,BEHAVIOR_000442,EMOTIONAL_000442,OULAD_COHORT_2026_01,"[0.01, 0.1, 0.0, 0.0]",0.0,0.045,0.08,0.06,2.0,1.0,3,3,stable_low,Academic risk remained comparatively low and stable.,0.48,P2,High,ACADEMIC_STABLE_LOW,Routine monitoring,synthetic_demo,"{'intervention_success_probability': 0.4369, 'opportunity_band': 'medium', 'model': 'intervention-opportunity-logistic-v1'}"
CANONICAL_000443,CANONICAL_000443,OULAD_000443,BEHAVIOR_000443,EMOTIONAL_000443,OULAD_COHORT_2026_01,"[0.23, 0.25, 0.35, 0.38]",0.38,0.1675,0.38,-0.37,0.0,1.0,3,3,unstable,Academic risk changed without a single dominant trajectory pattern.,0.574,P2,High,ACADEMIC_UNSTABLE,Human review of conflicting evidence,synthetic_demo,"{'intervention_success_probability': 0.5046, 'opportunity_band': 'medium', 'model': 'intervention-opportunity-logistic-v1'}"
CANONICAL_000444,CANONICAL_000444,OULAD_000444,BEHAVIOR_000444,EMOTIONAL_000444,OULAD_COHORT_2026_01,"[0.09, 0.18, 0.2, 0.27]",0.27,0.23750000000000002,0.36,-0.07,4.0,1.0,3,3,unstable,Academic risk changed without a single dominant trajectory pattern.,0.559,P2,High,ACADEMIC_UNSTABLE,Human review of conflicting evidence,synthetic_demo,"{'intervention_success_probability': 0.4245, 'opportunity_band': 'medium', 'model': 'intervention-opportunity-logistic-v1'}"
CANONICAL_000445,CANONICAL_000445,OULAD_000445,BEHAVIOR_000445,EMOTIONAL_000445,OULAD_COHORT_2026_01,"[0.54, 0.74, 0.66, 0.74]",0.74,0.575,0.67,-0.07000000000000006,0.0,1.0,3,3,unstable,Academic risk changed without a single dominant trajectory pattern.,0.656,P1,High,ACADEMIC_UNSTABLE,Human review of conflicting evidence,synthetic_demo,"{'intervention_success_probability': 0.4971, 'opportunity_band': 'medium', 'model': 'intervention-opportunity-logistic-v1'}"
CANONICAL_000446,CANONICAL_000446,OULAD_000446,BEHAVIOR_000446,EMOTIONAL_000446,OULAD_COHORT_2026_01,"[0.34, 0.3, 0.36, 0.44]",0.44,0.51,0.65,0.18000000000000005,1.0,1.0,3,3,unstable,Academic risk changed without a single dominant trajectory pattern.,0.586,P2,High,ACADEMIC_UNSTABLE,Human review of conflicting evidence,synthetic_demo,"{'intervention_success_probability': 0.5118, 'opportunity_band': 'medium', 'model': 'intervention-opportunity-logistic-v1'}"
CANONICAL_000447,CANONICAL_000447,OULAD_000447,BEHAVIOR_000447,EMOTIONAL_000447,OULAD_COHORT_2026_01,"[0.22, 0.14, 0.24, 0.34]",0.34,0.4025,0.56,-0.15000000000000008,0.0,1.0,3,3,stable_low,Academic risk remained comparatively low and stable.,0.57,P2,High,ACADEMIC_STABLE_LOW,Routine monitoring,synthetic_demo,"{'intervention_success_probability': 0.5052, 'opportunity_band': 'medium', 'model': 'intervention-opportunity-logistic-v1'}"
CANONICAL_000448,CANONICAL_000448,OULAD_000448,BEHAVIOR_000448,EMOTIONAL_000448,OULAD_COHORT_2026_01,"[0.12, 0.16, 0.22, 0.22]",0.22,0.0675,0.14,-0.13,1.0,1.0,3,3,stable_low,Academic risk remained comparatively low and stable.,0.534,P2,High,ACADEMIC_STABLE_LOW,Routine monitoring,synthetic_demo,"{'intervention_success_probability': 0.4815, 'opportunity_band': 'medium', 'model': 'intervention-opportunity-logistic-v1'}"
CANONICAL_000449,CANONICAL_000449,OULAD_000449,BEHAVIOR_000449,EMOTIONAL_000449,OULAD_COHORT_2026_01,"[0.33, 0.44, 0.44, 0.63]",0.63,0.7325,0.79,-0.04999999999999993,2.0,1.0,3,3,late_emerging,Elevated academic risk emerged later in the observation window.,0.655,P1,High,ACADEMIC_LATE_EMERGING,Academic advisor review,synthetic_demo,"{'intervention_success_probability': 0.4452, 'opportunity_band': 'medium', 'model': 'intervention-opportunity-logistic-v1'}"
CANONICAL_000450,CANONICAL_000450,OULAD_000450,BEHAVIOR_000450,EMOTIONAL_000450,OULAD_COHORT_2026_01,"[0.1, 0.04, 0.08, 0.07]",0.07,0.23,0.27,0.04000000000000001,3.0,1.0,3,3,stable_low,Academic risk remained comparatively low and stable.,0.494,P2,High,ACADEMIC_STABLE_LOW,Routine monitoring,synthetic_demo,"{'intervention_success_probability': 0.4846, 'opportunity_band': 'medium', 'model': 'intervention-opportunity-logistic-v1'}"
CANONICAL_000451,CANONICAL_000451,OULAD_000451,BEHAVIOR_000451,EMOTIONAL_000451,OULAD_COHORT_2026_01,"[0.34, 0.36, 0.45, 0.48]",0.48,0.595,0.77,0.19000000000000006,1.0,1.0,3,3,unstable,Academic risk changed without a single dominant trajectory pattern.,0.593,P2,High,ACADEMIC_UNSTABLE,Human review of conflicting evidence,synthetic_demo,"{'intervention_success_probability': 0.5224, 'opportunity_band': 'medium', 'model': 'intervention-opportunity-logistic-v1'}"
CANONICAL_000452,CANONICAL_000452,OULAD_000452,BEHAVIOR_000452,EMOTIONAL_000452,OULAD_COHORT_2026_01,"[0.58, 0.71, 0.69, 0.82]",0.82,0.7525,0.84,0.20999999999999996,4.0,1.0,3,3,unstable,Academic risk changed without a single dominant trajectory pattern.,0.681,P1,High,ACADEMIC_UNSTABLE,Human review of conflicting evidence,synthetic_demo,"{'intervention_success_probability': 0.4745, 'opportunity_band': 'medium', 'model': 'intervention-opportunity-logistic-v1'}"
CANONICAL_000453,CANONICAL_000453,OULAD_000453,BEHAVIOR_000453,EMOTIONAL_000453,OULAD_COHORT_2026_01,"[0.55, 0.44, 0.46, 0.53]",0.53,0.505,0.55,0.0,1.0,1.0,3,3,unstable,Academic risk changed without a single dominant trajectory pattern.,0.591,P2,High,ACADEMIC_UNSTABLE,Human review of conflicting evidence,synthetic_demo,"{'intervention_success_probability': 0.55, 'opportunity_band': 'medium', 'model': 'intervention-opportunity-logistic-v1'}"
CANONICAL_000454,CANONICAL_000454,OULAD_000454,BEHAVIOR_000454,EMOTIONAL_000454,OULAD_COHORT_2026_01,"[0.14, 0.18, 0.18, 0.02]",0.02,0.037500000000000006,0.1,0.05,0.0,1.0,3,3,stable_low,Academic risk remained comparatively low and stable.,0.484,P2,High,ACADEMIC_STABLE_LOW,Routine monitoring,synthetic_demo,"{'intervention_success_probability': 0.5362, 'opportunity_band': 'medium', 'model': 'intervention-opportunity-logistic-v1'}"
CANONICAL_000455,CANONICAL_000455,OULAD_000455,BEHAVIOR_000455,EMOTIONAL_000455,OULAD_COHORT_2026_01,"[0.54, 0.52, 0.41, 0.43]",0.43,0.5125,0.63,0.10000000000000003,0.0,1.0,3,3,unstable,Academic risk changed without a single dominant trajectory pattern.,0.566,P2,High,ACADEMIC_UNSTABLE,Human review of conflicting evidence,synthetic_demo,"{'intervention_success_probability': 0.5474, 'opportunity_band': 'medium', 'model': 'intervention-opportunity-logistic-v1'}"
CANONICAL_000456,CANONICAL_000456,OULAD_000456,BEHAVIOR_000456,EMOTIONAL_000456,OULAD_COHORT_2026_01,"[0.05, 0.08, 0.17, 0.26]",0.26,0.3425,0.43,-0.22999999999999998,2.0,1.0,3,3,unstable,Academic risk changed without a single dominant trajectory pattern.,0.562,P2,High,ACADEMIC_UNSTABLE,Human review of conflicting evidence,synthetic_demo,"{'intervention_success_probability': 0.4487, 'opportunity_band': 'medium', 'model': 'intervention-opportunity-logistic-v1'}"
CANONICAL_000457,CANONICAL_000457,OULAD_000457,BEHAVIOR_000457,EMOTIONAL_000457,OULAD_COHORT_2026_01,"[0.23, 0.3, 0.49, 0.4]",0.4,0.3025,0.35,0.019999999999999962,0.0,1.0,3,3,unstable,Academic risk changed without a single dominant trajectory pattern.,0.577,P2,High,ACADEMIC_UNSTABLE,Human review of conflicting evidence,synthetic_demo,"{'intervention_success_probability': 0.545, 'opportunity_band': 'medium', 'model': 'intervention-opportunity-logistic-v1'}"
CANONICAL_000458,CANONICAL_000458,OULAD_000458,BEHAVIOR_000458,EMOTIONAL_000458,OULAD_COHORT_2026_01,"[0.15, 0.19, 0.14, 0.22]",0.22,0.33,0.39,0.010000000000000009,1.0,1.0,3,3,stable_low,Academic risk remained comparatively low and stable.,0.539,P2,High,ACADEMIC_STABLE_LOW,Routine monitoring,synthetic_demo,"{'intervention_success_probability': 0.4595, 'opportunity_band': 'medium', 'model': 'intervention-opportunity-logistic-v1'}"
CANONICAL_000459,CANONICAL_000459,OULAD_000459,BEHAVIOR_000459,EMOTIONAL_000459,OULAD_COHORT_2026_01,"[0.04, 0.0, 0.1, 0.15]",0.15,0.05500000000000001,0.14,-0.14,0.0,1.0,3,3,stable_low,Academic risk remained comparatively low and stable.,0.526,P2,High,ACADEMIC_STABLE_LOW,Routine monitoring,synthetic_demo,"{'intervention_success_probability': 0.4803, 'opportunity_band': 'medium', 'model': 'intervention-opportunity-logistic-v1'}"
CANONICAL_000460,CANONICAL_000460,OULAD_000460,BEHAVIOR_000460,EMOTIONAL_000460,OULAD_COHORT_2026_01,"[0.42, 0.4, 0.35, 0.47]",0.47,0.3325,0.45,0.10999999999999999,1.0,1.0,3,3,unstable,Academic risk changed without a single dominant trajectory pattern.,0.591,P2,High,ACADEMIC_UNSTABLE,Human review of conflicting evidence,synthetic_demo,"{'intervention_success_probability': 0.492, 'opportunity_band': 'medium', 'model': 'intervention-opportunity-logistic-v1'}"
CANONICAL_000461,CANONICAL_000461,OULAD_000461,BEHAVIOR_000461,EMOTIONAL_000461,OULAD_COHORT_2026_01,"[0.47, 0.6, 0.64, 0.6]",0.6,0.75,0.9,-0.27,2.0,1.0,3,3,late_emerging,Elevated academic risk emerged later in the observation window.,0.613,P2,High,ACADEMIC_LATE_EMERGING,Academic advisor review,synthetic_demo,"{'intervention_success_probability': 0.5348, 'opportunity_band': 'medium', 'model': 'intervention-opportunity-logistic-v1'}"
CANONICAL_000462,CANONICAL_000462,OULAD_000462,BEHAVIOR_000462,EMOTIONAL_000462,OULAD_COHORT_2026_01,"[0.46, 0.51, 0.65, 0.75]",0.75,0.8625,0.99,-0.22999999999999998,1.0,1.0,3,3,rapidly_escalating,Academic risk increased substantially across the observation window.,0.669,P1,High,ACADEMIC_RAPIDLY_ESCALATING,Academic advisor check-in,synthetic_demo,"{'intervention_success_probability': 0.5236, 'opportunity_band': 'medium', 'model': 'intervention-opportunity-logistic-v1'}"
CANONICAL_000463,CANONICAL_000463,OULAD_000463,BEHAVIOR_000463,EMOTIONAL_000463,OULAD_COHORT_2026_01,"[0.29, 0.38, 0.36, 0.39]",0.39,0.33749999999999997,0.42,0.19999999999999998,0.0,1.0,3,3,stable_low,Academic risk remained comparatively low and stable.,0.571,P2,High,ACADEMIC_STABLE_LOW,Routine monitoring,synthetic_demo,"{'intervention_success_probability': 0.4961, 'opportunity_band': 'medium', 'model': 'intervention-opportunity-logistic-v1'}"
CANONICAL_000464,CANONICAL_000464,OULAD_000464,BEHAVIOR_000464,EMOTIONAL_000464,OULAD_COHORT_2026_01,"[0.33, 0.37, 0.38, 0.55]",0.55,0.475,0.68,-0.21000000000000008,0.0,1.0,3,3,unstable,Academic risk changed without a single dominant trajectory pattern.,0.629,P1,High,ACADEMIC_UNSTABLE,Human review of conflicting evidence,synthetic_demo,"{'intervention_success_probability': 0.4728, 'opportunity_band': 'medium', 'model': 'intervention-opportunity-logistic-v1'}"
CANONICAL_000465,CANONICAL_000465,OULAD_000465,BEHAVIOR_000465,EMOTIONAL_000465,OULAD_COHORT_2026_01,"[0.61, 0.69, 0.57, 0.81]",0.81,0.9575,1.0,-0.17000000000000004,1.0,1.0,3,3,unstable,Academic risk changed without a single dominant trajectory pattern.,0.686,P1,High,ACADEMIC_UNSTABLE,Human review of conflicting evidence,synthetic_demo,"{'intervention_success_probability': 0.4762, 'opportunity_band': 'medium', 'model': 'intervention-opportunity-logistic-v1'}"
CANONICAL_000466,CANONICAL_000466,OULAD_000466,BEHAVIOR_000466,EMOTIONAL_000466,OULAD_COHORT_2026_01,"[0.23, 0.22, 0.18, 0.33]",0.33,0.495,0.59,-0.14,0.0,1.0,3,3,stable_low,Academic risk remained comparatively low and stable.,0.571,P2,High,ACADEMIC_STABLE_LOW,Routine monitoring,synthetic_demo,"{'intervention_success_probability': 0.4708, 'opportunity_band': 'medium', 'model': 'intervention-opportunity-logistic-v1'}"
CANONICAL_000467,CANONICAL_000467,OULAD_000467,BEHAVIOR_000467,EMOTIONAL_000467,OULAD_COHORT_2026_01,"[0.33, 0.29, 0.15, 0.21]",0.21,0.1875,0.34,0.03999999999999998,1.0,1.0,3,3,stable_low,Academic risk remained comparatively low and stable.,0.522,P2,High,ACADEMIC_STABLE_LOW,Routine monitoring,synthetic_demo,"{'intervention_success_probability': 0.4903, 'opportunity_band': 'medium', 'model': 'intervention-opportunity-logistic-v1'}"
CANONICAL_000468,CANONICAL_000468,OULAD_000468,BEHAVIOR_000468,EMOTIONAL_000468,OULAD_COHORT_2026_01,"[0.19, 0.27, 0.32, 0.53]",0.53,0.4525,0.6,-0.22999999999999998,2.0,1.0,3,3,unstable,Academic risk changed without a single dominant trajectory pattern.,0.641,P1,High,ACADEMIC_UNSTABLE,Human review of conflicting evidence,synthetic_demo,"{'intervention_success_probability': 0.4219, 'opportunity_band': 'medium', 'model': 'intervention-opportunity-logistic-v1'}"
CANONICAL_000469,CANONICAL_000469,OULAD_000469,BEHAVIOR_000469,EMOTIONAL_000469,OULAD_COHORT_2026_01,"[0.48, 0.59, 0.67, 0.74]",0.74,0.535,0.64,-0.08000000000000007,0.0,1.0,3,3,rapidly_escalating,Academic risk increased substantially across the observation window.,0.661,P1,High,ACADEMIC_RAPIDLY_ESCALATING,Academic advisor check-in,synthetic_demo,"{'intervention_success_probability': 0.5193, 'opportunity_band': 'medium', 'model': 'intervention-opportunity-logistic-v1'}"
CANONICAL_000470,CANONICAL_000470,OULAD_000470,BEHAVIOR_000470,EMOTIONAL_000470,OULAD_COHORT_2026_01,"[0.46, 0.41, 0.41, 0.36]",0.36,0.47250000000000003,0.54,0.12000000000000005,1.0,1.0,3,3,stable_low,Academic risk remained comparatively low and stable.,0.552,P2,High,ACADEMIC_STABLE_LOW,Routine monitoring,synthetic_demo,"{'intervention_success_probability': 0.5628, 'opportunity_band': 'medium', 'model': 'intervention-opportunity-logistic-v1'}"
CANONICAL_000471,CANONICAL_000471,OULAD_000471,BEHAVIOR_000471,EMOTIONAL_000471,OULAD_COHORT_2026_01,"[0.34, 0.31, 0.35, 0.37]",0.37,0.23249999999999998,0.29,0.05000000000000002,1.0,1.0,3,3,stable_low,Academic risk remained comparatively low and stable.,0.559,P2,High,ACADEMIC_STABLE_LOW,Routine monitoring,synthetic_demo,"{'intervention_success_probability': 0.5186, 'opportunity_band': 'medium', 'model': 'intervention-opportunity-logistic-v1'}"
CANONICAL_000472,CANONICAL_000472,OULAD_000472,BEHAVIOR_000472,EMOTIONAL_000472,OULAD_COHORT_2026_01,"[0.29, 0.3, 0.29, 0.37]",0.37,0.36,0.51,0.26,0.0,1.0,3,3,stable_low,Academic risk remained comparatively low and stable.,0.57,P2,High,ACADEMIC_STABLE_LOW,Routine monitoring,synthetic_demo,"{'intervention_success_probability': 0.4953, 'opportunity_band': 'medium', 'model': 'intervention-opportunity-logistic-v1'}"
CANONICAL_000473,CANONICAL_000473,OULAD_000473,BEHAVIOR_000473,EMOTIONAL_000473,OULAD_COHORT_2026_01,"[0.3, 0.45, 0.53, 0.62]",0.62,0.64,0.65,-0.010000000000000009,1.0,1.0,3,3,late_emerging,Elevated academic risk emerged later in the observation window.,0.645,P1,High,ACADEMIC_LATE_EMERGING,Academic advisor review,synthetic_demo,"{'intervention_success_probability': 0.4779, 'opportunity_band': 'medium', 'model': 'intervention-opportunity-logistic-v1'}"
CANONICAL_000474,CANONICAL_000474,OULAD_000474,BEHAVIOR_000474,EMOTIONAL_000474,OULAD_COHORT_2026_01,"[0.33, 0.39, 0.42, 0.35]",0.35,0.2875,0.35,0.03999999999999998,0.0,1.0,3,3,stable_low,Academic risk remained comparatively low and stable.,0.552,P2,High,ACADEMIC_STABLE_LOW,Routine monitoring,synthetic_demo,"{'intervention_success_probability': 0.5397, 'opportunity_band': 'medium', 'model': 'intervention-opportunity-logistic-v1'}"
CANONICAL_000475,CANONICAL_000475,OULAD_000475,BEHAVIOR_000475,EMOTIONAL_000475,OULAD_COHORT_2026_01,"[0.07, 0.0, 0.0, 0.0]",0.0,0.0275,0.08,0.03,1.0,1.0,3,3,stable_low,Academic risk remained comparatively low and stable.,0.48,P2,High,ACADEMIC_STABLE_LOW,Routine monitoring,synthetic_demo,"{'intervention_success_probability': 0.4869, 'opportunity_band': 'medium', 'model': 'intervention-opportunity-logistic-v1'}"
CANONICAL_000476,CANONICAL_000476,OULAD_000476,BEHAVIOR_000476,EMOTIONAL_000476,OULAD_COHORT_2026_01,"[0.33, 0.35, 0.44, 0.43]",0.43,0.54,0.68,-0.20000000000000007,2.0,1.0,3,3,unstable,Academic risk changed without a single dominant trajectory pattern.,0.576,P2,High,ACADEMIC_UNSTABLE,Human review of conflicting evidence,synthetic_demo,"{'intervention_success_probability': 0.5233, 'opportunity_band': 'medium', 'model': 'intervention-opportunity-logistic-v1'}"
CANONICAL_000477,CANONICAL_000477,OULAD_000477,BEHAVIOR_000477,EMOTIONAL_000477,OULAD_COHORT_2026_01,"[0.57, 0.57, 0.56, 0.62]",0.62,0.5575,0.73,0.12000000000000005,0.0,1.0,3,3,unstable,Academic risk changed without a single dominant trajectory pattern.,0.615,P2,High,ACADEMIC_UNSTABLE,Human review of conflicting evidence,synthetic_demo,"{'intervention_success_probability': 0.5452, 'opportunity_band': 'medium', 'model': 'intervention-opportunity-logistic-v1'}"
CANONICAL_000478,CANONICAL_000478,OULAD_000478,BEHAVIOR_000478,EMOTIONAL_000478,OULAD_COHORT_2026_01,"[0.17, 0.09, 0.01, 0.09]",0.09,0.1,0.23,-0.02,2.0,1.0,3,3,stable_low,Academic risk remained comparatively low and stable.,0.498,P2,High,ACADEMIC_STABLE_LOW,Routine monitoring,synthetic_demo,"{'intervention_success_probability': 0.4638, 'opportunity_band': 'medium', 'model': 'intervention-opportunity-logistic-v1'}"
CANONICAL_000479,CANONICAL_000479,OULAD_000479,BEHAVIOR_000479,EMOTIONAL_000479,OULAD_COHORT_2026_01,"[0.32, 0.34, 0.32, 0.35]",0.35,0.22999999999999998,0.35,0.31999999999999995,1.0,1.0,3,3,stable_low,Academic risk remained comparatively low and stable.,0.556,P2,High,ACADEMIC_STABLE_LOW,Routine monitoring,synthetic_demo,"{'intervention_success_probability': 0.4997, 'opportunity_band': 'medium', 'model': 'intervention-opportunity-logistic-v1'}"
CANONICAL_000480,CANONICAL_000480,OULAD_000480,BEHAVIOR_000480,EMOTIONAL_000480,OULAD_COHORT_2026_01,"[0.26, 0.26, 0.12, 0.08]",0.08,0.1675,0.29,-0.09000000000000001,0.0,1.0,3,3,stable_low,Academic risk remained comparatively low and stable.,0.496,P2,High,ACADEMIC_STABLE_LOW,Routine monitoring,synthetic_demo,"{'intervention_success_probability': 0.5136, 'opportunity_band': 'medium', 'model': 'intervention-opportunity-logistic-v1'}"
CANONICAL_000481,CANONICAL_000481,OULAD_000481,BEHAVIOR_000481,EMOTIONAL_000481,OULAD_COHORT_2026_01,"[0.21, 0.2, 0.12, 0.28]",0.28,0.27999999999999997,0.35,-0.07,2.0,1.0,3,3,stable_low,Academic risk remained comparatively low and stable.,0.559,P2,High,ACADEMIC_STABLE_LOW,Routine monitoring,synthetic_demo,"{'intervention_success_probability': 0.4384, 'opportunity_band': 'medium', 'model': 'intervention-opportunity-logistic-v1'}"
CANONICAL_000482,CANONICAL_000482,OULAD_000482,BEHAVIOR_000482,EMOTIONAL_000482,OULAD_COHORT_2026_01,"[0.45, 0.43, 0.46, 0.4]",0.4,0.14250000000000002,0.2,0.020000000000000004,1.0,1.0,3,3,unstable,Academic risk changed without a single dominant trajectory pattern.,0.56,P2,High,ACADEMIC_UNSTABLE,Human review of conflicting evidence,synthetic_demo,"{'intervention_success_probability': 0.5523, 'opportunity_band': 'medium', 'model': 'intervention-opportunity-logistic-v1'}"
CANONICAL_000483,CANONICAL_000483,OULAD_000483,BEHAVIOR_000483,EMOTIONAL_000483,OULAD_COHORT_2026_01,"[0.19, 0.33, 0.37, 0.49]",0.49,0.8875,0.97,0.07999999999999996,1.0,1.0,3,3,unstable,Academic risk changed without a single dominant trajectory pattern.,0.62,P1,High,ACADEMIC_UNSTABLE,Human review of conflicting evidence,synthetic_demo,"{'intervention_success_probability': 0.4602, 'opportunity_band': 'medium', 'model': 'intervention-opportunity-logistic-v1'}"
CANONICAL_000484,CANONICAL_000484,OULAD_000484,BEHAVIOR_000484,EMOTIONAL_000484,OULAD_COHORT_2026_01,"[0.42, 0.41, 0.46, 0.54]",0.54,0.39749999999999996,0.5,0.07,2.0,1.0,3,3,unstable,Academic risk changed without a single dominant trajectory pattern.,0.608,P2,High,ACADEMIC_UNSTABLE,Human review of conflicting evidence,synthetic_demo,"{'intervention_success_probability': 0.5044, 'opportunity_band': 'medium', 'model': 'intervention-opportunity-logistic-v1'}"
CANONICAL_000485,CANONICAL_000485,OULAD_000485,BEHAVIOR_000485,EMOTIONAL_000485,OULAD_COHORT_2026_01,"[0.31, 0.34, 0.36, 0.48]",0.48,0.6325000000000001,0.78,-0.040000000000000036,3.0,1.0,3,3,unstable,Academic risk changed without a single dominant trajectory pattern.,0.605,P2,High,ACADEMIC_UNSTABLE,Human review of conflicting evidence,synthetic_demo,"{'intervention_success_probability': 0.4674, 'opportunity_band': 'medium', 'model': 'intervention-opportunity-logistic-v1'}"
CANONICAL_000486,CANONICAL_000486,OULAD_000486,BEHAVIOR_000486,EMOTIONAL_000486,OULAD_COHORT_2026_01,"[0.09, 0.1, 0.07, 0.05]",0.05,0.05,0.12,-0.05,4.0,1.0,3,3,stable_low,Academic risk remained comparatively low and stable.,0.49,P2,High,ACADEMIC_STABLE_LOW,Routine monitoring,synthetic_demo,"{'intervention_success_probability': 0.4552, 'opportunity_band': 'medium', 'model': 'intervention-opportunity-logistic-v1'}"
CANONICAL_000487,CANONICAL_000487,OULAD_000487,BEHAVIOR_000487,EMOTIONAL_000487,OULAD_COHORT_2026_01,"[0.18, 0.16, 0.18, 0.19]",0.19,0.18,0.32,0.04999999999999999,2.0,1.0,3,3,stable_low,Academic risk remained comparatively low and stable.,0.52,P2,High,ACADEMIC_STABLE_LOW,Routine monitoring,synthetic_demo,"{'intervention_success_probability': 0.4876, 'opportunity_band': 'medium', 'model': 'intervention-opportunity-logistic-v1'}"
CANONICAL_000488,CANONICAL_000488,OULAD_000488,BEHAVIOR_000488,EMOTIONAL_000488,OULAD_COHORT_2026_01,"[0.29, 0.32, 0.3, 0.32]",0.32,0.245,0.35,0.16999999999999998,3.0,1.0,3,3,stable_low,Academic risk remained comparatively low and stable.,0.549,P2,High,ACADEMIC_STABLE_LOW,Routine monitoring,synthetic_demo,"{'intervention_success_probability': 0.4806, 'opportunity_band': 'medium', 'model': 'intervention-opportunity-logistic-v1'}"
CANONICAL_000489,CANONICAL_000489,OULAD_000489,BEHAVIOR_000489,EMOTIONAL_000489,OULAD_COHORT_2026_01,"[0.19, 0.22, 0.11, 0.09]",0.09,0.0125,0.05,0.05,0.0,1.0,3,3,stable_low,Academic risk remained comparatively low and stable.,0.498,P2,High,ACADEMIC_STABLE_LOW,Routine monitoring,synthetic_demo,"{'intervention_success_probability': 0.4912, 'opportunity_band': 'medium', 'model': 'intervention-opportunity-logistic-v1'}"
CANONICAL_000490,CANONICAL_000490,OULAD_000490,BEHAVIOR_000490,EMOTIONAL_000490,OULAD_COHORT_2026_01,"[0.25, 0.28, 0.24, 0.28]",0.28,0.24,0.32,-0.03,1.0,1.0,3,3,stable_low,Academic risk remained comparatively low and stable.,0.543,P2,High,ACADEMIC_STABLE_LOW,Routine monitoring,synthetic_demo,"{'intervention_success_probability': 0.4845, 'opportunity_band': 'medium', 'model': 'intervention-opportunity-logistic-v1'}"
CANONICAL_000491,CANONICAL_000491,OULAD_000491,BEHAVIOR_000491,EMOTIONAL_000491,OULAD_COHORT_2026_01,"[0.26, 0.21, 0.31, 0.45]",0.45,0.355,0.54,0.17000000000000004,0.0,1.0,3,3,unstable,Academic risk changed without a single dominant trajectory pattern.,0.603,P2,High,ACADEMIC_UNSTABLE,Human review of conflicting evidence,synthetic_demo,"{'intervention_success_probability': 0.4916, 'opportunity_band': 'medium', 'model': 'intervention-opportunity-logistic-v1'}"
CANONICAL_000492,CANONICAL_000492,OULAD_000492,BEHAVIOR_000492,EMOTIONAL_000492,OULAD_COHORT_2026_01,"[0.19, 0.19, 0.34, 0.25]",0.25,0.1975,0.36,0.010000000000000009,0.0,1.0,3,3,stable_low,Academic risk remained comparatively low and stable.,0.536,P2,High,ACADEMIC_STABLE_LOW,Routine monitoring,synthetic_demo,"{'intervention_success_probability': 0.5448, 'opportunity_band': 'medium', 'model': 'intervention-opportunity-logistic-v1'}"
CANONICAL_000493,CANONICAL_000493,OULAD_000493,BEHAVIOR_000493,EMOTIONAL_000493,OULAD_COHORT_2026_01,"[0.12, 0.2, 0.28, 0.24]",0.24,0.4525,0.51,0.04999999999999999,1.0,1.0,3,3,stable_low,Academic risk remained comparatively low and stable.,0.54,P2,High,ACADEMIC_STABLE_LOW,Routine monitoring,synthetic_demo,"{'intervention_success_probability': 0.5006, 'opportunity_band': 'medium', 'model': 'intervention-opportunity-logistic-v1'}"
CANONICAL_000494,CANONICAL_000494,OULAD_000494,BEHAVIOR_000494,EMOTIONAL_000494,OULAD_COHORT_2026_01,"[0.36, 0.36, 0.51, 0.47]",0.47,0.6025,0.75,0.08000000000000002,2.0,1.0,3,3,unstable,Academic risk changed without a single dominant trajectory pattern.,0.585,P2,High,ACADEMIC_UNSTABLE,Human review of conflicting evidence,synthetic_demo,"{'intervention_success_probability': 0.5465, 'opportunity_band': 'medium', 'model': 'intervention-opportunity-logistic-v1'}"
CANONICAL_000495,CANONICAL_000495,OULAD_000495,BEHAVIOR_000495,EMOTIONAL_000495,OULAD_COHORT_2026_01,"[0.01, 0.04, 0.07, 0.08]",0.08,0.1,0.19,0.04000000000000001,1.0,1.0,3,3,stable_low,Academic risk remained comparatively low and stable.,0.504,P2,High,ACADEMIC_STABLE_LOW,Routine monitoring,synthetic_demo,"{'intervention_success_probability': 0.4643, 'opportunity_band': 'medium', 'model': 'intervention-opportunity-logistic-v1'}"
CANONICAL_000496,CANONICAL_000496,OULAD_000496,BEHAVIOR_000496,EMOTIONAL_000496,OULAD_COHORT_2026_01,"[0.23, 0.26, 0.42, 0.43]",0.43,0.5025,0.56,0.030000000000000027,2.0,1.0,3,3,unstable,Academic risk changed without a single dominant trajectory pattern.,0.587,P2,High,ACADEMIC_UNSTABLE,Human review of conflicting evidence,synthetic_demo,"{'intervention_success_probability': 0.5072, 'opportunity_band': 'medium', 'model': 'intervention-opportunity-logistic-v1'}"
CANONICAL_000497,CANONICAL_000497,OULAD_000497,BEHAVIOR_000497,EMOTIONAL_000497,OULAD_COHORT_2026_01,"[0.37, 0.42, 0.61, 0.69]",0.69,0.7375,0.81,-0.020000000000000018,1.0,1.0,3,3,late_emerging,Elevated academic risk emerged later in the observation window.,0.658,P1,High,ACADEMIC_LATE_EMERGING,Academic advisor review,synthetic_demo,"{'intervention_success_probability': 0.5185, 'opportunity_band': 'medium', 'model': 'intervention-opportunity-logistic-v1'}"
CANONICAL_000498,CANONICAL_000498,OULAD_000498,BEHAVIOR_000498,EMOTIONAL_000498,OULAD_COHORT_2026_01,"[0.47, 0.53, 0.42, 0.44]",0.44,0.5125,0.6,0.24,1.0,1.0,3,3,unstable,Academic risk changed without a single dominant trajectory pattern.,0.568,P2,High,ACADEMIC_UNSTABLE,Human review of conflicting evidence,synthetic_demo,"{'intervention_success_probability': 0.5167, 'opportunity_band': 'medium', 'model': 'intervention-opportunity-logistic-v1'}"
CANONICAL_000499,CANONICAL_000499,OULAD_000499,BEHAVIOR_000499,EMOTIONAL_000499,OULAD_COHORT_2026_01,"[0.23, 0.24, 0.28, 0.32]",0.32,0.2675,0.36,-0.15,0.0,1.0,3,3,stable_low,Academic risk remained comparatively low and stable.,0.557,P2,High,ACADEMIC_STABLE_LOW,Routine monitoring,synthetic_demo,"{'intervention_success_probability': 0.5012, 'opportunity_band': 'medium', 'model': 'intervention-opportunity-logistic-v1'}"
CANONICAL_000500,CANONICAL_000500,OULAD_000500,BEHAVIOR_000500,EMOTIONAL_000500,OULAD_COHORT_2026_01,"[0.6, 0.55, 0.58, 0.63]",0.63,0.675,0.79,-0.15000000000000002,1.0,1.0,3,3,unstable,Academic risk changed without a single dominant trajectory pattern.,0.614,P2,High,ACADEMIC_UNSTABLE,Human review of conflicting evidence,synthetic_demo,"{'intervention_success_probability': 0.5586, 'opportunity_band': 'medium', 'model': 'intervention-opportunity-logistic-v1'}"
CANONICAL_000501,CANONICAL_000501,OULAD_000501,BEHAVIOR_000501,EMOTIONAL_000501,OULAD_COHORT_2026_01,"[0.11, 0.03, 0.02, 0.06]",0.06,0.0225,0.08,-0.08,0.0,1.0,3,3,stable_low,Academic risk remained comparatively low and stable.,0.492,P2,High,ACADEMIC_STABLE_LOW,Routine monitoring,synthetic_demo,"{'intervention_success_probability': 0.4889, 'opportunity_band': 'medium', 'model': 'intervention-opportunity-logistic-v1'}"
CANONICAL_000502,CANONICAL_000502,OULAD_000502,BEHAVIOR_000502,EMOTIONAL_000502,OULAD_COHORT_2026_01,"[0.29, 0.39, 0.45, 0.53]",0.53,0.2675,0.34,0.10000000000000003,2.0,1.0,3,3,unstable,Academic risk changed without a single dominant trajectory pattern.,0.618,P2,High,ACADEMIC_UNSTABLE,Human review of conflicting evidence,synthetic_demo,"{'intervention_success_probability': 0.4664, 'opportunity_band': 'medium', 'model': 'intervention-opportunity-logistic-v1'}"
CANONICAL_000503,CANONICAL_000503,OULAD_000503,BEHAVIOR_000503,EMOTIONAL_000503,OULAD_COHORT_2026_01,"[0.24, 0.33, 0.35, 0.36]",0.36,0.4075,0.56,0.33000000000000007,0.0,1.0,3,3,stable_low,Academic risk remained comparatively low and stable.,0.565,P2,High,ACADEMIC_STABLE_LOW,Routine monitoring,synthetic_demo,"{'intervention_success_probability': 0.5012, 'opportunity_band': 'medium', 'model': 'intervention-opportunity-logistic-v1'}"
CANONICAL_000504,CANONICAL_000504,OULAD_000504,BEHAVIOR_000504,EMOTIONAL_000504,OULAD_COHORT_2026_01,"[0.09, 0.16, 0.12, 0.28]",0.28,0.535,0.75,-0.32,0.0,1.0,3,3,unstable,Academic risk changed without a single dominant trajectory pattern.,0.571,P2,High,ACADEMIC_UNSTABLE,Human review of conflicting evidence,synthetic_demo,"{'intervention_success_probability': 0.4379, 'opportunity_band': 'medium', 'model': 'intervention-opportunity-logistic-v1'}"
CANONICAL_000505,CANONICAL_000505,OULAD_000505,BEHAVIOR_000505,EMOTIONAL_000505,OULAD_COHORT_2026_01,"[0.34, 0.43, 0.45, 0.67]",0.67,0.9075,1.0,-0.14,2.0,1.0,3,3,late_emerging,Elevated academic risk emerged later in the observation window.,0.669,P1,High,ACADEMIC_LATE_EMERGING,Academic advisor review,synthetic_demo,"{'intervention_success_probability': 0.4474, 'opportunity_band': 'medium', 'model': 'intervention-opportunity-logistic-v1'}"
CANONICAL_000506,CANONICAL_000506,OULAD_000506,BEHAVIOR_000506,EMOTIONAL_000506,OULAD_COHORT_2026_01,"[0.26, 0.27, 0.38, 0.46]",0.46,0.4975,0.57,0.08000000000000007,1.0,1.0,3,3,unstable,Academic risk changed without a single dominant trajectory pattern.,0.6,P2,High,ACADEMIC_UNSTABLE,Human review of conflicting evidence,synthetic_demo,"{'intervention_success_probability': 0.497, 'opportunity_band': 'medium', 'model': 'intervention-opportunity-logistic-v1'}"
CANONICAL_000507,CANONICAL_000507,OULAD_000507,BEHAVIOR_000507,EMOTIONAL_000507,OULAD_COHORT_2026_01,"[0.11, 0.08, 0.11, 0.15]",0.15,0.215,0.34,-0.2,1.0,1.0,3,3,stable_low,Academic risk remained comparatively low and stable.,0.518,P2,High,ACADEMIC_STABLE_LOW,Routine monitoring,synthetic_demo,"{'intervention_success_probability': 0.4813, 'opportunity_band': 'medium', 'model': 'intervention-opportunity-logistic-v1'}"
CANONICAL_000508,CANONICAL_000508,OULAD_000508,BEHAVIOR_000508,EMOTIONAL_000508,OULAD_COHORT_2026_01,"[0.34, 0.28, 0.35, 0.42]",0.42,0.395,0.48,0.03999999999999998,0.0,1.0,3,3,unstable,Academic risk changed without a single dominant trajectory pattern.,0.579,P2,High,ACADEMIC_UNSTABLE,Human review of conflicting evidence,synthetic_demo,"{'intervention_success_probability': 0.524, 'opportunity_band': 'medium', 'model': 'intervention-opportunity-logistic-v1'}"
CANONICAL_000509,CANONICAL_000509,OULAD_000509,BEHAVIOR_000509,EMOTIONAL_000509,OULAD_COHORT_2026_01,"[0.07, 0.0, 0.0, 0.0]",0.0,0.0425,0.17,0.17,1.0,1.0,3,3,stable_low,Academic risk remained comparatively low and stable.,0.48,P2,High,ACADEMIC_STABLE_LOW,Routine monitoring,synthetic_demo,"{'intervention_success_probability': 0.4874, 'opportunity_band': 'medium', 'model': 'intervention-opportunity-logistic-v1'}"
CANONICAL_000510,CANONICAL_000510,OULAD_000510,BEHAVIOR_000510,EMOTIONAL_000510,OULAD_COHORT_2026_01,"[0.39, 0.51, 0.57, 0.6]",0.6,0.315,0.45,-0.12,2.0,1.0,3,3,late_emerging,Elevated academic risk emerged later in the observation window.,0.624,P1,High,ACADEMIC_LATE_EMERGING,Academic advisor review,synthetic_demo,"{'intervention_success_probability': 0.493, 'opportunity_band': 'medium', 'model': 'intervention-opportunity-logistic-v1'}"
CANONICAL_000511,CANONICAL_000511,OULAD_000511,BEHAVIOR_000511,EMOTIONAL_000511,OULAD_COHORT_2026_01,"[0.17, 0.15, 0.07, 0.04]",0.04,0.08499999999999999,0.18,0.14,3.0,1.0,3,3,stable_low,Academic risk remained comparatively low and stable.,0.488,P2,High,ACADEMIC_STABLE_LOW,Routine monitoring,synthetic_demo,"{'intervention_success_probability': 0.479, 'opportunity_band': 'medium', 'model': 'intervention-opportunity-logistic-v1'}"
CANONICAL_000512,CANONICAL_000512,OULAD_000512,BEHAVIOR_000512,EMOTIONAL_000512,OULAD_COHORT_2026_01,"[0.69, 0.8, 0.78, 0.84]",0.84,0.9575,1.0,0.0,2.0,1.0,3,3,unstable,Academic risk changed without a single dominant trajectory pattern.,0.669,P1,High,ACADEMIC_UNSTABLE,Human review of conflicting evidence,synthetic_demo,"{'intervention_success_probability': 0.537, 'opportunity_band': 'medium', 'model': 'intervention-opportunity-logistic-v1'}"
CANONICAL_000513,CANONICAL_000513,OULAD_000513,BEHAVIOR_000513,EMOTIONAL_000513,OULAD_COHORT_2026_01,"[0.17, 0.18, 0.19, 0.15]",0.15,0.0075,0.03,0.03,0.0,1.0,3,3,stable_low,Academic risk remained comparatively low and stable.,0.51,P2,High,ACADEMIC_STABLE_LOW,Routine monitoring,synthetic_demo,"{'intervention_success_probability': 0.5078, 'opportunity_band': 'medium', 'model': 'intervention-opportunity-logistic-v1'}"
CANONICAL_000514,CANONICAL_000514,OULAD_000514,BEHAVIOR_000514,EMOTIONAL_000514,OULAD_COHORT_2026_01,"[0.26, 0.23, 0.14, 0.14]",0.14,0.13,0.18,-0.18,2.0,1.0,3,3,stable_low,Academic risk remained comparatively low and stable.,0.508,P2,High,ACADEMIC_STABLE_LOW,Routine monitoring,synthetic_demo,"{'intervention_success_probability': 0.4921, 'opportunity_band': 'medium', 'model': 'intervention-opportunity-logistic-v1'}"
CANONICAL_000515,CANONICAL_000515,OULAD_000515,BEHAVIOR_000515,EMOTIONAL_000515,OULAD_COHORT_2026_01,"[0.34, 0.27, 0.23, 0.1]",0.1,0.16999999999999998,0.29,0.05,0.0,1.0,3,3,improving,Academic risk decreased across the observation window.,0.5,P2,High,ACADEMIC_IMPROVING,Recognition and light-touch follow-up,synthetic_demo,"{'intervention_success_probability': 0.5712, 'opportunity_band': 'medium', 'model': 'intervention-opportunity-logistic-v1'}"
CANONICAL_000516,CANONICAL_000516,OULAD_000516,BEHAVIOR_000516,EMOTIONAL_000516,OULAD_COHORT_2026_01,"[0.19, 0.17, 0.21, 0.14]",0.14,0.3575,0.42,0.010000000000000009,0.0,1.0,3,3,stable_low,Academic risk remained comparatively low and stable.,0.508,P2,High,ACADEMIC_STABLE_LOW,Routine monitoring,synthetic_demo,"{'intervention_success_probability': 0.5377, 'opportunity_band': 'medium', 'model': 'intervention-opportunity-logistic-v1'}"
CANONICAL_000517,CANONICAL_000517,OULAD_000517,BEHAVIOR_000517,EMOTIONAL_000517,OULAD_COHORT_2026_01,"[0.44, 0.58, 0.61, 0.65]",0.65,0.345,0.35,0.009999999999999953,0.0,1.0,3,3,late_emerging,Elevated academic risk emerged later in the observation window.,0.635,P1,High,ACADEMIC_LATE_EMERGING,Academic advisor review,synthetic_demo,"{'intervention_success_probability': 0.5086, 'opportunity_band': 'medium', 'model': 'intervention-opportunity-logistic-v1'}"
CANONICAL_000518,CANONICAL_000518,OULAD_000518,BEHAVIOR_000518,EMOTIONAL_000518,OULAD_COHORT_2026_01,"[0.29, 0.23, 0.31, 0.26]",0.26,0.16999999999999998,0.3,-0.26,2.0,1.0,3,3,stable_low,Academic risk remained comparatively low and stable.,0.532,P2,High,ACADEMIC_STABLE_LOW,Routine monitoring,synthetic_demo,"{'intervention_success_probability': 0.5316, 'opportunity_band': 'medium', 'model': 'intervention-opportunity-logistic-v1'}"
CANONICAL_000519,CANONICAL_000519,OULAD_000519,BEHAVIOR_000519,EMOTIONAL_000519,OULAD_COHORT_2026_01,"[0.04, 0.23, 0.2, 0.31]",0.31,0.3725,0.45,0.06,2.0,1.0,3,3,unstable,Academic risk changed without a single dominant trajectory pattern.,0.58,P2,High,ACADEMIC_UNSTABLE,Human review of conflicting evidence,synthetic_demo,"{'intervention_success_probability': 0.4067, 'opportunity_band': 'medium', 'model': 'intervention-opportunity-logistic-v1'}"
CANONICAL_000520,CANONICAL_000520,OULAD_000520,BEHAVIOR_000520,EMOTIONAL_000520,OULAD_COHORT_2026_01,"[0.09, 0.04, 0.06, 0.01]",0.01,0.0475,0.13,-0.07,2.0,1.0,3,3,stable_low,Academic risk remained comparatively low and stable.,0.482,P2,High,ACADEMIC_STABLE_LOW,Routine monitoring,synthetic_demo,"{'intervention_success_probability': 0.4954, 'opportunity_band': 'medium', 'model': 'intervention-opportunity-logistic-v1'}"
CANONICAL_000521,CANONICAL_000521,OULAD_000521,BEHAVIOR_000521,EMOTIONAL_000521,OULAD_COHORT_2026_01,"[0.47, 0.55, 0.52, 0.58]",0.58,0.2425,0.37,-0.18,2.0,1.0,3,3,unstable,Academic risk changed without a single dominant trajectory pattern.,0.613,P2,High,ACADEMIC_UNSTABLE,Human review of conflicting evidence,synthetic_demo,"{'intervention_success_probability': 0.491, 'opportunity_band': 'medium', 'model': 'intervention-opportunity-logistic-v1'}"
CANONICAL_000522,CANONICAL_000522,OULAD_000522,BEHAVIOR_000522,EMOTIONAL_000522,OULAD_COHORT_2026_01,"[0.27, 0.28, 0.36, 0.32]",0.32,0.525,0.63,0.020000000000000018,0.0,1.0,3,3,stable_low,Academic risk remained comparatively low and stable.,0.549,P2,High,ACADEMIC_STABLE_LOW,Routine monitoring,synthetic_demo,"{'intervention_success_probability': 0.5422, 'opportunity_band': 'medium', 'model': 'intervention-opportunity-logistic-v1'}"
CANONICAL_000523,CANONICAL_000523,OULAD_000523,BEHAVIOR_000523,EMOTIONAL_000523,OULAD_COHORT_2026_01,"[0.24, 0.23, 0.35, 0.4]",0.4,0.2525,0.32,-0.22999999999999998,1.0,1.0,3,3,unstable,Academic risk changed without a single dominant trajectory pattern.,0.581,P2,High,ACADEMIC_UNSTABLE,Human review of conflicting evidence,synthetic_demo,"{'intervention_success_probability': 0.5003, 'opportunity_band': 'medium', 'model': 'intervention-opportunity-logistic-v1'}"
CANONICAL_000524,CANONICAL_000524,OULAD_000524,BEHAVIOR_000524,EMOTIONAL_000524,OULAD_COHORT_2026_01,"[0.27, 0.19, 0.24, 0.14]",0.14,0.07250000000000001,0.13,-0.020000000000000004,2.0,1.0,3,3,stable_low,Academic risk remained comparatively low and stable.,0.508,P2,High,ACADEMIC_STABLE_LOW,Routine monitoring,synthetic_demo,"{'intervention_success_probability': 0.5423, 'opportunity_band': 'medium', 'model': 'intervention-opportunity-logistic-v1'}"
CANONICAL_000525,CANONICAL_000525,OULAD_000525,BEHAVIOR_000525,EMOTIONAL_000525,OULAD_COHORT_2026_01,"[0.1, 0.12, 0.22, 0.2]",0.2,0.025,0.07,-0.04000000000000001,2.0,1.0,3,3,stable_low,Academic risk remained comparatively low and stable.,0.53,P2,High,ACADEMIC_STABLE_LOW,Routine monitoring,synthetic_demo,"{'intervention_success_probability': 0.4819, 'opportunity_band': 'medium', 'model': 'intervention-opportunity-logistic-v1'}"
CANONICAL_000526,CANONICAL_000526,OULAD_000526,BEHAVIOR_000526,EMOTIONAL_000526,OULAD_COHORT_2026_01,"[0.23, 0.16, 0.18, 0.13]",0.13,0.025,0.08,0.02,2.0,1.0,3,3,stable_low,Academic risk remained comparatively low and stable.,0.506,P2,High,ACADEMIC_STABLE_LOW,Routine monitoring,synthetic_demo,"{'intervention_success_probability': 0.5161, 'opportunity_band': 'medium', 'model': 'intervention-opportunity-logistic-v1'}"
CANONICAL_000527,CANONICAL_000527,OULAD_000527,BEHAVIOR_000527,EMOTIONAL_000527,OULAD_COHORT_2026_01,"[0.26, 0.15, 0.23, 0.32]",0.32,0.1575,0.26,0.12,0.0,1.0,3,3,stable_low,Academic risk remained comparatively low and stable.,0.559,P2,High,ACADEMIC_STABLE_LOW,Routine monitoring,synthetic_demo,"{'intervention_success_probability': 0.5093, 'opportunity_band': 'medium', 'model': 'intervention-opportunity-logistic-v1'}"
CANONICAL_000528,CANONICAL_000528,OULAD_000528,BEHAVIOR_000528,EMOTIONAL_000528,OULAD_COHORT_2026_01,"[0.69, 0.72, 0.74, 0.8]",0.8,0.62,0.73,0.09999999999999998,2.0,1.0,3,3,persistent_high,Academic risk remained consistently high.,0.657,P1,High,ACADEMIC_PERSISTENT_HIGH,Programme review,synthetic_demo,"{'intervention_success_probability': 0.5432, 'opportunity_band': 'medium', 'model': 'intervention-opportunity-logistic-v1'}"
CANONICAL_000529,CANONICAL_000529,OULAD_000529,BEHAVIOR_000529,EMOTIONAL_000529,OULAD_COHORT_2026_01,"[0.25, 0.22, 0.16, 0.08]",0.08,0.14500000000000002,0.22,-0.04999999999999999,1.0,1.0,3,3,stable_low,Academic risk remained comparatively low and stable.,0.496,P2,High,ACADEMIC_STABLE_LOW,Routine monitoring,synthetic_demo,"{'intervention_success_probability': 0.527, 'opportunity_band': 'medium', 'model': 'intervention-opportunity-logistic-v1'}"
CANONICAL_000530,CANONICAL_000530,OULAD_000530,BEHAVIOR_000530,EMOTIONAL_000530,OULAD_COHORT_2026_01,"[0.24, 0.4, 0.44, 0.44]",0.44,0.655,0.88,0.08999999999999997,2.0,1.0,3,3,unstable,Academic risk changed without a single dominant trajectory pattern.,0.588,P2,High,ACADEMIC_UNSTABLE,Human review of conflicting evidence,synthetic_demo,"{'intervention_success_probability': 0.4849, 'opportunity_band': 'medium', 'model': 'intervention-opportunity-logistic-v1'}"
CANONICAL_000531,CANONICAL_000531,OULAD_000531,BEHAVIOR_000531,EMOTIONAL_000531,OULAD_COHORT_2026_01,"[0.28, 0.38, 0.32, 0.28]",0.28,0.23249999999999998,0.35,0.11999999999999997,1.0,1.0,3,3,stable_low,Academic risk remained comparatively low and stable.,0.536,P2,High,ACADEMIC_STABLE_LOW,Routine monitoring,synthetic_demo,"{'intervention_success_probability': 0.4998, 'opportunity_band': 'medium', 'model': 'intervention-opportunity-logistic-v1'}"
CANONICAL_000532,CANONICAL_000532,OULAD_000532,BEHAVIOR_000532,EMOTIONAL_000532,OULAD_COHORT_2026_01,"[0.27, 0.43, 0.64, 0.73]",0.73,0.565,0.62,0.11999999999999994,4.0,1.0,3,3,rapidly_escalating,Academic risk increased substantially across the observation window.,0.681,P1,High,ACADEMIC_RAPIDLY_ESCALATING,Academic advisor check-in,synthetic_demo,"{'intervention_success_probability': 0.4553, 'opportunity_band': 'medium', 'model': 'intervention-opportunity-logistic-v1'}"
CANONICAL_000533,CANONICAL_000533,OULAD_000533,BEHAVIOR_000533,EMOTIONAL_000533,OULAD_COHORT_2026_01,"[0.23, 0.2, 0.19, 0.31]",0.31,0.3875,0.45,-0.020000000000000018,0.0,1.0,3,3,stable_low,Academic risk remained comparatively low and stable.,0.562,P2,High,ACADEMIC_STABLE_LOW,Routine monitoring,synthetic_demo,"{'intervention_success_probability': 0.4825, 'opportunity_band': 'medium', 'model': 'intervention-opportunity-logistic-v1'}"
CANONICAL_000534,CANONICAL_000534,OULAD_000534,BEHAVIOR_000534,EMOTIONAL_000534,OULAD_COHORT_2026_01,"[0.43, 0.46, 0.53, 0.43]",0.43,0.7475,0.79,-0.020000000000000018,2.0,1.0,3,3,unstable,Academic risk changed without a single dominant trajectory pattern.,0.566,P2,High,ACADEMIC_UNSTABLE,Human review of conflicting evidence,synthetic_demo,"{'intervention_success_probability': 0.5667, 'opportunity_band': 'medium', 'model': 'intervention-opportunity-logistic-v1'}"
CANONICAL_000535,CANONICAL_000535,OULAD_000535,BEHAVIOR_000535,EMOTIONAL_000535,OULAD_COHORT_2026_01,"[0.22, 0.03, 0.05, 0.14]",0.14,0.0325,0.13,0.13,1.0,1.0,3,3,stable_low,Academic risk remained comparatively low and stable.,0.509,P2,High,ACADEMIC_STABLE_LOW,Routine monitoring,synthetic_demo,"{'intervention_success_probability': 0.5, 'opportunity_band': 'medium', 'model': 'intervention-opportunity-logistic-v1'}"
CANONICAL_000536,CANONICAL_000536,OULAD_000536,BEHAVIOR_000536,EMOTIONAL_000536,OULAD_COHORT_2026_01,"[0.48, 0.47, 0.4, 0.35]",0.35,0.51,0.62,0.14999999999999997,0.0,1.0,3,3,stable_low,Academic risk remained comparatively low and stable.,0.55,P2,High,ACADEMIC_STABLE_LOW,Routine monitoring,synthetic_demo,"{'intervention_success_probability': 0.5627, 'opportunity_band': 'medium', 'model': 'intervention-opportunity-logistic-v1'}"
CANONICAL_000537,CANONICAL_000537,OULAD_000537,BEHAVIOR_000537,EMOTIONAL_000537,OULAD_COHORT_2026_01,"[0.23, 0.26, 0.13, 0.13]",0.13,0.0,0.0,0.0,0.0,1.0,3,3,stable_low,Academic risk remained comparatively low and stable.,0.506,P2,High,ACADEMIC_STABLE_LOW,Routine monitoring,synthetic_demo,"{'intervention_success_probability': 0.4881, 'opportunity_band': 'medium', 'model': 'intervention-opportunity-logistic-v1'}"
CANONICAL_000538,CANONICAL_000538,OULAD_000538,BEHAVIOR_000538,EMOTIONAL_000538,OULAD_COHORT_2026_01,"[0.43, 0.46, 0.54, 0.57]",0.57,0.59,0.62,0.08999999999999997,2.0,1.0,3,3,unstable,Academic risk changed without a single dominant trajectory pattern.,0.611,P2,High,ACADEMIC_UNSTABLE,Human review of conflicting evidence,synthetic_demo,"{'intervention_success_probability': 0.5229, 'opportunity_band': 'medium', 'model': 'intervention-opportunity-logistic-v1'}"
CANONICAL_000539,CANONICAL_000539,OULAD_000539,BEHAVIOR_000539,EMOTIONAL_000539,OULAD_COHORT_2026_01,"[0.39, 0.4, 0.55, 0.71]",0.71,0.745,0.85,-0.07999999999999996,0.0,1.0,3,3,rapidly_escalating,Academic risk increased substantially across the observation window.,0.67,P1,High,ACADEMIC_RAPIDLY_ESCALATING,Academic advisor check-in,synthetic_demo,"{'intervention_success_probability': 0.5084, 'opportunity_band': 'medium', 'model': 'intervention-opportunity-logistic-v1'}"
CANONICAL_000540,CANONICAL_000540,OULAD_000540,BEHAVIOR_000540,EMOTIONAL_000540,OULAD_COHORT_2026_01,"[0.21, 0.23, 0.2, 0.13]",0.13,0.1375,0.39,-0.12000000000000001,0.0,1.0,3,3,stable_low,Academic risk remained comparatively low and stable.,0.506,P2,High,ACADEMIC_STABLE_LOW,Routine monitoring,synthetic_demo,"{'intervention_success_probability': 0.5213, 'opportunity_band': 'medium', 'model': 'intervention-opportunity-logistic-v1'}"
CANONICAL_000541,CANONICAL_000541,OULAD_000541,BEHAVIOR_000541,EMOTIONAL_000541,OULAD_COHORT_2026_01,"[0.09, 0.0, 0.0, 0.09]",0.09,0.29250000000000004,0.46,-0.29000000000000004,4.0,1.0,3,3,stable_low,Academic risk remained comparatively low and stable.,0.507,P2,High,ACADEMIC_STABLE_LOW,Routine monitoring,synthetic_demo,"{'intervention_success_probability': 0.4475, 'opportunity_band': 'medium', 'model': 'intervention-opportunity-logistic-v1'}"
CANONICAL_000542,CANONICAL_000542,OULAD_000542,BEHAVIOR_000542,EMOTIONAL_000542,OULAD_COHORT_2026_01,"[0.6, 0.64, 0.64, 0.56]",0.56,0.5075000000000001,0.63,0.06000000000000005,2.0,1.0,3,3,unstable,Academic risk changed without a single dominant trajectory pattern.,0.592,P2,High,ACADEMIC_UNSTABLE,Human review of conflicting evidence,synthetic_demo,"{'intervention_success_probability': 0.5678, 'opportunity_band': 'medium', 'model': 'intervention-opportunity-logistic-v1'}"
CANONICAL_000543,CANONICAL_000543,OULAD_000543,BEHAVIOR_000543,EMOTIONAL_000543,OULAD_COHORT_2026_01,"[0.23, 0.29, 0.23, 0.15]",0.15,0.5075000000000001,0.68,-0.08999999999999997,0.0,1.0,3,3,stable_low,Academic risk remained comparatively low and stable.,0.51,P2,High,ACADEMIC_STABLE_LOW,Routine monitoring,synthetic_demo,"{'intervention_success_probability': 0.5291, 'opportunity_band': 'medium', 'model': 'intervention-opportunity-logistic-v1'}"
CANONICAL_000544,CANONICAL_000544,OULAD_000544,BEHAVIOR_000544,EMOTIONAL_000544,OULAD_COHORT_2026_01,"[0.3, 0.43, 0.4, 0.42]",0.42,0.445,0.64,0.21000000000000002,1.0,1.0,3,3,unstable,Academic risk changed without a single dominant trajectory pattern.,0.578,P2,High,ACADEMIC_UNSTABLE,Human review of conflicting evidence,synthetic_demo,"{'intervention_success_probability': 0.4878, 'opportunity_band': 'medium', 'model': 'intervention-opportunity-logistic-v1'}"
CANONICAL_000545,CANONICAL_000545,OULAD_000545,BEHAVIOR_000545,EMOTIONAL_000545,OULAD_COHORT_2026_01,"[0.16, 0.21, 0.28, 0.3]",0.3,0.875,0.96,-0.010000000000000009,1.0,1.0,3,3,stable_low,Academic risk remained comparatively low and stable.,0.556,P2,High,ACADEMIC_STABLE_LOW,Routine monitoring,synthetic_demo,"{'intervention_success_probability': 0.5041, 'opportunity_band': 'medium', 'model': 'intervention-opportunity-logistic-v1'}"
CANONICAL_000546,CANONICAL_000546,OULAD_000546,BEHAVIOR_000546,EMOTIONAL_000546,OULAD_COHORT_2026_01,"[0.18, 0.19, 0.21, 0.0]",0.0,0.145,0.32,0.009999999999999995,3.0,1.0,3,3,stable_low,Academic risk remained comparatively low and stable.,0.48,P2,High,ACADEMIC_STABLE_LOW,Routine monitoring,synthetic_demo,"{'intervention_success_probability': 0.5411, 'opportunity_band': 'medium', 'model': 'intervention-opportunity-logistic-v1'}"
CANONICAL_000547,CANONICAL_000547,OULAD_000547,BEHAVIOR_000547,EMOTIONAL_000547,OULAD_COHORT_2026_01,"[0.48, 0.59, 0.54, 0.65]",0.65,0.4125,0.46,0.030000000000000027,2.0,1.0,3,3,late_emerging,Elevated academic risk emerged later in the observation window.,0.638,P1,High,ACADEMIC_LATE_EMERGING,Academic advisor review,synthetic_demo,"{'intervention_success_probability': 0.4754, 'opportunity_band': 'medium', 'model': 'intervention-opportunity-logistic-v1'}"
CANONICAL_000548,CANONICAL_000548,OULAD_000548,BEHAVIOR_000548,EMOTIONAL_000548,OULAD_COHORT_2026_01,"[0.53, 0.36, 0.42, 0.27]",0.27,0.265,0.34,-0.12,3.0,1.0,3,3,improving,Academic risk decreased across the observation window.,0.534,P2,High,ACADEMIC_IMPROVING,Recognition and light-touch follow-up,synthetic_demo,"{'intervention_success_probability': 0.603, 'opportunity_band': 'medium', 'model': 'intervention-opportunity-logistic-v1'}"
CANONICAL_000549,CANONICAL_000549,OULAD_000549,BEHAVIOR_000549,EMOTIONAL_000549,OULAD_COHORT_2026_01,"[0.36, 0.34, 0.41, 0.42]",0.42,0.27749999999999997,0.42,0.11000000000000001,0.0,1.0,3,3,unstable,Academic risk changed without a single dominant trajectory pattern.,0.571,P2,High,ACADEMIC_UNSTABLE,Human review of conflicting evidence,synthetic_demo,"{'intervention_success_probability': 0.535, 'opportunity_band': 'medium', 'model': 'intervention-opportunity-logistic-v1'}"
CANONICAL_000550,CANONICAL_000550,OULAD_000550,BEHAVIOR_000550,EMOTIONAL_000550,OULAD_COHORT_2026_01,"[0.25, 0.21, 0.2, 0.33]",0.33,0.3775,0.44,0.15999999999999998,2.0,1.0,3,3,stable_low,Academic risk remained comparatively low and stable.,0.567,P2,High,ACADEMIC_STABLE_LOW,Routine monitoring,synthetic_demo,"{'intervention_success_probability': 0.4663, 'opportunity_band': 'medium', 'model': 'intervention-opportunity-logistic-v1'}"
CANONICAL_000551,CANONICAL_000551,OULAD_000551,BEHAVIOR_000551,EMOTIONAL_000551,OULAD_COHORT_2026_01,"[0.38, 0.4, 0.43, 0.63]",0.63,0.4,0.55,0.14000000000000007,0.0,1.0,3,3,late_emerging,Elevated academic risk emerged later in the observation window.,0.651,P1,High,ACADEMIC_LATE_EMERGING,Academic advisor review,synthetic_demo,"{'intervention_success_probability': 0.4727, 'opportunity_band': 'medium', 'model': 'intervention-opportunity-logistic-v1'}"
CANONICAL_000552,CANONICAL_000552,OULAD_000552,BEHAVIOR_000552,EMOTIONAL_000552,OULAD_COHORT_2026_01,"[0.2, 0.04, 0.1, 0.09]",0.09,0.04,0.12,0.0,0.0,1.0,3,3,stable_low,Academic risk remained comparatively low and stable.,0.498,P2,High,ACADEMIC_STABLE_LOW,Routine monitoring,synthetic_demo,"{'intervention_success_probability': 0.5355, 'opportunity_band': 'medium', 'model': 'intervention-opportunity-logistic-v1'}"
CANONICAL_000553,CANONICAL_000553,OULAD_000553,BEHAVIOR_000553,EMOTIONAL_000553,OULAD_COHORT_2026_01,"[0.3, 0.42, 0.48, 0.38]",0.38,0.4525,0.49,0.0,2.0,1.0,3,3,stable_low,Academic risk remained comparatively low and stable.,0.564,P2,High,ACADEMIC_STABLE_LOW,Routine monitoring,synthetic_demo,"{'intervention_success_probability': 0.5257, 'opportunity_band': 'medium', 'model': 'intervention-opportunity-logistic-v1'}"
CANONICAL_000554,CANONICAL_000554,OULAD_000554,BEHAVIOR_000554,EMOTIONAL_000554,OULAD_COHORT_2026_01,"[0.13, 0.13, 0.16, 0.28]",0.28,0.37,0.44,0.050000000000000044,0.0,1.0,3,3,unstable,Academic risk changed without a single dominant trajectory pattern.,0.563,P2,High,ACADEMIC_UNSTABLE,Human review of conflicting evidence,synthetic_demo,"{'intervention_success_probability': 0.4675, 'opportunity_band': 'medium', 'model': 'intervention-opportunity-logistic-v1'}"
CANONICAL_000555,CANONICAL_000555,OULAD_000555,BEHAVIOR_000555,EMOTIONAL_000555,OULAD_COHORT_2026_01,"[0.13, 0.17, 0.31, 0.4]",0.4,0.3275,0.4,0.24000000000000002,1.0,1.0,3,3,unstable,Academic risk changed without a single dominant trajectory pattern.,0.596,P2,High,ACADEMIC_UNSTABLE,Human review of conflicting evidence,synthetic_demo,"{'intervention_success_probability': 0.4695, 'opportunity_band': 'medium', 'model': 'intervention-opportunity-logistic-v1'}"
CANONICAL_000556,CANONICAL_000556,OULAD_000556,BEHAVIOR_000556,EMOTIONAL_000556,OULAD_COHORT_2026_01,"[0.35, 0.39, 0.46, 0.44]",0.44,0.495,0.64,-0.16000000000000003,3.0,1.0,3,3,unstable,Academic risk changed without a single dominant trajectory pattern.,0.577,P2,High,ACADEMIC_UNSTABLE,Human review of conflicting evidence,synthetic_demo,"{'intervention_success_probability': 0.5142, 'opportunity_band': 'medium', 'model': 'intervention-opportunity-logistic-v1'}"
CANONICAL_000557,CANONICAL_000557,OULAD_000557,BEHAVIOR_000557,EMOTIONAL_000557,OULAD_COHORT_2026_01,"[0.32, 0.44, 0.43, 0.4]",0.4,0.095,0.2,0.1,1.0,1.0,3,3,unstable,Academic risk changed without a single dominant trajectory pattern.,0.568,P2,High,ACADEMIC_UNSTABLE,Human review of conflicting evidence,synthetic_demo,"{'intervention_success_probability': 0.4985, 'opportunity_band': 'medium', 'model': 'intervention-opportunity-logistic-v1'}"
CANONICAL_000558,CANONICAL_000558,OULAD_000558,BEHAVIOR_000558,EMOTIONAL_000558,OULAD_COHORT_2026_01,"[0.31, 0.18, 0.17, 0.13]",0.13,0.4075,0.47,0.04999999999999999,0.0,1.0,3,3,stable_low,Academic risk remained comparatively low and stable.,0.506,P2,High,ACADEMIC_STABLE_LOW,Routine monitoring,synthetic_demo,"{'intervention_success_probability': 0.5592, 'opportunity_band': 'medium', 'model': 'intervention-opportunity-logistic-v1'}"
CANONICAL_000559,CANONICAL_000559,OULAD_000559,BEHAVIOR_000559,EMOTIONAL_000559,OULAD_COHORT_2026_01,"[0.23, 0.26, 0.23, 0.22]",0.22,0.125,0.32,-0.18,2.0,1.0,3,3,stable_low,Academic risk remained comparatively low and stable.,0.524,P2,High,ACADEMIC_STABLE_LOW,Routine monitoring,synthetic_demo,"{'intervention_success_probability': 0.4862, 'opportunity_band': 'medium', 'model': 'intervention-opportunity-logistic-v1'}"
CANONICAL_000560,CANONICAL_000560,OULAD_000560,BEHAVIOR_000560,EMOTIONAL_000560,OULAD_COHORT_2026_01,"[0.31, 0.42, 0.49, 0.54]",0.54,0.7999999999999999,0.84,0.010000000000000009,4.0,1.0,3,3,unstable,Academic risk changed without a single dominant trajectory pattern.,0.616,P2,High,ACADEMIC_UNSTABLE,Human review of conflicting evidence,synthetic_demo,"{'intervention_success_probability': 0.4765, 'opportunity_band': 'medium', 'model': 'intervention-opportunity-logistic-v1'}"
CANONICAL_000561,CANONICAL_000561,OULAD_000561,BEHAVIOR_000561,EMOTIONAL_000561,OULAD_COHORT_2026_01,"[0.17, 0.18, 0.15, 0.13]",0.13,0.14500000000000002,0.23,-0.09,2.0,1.0,3,3,stable_low,Academic risk remained comparatively low and stable.,0.506,P2,High,ACADEMIC_STABLE_LOW,Routine monitoring,synthetic_demo,"{'intervention_success_probability': 0.4854, 'opportunity_band': 'medium', 'model': 'intervention-opportunity-logistic-v1'}"
CANONICAL_000562,CANONICAL_000562,OULAD_000562,BEHAVIOR_000562,EMOTIONAL_000562,OULAD_COHORT_2026_01,"[0.04, 0.0, 0.0, 0.0]",0.0,0.195,0.25,0.16999999999999998,1.0,1.0,3,3,stable_low,Academic risk remained comparatively low and stable.,0.48,P2,High,ACADEMIC_STABLE_LOW,Routine monitoring,synthetic_demo,"{'intervention_success_probability': 0.4832, 'opportunity_band': 'medium', 'model': 'intervention-opportunity-logistic-v1'}"
CANONICAL_000563,CANONICAL_000563,OULAD_000563,BEHAVIOR_000563,EMOTIONAL_000563,OULAD_COHORT_2026_01,"[0.28, 0.25, 0.35, 0.42]",0.42,0.4225,0.49,0.06,0.0,1.0,3,3,unstable,Academic risk changed without a single dominant trajectory pattern.,0.585,P2,High,ACADEMIC_UNSTABLE,Human review of conflicting evidence,synthetic_demo,"{'intervention_success_probability': 0.5147, 'opportunity_band': 'medium', 'model': 'intervention-opportunity-logistic-v1'}"
CANONICAL_000564,CANONICAL_000564,OULAD_000564,BEHAVIOR_000564,EMOTIONAL_000564,OULAD_COHORT_2026_01,"[0.09, 0.08, 0.12, 0.02]",0.02,0.0225,0.05,0.05,0.0,1.0,3,3,stable_low,Academic risk remained comparatively low and stable.,0.484,P2,High,ACADEMIC_STABLE_LOW,Routine monitoring,synthetic_demo,"{'intervention_success_probability': 0.5223, 'opportunity_band': 'medium', 'model': 'intervention-opportunity-logistic-v1'}"
CANONICAL_000565,CANONICAL_000565,OULAD_000565,BEHAVIOR_000565,EMOTIONAL_000565,OULAD_COHORT_2026_01,"[0.41, 0.37, 0.49, 0.48]",0.48,0.6225,0.71,0.06999999999999995,2.0,1.0,3,3,unstable,Academic risk changed without a single dominant trajectory pattern.,0.583,P2,High,ACADEMIC_UNSTABLE,Human review of conflicting evidence,synthetic_demo,"{'intervention_success_probability': 0.5484, 'opportunity_band': 'medium', 'model': 'intervention-opportunity-logistic-v1'}"
CANONICAL_000566,CANONICAL_000566,OULAD_000566,BEHAVIOR_000566,EMOTIONAL_000566,OULAD_COHORT_2026_01,"[0.52, 0.52, 0.61, 0.49]",0.49,0.42500000000000004,0.46,-0.020000000000000018,0.0,1.0,3,3,unstable,Academic risk changed without a single dominant trajectory pattern.,0.578,P2,High,ACADEMIC_UNSTABLE,Human review of conflicting evidence,synthetic_demo,"{'intervention_success_probability': 0.5976, 'opportunity_band': 'medium', 'model': 'intervention-opportunity-logistic-v1'}"
CANONICAL_000567,CANONICAL_000567,OULAD_000567,BEHAVIOR_000567,EMOTIONAL_000567,OULAD_COHORT_2026_01,"[0.63, 0.77, 0.7, 0.73]",0.73,0.8825000000000001,0.92,0.040000000000000036,3.0,1.0,3,3,persistent_high,Academic risk remained consistently high.,0.639,P1,High,ACADEMIC_PERSISTENT_HIGH,Programme review,synthetic_demo,"{'intervention_success_probability': 0.5186, 'opportunity_band': 'medium', 'model': 'intervention-opportunity-logistic-v1'}"
CANONICAL_000568,CANONICAL_000568,OULAD_000568,BEHAVIOR_000568,EMOTIONAL_000568,OULAD_COHORT_2026_01,"[0.27, 0.24, 0.26, 0.12]",0.12,0.185,0.23,-0.06,1.0,1.0,3,3,stable_low,Academic risk remained comparatively low and stable.,0.504,P2,High,ACADEMIC_STABLE_LOW,Routine monitoring,synthetic_demo,"{'intervention_success_probability': 0.5558, 'opportunity_band': 'medium', 'model': 'intervention-opportunity-logistic-v1'}"
CANONICAL_000569,CANONICAL_000569,OULAD_000569,BEHAVIOR_000569,EMOTIONAL_000569,OULAD_COHORT_2026_01,"[0.16, 0.14, 0.24, 0.33]",0.33,0.225,0.31,0.15,1.0,1.0,3,3,unstable,Academic risk changed without a single dominant trajectory pattern.,0.572,P2,High,ACADEMIC_UNSTABLE,Human review of conflicting evidence,synthetic_demo,"{'intervention_success_probability': 0.4768, 'opportunity_band': 'medium', 'model': 'intervention-opportunity-logistic-v1'}"
CANONICAL_000570,CANONICAL_000570,OULAD_000570,BEHAVIOR_000570,EMOTIONAL_000570,OULAD_COHORT_2026_01,"[0.3, 0.36, 0.28, 0.2]",0.2,0.2225,0.29,-0.17,2.0,1.0,3,3,stable_low,Academic risk remained comparatively low and stable.,0.52,P2,High,ACADEMIC_STABLE_LOW,Routine monitoring,synthetic_demo,"{'intervention_success_probability': 0.5108, 'opportunity_band': 'medium', 'model': 'intervention-opportunity-logistic-v1'}"
CANONICAL_000571,CANONICAL_000571,OULAD_000571,BEHAVIOR_000571,EMOTIONAL_000571,OULAD_COHORT_2026_01,"[0.25, 0.25, 0.31, 0.19]",0.19,0.4275,0.56,-0.2,2.0,1.0,3,3,stable_low,Academic risk remained comparatively low and stable.,0.518,P2,High,ACADEMIC_STABLE_LOW,Routine monitoring,synthetic_demo,"{'intervention_success_probability': 0.5443, 'opportunity_band': 'medium', 'model': 'intervention-opportunity-logistic-v1'}"
CANONICAL_000572,CANONICAL_000572,OULAD_000572,BEHAVIOR_000572,EMOTIONAL_000572,OULAD_COHORT_2026_01,"[0.28, 0.19, 0.21, 0.2]",0.2,0.12250000000000001,0.28,-0.24000000000000002,2.0,1.0,3,3,stable_low,Academic risk remained comparatively low and stable.,0.52,P2,High,ACADEMIC_STABLE_LOW,Routine monitoring,synthetic_demo,"{'intervention_success_probability': 0.5165, 'opportunity_band': 'medium', 'model': 'intervention-opportunity-logistic-v1'}"
CANONICAL_000573,CANONICAL_000573,OULAD_000573,BEHAVIOR_000573,EMOTIONAL_000573,OULAD_COHORT_2026_01,"[0.47, 0.49, 0.37, 0.52]",0.52,0.33,0.43,-0.07000000000000003,4.0,1.0,3,3,unstable,Academic risk changed without a single dominant trajectory pattern.,0.604,P2,High,ACADEMIC_UNSTABLE,Human review of conflicting evidence,synthetic_demo,"{'intervention_success_probability': 0.4512, 'opportunity_band': 'medium', 'model': 'intervention-opportunity-logistic-v1'}"
CANONICAL_000574,CANONICAL_000574,OULAD_000574,BEHAVIOR_000574,EMOTIONAL_000574,OULAD_COHORT_2026_01,"[0.22, 0.23, 0.26, 0.34]",0.34,0.6675,0.89,-0.33999999999999997,4.0,1.0,3,3,stable_low,Academic risk remained comparatively low and stable.,0.568,P2,High,ACADEMIC_STABLE_LOW,Routine monitoring,synthetic_demo,"{'intervention_success_probability': 0.4647, 'opportunity_band': 'medium', 'model': 'intervention-opportunity-logistic-v1'}"
CANONICAL_000575,CANONICAL_000575,OULAD_000575,BEHAVIOR_000575,EMOTIONAL_000575,OULAD_COHORT_2026_01,"[0.25, 0.35, 0.3, 0.17]",0.17,0.4325,0.49,0.010000000000000009,4.0,1.0,3,3,stable_low,Academic risk remained comparatively low and stable.,0.514,P2,High,ACADEMIC_STABLE_LOW,Routine monitoring,synthetic_demo,"{'intervention_success_probability': 0.505, 'opportunity_band': 'medium', 'model': 'intervention-opportunity-logistic-v1'}"
CANONICAL_000576,CANONICAL_000576,OULAD_000576,BEHAVIOR_000576,EMOTIONAL_000576,OULAD_COHORT_2026_01,"[0.13, 0.08, 0.0, 0.0]",0.0,0.015,0.06,-0.06,3.0,1.0,3,3,stable_low,Academic risk remained comparatively low and stable.,0.48,P2,High,ACADEMIC_STABLE_LOW,Routine monitoring,synthetic_demo,"{'intervention_success_probability': 0.4674, 'opportunity_band': 'medium', 'model': 'intervention-opportunity-logistic-v1'}"
CANONICAL_000577,CANONICAL_000577,OULAD_000577,BEHAVIOR_000577,EMOTIONAL_000577,OULAD_COHORT_2026_01,"[0.26, 0.36, 0.38, 0.37]",0.37,0.2625,0.32,-0.03,2.0,1.0,3,3,stable_low,Academic risk remained comparatively low and stable.,0.565,P2,High,ACADEMIC_STABLE_LOW,Routine monitoring,synthetic_demo,"{'intervention_success_probability': 0.4869, 'opportunity_band': 'medium', 'model': 'intervention-opportunity-logistic-v1'}"
CANONICAL_000578,CANONICAL_000578,OULAD_000578,BEHAVIOR_000578,EMOTIONAL_000578,OULAD_COHORT_2026_01,"[0.58, 0.59, 0.45, 0.65]",0.65,0.545,0.73,0.31,2.0,1.0,3,3,unstable,Academic risk changed without a single dominant trajectory pattern.,0.637,P1,High,ACADEMIC_UNSTABLE,Human review of conflicting evidence,synthetic_demo,"{'intervention_success_probability': 0.4735, 'opportunity_band': 'medium', 'model': 'intervention-opportunity-logistic-v1'}"
CANONICAL_000579,CANONICAL_000579,OULAD_000579,BEHAVIOR_000579,EMOTIONAL_000579,OULAD_COHORT_2026_01,"[0.17, 0.11, 0.07, 0.02]",0.02,0.0125,0.05,0.05,0.0,1.0,3,3,stable_low,Academic risk remained comparatively low and stable.,0.484,P2,High,ACADEMIC_STABLE_LOW,Routine monitoring,synthetic_demo,"{'intervention_success_probability': 0.5185, 'opportunity_band': 'medium', 'model': 'intervention-opportunity-logistic-v1'}"
CANONICAL_000580,CANONICAL_000580,OULAD_000580,BEHAVIOR_000580,EMOTIONAL_000580,OULAD_COHORT_2026_01,"[0.44, 0.36, 0.58, 0.53]",0.53,0.6125,0.79,-0.18999999999999995,0.0,1.0,3,3,unstable,Academic risk changed without a single dominant trajectory pattern.,0.595,P2,High,ACADEMIC_UNSTABLE,Human review of conflicting evidence,synthetic_demo,"{'intervention_success_probability': 0.5953, 'opportunity_band': 'medium', 'model': 'intervention-opportunity-logistic-v1'}"
CANONICAL_000581,CANONICAL_000581,OULAD_000581,BEHAVIOR_000581,EMOTIONAL_000581,OULAD_COHORT_2026_01,"[0.24, 0.41, 0.49, 0.63]",0.63,0.8125,0.86,-0.17000000000000004,0.0,1.0,3,3,late_emerging,Elevated academic risk emerged later in the observation window.,0.659,P1,High,ACADEMIC_LATE_EMERGING,Academic advisor review,synthetic_demo,"{'intervention_success_probability': 0.4651, 'opportunity_band': 'medium', 'model': 'intervention-opportunity-logistic-v1'}"
CANONICAL_000582,CANONICAL_000582,OULAD_000582,BEHAVIOR_000582,EMOTIONAL_000582,OULAD_COHORT_2026_01,"[0.45, 0.45, 0.4, 0.44]",0.44,0.5499999999999999,0.69,-0.08000000000000002,0.0,1.0,3,3,unstable,Academic risk changed without a single dominant trajectory pattern.,0.571,P2,High,ACADEMIC_UNSTABLE,Human review of conflicting evidence,synthetic_demo,"{'intervention_success_probability': 0.5324, 'opportunity_band': 'medium', 'model': 'intervention-opportunity-logistic-v1'}"
CANONICAL_000583,CANONICAL_000583,OULAD_000583,BEHAVIOR_000583,EMOTIONAL_000583,OULAD_COHORT_2026_01,"[0.42, 0.51, 0.65, 0.75]",0.75,0.625,0.72,0.030000000000000027,1.0,1.0,3,3,rapidly_escalating,Academic risk increased substantially across the observation window.,0.673,P1,High,ACADEMIC_RAPIDLY_ESCALATING,Academic advisor check-in,synthetic_demo,"{'intervention_success_probability': 0.5047, 'opportunity_band': 'medium', 'model': 'intervention-opportunity-logistic-v1'}"
CANONICAL_000584,CANONICAL_000584,OULAD_000584,BEHAVIOR_000584,EMOTIONAL_000584,OULAD_COHORT_2026_01,"[0.12, 0.01, 0.0, 0.0]",0.0,0.04,0.09,0.09,0.0,1.0,3,3,stable_low,Academic risk remained comparatively low and stable.,0.48,P2,High,ACADEMIC_STABLE_LOW,Routine monitoring,synthetic_demo,"{'intervention_success_probability': 0.5081, 'opportunity_band': 'medium', 'model': 'intervention-opportunity-logistic-v1'}"
CANONICAL_000585,CANONICAL_000585,OULAD_000585,BEHAVIOR_000585,EMOTIONAL_000585,OULAD_COHORT_2026_01,"[0.41, 0.64, 0.62, 0.63]",0.63,0.3175,0.38,-0.15,3.0,1.0,3,3,late_emerging,Elevated academic risk emerged later in the observation window.,0.629,P1,High,ACADEMIC_LATE_EMERGING,Academic advisor review,synthetic_demo,"{'intervention_success_probability': 0.4686, 'opportunity_band': 'medium', 'model': 'intervention-opportunity-logistic-v1'}"
CANONICAL_000586,CANONICAL_000586,OULAD_000586,BEHAVIOR_000586,EMOTIONAL_000586,OULAD_COHORT_2026_01,"[0.09, 0.18, 0.11, 0.23]",0.23,0.2425,0.3,-0.06,3.0,1.0,3,3,stable_low,Academic risk remained comparatively low and stable.,0.552,P2,High,ACADEMIC_STABLE_LOW,Routine monitoring,synthetic_demo,"{'intervention_success_probability': 0.4106, 'opportunity_band': 'medium', 'model': 'intervention-opportunity-logistic-v1'}"
CANONICAL_000587,CANONICAL_000587,OULAD_000587,BEHAVIOR_000587,EMOTIONAL_000587,OULAD_COHORT_2026_01,"[0.1, 0.1, 0.14, 0.15]",0.15,0.0575,0.22,0.22,0.0,1.0,3,3,stable_low,Academic risk remained comparatively low and stable.,0.516,P2,High,ACADEMIC_STABLE_LOW,Routine monitoring,synthetic_demo,"{'intervention_success_probability': 0.489, 'opportunity_band': 'medium', 'model': 'intervention-opportunity-logistic-v1'}"
CANONICAL_000588,CANONICAL_000588,OULAD_000588,BEHAVIOR_000588,EMOTIONAL_000588,OULAD_COHORT_2026_01,"[0.23, 0.22, 0.35, 0.46]",0.46,0.35250000000000004,0.4,0.040000000000000036,0.0,1.0,3,3,unstable,Academic risk changed without a single dominant trajectory pattern.,0.606,P2,High,ACADEMIC_UNSTABLE,Human review of conflicting evidence,synthetic_demo,"{'intervention_success_probability': 0.4929, 'opportunity_band': 'medium', 'model': 'intervention-opportunity-logistic-v1'}"
CANONICAL_000589,CANONICAL_000589,OULAD_000589,BEHAVIOR_000589,EMOTIONAL_000589,OULAD_COHORT_2026_01,"[0.55, 0.63, 0.57, 0.62]",0.62,0.535,0.66,-0.15000000000000002,3.0,1.0,3,3,unstable,Academic risk changed without a single dominant trajectory pattern.,0.616,P2,High,ACADEMIC_UNSTABLE,Human review of conflicting evidence,synthetic_demo,"{'intervention_success_probability': 0.5023, 'opportunity_band': 'medium', 'model': 'intervention-opportunity-logistic-v1'}"
CANONICAL_000590,CANONICAL_000590,OULAD_000590,BEHAVIOR_000590,EMOTIONAL_000590,OULAD_COHORT_2026_01,"[0.35, 0.43, 0.28, 0.22]",0.22,0.28,0.32,-0.08000000000000002,3.0,1.0,3,3,stable_low,Academic risk remained comparatively low and stable.,0.524,P2,High,ACADEMIC_STABLE_LOW,Routine monitoring,synthetic_demo,"{'intervention_success_probability': 0.4952, 'opportunity_band': 'medium', 'model': 'intervention-opportunity-logistic-v1'}"
CANONICAL_000591,CANONICAL_000591,OULAD_000591,BEHAVIOR_000591,EMOTIONAL_000591,OULAD_COHORT_2026_01,"[0.14, 0.17, 0.28, 0.3]",0.3,0.245,0.42,-0.21,4.0,1.0,3,3,unstable,Academic risk changed without a single dominant trajectory pattern.,0.558,P2,High,ACADEMIC_UNSTABLE,Human review of conflicting evidence,synthetic_demo,"{'intervention_success_probability': 0.4635, 'opportunity_band': 'medium', 'model': 'intervention-opportunity-logistic-v1'}"
CANONICAL_000592,CANONICAL_000592,OULAD_000592,BEHAVIOR_000592,EMOTIONAL_000592,OULAD_COHORT_2026_01,"[0.05, 0.07, 0.22, 0.32]",0.32,0.3525,0.61,0.18,4.0,1.0,3,3,unstable,Academic risk changed without a single dominant trajectory pattern.,0.581,P2,High,ACADEMIC_UNSTABLE,Human review of conflicting evidence,synthetic_demo,"{'intervention_success_probability': 0.4356, 'opportunity_band': 'medium', 'model': 'intervention-opportunity-logistic-v1'}"
CANONICAL_000593,CANONICAL_000593,OULAD_000593,BEHAVIOR_000593,EMOTIONAL_000593,OULAD_COHORT_2026_01,"[0.38, 0.45, 0.31, 0.38]",0.38,0.29000000000000004,0.44,0.02999999999999997,4.0,1.0,3,3,stable_low,Academic risk remained comparatively low and stable.,0.563,P2,High,ACADEMIC_STABLE_LOW,Routine monitoring,synthetic_demo,"{'intervention_success_probability': 0.4532, 'opportunity_band': 'medium', 'model': 'intervention-opportunity-logistic-v1'}"
CANONICAL_000594,CANONICAL_000594,OULAD_000594,BEHAVIOR_000594,EMOTIONAL_000594,OULAD_COHORT_2026_01,"[0.28, 0.16, 0.22, 0.23]",0.23,0.325,0.39,0.040000000000000036,1.0,1.0,3,3,stable_low,Academic risk remained comparatively low and stable.,0.526,P2,High,ACADEMIC_STABLE_LOW,Routine monitoring,synthetic_demo,"{'intervention_success_probability': 0.5332, 'opportunity_band': 'medium', 'model': 'intervention-opportunity-logistic-v1'}"
CANONICAL_000595,CANONICAL_000595,OULAD_000595,BEHAVIOR_000595,EMOTIONAL_000595,OULAD_COHORT_2026_01,"[0.31, 0.3, 0.34, 0.2]",0.2,0.39,0.54,0.25000000000000006,0.0,1.0,3,3,stable_low,Academic risk remained comparatively low and stable.,0.52,P2,High,ACADEMIC_STABLE_LOW,Routine monitoring,synthetic_demo,"{'intervention_success_probability': 0.5738, 'opportunity_band': 'medium', 'model': 'intervention-opportunity-logistic-v1'}"
CANONICAL_000596,CANONICAL_000596,OULAD_000596,BEHAVIOR_000596,EMOTIONAL_000596,OULAD_COHORT_2026_01,"[0.34, 0.23, 0.19, 0.06]",0.06,0.22,0.36,-0.13,2.0,1.0,3,3,improving,Academic risk decreased across the observation window.,0.492,P2,High,ACADEMIC_IMPROVING,Recognition and light-touch follow-up,synthetic_demo,"{'intervention_success_probability': 0.5624, 'opportunity_band': 'medium', 'model': 'intervention-opportunity-logistic-v1'}"
CANONICAL_000597,CANONICAL_000597,OULAD_000597,BEHAVIOR_000597,EMOTIONAL_000597,OULAD_COHORT_2026_01,"[0.48, 0.54, 0.45, 0.35]",0.35,0.375,0.45,-0.19,0.0,1.0,3,3,stable_low,Academic risk remained comparatively low and stable.,0.55,P2,High,ACADEMIC_STABLE_LOW,Routine monitoring,synthetic_demo,"{'intervention_success_probability': 0.5609, 'opportunity_band': 'medium', 'model': 'intervention-opportunity-logistic-v1'}"
CANONICAL_000598,CANONICAL_000598,OULAD_000598,BEHAVIOR_000598,EMOTIONAL_000598,OULAD_COHORT_2026_01,"[0.26, 0.22, 0.32, 0.3]",0.3,0.3375,0.48,-0.08999999999999997,3.0,1.0,3,3,stable_low,Academic risk remained comparatively low and stable.,0.544,P2,High,ACADEMIC_STABLE_LOW,Routine monitoring,synthetic_demo,"{'intervention_success_probability': 0.5134, 'opportunity_band': 'medium', 'model': 'intervention-opportunity-logistic-v1'}"
CANONICAL_000599,CANONICAL_000599,OULAD_000599,BEHAVIOR_000599,EMOTIONAL_000599,OULAD_COHORT_2026_01,"[0.5, 0.4, 0.43, 0.42]",0.42,0.31,0.36,-0.03999999999999998,1.0,1.0,3,3,unstable,Academic risk changed without a single dominant trajectory pattern.,0.564,P2,High,ACADEMIC_UNSTABLE,Human review of conflicting evidence,synthetic_demo,"{'intervention_success_probability': 0.5614, 'opportunity_band': 'medium', 'model': 'intervention-opportunity-logistic-v1'}"
CANONICAL_000600,CANONICAL_000600,OULAD_000600,BEHAVIOR_000600,EMOTIONAL_000600,OULAD_COHORT_2026_01,"[0.15, 0.11, 0.15, 0.05]",0.05,0.0,0.0,0.0,2.0,1.0,3,3,stable_low,Academic risk remained comparatively low and stable.,0.49,P2,High,ACADEMIC_STABLE_LOW,Routine monitoring,synthetic_demo,"{'intervention_success_probability': 0.5172, 'opportunity_band': 'medium', 'model': 'intervention-opportunity-logistic-v1'}"
CANONICAL_000601,CANONICAL_000601,OULAD_000601,BEHAVIOR_000601,EMOTIONAL_000601,OULAD_COHORT_2026_01,"[0.06, 0.1, 0.07, 0.17]",0.17,0.065,0.21,-0.05,0.0,1.0,3,3,stable_low,Academic risk remained comparatively low and stable.,0.535,P2,High,ACADEMIC_STABLE_LOW,Routine monitoring,synthetic_demo,"{'intervention_success_probability': 0.444, 'opportunity_band': 'medium', 'model': 'intervention-opportunity-logistic-v1'}"
CANONICAL_000602,CANONICAL_000602,OULAD_000602,BEHAVIOR_000602,EMOTIONAL_000602,OULAD_COHORT_2026_01,"[0.45, 0.45, 0.41, 0.33]",0.33,0.28500000000000003,0.44,-0.18,1.0,1.0,3,3,stable_low,Academic risk remained comparatively low and stable.,0.546,P2,High,ACADEMIC_STABLE_LOW,Routine monitoring,synthetic_demo,"{'intervention_success_probability': 0.5537, 'opportunity_band': 'medium', 'model': 'intervention-opportunity-logistic-v1'}"
CANONICAL_000603,CANONICAL_000603,OULAD_000603,BEHAVIOR_000603,EMOTIONAL_000603,OULAD_COHORT_2026_01,"[0.11, 0.04, 0.0, 0.0]",0.0,0.025,0.06,-0.04,1.0,1.0,3,3,stable_low,Academic risk remained comparatively low and stable.,0.48,P2,High,ACADEMIC_STABLE_LOW,Routine monitoring,synthetic_demo,"{'intervention_success_probability': 0.4887, 'opportunity_band': 'medium', 'model': 'intervention-opportunity-logistic-v1'}"
CANONICAL_000604,CANONICAL_000604,OULAD_000604,BEHAVIOR_000604,EMOTIONAL_000604,OULAD_COHORT_2026_01,"[0.3, 0.18, 0.19, 0.21]",0.21,0.5349999999999999,0.73,-0.22999999999999998,4.0,1.0,3,3,stable_low,Academic risk remained comparatively low and stable.,0.522,P2,High,ACADEMIC_STABLE_LOW,Routine monitoring,synthetic_demo,"{'intervention_success_probability': 0.5093, 'opportunity_band': 'medium', 'model': 'intervention-opportunity-logistic-v1'}"
CANONICAL_000605,CANONICAL_000605,OULAD_000605,BEHAVIOR_000605,EMOTIONAL_000605,OULAD_COHORT_2026_01,"[0.54, 0.56, 0.7, 0.8]",0.8,0.9325,0.99,-0.17000000000000004,0.0,1.0,3,3,rapidly_escalating,Academic risk increased substantially across the observation window.,0.676,P1,High,ACADEMIC_RAPIDLY_ESCALATING,Academic advisor check-in,synthetic_demo,"{'intervention_success_probability': 0.5494, 'opportunity_band': 'medium', 'model': 'intervention-opportunity-logistic-v1'}"
CANONICAL_000606,CANONICAL_000606,OULAD_000606,BEHAVIOR_000606,EMOTIONAL_000606,OULAD_COHORT_2026_01,"[0.07, 0.04, 0.0, 0.18]",0.18,0.08750000000000001,0.13,-0.07,4.0,1.0,3,3,stable_low,Academic risk remained comparatively low and stable.,0.545,P2,High,ACADEMIC_STABLE_LOW,Routine monitoring,synthetic_demo,"{'intervention_success_probability': 0.3989, 'opportunity_band': 'low', 'model': 'intervention-opportunity-logistic-v1'}"
CANONICAL_000607,CANONICAL_000607,OULAD_000607,BEHAVIOR_000607,EMOTIONAL_000607,OULAD_COHORT_2026_01,"[0.34, 0.34, 0.23, 0.3]",0.3,0.2475,0.35,-0.08999999999999997,3.0,1.0,3,3,stable_low,Academic risk remained comparatively low and stable.,0.543,P2,High,ACADEMIC_STABLE_LOW,Routine monitoring,synthetic_demo,"{'intervention_success_probability': 0.4692, 'opportunity_band': 'medium', 'model': 'intervention-opportunity-logistic-v1'}"
CANONICAL_000608,CANONICAL_000608,OULAD_000608,BEHAVIOR_000608,EMOTIONAL_000608,OULAD_COHORT_2026_01,"[0.06, 0.07, 0.12, 0.27]",0.27,0.315,0.41,-0.08999999999999997,2.0,1.0,3,3,unstable,Academic risk changed without a single dominant trajectory pattern.,0.57,P2,High,ACADEMIC_UNSTABLE,Human review of conflicting evidence,synthetic_demo,"{'intervention_success_probability': 0.4308, 'opportunity_band': 'medium', 'model': 'intervention-opportunity-logistic-v1'}"
CANONICAL_000609,CANONICAL_000609,OULAD_000609,BEHAVIOR_000609,EMOTIONAL_000609,OULAD_COHORT_2026_01,"[0.27, 0.32, 0.39, 0.31]",0.31,0.5675,0.69,-0.020000000000000018,2.0,1.0,3,3,stable_low,Academic risk remained comparatively low and stable.,0.546,P2,High,ACADEMIC_STABLE_LOW,Routine monitoring,synthetic_demo,"{'intervention_success_probability': 0.5314, 'opportunity_band': 'medium', 'model': 'intervention-opportunity-logistic-v1'}"
CANONICAL_000610,CANONICAL_000610,OULAD_000610,BEHAVIOR_000610,EMOTIONAL_000610,OULAD_COHORT_2026_01,"[0.01, 0.1, 0.08, 0.27]",0.27,0.115,0.17,0.06,2.0,1.0,3,3,unstable,Academic risk changed without a single dominant trajectory pattern.,0.579,P2,High,ACADEMIC_UNSTABLE,Human review of conflicting evidence,synthetic_demo,"{'intervention_success_probability': 0.3884, 'opportunity_band': 'low', 'model': 'intervention-opportunity-logistic-v1'}"
CANONICAL_000611,CANONICAL_000611,OULAD_000611,BEHAVIOR_000611,EMOTIONAL_000611,OULAD_COHORT_2026_01,"[0.09, 0.12, 0.12, 0.0]",0.0,0.0325,0.13,0.0,0.0,1.0,3,3,stable_low,Academic risk remained comparatively low and stable.,0.48,P2,High,ACADEMIC_STABLE_LOW,Routine monitoring,synthetic_demo,"{'intervention_success_probability': 0.5189, 'opportunity_band': 'medium', 'model': 'intervention-opportunity-logistic-v1'}"
CANONICAL_000612,CANONICAL_000612,OULAD_000612,BEHAVIOR_000612,EMOTIONAL_000612,OULAD_COHORT_2026_01,"[0.16, 0.16, 0.2, 0.18]",0.18,0.0175,0.07,-0.07,0.0,1.0,3,3,stable_low,Academic risk remained comparatively low and stable.,0.518,P2,High,ACADEMIC_STABLE_LOW,Routine monitoring,synthetic_demo,"{'intervention_success_probability': 0.5048, 'opportunity_band': 'medium', 'model': 'intervention-opportunity-logistic-v1'}"
CANONICAL_000613,CANONICAL_000613,OULAD_000613,BEHAVIOR_000613,EMOTIONAL_000613,OULAD_COHORT_2026_01,"[0.06, 0.08, 0.09, 0.15]",0.15,0.095,0.27,0.27,3.0,1.0,3,3,stable_low,Academic risk remained comparatively low and stable.,0.525,P2,High,ACADEMIC_STABLE_LOW,Routine monitoring,synthetic_demo,"{'intervention_success_probability': 0.4383, 'opportunity_band': 'medium', 'model': 'intervention-opportunity-logistic-v1'}"
CANONICAL_000614,CANONICAL_000614,OULAD_000614,BEHAVIOR_000614,EMOTIONAL_000614,OULAD_COHORT_2026_01,"[0.36, 0.36, 0.46, 0.35]",0.35,0.36,0.39,-0.04999999999999999,2.0,1.0,3,3,stable_low,Academic risk remained comparatively low and stable.,0.55,P2,High,ACADEMIC_STABLE_LOW,Routine monitoring,synthetic_demo,"{'intervention_success_probability': 0.5566, 'opportunity_band': 'medium', 'model': 'intervention-opportunity-logistic-v1'}"
CANONICAL_000615,CANONICAL_000615,OULAD_000615,BEHAVIOR_000615,EMOTIONAL_000615,OULAD_COHORT_2026_01,"[0.33, 0.21, 0.43, 0.38]",0.38,0.24,0.36,0.24000000000000002,0.0,1.0,3,3,stable_low,Academic risk remained comparatively low and stable.,0.561,P2,High,ACADEMIC_STABLE_LOW,Routine monitoring,synthetic_demo,"{'intervention_success_probability': 0.5769, 'opportunity_band': 'medium', 'model': 'intervention-opportunity-logistic-v1'}"
CANONICAL_000616,CANONICAL_000616,OULAD_000616,BEHAVIOR_000616,EMOTIONAL_000616,OULAD_COHORT_2026_01,"[0.55, 0.66, 0.54, 0.48]",0.48,0.4275,0.67,0.16999999999999998,2.0,1.0,3,3,unstable,Academic risk changed without a single dominant trajectory pattern.,0.576,P2,High,ACADEMIC_UNSTABLE,Human review of conflicting evidence,synthetic_demo,"{'intervention_success_probability': 0.5317, 'opportunity_band': 'medium', 'model': 'intervention-opportunity-logistic-v1'}"
CANONICAL_000617,CANONICAL_000617,OULAD_000617,BEHAVIOR_000617,EMOTIONAL_000617,OULAD_COHORT_2026_01,"[0.11, 0.2, 0.32, 0.32]",0.32,0.0125,0.05,0.05,1.0,1.0,3,3,unstable,Academic risk changed without a single dominant trajectory pattern.,0.565,P2,High,ACADEMIC_UNSTABLE,Human review of conflicting evidence,synthetic_demo,"{'intervention_success_probability': 0.4753, 'opportunity_band': 'medium', 'model': 'intervention-opportunity-logistic-v1'}"
CANONICAL_000618,CANONICAL_000618,OULAD_000618,BEHAVIOR_000618,EMOTIONAL_000618,OULAD_COHORT_2026_01,"[0.22, 0.4, 0.42, 0.56]",0.56,0.49,0.58,0.19999999999999996,0.0,1.0,3,3,unstable,Academic risk changed without a single dominant trajectory pattern.,0.64,P1,High,ACADEMIC_UNSTABLE,Human review of conflicting evidence,synthetic_demo,"{'intervention_success_probability': 0.4463, 'opportunity_band': 'medium', 'model': 'intervention-opportunity-logistic-v1'}"
CANONICAL_000619,CANONICAL_000619,OULAD_000619,BEHAVIOR_000619,EMOTIONAL_000619,OULAD_COHORT_2026_01,"[0.08, 0.28, 0.41, 0.43]",0.43,0.5625,0.59,-0.04999999999999993,1.0,1.0,3,3,unstable,Academic risk changed without a single dominant trajectory pattern.,0.603,P2,High,ACADEMIC_UNSTABLE,Human review of conflicting evidence,synthetic_demo,"{'intervention_success_probability': 0.4646, 'opportunity_band': 'medium', 'model': 'intervention-opportunity-logistic-v1'}"
CANONICAL_000620,CANONICAL_000620,OULAD_000620,BEHAVIOR_000620,EMOTIONAL_000620,OULAD_COHORT_2026_01,"[0.18, 0.1, 0.18, 0.16]",0.16,0.2225,0.4,0.020000000000000018,0.0,1.0,3,3,stable_low,Academic risk remained comparatively low and stable.,0.512,P2,High,ACADEMIC_STABLE_LOW,Routine monitoring,synthetic_demo,"{'intervention_success_probability': 0.53, 'opportunity_band': 'medium', 'model': 'intervention-opportunity-logistic-v1'}"
CANONICAL_000621,CANONICAL_000621,OULAD_000621,BEHAVIOR_000621,EMOTIONAL_000621,OULAD_COHORT_2026_01,"[0.6, 0.59, 0.61, 0.4]",0.4,0.41000000000000003,0.56,0.16999999999999998,0.0,1.0,3,3,unstable,Academic risk changed without a single dominant trajectory pattern.,0.56,P2,High,ACADEMIC_UNSTABLE,Human review of conflicting evidence,synthetic_demo,"{'intervention_success_probability': 0.6295, 'opportunity_band': 'medium', 'model': 'intervention-opportunity-logistic-v1'}"
CANONICAL_000622,CANONICAL_000622,OULAD_000622,BEHAVIOR_000622,EMOTIONAL_000622,OULAD_COHORT_2026_01,"[0.4, 0.62, 0.7, 0.76]",0.76,1.0,1.0,0.0,1.0,1.0,3,3,rapidly_escalating,Academic risk increased substantially across the observation window.,0.674,P1,High,ACADEMIC_RAPIDLY_ESCALATING,Academic advisor check-in,synthetic_demo,"{'intervention_success_probability': 0.4995, 'opportunity_band': 'medium', 'model': 'intervention-opportunity-logistic-v1'}"
CANONICAL_000623,CANONICAL_000623,OULAD_000623,BEHAVIOR_000623,EMOTIONAL_000623,OULAD_COHORT_2026_01,"[0.11, 0.12, 0.11, 0.19]",0.19,0.0225,0.09,-0.09,1.0,1.0,3,3,stable_low,Academic risk remained comparatively low and stable.,0.534,P2,High,ACADEMIC_STABLE_LOW,Routine monitoring,synthetic_demo,"{'intervention_success_probability': 0.4533, 'opportunity_band': 'medium', 'model': 'intervention-opportunity-logistic-v1'}"
CANONICAL_000624,CANONICAL_000624,OULAD_000624,BEHAVIOR_000624,EMOTIONAL_000624,OULAD_COHORT_2026_01,"[0.03, 0.07, 0.03, 0.0]",0.0,0.095,0.24,0.13,0.0,1.0,3,3,stable_low,Academic risk remained comparatively low and stable.,0.48,P2,High,ACADEMIC_STABLE_LOW,Routine monitoring,synthetic_demo,"{'intervention_success_probability': 0.4802, 'opportunity_band': 'medium', 'model': 'intervention-opportunity-logistic-v1'}"
CANONICAL_000625,CANONICAL_000625,OULAD_000625,BEHAVIOR_000625,EMOTIONAL_000625,OULAD_COHORT_2026_01,"[0.03, 0.0, 0.08, 0.1]",0.1,0.0875,0.2,0.09000000000000001,1.0,1.0,3,3,stable_low,Academic risk remained comparatively low and stable.,0.509,P2,High,ACADEMIC_STABLE_LOW,Routine monitoring,synthetic_demo,"{'intervention_success_probability': 0.4774, 'opportunity_band': 'medium', 'model': 'intervention-opportunity-logistic-v1'}"
CANONICAL_000626,CANONICAL_000626,OULAD_000626,BEHAVIOR_000626,EMOTIONAL_000626,OULAD_COHORT_2026_01,"[0.37, 0.4, 0.35, 0.39]",0.39,0.6225,0.71,-0.28,0.0,1.0,3,3,stable_low,Academic risk remained comparatively low and stable.,0.564,P2,High,ACADEMIC_STABLE_LOW,Routine monitoring,synthetic_demo,"{'intervention_success_probability': 0.5194, 'opportunity_band': 'medium', 'model': 'intervention-opportunity-logistic-v1'}"
CANONICAL_000627,CANONICAL_000627,OULAD_000627,BEHAVIOR_000627,EMOTIONAL_000627,OULAD_COHORT_2026_01,"[0.16, 0.33, 0.41, 0.5]",0.5,0.6025,0.65,-0.05999999999999994,0.0,1.0,3,3,unstable,Academic risk changed without a single dominant trajectory pattern.,0.623,P1,High,ACADEMIC_UNSTABLE,Human review of conflicting evidence,synthetic_demo,"{'intervention_success_probability': 0.4639, 'opportunity_band': 'medium', 'model': 'intervention-opportunity-logistic-v1'}"
CANONICAL_000628,CANONICAL_000628,OULAD_000628,BEHAVIOR_000628,EMOTIONAL_000628,OULAD_COHORT_2026_01,"[0.74, 0.86, 0.88, 0.85]",0.85,0.9625,1.0,0.10999999999999999,0.0,1.0,3,3,persistent_high,Academic risk remained consistently high.,0.661,P1,High,ACADEMIC_PERSISTENT_HIGH,Programme review,synthetic_demo,"{'intervention_success_probability': 0.5893, 'opportunity_band': 'medium', 'model': 'intervention-opportunity-logistic-v1'}"
CANONICAL_000629,CANONICAL_000629,OULAD_000629,BEHAVIOR_000629,EMOTIONAL_000629,OULAD_COHORT_2026_01,"[0.24, 0.21, 0.05, 0.0]",0.0,0.1525,0.21,0.05000000000000002,0.0,1.0,3,3,improving,Academic risk decreased across the observation window.,0.48,P2,High,ACADEMIC_IMPROVING,Recognition and light-touch follow-up,synthetic_demo,"{'intervention_success_probability': 0.5169, 'opportunity_band': 'medium', 'model': 'intervention-opportunity-logistic-v1'}"
CANONICAL_000630,CANONICAL_000630,OULAD_000630,BEHAVIOR_000630,EMOTIONAL_000630,OULAD_COHORT_2026_01,"[0.17, 0.16, 0.13, 0.12]",0.12,0.23,0.28,-0.05000000000000002,0.0,1.0,3,3,stable_low,Academic risk remained comparatively low and stable.,0.504,P2,High,ACADEMIC_STABLE_LOW,Routine monitoring,synthetic_demo,"{'intervention_success_probability': 0.5053, 'opportunity_band': 'medium', 'model': 'intervention-opportunity-logistic-v1'}"
CANONICAL_000631,CANONICAL_000631,OULAD_000631,BEHAVIOR_000631,EMOTIONAL_000631,OULAD_COHORT_2026_01,"[0.08, 0.01, 0.06, 0.18]",0.18,0.23500000000000001,0.38,-0.06,3.0,1.0,3,3,stable_low,Academic risk remained comparatively low and stable.,0.538,P2,High,ACADEMIC_STABLE_LOW,Routine monitoring,synthetic_demo,"{'intervention_success_probability': 0.4446, 'opportunity_band': 'medium', 'model': 'intervention-opportunity-logistic-v1'}"
CANONICAL_000632,CANONICAL_000632,OULAD_000632,BEHAVIOR_000632,EMOTIONAL_000632,OULAD_COHORT_2026_01,"[0.45, 0.4, 0.39, 0.49]",0.49,0.0775,0.21,-0.07,1.0,1.0,3,3,unstable,Academic risk changed without a single dominant trajectory pattern.,0.592,P2,High,ACADEMIC_UNSTABLE,Human review of conflicting evidence,synthetic_demo,"{'intervention_success_probability': 0.5026, 'opportunity_band': 'medium', 'model': 'intervention-opportunity-logistic-v1'}"
CANONICAL_000633,CANONICAL_000633,OULAD_000633,BEHAVIOR_000633,EMOTIONAL_000633,OULAD_COHORT_2026_01,"[0.2, 0.06, 0.0, 0.02]",0.02,0.0,0.0,0.0,0.0,1.0,3,3,stable_low,Academic risk remained comparatively low and stable.,0.484,P2,High,ACADEMIC_STABLE_LOW,Routine monitoring,synthetic_demo,"{'intervention_success_probability': 0.5118, 'opportunity_band': 'medium', 'model': 'intervention-opportunity-logistic-v1'}"
CANONICAL_000634,CANONICAL_000634,OULAD_000634,BEHAVIOR_000634,EMOTIONAL_000634,OULAD_COHORT_2026_01,"[0.26, 0.27, 0.4, 0.5]",0.5,0.47750000000000004,0.62,-0.010000000000000009,0.0,1.0,3,3,unstable,Academic risk changed without a single dominant trajectory pattern.,0.614,P2,High,ACADEMIC_UNSTABLE,Human review of conflicting evidence,synthetic_demo,"{'intervention_success_probability': 0.5004, 'opportunity_band': 'medium', 'model': 'intervention-opportunity-logistic-v1'}"
CANONICAL_000635,CANONICAL_000635,OULAD_000635,BEHAVIOR_000635,EMOTIONAL_000635,OULAD_COHORT_2026_01,"[0.28, 0.42, 0.45, 0.28]",0.28,0.1925,0.38,0.06999999999999999,0.0,1.0,3,3,stable_low,Academic risk remained comparatively low and stable.,0.536,P2,High,ACADEMIC_STABLE_LOW,Routine monitoring,synthetic_demo,"{'intervention_success_probability': 0.5481, 'opportunity_band': 'medium', 'model': 'intervention-opportunity-logistic-v1'}"
CANONICAL_000636,CANONICAL_000636,OULAD_000636,BEHAVIOR_000636,EMOTIONAL_000636,OULAD_COHORT_2026_01,"[0.25, 0.3, 0.35, 0.44]",0.44,0.4225,0.51,0.10999999999999999,2.0,1.0,3,3,unstable,Academic risk changed without a single dominant trajectory pattern.,0.596,P2,High,ACADEMIC_UNSTABLE,Human review of conflicting evidence,synthetic_demo,"{'intervention_success_probability': 0.4702, 'opportunity_band': 'medium', 'model': 'intervention-opportunity-logistic-v1'}"
CANONICAL_000637,CANONICAL_000637,OULAD_000637,BEHAVIOR_000637,EMOTIONAL_000637,OULAD_COHORT_2026_01,"[0.39, 0.52, 0.5, 0.43]",0.43,0.1775,0.22,-0.13,1.0,1.0,3,3,unstable,Academic risk changed without a single dominant trajectory pattern.,0.57,P2,High,ACADEMIC_UNSTABLE,Human review of conflicting evidence,synthetic_demo,"{'intervention_success_probability': 0.52, 'opportunity_band': 'medium', 'model': 'intervention-opportunity-logistic-v1'}"
CANONICAL_000638,CANONICAL_000638,OULAD_000638,BEHAVIOR_000638,EMOTIONAL_000638,OULAD_COHORT_2026_01,"[0.09, 0.2, 0.26, 0.42]",0.42,0.3725,0.44,0.010000000000000009,0.0,1.0,3,3,unstable,Academic risk changed without a single dominant trajectory pattern.,0.613,P2,High,ACADEMIC_UNSTABLE,Human review of conflicting evidence,synthetic_demo,"{'intervention_success_probability': 0.4347, 'opportunity_band': 'medium', 'model': 'intervention-opportunity-logistic-v1'}"
CANONICAL_000639,CANONICAL_000639,OULAD_000639,BEHAVIOR_000639,EMOTIONAL_000639,OULAD_COHORT_2026_01,"[0.24, 0.22, 0.38, 0.32]",0.32,0.2,0.25,-0.04999999999999999,1.0,1.0,3,3,stable_low,Academic risk remained comparatively low and stable.,0.552,P2,High,ACADEMIC_STABLE_LOW,Routine monitoring,synthetic_demo,"{'intervention_success_probability': 0.5377, 'opportunity_band': 'medium', 'model': 'intervention-opportunity-logistic-v1'}"
CANONICAL_000640,CANONICAL_000640,OULAD_000640,BEHAVIOR_000640,EMOTIONAL_000640,OULAD_COHORT_2026_01,"[0.2, 0.16, 0.12, 0.07]",0.07,0.1475,0.3,-0.3,1.0,1.0,3,3,stable_low,Academic risk remained comparatively low and stable.,0.494,P2,High,ACADEMIC_STABLE_LOW,Routine monitoring,synthetic_demo,"{'intervention_success_probability': 0.5146, 'opportunity_band': 'medium', 'model': 'intervention-opportunity-logistic-v1'}"
CANONICAL_000641,CANONICAL_000641,OULAD_000641,BEHAVIOR_000641,EMOTIONAL_000641,OULAD_COHORT_2026_01,"[0.4, 0.36, 0.52, 0.58]",0.58,0.5425,0.59,-0.05999999999999994,0.0,1.0,3,3,unstable,Academic risk changed without a single dominant trajectory pattern.,0.62,P2,High,ACADEMIC_UNSTABLE,Human review of conflicting evidence,synthetic_demo,"{'intervention_success_probability': 0.5434, 'opportunity_band': 'medium', 'model': 'intervention-opportunity-logistic-v1'}"
CANONICAL_000642,CANONICAL_000642,OULAD_000642,BEHAVIOR_000642,EMOTIONAL_000642,OULAD_COHORT_2026_01,"[0.47, 0.35, 0.4, 0.47]",0.47,0.37,0.48,0.02999999999999997,2.0,1.0,3,3,unstable,Academic risk changed without a single dominant trajectory pattern.,0.581,P2,High,ACADEMIC_UNSTABLE,Human review of conflicting evidence,synthetic_demo,"{'intervention_success_probability': 0.5312, 'opportunity_band': 'medium', 'model': 'intervention-opportunity-logistic-v1'}"
CANONICAL_000643,CANONICAL_000643,OULAD_000643,BEHAVIOR_000643,EMOTIONAL_000643,OULAD_COHORT_2026_01,"[0.13, 0.15, 0.1, 0.09]",0.09,0.025,0.1,0.0,1.0,1.0,3,3,stable_low,Academic risk remained comparatively low and stable.,0.498,P2,High,ACADEMIC_STABLE_LOW,Routine monitoring,synthetic_demo,"{'intervention_success_probability': 0.4788, 'opportunity_band': 'medium', 'model': 'intervention-opportunity-logistic-v1'}"
CANONICAL_000644,CANONICAL_000644,OULAD_000644,BEHAVIOR_000644,EMOTIONAL_000644,OULAD_COHORT_2026_01,"[0.4, 0.19, 0.39, 0.44]",0.44,0.4475,0.56,-0.19,0.0,1.0,3,3,unstable,Academic risk changed without a single dominant trajectory pattern.,0.577,P2,High,ACADEMIC_UNSTABLE,Human review of conflicting evidence,synthetic_demo,"{'intervention_success_probability': 0.5745, 'opportunity_band': 'medium', 'model': 'intervention-opportunity-logistic-v1'}"
CANONICAL_000645,CANONICAL_000645,OULAD_000645,BEHAVIOR_000645,EMOTIONAL_000645,OULAD_COHORT_2026_01,"[0.09, 0.16, 0.21, 0.27]",0.27,0.4175,0.44,0.020000000000000018,2.0,1.0,3,3,unstable,Academic risk changed without a single dominant trajectory pattern.,0.558,P2,High,ACADEMIC_UNSTABLE,Human review of conflicting evidence,synthetic_demo,"{'intervention_success_probability': 0.4554, 'opportunity_band': 'medium', 'model': 'intervention-opportunity-logistic-v1'}"
CANONICAL_000646,CANONICAL_000646,OULAD_000646,BEHAVIOR_000646,EMOTIONAL_000646,OULAD_COHORT_2026_01,"[0.25, 0.27, 0.35, 0.4]",0.4,0.0325,0.07,0.04,2.0,1.0,3,3,unstable,Academic risk changed without a single dominant trajectory pattern.,0.58,P2,High,ACADEMIC_UNSTABLE,Human review of conflicting evidence,synthetic_demo,"{'intervention_success_probability': 0.4782, 'opportunity_band': 'medium', 'model': 'intervention-opportunity-logistic-v1'}"
CANONICAL_000647,CANONICAL_000647,OULAD_000647,BEHAVIOR_000647,EMOTIONAL_000647,OULAD_COHORT_2026_01,"[0.26, 0.32, 0.32, 0.31]",0.31,0.1575,0.26,-0.04999999999999999,2.0,1.0,3,3,stable_low,Academic risk remained comparatively low and stable.,0.547,P2,High,ACADEMIC_STABLE_LOW,Routine monitoring,synthetic_demo,"{'intervention_success_probability': 0.4886, 'opportunity_band': 'medium', 'model': 'intervention-opportunity-logistic-v1'}"
CANONICAL_000648,CANONICAL_000648,OULAD_000648,BEHAVIOR_000648,EMOTIONAL_000648,OULAD_COHORT_2026_01,"[0.45, 0.56, 0.52, 0.58]",0.58,0.5975,0.77,0.029999999999999916,0.0,1.0,3,3,unstable,Academic risk changed without a single dominant trajectory pattern.,0.615,P2,High,ACADEMIC_UNSTABLE,Human review of conflicting evidence,synthetic_demo,"{'intervention_success_probability': 0.5105, 'opportunity_band': 'medium', 'model': 'intervention-opportunity-logistic-v1'}"
CANONICAL_000649,CANONICAL_000649,OULAD_000649,BEHAVIOR_000649,EMOTIONAL_000649,OULAD_COHORT_2026_01,"[0.39, 0.43, 0.46, 0.59]",0.59,0.9375,1.0,0.020000000000000018,1.0,1.0,3,3,unstable,Academic risk changed without a single dominant trajectory pattern.,0.631,P1,High,ACADEMIC_UNSTABLE,Human review of conflicting evidence,synthetic_demo,"{'intervention_success_probability': 0.5001, 'opportunity_band': 'medium', 'model': 'intervention-opportunity-logistic-v1'}"
CANONICAL_000650,CANONICAL_000650,OULAD_000650,BEHAVIOR_000650,EMOTIONAL_000650,OULAD_COHORT_2026_01,"[0.1, 0.25, 0.39, 0.32]",0.32,0.12250000000000001,0.27,-0.12000000000000001,1.0,1.0,3,3,unstable,Academic risk changed without a single dominant trajectory pattern.,0.566,P2,High,ACADEMIC_UNSTABLE,Human review of conflicting evidence,synthetic_demo,"{'intervention_success_probability': 0.4908, 'opportunity_band': 'medium', 'model': 'intervention-opportunity-logistic-v1'}"
CANONICAL_000651,CANONICAL_000651,OULAD_000651,BEHAVIOR_000651,EMOTIONAL_000651,OULAD_COHORT_2026_01,"[0.38, 0.45, 0.45, 0.4]",0.4,0.615,0.72,-0.08999999999999997,2.0,1.0,3,3,unstable,Academic risk changed without a single dominant trajectory pattern.,0.562,P2,High,ACADEMIC_UNSTABLE,Human review of conflicting evidence,synthetic_demo,"{'intervention_success_probability': 0.5288, 'opportunity_band': 'medium', 'model': 'intervention-opportunity-logistic-v1'}"
CANONICAL_000652,CANONICAL_000652,OULAD_000652,BEHAVIOR_000652,EMOTIONAL_000652,OULAD_COHORT_2026_01,"[0.3, 0.26, 0.28, 0.3]",0.3,0.21500000000000002,0.28,0.01999999999999999,1.0,1.0,3,3,stable_low,Academic risk remained comparatively low and stable.,0.542,P2,High,ACADEMIC_STABLE_LOW,Routine monitoring,synthetic_demo,"{'intervention_success_probability': 0.5129, 'opportunity_band': 'medium', 'model': 'intervention-opportunity-logistic-v1'}"
CANONICAL_000653,CANONICAL_000653,OULAD_000653,BEHAVIOR_000653,EMOTIONAL_000653,OULAD_COHORT_2026_01,"[0.59, 0.59, 0.73, 0.66]",0.66,0.33999999999999997,0.42,-0.15999999999999998,0.0,1.0,3,3,unstable,Academic risk changed without a single dominant trajectory pattern.,0.619,P2,High,ACADEMIC_UNSTABLE,Human review of conflicting evidence,synthetic_demo,"{'intervention_success_probability': 0.5929, 'opportunity_band': 'medium', 'model': 'intervention-opportunity-logistic-v1'}"
CANONICAL_000654,CANONICAL_000654,OULAD_000654,BEHAVIOR_000654,EMOTIONAL_000654,OULAD_COHORT_2026_01,"[0.18, 0.02, 0.01, 0.0]",0.0,0.1625,0.34,-0.18000000000000002,2.0,1.0,3,3,stable_low,Academic risk remained comparatively low and stable.,0.48,P2,High,ACADEMIC_STABLE_LOW,Routine monitoring,synthetic_demo,"{'intervention_success_probability': 0.5138, 'opportunity_band': 'medium', 'model': 'intervention-opportunity-logistic-v1'}"
CANONICAL_000655,CANONICAL_000655,OULAD_000655,BEHAVIOR_000655,EMOTIONAL_000655,OULAD_COHORT_2026_01,"[0.21, 0.16, 0.22, 0.33]",0.33,0.01,0.04,0.04,2.0,1.0,3,3,stable_low,Academic risk remained comparatively low and stable.,0.569,P2,High,ACADEMIC_STABLE_LOW,Routine monitoring,synthetic_demo,"{'intervention_success_probability': 0.4637, 'opportunity_band': 'medium', 'model': 'intervention-opportunity-logistic-v1'}"
CANONICAL_000656,CANONICAL_000656,OULAD_000656,BEHAVIOR_000656,EMOTIONAL_000656,OULAD_COHORT_2026_01,"[0.62, 0.61, 0.7, 0.54]",0.54,0.5825,0.73,-0.27999999999999997,1.0,1.0,3,3,unstable,Academic risk changed without a single dominant trajectory pattern.,0.588,P2,High,ACADEMIC_UNSTABLE,Human review of conflicting evidence,synthetic_demo,"{'intervention_success_probability': 0.6197, 'opportunity_band': 'medium', 'model': 'intervention-opportunity-logistic-v1'}"
CANONICAL_000657,CANONICAL_000657,OULAD_000657,BEHAVIOR_000657,EMOTIONAL_000657,OULAD_COHORT_2026_01,"[0.49, 0.55, 0.56, 0.54]",0.54,0.34249999999999997,0.44,-0.22,3.0,1.0,3,3,unstable,Academic risk changed without a single dominant trajectory pattern.,0.593,P2,High,ACADEMIC_UNSTABLE,Human review of conflicting evidence,synthetic_demo,"{'intervention_success_probability': 0.5194, 'opportunity_band': 'medium', 'model': 'intervention-opportunity-logistic-v1'}"
CANONICAL_000658,CANONICAL_000658,OULAD_000658,BEHAVIOR_000658,EMOTIONAL_000658,OULAD_COHORT_2026_01,"[0.1, 0.06, 0.1, 0.18]",0.18,0.2825,0.34,-0.07,3.0,1.0,3,3,stable_low,Academic risk remained comparatively low and stable.,0.532,P2,High,ACADEMIC_STABLE_LOW,Routine monitoring,synthetic_demo,"{'intervention_success_probability': 0.4552, 'opportunity_band': 'medium', 'model': 'intervention-opportunity-logistic-v1'}"
CANONICAL_000659,CANONICAL_000659,OULAD_000659,BEHAVIOR_000659,EMOTIONAL_000659,OULAD_COHORT_2026_01,"[0.25, 0.17, 0.24, 0.28]",0.28,0.53,0.61,-0.07000000000000006,0.0,1.0,3,3,stable_low,Academic risk remained comparatively low and stable.,0.543,P2,High,ACADEMIC_STABLE_LOW,Routine monitoring,synthetic_demo,"{'intervention_success_probability': 0.529, 'opportunity_band': 'medium', 'model': 'intervention-opportunity-logistic-v1'}"
CANONICAL_000660,CANONICAL_000660,OULAD_000660,BEHAVIOR_000660,EMOTIONAL_000660,OULAD_COHORT_2026_01,"[0.34, 0.21, 0.2, 0.19]",0.19,0.0075,0.03,0.03,3.0,1.0,3,3,stable_low,Academic risk remained comparatively low and stable.,0.518,P2,High,ACADEMIC_STABLE_LOW,Routine monitoring,synthetic_demo,"{'intervention_success_probability': 0.5163, 'opportunity_band': 'medium', 'model': 'intervention-opportunity-logistic-v1'}"
CANONICAL_000661,CANONICAL_000661,OULAD_000661,BEHAVIOR_000661,EMOTIONAL_000661,OULAD_COHORT_2026_01,"[0.4, 0.37, 0.46, 0.39]",0.39,0.47250000000000003,0.67,0.27,1.0,1.0,3,3,stable_low,Academic risk remained comparatively low and stable.,0.558,P2,High,ACADEMIC_STABLE_LOW,Routine monitoring,synthetic_demo,"{'intervention_success_probability': 0.5653, 'opportunity_band': 'medium', 'model': 'intervention-opportunity-logistic-v1'}"
CANONICAL_000662,CANONICAL_000662,OULAD_000662,BEHAVIOR_000662,EMOTIONAL_000662,OULAD_COHORT_2026_01,"[0.12, 0.29, 0.27, 0.32]",0.32,0.375,0.47,-0.10999999999999999,2.0,1.0,3,3,unstable,Academic risk changed without a single dominant trajectory pattern.,0.569,P2,High,ACADEMIC_UNSTABLE,Human review of conflicting evidence,synthetic_demo,"{'intervention_success_probability': 0.4391, 'opportunity_band': 'medium', 'model': 'intervention-opportunity-logistic-v1'}"
CANONICAL_000663,CANONICAL_000663,OULAD_000663,BEHAVIOR_000663,EMOTIONAL_000663,OULAD_COHORT_2026_01,"[0.56, 0.6, 0.56, 0.51]",0.51,0.665,0.77,0.14,3.0,1.0,3,3,unstable,Academic risk changed without a single dominant trajectory pattern.,0.582,P2,High,ACADEMIC_UNSTABLE,Human review of conflicting evidence,synthetic_demo,"{'intervention_success_probability': 0.5466, 'opportunity_band': 'medium', 'model': 'intervention-opportunity-logistic-v1'}"
CANONICAL_000664,CANONICAL_000664,OULAD_000664,BEHAVIOR_000664,EMOTIONAL_000664,OULAD_COHORT_2026_01,"[0.06, 0.16, 0.06, 0.1]",0.1,0.27,0.37,-0.04999999999999999,1.0,1.0,3,3,stable_low,Academic risk remained comparatively low and stable.,0.508,P2,High,ACADEMIC_STABLE_LOW,Routine monitoring,synthetic_demo,"{'intervention_success_probability': 0.4446, 'opportunity_band': 'medium', 'model': 'intervention-opportunity-logistic-v1'}"
CANONICAL_000665,CANONICAL_000665,OULAD_000665,BEHAVIOR_000665,EMOTIONAL_000665,OULAD_COHORT_2026_01,"[0.12, 0.07, 0.05, 0.08]",0.08,0.26749999999999996,0.39,0.06999999999999998,1.0,1.0,3,3,stable_low,Academic risk remained comparatively low and stable.,0.496,P2,High,ACADEMIC_STABLE_LOW,Routine monitoring,synthetic_demo,"{'intervention_success_probability': 0.4864, 'opportunity_band': 'medium', 'model': 'intervention-opportunity-logistic-v1'}"
CANONICAL_000666,CANONICAL_000666,OULAD_000666,BEHAVIOR_000666,EMOTIONAL_000666,OULAD_COHORT_2026_01,"[0.53, 0.42, 0.38, 0.41]",0.41,0.6875,0.82,0.20999999999999996,3.0,1.0,3,3,unstable,Academic risk changed without a single dominant trajectory pattern.,0.562,P2,High,ACADEMIC_UNSTABLE,Human review of conflicting evidence,synthetic_demo,"{'intervention_success_probability': 0.5433, 'opportunity_band': 'medium', 'model': 'intervention-opportunity-logistic-v1'}"
CANONICAL_000667,CANONICAL_000667,OULAD_000667,BEHAVIOR_000667,EMOTIONAL_000667,OULAD_COHORT_2026_01,"[0.27, 0.19, 0.18, 0.15]",0.15,0.07500000000000001,0.15,0.15,0.0,1.0,3,3,stable_low,Academic risk remained comparatively low and stable.,0.51,P2,High,ACADEMIC_STABLE_LOW,Routine monitoring,synthetic_demo,"{'intervention_success_probability': 0.5329, 'opportunity_band': 'medium', 'model': 'intervention-opportunity-logistic-v1'}"
CANONICAL_000668,CANONICAL_000668,OULAD_000668,BEHAVIOR_000668,EMOTIONAL_000668,OULAD_COHORT_2026_01,"[0.28, 0.29, 0.36, 0.54]",0.54,0.8775,0.94,-0.12,0.0,1.0,3,3,unstable,Academic risk changed without a single dominant trajectory pattern.,0.632,P1,High,ACADEMIC_UNSTABLE,Human review of conflicting evidence,synthetic_demo,"{'intervention_success_probability': 0.4853, 'opportunity_band': 'medium', 'model': 'intervention-opportunity-logistic-v1'}"
CANONICAL_000669,CANONICAL_000669,OULAD_000669,BEHAVIOR_000669,EMOTIONAL_000669,OULAD_COHORT_2026_01,"[0.3, 0.16, 0.04, 0.09]",0.09,0.0425,0.07,0.07,1.0,1.0,3,3,improving,Academic risk decreased across the observation window.,0.498,P2,High,ACADEMIC_IMPROVING,Recognition and light-touch follow-up,synthetic_demo,"{'intervention_success_probability': 0.5033, 'opportunity_band': 'medium', 'model': 'intervention-opportunity-logistic-v1'}"
CANONICAL_000670,CANONICAL_000670,OULAD_000670,BEHAVIOR_000670,EMOTIONAL_000670,OULAD_COHORT_2026_01,"[0.14, 0.08, 0.0, 0.0]",0.0,0.3625,0.42,-0.07999999999999996,3.0,1.0,3,3,stable_low,Academic risk remained comparatively low and stable.,0.48,P2,High,ACADEMIC_STABLE_LOW,Routine monitoring,synthetic_demo,"{'intervention_success_probability': 0.4808, 'opportunity_band': 'medium', 'model': 'intervention-opportunity-logistic-v1'}"
CANONICAL_000671,CANONICAL_000671,OULAD_000671,BEHAVIOR_000671,EMOTIONAL_000671,OULAD_COHORT_2026_01,"[0.07, 0.05, 0.01, 0.05]",0.05,0.165,0.22,-0.06,4.0,1.0,3,3,stable_low,Academic risk remained comparatively low and stable.,0.492,P2,High,ACADEMIC_STABLE_LOW,Routine monitoring,synthetic_demo,"{'intervention_success_probability': 0.4418, 'opportunity_band': 'medium', 'model': 'intervention-opportunity-logistic-v1'}"
CANONICAL_000672,CANONICAL_000672,OULAD_000672,BEHAVIOR_000672,EMOTIONAL_000672,OULAD_COHORT_2026_01,"[0.33, 0.24, 0.3, 0.26]",0.26,0.375,0.42,0.03999999999999998,0.0,1.0,3,3,stable_low,Academic risk remained comparatively low and stable.,0.532,P2,High,ACADEMIC_STABLE_LOW,Routine monitoring,synthetic_demo,"{'intervention_success_probability': 0.56, 'opportunity_band': 'medium', 'model': 'intervention-opportunity-logistic-v1'}"
CANONICAL_000673,CANONICAL_000673,OULAD_000673,BEHAVIOR_000673,EMOTIONAL_000673,OULAD_COHORT_2026_01,"[0.36, 0.21, 0.25, 0.24]",0.24,0.2125,0.29,-0.05999999999999997,3.0,1.0,3,3,stable_low,Academic risk remained comparatively low and stable.,0.528,P2,High,ACADEMIC_STABLE_LOW,Routine monitoring,synthetic_demo,"{'intervention_success_probability': 0.5325, 'opportunity_band': 'medium', 'model': 'intervention-opportunity-logistic-v1'}"
CANONICAL_000674,CANONICAL_000674,OULAD_000674,BEHAVIOR_000674,EMOTIONAL_000674,OULAD_COHORT_2026_01,"[0.31, 0.35, 0.31, 0.52]",0.52,0.5125,0.6,-0.13999999999999996,0.0,1.0,3,3,unstable,Academic risk changed without a single dominant trajectory pattern.,0.626,P1,High,ACADEMIC_UNSTABLE,Human review of conflicting evidence,synthetic_demo,"{'intervention_success_probability': 0.4549, 'opportunity_band': 'medium', 'model': 'intervention-opportunity-logistic-v1'}"
CANONICAL_000675,CANONICAL_000675,OULAD_000675,BEHAVIOR_000675,EMOTIONAL_000675,OULAD_COHORT_2026_01,"[0.18, 0.2, 0.32, 0.28]",0.28,0.17,0.22,-0.010000000000000009,4.0,1.0,3,3,stable_low,Academic risk remained comparatively low and stable.,0.546,P2,High,ACADEMIC_STABLE_LOW,Routine monitoring,synthetic_demo,"{'intervention_success_probability': 0.4874, 'opportunity_band': 'medium', 'model': 'intervention-opportunity-logistic-v1'}"
CANONICAL_000676,CANONICAL_000676,OULAD_000676,BEHAVIOR_000676,EMOTIONAL_000676,OULAD_COHORT_2026_01,"[0.11, 0.19, 0.16, 0.17]",0.17,0.4225,0.52,0.16999999999999998,1.0,1.0,3,3,stable_low,Academic risk remained comparatively low and stable.,0.521,P2,High,ACADEMIC_STABLE_LOW,Routine monitoring,synthetic_demo,"{'intervention_success_probability': 0.4738, 'opportunity_band': 'medium', 'model': 'intervention-opportunity-logistic-v1'}"
CANONICAL_000677,CANONICAL_000677,OULAD_000677,BEHAVIOR_000677,EMOTIONAL_000677,OULAD_COHORT_2026_01,"[0.23, 0.16, 0.22, 0.2]",0.2,0.305,0.34,-0.030000000000000027,0.0,1.0,3,3,stable_low,Academic risk remained comparatively low and stable.,0.52,P2,High,ACADEMIC_STABLE_LOW,Routine monitoring,synthetic_demo,"{'intervention_success_probability': 0.5357, 'opportunity_band': 'medium', 'model': 'intervention-opportunity-logistic-v1'}"
CANONICAL_000678,CANONICAL_000678,OULAD_000678,BEHAVIOR_000678,EMOTIONAL_000678,OULAD_COHORT_2026_01,"[0.64, 0.72, 0.71, 0.65]",0.65,0.705,0.77,0.08000000000000007,0.0,1.0,3,3,unstable,Academic risk changed without a single dominant trajectory pattern.,0.611,P2,High,ACADEMIC_UNSTABLE,Human review of conflicting evidence,synthetic_demo,"{'intervention_success_probability': 0.5821, 'opportunity_band': 'medium', 'model': 'intervention-opportunity-logistic-v1'}"
CANONICAL_000679,CANONICAL_000679,OULAD_000679,BEHAVIOR_000679,EMOTIONAL_000679,OULAD_COHORT_2026_01,"[0.24, 0.39, 0.34, 0.39]",0.39,0.375,0.48,0.13,0.0,1.0,3,3,unstable,Academic risk changed without a single dominant trajectory pattern.,0.578,P2,High,ACADEMIC_UNSTABLE,Human review of conflicting evidence,synthetic_demo,"{'intervention_success_probability': 0.4722, 'opportunity_band': 'medium', 'model': 'intervention-opportunity-logistic-v1'}"
CANONICAL_000680,CANONICAL_000680,OULAD_000680,BEHAVIOR_000680,EMOTIONAL_000680,OULAD_COHORT_2026_01,"[0.22, 0.26, 0.23, 0.25]",0.25,0.385,0.4,-0.040000000000000036,0.0,1.0,3,3,stable_low,Academic risk remained comparatively low and stable.,0.535,P2,High,ACADEMIC_STABLE_LOW,Routine monitoring,synthetic_demo,"{'intervention_success_probability': 0.4989, 'opportunity_band': 'medium', 'model': 'intervention-opportunity-logistic-v1'}"
CANONICAL_000681,CANONICAL_000681,OULAD_000681,BEHAVIOR_000681,EMOTIONAL_000681,OULAD_COHORT_2026_01,"[0.25, 0.22, 0.3, 0.39]",0.39,0.515,0.57,-0.09999999999999998,2.0,1.0,3,3,stable_low,Academic risk remained comparatively low and stable.,0.581,P2,High,ACADEMIC_STABLE_LOW,Routine monitoring,synthetic_demo,"{'intervention_success_probability': 0.4887, 'opportunity_band': 'medium', 'model': 'intervention-opportunity-logistic-v1'}"
CANONICAL_000682,CANONICAL_000682,OULAD_000682,BEHAVIOR_000682,EMOTIONAL_000682,OULAD_COHORT_2026_01,"[0.24, 0.27, 0.32, 0.4]",0.4,0.275,0.32,-0.020000000000000018,0.0,1.0,3,3,unstable,Academic risk changed without a single dominant trajectory pattern.,0.584,P2,High,ACADEMIC_UNSTABLE,Human review of conflicting evidence,synthetic_demo,"{'intervention_success_probability': 0.4879, 'opportunity_band': 'medium', 'model': 'intervention-opportunity-logistic-v1'}"
CANONICAL_000683,CANONICAL_000683,OULAD_000683,BEHAVIOR_000683,EMOTIONAL_000683,OULAD_COHORT_2026_01,"[0.53, 0.5, 0.6, 0.69]",0.69,0.7775,0.9,-0.21000000000000008,4.0,1.0,3,3,unstable,Academic risk changed without a single dominant trajectory pattern.,0.643,P1,High,ACADEMIC_UNSTABLE,Human review of conflicting evidence,synthetic_demo,"{'intervention_success_probability': 0.5174, 'opportunity_band': 'medium', 'model': 'intervention-opportunity-logistic-v1'}"
CANONICAL_000684,CANONICAL_000684,OULAD_000684,BEHAVIOR_000684,EMOTIONAL_000684,OULAD_COHORT_2026_01,"[0.39, 0.34, 0.39, 0.34]",0.34,0.09,0.2,-0.04000000000000001,2.0,1.0,3,3,stable_low,Academic risk remained comparatively low and stable.,0.548,P2,High,ACADEMIC_STABLE_LOW,Routine monitoring,synthetic_demo,"{'intervention_success_probability': 0.538, 'opportunity_band': 'medium', 'model': 'intervention-opportunity-logistic-v1'}"
CANONICAL_000685,CANONICAL_000685,OULAD_000685,BEHAVIOR_000685,EMOTIONAL_000685,OULAD_COHORT_2026_01,"[0.17, 0.24, 0.14, 0.21]",0.21,0.2875,0.41,0.1,2.0,1.0,3,3,stable_low,Academic risk remained comparatively low and stable.,0.533,P2,High,ACADEMIC_STABLE_LOW,Routine monitoring,synthetic_demo,"{'intervention_success_probability': 0.4464, 'opportunity_band': 'medium', 'model': 'intervention-opportunity-logistic-v1'}"
CANONICAL_000686,CANONICAL_000686,OULAD_000686,BEHAVIOR_000686,EMOTIONAL_000686,OULAD_COHORT_2026_01,"[0.2, 0.21, 0.4, 0.48]",0.48,0.435,0.49,-0.020000000000000018,0.0,1.0,3,3,unstable,Academic risk changed without a single dominant trajectory pattern.,0.612,P2,High,ACADEMIC_UNSTABLE,Human review of conflicting evidence,synthetic_demo,"{'intervention_success_probability': 0.5025, 'opportunity_band': 'medium', 'model': 'intervention-opportunity-logistic-v1'}"
CANONICAL_000687,CANONICAL_000687,OULAD_000687,BEHAVIOR_000687,EMOTIONAL_000687,OULAD_COHORT_2026_01,"[0.25, 0.37, 0.42, 0.36]",0.36,0.39,0.53,0.16000000000000003,3.0,1.0,3,3,stable_low,Academic risk remained comparatively low and stable.,0.563,P2,High,ACADEMIC_STABLE_LOW,Routine monitoring,synthetic_demo,"{'intervention_success_probability': 0.4956, 'opportunity_band': 'medium', 'model': 'intervention-opportunity-logistic-v1'}"
CANONICAL_000688,CANONICAL_000688,OULAD_000688,BEHAVIOR_000688,EMOTIONAL_000688,OULAD_COHORT_2026_01,"[0.29, 0.27, 0.33, 0.33]",0.33,0.5,0.58,-0.06999999999999995,2.0,1.0,3,3,stable_low,Academic risk remained comparatively low and stable.,0.55,P2,High,ACADEMIC_STABLE_LOW,Routine monitoring,synthetic_demo,"{'intervention_success_probability': 0.5179, 'opportunity_band': 'medium', 'model': 'intervention-opportunity-logistic-v1'}"
CANONICAL_000689,CANONICAL_000689,OULAD_000689,BEHAVIOR_000689,EMOTIONAL_000689,OULAD_COHORT_2026_01,"[0.14, 0.13, 0.12, 0.03]",0.03,0.015,0.04,-0.04,3.0,1.0,3,3,stable_low,Academic risk remained comparatively low and stable.,0.486,P2,High,ACADEMIC_STABLE_LOW,Routine monitoring,synthetic_demo,"{'intervention_success_probability': 0.4957, 'opportunity_band': 'medium', 'model': 'intervention-opportunity-logistic-v1'}"
CANONICAL_000690,CANONICAL_000690,OULAD_000690,BEHAVIOR_000690,EMOTIONAL_000690,OULAD_COHORT_2026_01,"[0.19, 0.16, 0.27, 0.35]",0.35,0.2375,0.34,-0.25,4.0,1.0,3,3,unstable,Academic risk changed without a single dominant trajectory pattern.,0.574,P2,High,ACADEMIC_UNSTABLE,Human review of conflicting evidence,synthetic_demo,"{'intervention_success_probability': 0.461, 'opportunity_band': 'medium', 'model': 'intervention-opportunity-logistic-v1'}"
CANONICAL_000691,CANONICAL_000691,OULAD_000691,BEHAVIOR_000691,EMOTIONAL_000691,OULAD_COHORT_2026_01,"[0.57, 0.5, 0.43, 0.5]",0.5,0.47,0.6,-0.14999999999999997,0.0,1.0,3,3,unstable,Academic risk changed without a single dominant trajectory pattern.,0.58,P2,High,ACADEMIC_UNSTABLE,Human review of conflicting evidence,synthetic_demo,"{'intervention_success_probability': 0.546, 'opportunity_band': 'medium', 'model': 'intervention-opportunity-logistic-v1'}"
CANONICAL_000692,CANONICAL_000692,OULAD_000692,BEHAVIOR_000692,EMOTIONAL_000692,OULAD_COHORT_2026_01,"[0.54, 0.63, 0.7, 0.83]",0.83,0.665,0.75,-0.18000000000000005,0.0,1.0,3,3,rapidly_escalating,Academic risk increased substantially across the observation window.,0.688,P1,High,ACADEMIC_RAPIDLY_ESCALATING,Academic advisor check-in,synthetic_demo,"{'intervention_success_probability': 0.5149, 'opportunity_band': 'medium', 'model': 'intervention-opportunity-logistic-v1'}"
CANONICAL_000693,CANONICAL_000693,OULAD_000693,BEHAVIOR_000693,EMOTIONAL_000693,OULAD_COHORT_2026_01,"[0.21, 0.4, 0.26, 0.26]",0.26,0.23500000000000001,0.33,0.16,3.0,1.0,3,3,stable_low,Academic risk remained comparatively low and stable.,0.537,P2,High,ACADEMIC_STABLE_LOW,Routine monitoring,synthetic_demo,"{'intervention_success_probability': 0.4402, 'opportunity_band': 'medium', 'model': 'intervention-opportunity-logistic-v1'}"
CANONICAL_000694,CANONICAL_000694,OULAD_000694,BEHAVIOR_000694,EMOTIONAL_000694,OULAD_COHORT_2026_01,"[0.19, 0.18, 0.26, 0.31]",0.31,0.1925,0.51,0.009999999999999995,3.0,1.0,3,3,stable_low,Academic risk remained comparatively low and stable.,0.559,P2,High,ACADEMIC_STABLE_LOW,Routine monitoring,synthetic_demo,"{'intervention_success_probability': 0.4717, 'opportunity_band': 'medium', 'model': 'intervention-opportunity-logistic-v1'}"
CANONICAL_000695,CANONICAL_000695,OULAD_000695,BEHAVIOR_000695,EMOTIONAL_000695,OULAD_COHORT_2026_01,"[0.39, 0.36, 0.29, 0.39]",0.39,0.3775,0.41,-0.03999999999999998,1.0,1.0,3,3,stable_low,Academic risk remained comparatively low and stable.,0.568,P2,High,ACADEMIC_STABLE_LOW,Routine monitoring,synthetic_demo,"{'intervention_success_probability': 0.4956, 'opportunity_band': 'medium', 'model': 'intervention-opportunity-logistic-v1'}"
CANONICAL_000696,CANONICAL_000696,OULAD_000696,BEHAVIOR_000696,EMOTIONAL_000696,OULAD_COHORT_2026_01,"[0.05, 0.02, 0.06, 0.02]",0.02,0.0125,0.03,0.03,1.0,1.0,3,3,stable_low,Academic risk remained comparatively low and stable.,0.484,P2,High,ACADEMIC_STABLE_LOW,Routine monitoring,synthetic_demo,"{'intervention_success_probability': 0.493, 'opportunity_band': 'medium', 'model': 'intervention-opportunity-logistic-v1'}"
CANONICAL_000697,CANONICAL_000697,OULAD_000697,BEHAVIOR_000697,EMOTIONAL_000697,OULAD_COHORT_2026_01,"[0.51, 0.48, 0.61, 0.55]",0.55,0.5549999999999999,0.63,-0.13,2.0,1.0,3,3,unstable,Academic risk changed without a single dominant trajectory pattern.,0.594,P2,High,ACADEMIC_UNSTABLE,Human review of conflicting evidence,synthetic_demo,"{'intervention_success_probability': 0.5736, 'opportunity_band': 'medium', 'model': 'intervention-opportunity-logistic-v1'}"
CANONICAL_000698,CANONICAL_000698,OULAD_000698,BEHAVIOR_000698,EMOTIONAL_000698,OULAD_COHORT_2026_01,"[0.17, 0.32, 0.41, 0.37]",0.37,0.26749999999999996,0.47,0.1,0.0,1.0,3,3,unstable,Academic risk changed without a single dominant trajectory pattern.,0.574,P2,High,ACADEMIC_UNSTABLE,Human review of conflicting evidence,synthetic_demo,"{'intervention_success_probability': 0.4993, 'opportunity_band': 'medium', 'model': 'intervention-opportunity-logistic-v1'}"
CANONICAL_000699,CANONICAL_000699,OULAD_000699,BEHAVIOR_000699,EMOTIONAL_000699,OULAD_COHORT_2026_01,"[0.35, 0.31, 0.43, 0.42]",0.42,0.4625,0.52,-0.010000000000000009,0.0,1.0,3,3,unstable,Academic risk changed without a single dominant trajectory pattern.,0.571,P2,High,ACADEMIC_UNSTABLE,Human review of conflicting evidence,synthetic_demo,"{'intervention_success_probability': 0.5528, 'opportunity_band': 'medium', 'model': 'intervention-opportunity-logistic-v1'}"
CANONICAL_000700,CANONICAL_000700,OULAD_000700,BEHAVIOR_000700,EMOTIONAL_000700,OULAD_COHORT_2026_01,"[0.06, 0.04, 0.15, 0.1]",0.1,0.0225,0.09,0.0,1.0,1.0,3,3,stable_low,Academic risk remained comparatively low and stable.,0.504,P2,High,ACADEMIC_STABLE_LOW,Routine monitoring,synthetic_demo,"{'intervention_success_probability': 0.5018, 'opportunity_band': 'medium', 'model': 'intervention-opportunity-logistic-v1'}"
CANONICAL_000701,CANONICAL_000701,OULAD_000701,BEHAVIOR_000701,EMOTIONAL_000701,OULAD_COHORT_2026_01,"[0.4, 0.32, 0.3, 0.26]",0.26,0.2575,0.41,-0.16999999999999998,0.0,1.0,3,3,stable_low,Academic risk remained comparatively low and stable.,0.532,P2,High,ACADEMIC_STABLE_LOW,Routine monitoring,synthetic_demo,"{'intervention_success_probability': 0.5573, 'opportunity_band': 'medium', 'model': 'intervention-opportunity-logistic-v1'}"
CANONICAL_000702,CANONICAL_000702,OULAD_000702,BEHAVIOR_000702,EMOTIONAL_000702,OULAD_COHORT_2026_01,"[0.36, 0.4, 0.47, 0.56]",0.56,0.3375,0.54,0.0,1.0,1.0,3,3,unstable,Academic risk changed without a single dominant trajectory pattern.,0.621,P1,High,ACADEMIC_UNSTABLE,Human review of conflicting evidence,synthetic_demo,"{'intervention_success_probability': 0.4937, 'opportunity_band': 'medium', 'model': 'intervention-opportunity-logistic-v1'}"
CANONICAL_000703,CANONICAL_000703,OULAD_000703,BEHAVIOR_000703,EMOTIONAL_000703,OULAD_COHORT_2026_01,"[0.34, 0.35, 0.23, 0.25]",0.25,0.47750000000000004,0.59,0.029999999999999916,4.0,1.0,3,3,stable_low,Academic risk remained comparatively low and stable.,0.53,P2,High,ACADEMIC_STABLE_LOW,Routine monitoring,synthetic_demo,"{'intervention_success_probability': 0.4806, 'opportunity_band': 'medium', 'model': 'intervention-opportunity-logistic-v1'}"
CANONICAL_000704,CANONICAL_000704,OULAD_000704,BEHAVIOR_000704,EMOTIONAL_000704,OULAD_COHORT_2026_01,"[0.13, 0.05, 0.02, 0.06]",0.06,0.0825,0.19,-0.08,3.0,1.0,3,3,stable_low,Academic risk remained comparatively low and stable.,0.492,P2,High,ACADEMIC_STABLE_LOW,Routine monitoring,synthetic_demo,"{'intervention_success_probability': 0.4661, 'opportunity_band': 'medium', 'model': 'intervention-opportunity-logistic-v1'}"
CANONICAL_000705,CANONICAL_000705,OULAD_000705,BEHAVIOR_000705,EMOTIONAL_000705,OULAD_COHORT_2026_01,"[0.19, 0.14, 0.27, 0.24]",0.24,0.115,0.33,0.020000000000000004,4.0,1.0,3,3,stable_low,Academic risk remained comparatively low and stable.,0.533,P2,High,ACADEMIC_STABLE_LOW,Routine monitoring,synthetic_demo,"{'intervention_success_probability': 0.4963, 'opportunity_band': 'medium', 'model': 'intervention-opportunity-logistic-v1'}"
CANONICAL_000706,CANONICAL_000706,OULAD_000706,BEHAVIOR_000706,EMOTIONAL_000706,OULAD_COHORT_2026_01,"[0.31, 0.45, 0.44, 0.41]",0.41,0.4375,0.49,-0.13,3.0,1.0,3,3,unstable,Academic risk changed without a single dominant trajectory pattern.,0.572,P2,High,ACADEMIC_UNSTABLE,Human review of conflicting evidence,synthetic_demo,"{'intervention_success_probability': 0.4873, 'opportunity_band': 'medium', 'model': 'intervention-opportunity-logistic-v1'}"
CANONICAL_000707,CANONICAL_000707,OULAD_000707,BEHAVIOR_000707,EMOTIONAL_000707,OULAD_COHORT_2026_01,"[0.16, 0.18, 0.05, 0.1]",0.1,0.0275,0.08,0.03,1.0,1.0,3,3,stable_low,Academic risk remained comparatively low and stable.,0.5,P2,High,ACADEMIC_STABLE_LOW,Routine monitoring,synthetic_demo,"{'intervention_success_probability': 0.4576, 'opportunity_band': 'medium', 'model': 'intervention-opportunity-logistic-v1'}"
CANONICAL_000708,CANONICAL_000708,OULAD_000708,BEHAVIOR_000708,EMOTIONAL_000708,OULAD_COHORT_2026_01,"[0.16, 0.18, 0.37, 0.4]",0.4,0.2725,0.36,0.18999999999999997,3.0,1.0,3,3,unstable,Academic risk changed without a single dominant trajectory pattern.,0.587,P2,High,ACADEMIC_UNSTABLE,Human review of conflicting evidence,synthetic_demo,"{'intervention_success_probability': 0.4806, 'opportunity_band': 'medium', 'model': 'intervention-opportunity-logistic-v1'}"
CANONICAL_000709,CANONICAL_000709,OULAD_000709,BEHAVIOR_000709,EMOTIONAL_000709,OULAD_COHORT_2026_01,"[0.49, 0.52, 0.58, 0.66]",0.66,0.8275,0.87,0.040000000000000036,4.0,1.0,3,3,late_emerging,Elevated academic risk emerged later in the observation window.,0.637,P1,High,ACADEMIC_LATE_EMERGING,Academic advisor review,synthetic_demo,"{'intervention_success_probability': 0.5037, 'opportunity_band': 'medium', 'model': 'intervention-opportunity-logistic-v1'}"
CANONICAL_000710,CANONICAL_000710,OULAD_000710,BEHAVIOR_000710,EMOTIONAL_000710,OULAD_COHORT_2026_01,"[0.04, 0.17, 0.25, 0.38]",0.38,0.5275,0.6,0.11000000000000004,4.0,1.0,3,3,unstable,Academic risk changed without a single dominant trajectory pattern.,0.603,P2,High,ACADEMIC_UNSTABLE,Human review of conflicting evidence,synthetic_demo,"{'intervention_success_probability': 0.4071, 'opportunity_band': 'medium', 'model': 'intervention-opportunity-logistic-v1'}"
CANONICAL_000711,CANONICAL_000711,OULAD_000711,BEHAVIOR_000711,EMOTIONAL_000711,OULAD_COHORT_2026_01,"[0.5, 0.44, 0.38, 0.34]",0.34,0.325,0.42,0.08999999999999997,2.0,1.0,3,3,stable_low,Academic risk remained comparatively low and stable.,0.548,P2,High,ACADEMIC_STABLE_LOW,Routine monitoring,synthetic_demo,"{'intervention_success_probability': 0.5487, 'opportunity_band': 'medium', 'model': 'intervention-opportunity-logistic-v1'}"
CANONICAL_000712,CANONICAL_000712,OULAD_000712,BEHAVIOR_000712,EMOTIONAL_000712,OULAD_COHORT_2026_01,"[0.13, 0.11, 0.16, 0.25]",0.25,0.345,0.43,0.0,0.0,1.0,3,3,stable_low,Academic risk remained comparatively low and stable.,0.551,P2,High,ACADEMIC_STABLE_LOW,Routine monitoring,synthetic_demo,"{'intervention_success_probability': 0.4809, 'opportunity_band': 'medium', 'model': 'intervention-opportunity-logistic-v1'}"
CANONICAL_000713,CANONICAL_000713,OULAD_000713,BEHAVIOR_000713,EMOTIONAL_000713,OULAD_COHORT_2026_01,"[0.38, 0.38, 0.43, 0.36]",0.36,0.1875,0.28,-0.23000000000000004,0.0,1.0,3,3,stable_low,Academic risk remained comparatively low and stable.,0.552,P2,High,ACADEMIC_STABLE_LOW,Routine monitoring,synthetic_demo,"{'intervention_success_probability': 0.5545, 'opportunity_band': 'medium', 'model': 'intervention-opportunity-logistic-v1'}"
CANONICAL_000714,CANONICAL_000714,OULAD_000714,BEHAVIOR_000714,EMOTIONAL_000714,OULAD_COHORT_2026_01,"[0.32, 0.2, 0.16, 0.34]",0.34,0.42000000000000004,0.51,0.06,0.0,1.0,3,3,stable_low,Academic risk remained comparatively low and stable.,0.568,P2,High,ACADEMIC_STABLE_LOW,Routine monitoring,synthetic_demo,"{'intervention_success_probability': 0.4889, 'opportunity_band': 'medium', 'model': 'intervention-opportunity-logistic-v1'}"
CANONICAL_000715,CANONICAL_000715,OULAD_000715,BEHAVIOR_000715,EMOTIONAL_000715,OULAD_COHORT_2026_01,"[0.12, 0.07, 0.07, 0.03]",0.03,0.1075,0.15,-0.07999999999999999,4.0,1.0,3,3,stable_low,Academic risk remained comparatively low and stable.,0.486,P2,High,ACADEMIC_STABLE_LOW,Routine monitoring,synthetic_demo,"{'intervention_success_probability': 0.4793, 'opportunity_band': 'medium', 'model': 'intervention-opportunity-logistic-v1'}"
CANONICAL_000716,CANONICAL_000716,OULAD_000716,BEHAVIOR_000716,EMOTIONAL_000716,OULAD_COHORT_2026_01,"[0.16, 0.27, 0.17, 0.24]",0.24,0.5525,0.63,0.030000000000000027,1.0,1.0,3,3,stable_low,Academic risk remained comparatively low and stable.,0.543,P2,High,ACADEMIC_STABLE_LOW,Routine monitoring,synthetic_demo,"{'intervention_success_probability': 0.455, 'opportunity_band': 'medium', 'model': 'intervention-opportunity-logistic-v1'}"
CANONICAL_000717,CANONICAL_000717,OULAD_000717,BEHAVIOR_000717,EMOTIONAL_000717,OULAD_COHORT_2026_01,"[0.42, 0.5, 0.49, 0.43]",0.43,0.2475,0.39,-0.020000000000000018,3.0,1.0,3,3,unstable,Academic risk changed without a single dominant trajectory pattern.,0.567,P2,High,ACADEMIC_UNSTABLE,Human review of conflicting evidence,synthetic_demo,"{'intervention_success_probability': 0.5149, 'opportunity_band': 'medium', 'model': 'intervention-opportunity-logistic-v1'}"
CANONICAL_000718,CANONICAL_000718,OULAD_000718,BEHAVIOR_000718,EMOTIONAL_000718,OULAD_COHORT_2026_01,"[0.22, 0.32, 0.42, 0.42]",0.42,0.5549999999999999,0.6,0.010000000000000009,1.0,1.0,3,3,unstable,Academic risk changed without a single dominant trajectory pattern.,0.584,P2,High,ACADEMIC_UNSTABLE,Human review of conflicting evidence,synthetic_demo,"{'intervention_success_probability': 0.5027, 'opportunity_band': 'medium', 'model': 'intervention-opportunity-logistic-v1'}"
CANONICAL_000719,CANONICAL_000719,OULAD_000719,BEHAVIOR_000719,EMOTIONAL_000719,OULAD_COHORT_2026_01,"[0.75, 0.72, 0.68, 0.82]",0.82,0.5075,0.6,-0.010000000000000009,2.0,1.0,3,3,persistent_high,Academic risk remained consistently high.,0.665,P1,High,ACADEMIC_PERSISTENT_HIGH,Programme review,synthetic_demo,"{'intervention_success_probability': 0.5277, 'opportunity_band': 'medium', 'model': 'intervention-opportunity-logistic-v1'}"
CANONICAL_000720,CANONICAL_000720,OULAD_000720,BEHAVIOR_000720,EMOTIONAL_000720,OULAD_COHORT_2026_01,"[0.18, 0.16, 0.33, 0.29]",0.29,0.04,0.09,-0.01999999999999999,0.0,1.0,3,3,stable_low,Academic risk remained comparatively low and stable.,0.549,P2,High,ACADEMIC_STABLE_LOW,Routine monitoring,synthetic_demo,"{'intervention_success_probability': 0.5283, 'opportunity_band': 'medium', 'model': 'intervention-opportunity-logistic-v1'}"
CANONICAL_000721,CANONICAL_000721,OULAD_000721,BEHAVIOR_000721,EMOTIONAL_000721,OULAD_COHORT_2026_01,"[0.17, 0.05, 0.0, 0.2]",0.2,0.1225,0.24,-0.12,0.0,1.0,3,3,stable_low,Academic risk remained comparatively low and stable.,0.543,P2,High,ACADEMIC_STABLE_LOW,Routine monitoring,synthetic_demo,"{'intervention_success_probability': 0.4536, 'opportunity_band': 'medium', 'model': 'intervention-opportunity-logistic-v1'}"
CANONICAL_000722,CANONICAL_000722,OULAD_000722,BEHAVIOR_000722,EMOTIONAL_000722,OULAD_COHORT_2026_01,"[0.1, 0.2, 0.19, 0.21]",0.21,0.0975,0.24,-0.22,1.0,1.0,3,3,stable_low,Academic risk remained comparatively low and stable.,0.535,P2,High,ACADEMIC_STABLE_LOW,Routine monitoring,synthetic_demo,"{'intervention_success_probability': 0.458, 'opportunity_band': 'medium', 'model': 'intervention-opportunity-logistic-v1'}"
CANONICAL_000723,CANONICAL_000723,OULAD_000723,BEHAVIOR_000723,EMOTIONAL_000723,OULAD_COHORT_2026_01,"[0.16, 0.26, 0.23, 0.33]",0.33,0.5825,0.67,-0.030000000000000027,2.0,1.0,3,3,unstable,Academic risk changed without a single dominant trajectory pattern.,0.573,P2,High,ACADEMIC_UNSTABLE,Human review of conflicting evidence,synthetic_demo,"{'intervention_success_probability': 0.4457, 'opportunity_band': 'medium', 'model': 'intervention-opportunity-logistic-v1'}"
CANONICAL_000724,CANONICAL_000724,OULAD_000724,BEHAVIOR_000724,EMOTIONAL_000724,OULAD_COHORT_2026_01,"[0.25, 0.36, 0.36, 0.42]",0.42,0.555,0.65,0.0,0.0,1.0,3,3,unstable,Academic risk changed without a single dominant trajectory pattern.,0.587,P2,High,ACADEMIC_UNSTABLE,Human review of conflicting evidence,synthetic_demo,"{'intervention_success_probability': 0.4866, 'opportunity_band': 'medium', 'model': 'intervention-opportunity-logistic-v1'}"
CANONICAL_000725,CANONICAL_000725,OULAD_000725,BEHAVIOR_000725,EMOTIONAL_000725,OULAD_COHORT_2026_01,"[0.7, 0.85, 0.98, 1.0]",1.0,0.89,1.0,-0.08999999999999997,2.0,1.0,3,3,rapidly_escalating,Academic risk increased substantially across the observation window.,0.712,P1,High,ACADEMIC_RAPIDLY_ESCALATING,Academic advisor check-in,synthetic_demo,"{'intervention_success_probability': 0.5543, 'opportunity_band': 'medium', 'model': 'intervention-opportunity-logistic-v1'}"
CANONICAL_000726,CANONICAL_000726,OULAD_000726,BEHAVIOR_000726,EMOTIONAL_000726,OULAD_COHORT_2026_01,"[0.16, 0.22, 0.16, 0.06]",0.06,0.0175,0.05,-0.02,1.0,1.0,3,3,stable_low,Academic risk remained comparatively low and stable.,0.492,P2,High,ACADEMIC_STABLE_LOW,Routine monitoring,synthetic_demo,"{'intervention_success_probability': 0.5029, 'opportunity_band': 'medium', 'model': 'intervention-opportunity-logistic-v1'}"
CANONICAL_000727,CANONICAL_000727,OULAD_000727,BEHAVIOR_000727,EMOTIONAL_000727,OULAD_COHORT_2026_01,"[0.04, 0.18, 0.16, 0.15]",0.15,0.1325,0.19,0.14,3.0,1.0,3,3,stable_low,Academic risk remained comparatively low and stable.,0.521,P2,High,ACADEMIC_STABLE_LOW,Routine monitoring,synthetic_demo,"{'intervention_success_probability': 0.4364, 'opportunity_band': 'medium', 'model': 'intervention-opportunity-logistic-v1'}"
CANONICAL_000728,CANONICAL_000728,OULAD_000728,BEHAVIOR_000728,EMOTIONAL_000728,OULAD_COHORT_2026_01,"[0.19, 0.19, 0.26, 0.38]",0.38,0.5475,0.6,0.020000000000000018,0.0,1.0,3,3,unstable,Academic risk changed without a single dominant trajectory pattern.,0.587,P2,High,ACADEMIC_UNSTABLE,Human review of conflicting evidence,synthetic_demo,"{'intervention_success_probability': 0.4839, 'opportunity_band': 'medium', 'model': 'intervention-opportunity-logistic-v1'}"
CANONICAL_000729,CANONICAL_000729,OULAD_000729,BEHAVIOR_000729,EMOTIONAL_000729,OULAD_COHORT_2026_01,"[0.28, 0.16, 0.19, 0.18]",0.18,0.1275,0.21,0.06999999999999998,2.0,1.0,3,3,stable_low,Academic risk remained comparatively low and stable.,0.516,P2,High,ACADEMIC_STABLE_LOW,Routine monitoring,synthetic_demo,"{'intervention_success_probability': 0.5224, 'opportunity_band': 'medium', 'model': 'intervention-opportunity-logistic-v1'}"
CANONICAL_000730,CANONICAL_000730,OULAD_000730,BEHAVIOR_000730,EMOTIONAL_000730,OULAD_COHORT_2026_01,"[0.5, 0.59, 0.63, 0.66]",0.66,0.6675,0.83,0.0,0.0,1.0,3,3,unstable,Academic risk changed without a single dominant trajectory pattern.,0.631,P1,High,ACADEMIC_UNSTABLE,Human review of conflicting evidence,synthetic_demo,"{'intervention_success_probability': 0.5382, 'opportunity_band': 'medium', 'model': 'intervention-opportunity-logistic-v1'}"
CANONICAL_000731,CANONICAL_000731,OULAD_000731,BEHAVIOR_000731,EMOTIONAL_000731,OULAD_COHORT_2026_01,"[0.29, 0.17, 0.11, 0.01]",0.01,0.1625,0.23,0.05000000000000002,2.0,1.0,3,3,improving,Academic risk decreased across the observation window.,0.482,P2,High,ACADEMIC_IMPROVING,Recognition and light-touch follow-up,synthetic_demo,"{'intervention_success_probability': 0.5451, 'opportunity_band': 'medium', 'model': 'intervention-opportunity-logistic-v1'}"
CANONICAL_000732,CANONICAL_000732,OULAD_000732,BEHAVIOR_000732,EMOTIONAL_000732,OULAD_COHORT_2026_01,"[0.21, 0.25, 0.26, 0.24]",0.24,0.04,0.1,0.08,1.0,1.0,3,3,stable_low,Academic risk remained comparatively low and stable.,0.531,P2,High,ACADEMIC_STABLE_LOW,Routine monitoring,synthetic_demo,"{'intervention_success_probability': 0.4943, 'opportunity_band': 'medium', 'model': 'intervention-opportunity-logistic-v1'}"
CANONICAL_000733,CANONICAL_000733,OULAD_000733,BEHAVIOR_000733,EMOTIONAL_000733,OULAD_COHORT_2026_01,"[0.17, 0.27, 0.38, 0.49]",0.49,0.545,0.62,0.07999999999999996,2.0,1.0,3,3,unstable,Academic risk changed without a single dominant trajectory pattern.,0.621,P1,High,ACADEMIC_UNSTABLE,Human review of conflicting evidence,synthetic_demo,"{'intervention_success_probability': 0.4542, 'opportunity_band': 'medium', 'model': 'intervention-opportunity-logistic-v1'}"
CANONICAL_000734,CANONICAL_000734,OULAD_000734,BEHAVIOR_000734,EMOTIONAL_000734,OULAD_COHORT_2026_01,"[0.4, 0.45, 0.34, 0.25]",0.25,0.3125,0.45,0.13,4.0,1.0,3,3,stable_low,Academic risk remained comparatively low and stable.,0.53,P2,High,ACADEMIC_STABLE_LOW,Routine monitoring,synthetic_demo,"{'intervention_success_probability': 0.5117, 'opportunity_band': 'medium', 'model': 'intervention-opportunity-logistic-v1'}"
CANONICAL_000735,CANONICAL_000735,OULAD_000735,BEHAVIOR_000735,EMOTIONAL_000735,OULAD_COHORT_2026_01,"[0.27, 0.47, 0.43, 0.51]",0.51,0.2,0.27,0.0,0.0,1.0,3,3,unstable,Academic risk changed without a single dominant trajectory pattern.,0.614,P2,High,ACADEMIC_UNSTABLE,Human review of conflicting evidence,synthetic_demo,"{'intervention_success_probability': 0.4542, 'opportunity_band': 'medium', 'model': 'intervention-opportunity-logistic-v1'}"
CANONICAL_000736,CANONICAL_000736,OULAD_000736,BEHAVIOR_000736,EMOTIONAL_000736,OULAD_COHORT_2026_01,"[0.4, 0.26, 0.14, 0.17]",0.17,0.3225,0.37,0.020000000000000018,0.0,1.0,3,3,improving,Academic risk decreased across the observation window.,0.514,P2,High,ACADEMIC_IMPROVING,Recognition and light-touch follow-up,synthetic_demo,"{'intervention_success_probability': 0.5393, 'opportunity_band': 'medium', 'model': 'intervention-opportunity-logistic-v1'}"
CANONICAL_000737,CANONICAL_000737,OULAD_000737,BEHAVIOR_000737,EMOTIONAL_000737,OULAD_COHORT_2026_01,"[0.11, 0.12, 0.18, 0.18]",0.18,0.14500000000000002,0.26,-0.16,2.0,1.0,3,3,stable_low,Academic risk remained comparatively low and stable.,0.523,P2,High,ACADEMIC_STABLE_LOW,Routine monitoring,synthetic_demo,"{'intervention_success_probability': 0.4789, 'opportunity_band': 'medium', 'model': 'intervention-opportunity-logistic-v1'}"
CANONICAL_000738,CANONICAL_000738,OULAD_000738,BEHAVIOR_000738,EMOTIONAL_000738,OULAD_COHORT_2026_01,"[0.19, 0.21, 0.33, 0.33]",0.33,0.28,0.43,-0.04000000000000001,2.0,1.0,3,3,stable_low,Academic risk remained comparatively low and stable.,0.56,P2,High,ACADEMIC_STABLE_LOW,Routine monitoring,synthetic_demo,"{'intervention_success_probability': 0.4967, 'opportunity_band': 'medium', 'model': 'intervention-opportunity-logistic-v1'}"
CANONICAL_000739,CANONICAL_000739,OULAD_000739,BEHAVIOR_000739,EMOTIONAL_000739,OULAD_COHORT_2026_01,"[0.35, 0.27, 0.27, 0.25]",0.25,0.51,0.54,-0.06000000000000005,0.0,1.0,3,3,stable_low,Academic risk remained comparatively low and stable.,0.53,P2,High,ACADEMIC_STABLE_LOW,Routine monitoring,synthetic_demo,"{'intervention_success_probability': 0.554, 'opportunity_band': 'medium', 'model': 'intervention-opportunity-logistic-v1'}"
CANONICAL_000740,CANONICAL_000740,OULAD_000740,BEHAVIOR_000740,EMOTIONAL_000740,OULAD_COHORT_2026_01,"[0.08, 0.01, 0.0, 0.0]",0.0,0.0225,0.06,0.0,1.0,1.0,3,3,stable_low,Academic risk remained comparatively low and stable.,0.48,P2,High,ACADEMIC_STABLE_LOW,Routine monitoring,synthetic_demo,"{'intervention_success_probability': 0.4872, 'opportunity_band': 'medium', 'model': 'intervention-opportunity-logistic-v1'}"
CANONICAL_000741,CANONICAL_000741,OULAD_000741,BEHAVIOR_000741,EMOTIONAL_000741,OULAD_COHORT_2026_01,"[0.12, 0.08, 0.02, 0.11]",0.11,0.29000000000000004,0.52,0.45,0.0,1.0,3,3,stable_low,Academic risk remained comparatively low and stable.,0.51,P2,High,ACADEMIC_STABLE_LOW,Routine monitoring,synthetic_demo,"{'intervention_success_probability': 0.4721, 'opportunity_band': 'medium', 'model': 'intervention-opportunity-logistic-v1'}"
CANONICAL_000742,CANONICAL_000742,OULAD_000742,BEHAVIOR_000742,EMOTIONAL_000742,OULAD_COHORT_2026_01,"[0.24, 0.17, 0.17, 0.16]",0.16,0.1275,0.4,-0.05,0.0,1.0,3,3,stable_low,Academic risk remained comparatively low and stable.,0.512,P2,High,ACADEMIC_STABLE_LOW,Routine monitoring,synthetic_demo,"{'intervention_success_probability': 0.5236, 'opportunity_band': 'medium', 'model': 'intervention-opportunity-logistic-v1'}"
CANONICAL_000743,CANONICAL_000743,OULAD_000743,BEHAVIOR_000743,EMOTIONAL_000743,OULAD_COHORT_2026_01,"[0.47, 0.48, 0.48, 0.64]",0.64,0.635,0.7,0.04999999999999993,1.0,1.0,3,3,late_emerging,Elevated academic risk emerged later in the observation window.,0.641,P1,High,ACADEMIC_LATE_EMERGING,Academic advisor review,synthetic_demo,"{'intervention_success_probability': 0.4944, 'opportunity_band': 'medium', 'model': 'intervention-opportunity-logistic-v1'}"
CANONICAL_000744,CANONICAL_000744,OULAD_000744,BEHAVIOR_000744,EMOTIONAL_000744,OULAD_COHORT_2026_01,"[0.55, 0.52, 0.61, 0.66]",0.66,0.7575000000000001,0.85,0.06000000000000005,3.0,1.0,3,3,unstable,Academic risk changed without a single dominant trajectory pattern.,0.628,P1,High,ACADEMIC_UNSTABLE,Human review of conflicting evidence,synthetic_demo,"{'intervention_success_probability': 0.5394, 'opportunity_band': 'medium', 'model': 'intervention-opportunity-logistic-v1'}"
CANONICAL_000745,CANONICAL_000745,OULAD_000745,BEHAVIOR_000745,EMOTIONAL_000745,OULAD_COHORT_2026_01,"[0.13, 0.18, 0.14, 0.12]",0.12,0.10750000000000001,0.17,-0.13,1.0,1.0,3,3,stable_low,Academic risk remained comparatively low and stable.,0.504,P2,High,ACADEMIC_STABLE_LOW,Routine monitoring,synthetic_demo,"{'intervention_success_probability': 0.4803, 'opportunity_band': 'medium', 'model': 'intervention-opportunity-logistic-v1'}"
CANONICAL_000746,CANONICAL_000746,OULAD_000746,BEHAVIOR_000746,EMOTIONAL_000746,OULAD_COHORT_2026_01,"[0.3, 0.37, 0.43, 0.52]",0.52,0.325,0.35,0.03999999999999998,1.0,1.0,3,3,unstable,Academic risk changed without a single dominant trajectory pattern.,0.615,P2,High,ACADEMIC_UNSTABLE,Human review of conflicting evidence,synthetic_demo,"{'intervention_success_probability': 0.4798, 'opportunity_band': 'medium', 'model': 'intervention-opportunity-logistic-v1'}"
CANONICAL_000747,CANONICAL_000747,OULAD_000747,BEHAVIOR_000747,EMOTIONAL_000747,OULAD_COHORT_2026_01,"[0.51, 0.58, 0.58, 0.65]",0.65,0.67,0.76,0.22999999999999998,3.0,1.0,3,3,unstable,Academic risk changed without a single dominant trajectory pattern.,0.631,P1,High,ACADEMIC_UNSTABLE,Human review of conflicting evidence,synthetic_demo,"{'intervention_success_probability': 0.5016, 'opportunity_band': 'medium', 'model': 'intervention-opportunity-logistic-v1'}"
CANONICAL_000748,CANONICAL_000748,OULAD_000748,BEHAVIOR_000748,EMOTIONAL_000748,OULAD_COHORT_2026_01,"[0.4, 0.39, 0.35, 0.24]",0.24,0.3825,0.46,-0.06,0.0,1.0,3,3,stable_low,Academic risk remained comparatively low and stable.,0.528,P2,High,ACADEMIC_STABLE_LOW,Routine monitoring,synthetic_demo,"{'intervention_success_probability': 0.5694, 'opportunity_band': 'medium', 'model': 'intervention-opportunity-logistic-v1'}"
CANONICAL_000749,CANONICAL_000749,OULAD_000749,BEHAVIOR_000749,EMOTIONAL_000749,OULAD_COHORT_2026_01,"[0.28, 0.33, 0.32, 0.26]",0.26,0.28250000000000003,0.37,0.07,2.0,1.0,3,3,stable_low,Academic risk remained comparatively low and stable.,0.532,P2,High,ACADEMIC_STABLE_LOW,Routine monitoring,synthetic_demo,"{'intervention_success_probability': 0.5113, 'opportunity_band': 'medium', 'model': 'intervention-opportunity-logistic-v1'}"
CANONICAL_000750,CANONICAL_000750,OULAD_000750,BEHAVIOR_000750,EMOTIONAL_000750,OULAD_COHORT_2026_01,"[0.32, 0.42, 0.47, 0.48]",0.48,0.385,0.51,-0.10000000000000003,3.0,1.0,3,3,unstable,Academic risk changed without a single dominant trajectory pattern.,0.593,P2,High,ACADEMIC_UNSTABLE,Human review of conflicting evidence,synthetic_demo,"{'intervention_success_probability': 0.4861, 'opportunity_band': 'medium', 'model': 'intervention-opportunity-logistic-v1'}"
CANONICAL_000751,CANONICAL_000751,OULAD_000751,BEHAVIOR_000751,EMOTIONAL_000751,OULAD_COHORT_2026_01,"[0.14, 0.19, 0.29, 0.18]",0.18,0.14,0.19,0.04999999999999999,0.0,1.0,3,3,stable_low,Academic risk remained comparatively low and stable.,0.52,P2,High,ACADEMIC_STABLE_LOW,Routine monitoring,synthetic_demo,"{'intervention_success_probability': 0.5305, 'opportunity_band': 'medium', 'model': 'intervention-opportunity-logistic-v1'}"
CANONICAL_000752,CANONICAL_000752,OULAD_000752,BEHAVIOR_000752,EMOTIONAL_000752,OULAD_COHORT_2026_01,"[0.2, 0.37, 0.37, 0.56]",0.56,0.5125,0.7,0.23000000000000004,1.0,1.0,3,3,unstable,Academic risk changed without a single dominant trajectory pattern.,0.647,P1,High,ACADEMIC_UNSTABLE,Human review of conflicting evidence,synthetic_demo,"{'intervention_success_probability': 0.4208, 'opportunity_band': 'medium', 'model': 'intervention-opportunity-logistic-v1'}"
CANONICAL_000753,CANONICAL_000753,OULAD_000753,BEHAVIOR_000753,EMOTIONAL_000753,OULAD_COHORT_2026_01,"[0.24, 0.34, 0.26, 0.35]",0.35,0.4275,0.51,0.02999999999999997,4.0,1.0,3,3,stable_low,Academic risk remained comparatively low and stable.,0.57,P2,High,ACADEMIC_STABLE_LOW,Routine monitoring,synthetic_demo,"{'intervention_success_probability': 0.4334, 'opportunity_band': 'medium', 'model': 'intervention-opportunity-logistic-v1'}"
CANONICAL_000754,CANONICAL_000754,OULAD_000754,BEHAVIOR_000754,EMOTIONAL_000754,OULAD_COHORT_2026_01,"[0.23, 0.39, 0.49, 0.51]",0.51,0.49750000000000005,0.55,0.11000000000000004,4.0,1.0,3,3,unstable,Academic risk changed without a single dominant trajectory pattern.,0.612,P2,High,ACADEMIC_UNSTABLE,Human review of conflicting evidence,synthetic_demo,"{'intervention_success_probability': 0.4606, 'opportunity_band': 'medium', 'model': 'intervention-opportunity-logistic-v1'}"
CANONICAL_000755,CANONICAL_000755,OULAD_000755,BEHAVIOR_000755,EMOTIONAL_000755,OULAD_COHORT_2026_01,"[0.22, 0.04, 0.0, 0.0]",0.0,0.135,0.2,0.04000000000000001,0.0,1.0,3,3,improving,Academic risk decreased across the observation window.,0.48,P2,High,ACADEMIC_IMPROVING,Recognition and light-touch follow-up,synthetic_demo,"{'intervention_success_probability': 0.5329, 'opportunity_band': 'medium', 'model': 'intervention-opportunity-logistic-v1'}"
CANONICAL_000756,CANONICAL_000756,OULAD_000756,BEHAVIOR_000756,EMOTIONAL_000756,OULAD_COHORT_2026_01,"[0.12, 0.15, 0.19, 0.16]",0.16,0.1525,0.26,0.11000000000000001,0.0,1.0,3,3,stable_low,Academic risk remained comparatively low and stable.,0.516,P2,High,ACADEMIC_STABLE_LOW,Routine monitoring,synthetic_demo,"{'intervention_success_probability': 0.5019, 'opportunity_band': 'medium', 'model': 'intervention-opportunity-logistic-v1'}"
CANONICAL_000757,CANONICAL_000757,OULAD_000757,BEHAVIOR_000757,EMOTIONAL_000757,OULAD_COHORT_2026_01,"[0.52, 0.51, 0.53, 0.39]",0.39,0.3725,0.49,0.040000000000000036,0.0,1.0,3,3,stable_low,Academic risk remained comparatively low and stable.,0.558,P2,High,ACADEMIC_STABLE_LOW,Routine monitoring,synthetic_demo,"{'intervention_success_probability': 0.598, 'opportunity_band': 'medium', 'model': 'intervention-opportunity-logistic-v1'}"
CANONICAL_000758,CANONICAL_000758,OULAD_000758,BEHAVIOR_000758,EMOTIONAL_000758,OULAD_COHORT_2026_01,"[0.26, 0.27, 0.28, 0.16]",0.16,0.21250000000000002,0.34,-0.14,1.0,1.0,3,3,stable_low,Academic risk remained comparatively low and stable.,0.512,P2,High,ACADEMIC_STABLE_LOW,Routine monitoring,synthetic_demo,"{'intervention_success_probability': 0.5419, 'opportunity_band': 'medium', 'model': 'intervention-opportunity-logistic-v1'}"
CANONICAL_000759,CANONICAL_000759,OULAD_000759,BEHAVIOR_000759,EMOTIONAL_000759,OULAD_COHORT_2026_01,"[0.23, 0.19, 0.17, 0.34]",0.34,0.25,0.33,0.040000000000000036,1.0,1.0,3,3,stable_low,Academic risk remained comparatively low and stable.,0.576,P2,High,ACADEMIC_STABLE_LOW,Routine monitoring,synthetic_demo,"{'intervention_success_probability': 0.4553, 'opportunity_band': 'medium', 'model': 'intervention-opportunity-logistic-v1'}"
CANONICAL_000760,CANONICAL_000760,OULAD_000760,BEHAVIOR_000760,EMOTIONAL_000760,OULAD_COHORT_2026_01,"[0.1, 0.15, 0.22, 0.36]",0.36,0.1475,0.29,0.12000000000000001,2.0,1.0,3,3,unstable,Academic risk changed without a single dominant trajectory pattern.,0.592,P2,High,ACADEMIC_UNSTABLE,Human review of conflicting evidence,synthetic_demo,"{'intervention_success_probability': 0.4291, 'opportunity_band': 'medium', 'model': 'intervention-opportunity-logistic-v1'}"
CANONICAL_000761,CANONICAL_000761,OULAD_000761,BEHAVIOR_000761,EMOTIONAL_000761,OULAD_COHORT_2026_01,"[0.34, 0.22, 0.0, 0.0]",0.0,0.060000000000000005,0.17,-0.17,3.0,1.0,3,3,improving,Academic risk decreased across the observation window.,0.48,P2,High,ACADEMIC_IMPROVING,Recognition and light-touch follow-up,synthetic_demo,"{'intervention_success_probability': 0.4958, 'opportunity_band': 'medium', 'model': 'intervention-opportunity-logistic-v1'}"
CANONICAL_000762,CANONICAL_000762,OULAD_000762,BEHAVIOR_000762,EMOTIONAL_000762,OULAD_COHORT_2026_01,"[0.16, 0.21, 0.32, 0.41]",0.41,0.49,0.64,-0.13,0.0,1.0,3,3,unstable,Academic risk changed without a single dominant trajectory pattern.,0.596,P2,High,ACADEMIC_UNSTABLE,Human review of conflicting evidence,synthetic_demo,"{'intervention_success_probability': 0.4826, 'opportunity_band': 'medium', 'model': 'intervention-opportunity-logistic-v1'}"
CANONICAL_000763,CANONICAL_000763,OULAD_000763,BEHAVIOR_000763,EMOTIONAL_000763,OULAD_COHORT_2026_01,"[0.16, 0.12, 0.07, 0.13]",0.13,0.185,0.37,-0.07,3.0,1.0,3,3,stable_low,Academic risk remained comparatively low and stable.,0.509,P2,High,ACADEMIC_STABLE_LOW,Routine monitoring,synthetic_demo,"{'intervention_success_probability': 0.4587, 'opportunity_band': 'medium', 'model': 'intervention-opportunity-logistic-v1'}"
CANONICAL_000764,CANONICAL_000764,OULAD_000764,BEHAVIOR_000764,EMOTIONAL_000764,OULAD_COHORT_2026_01,"[0.19, 0.17, 0.23, 0.3]",0.3,0.585,0.73,-0.13,0.0,1.0,3,3,stable_low,Academic risk remained comparatively low and stable.,0.558,P2,High,ACADEMIC_STABLE_LOW,Routine monitoring,synthetic_demo,"{'intervention_success_probability': 0.503, 'opportunity_band': 'medium', 'model': 'intervention-opportunity-logistic-v1'}"
CANONICAL_000765,CANONICAL_000765,OULAD_000765,BEHAVIOR_000765,EMOTIONAL_000765,OULAD_COHORT_2026_01,"[0.39, 0.44, 0.49, 0.4]",0.4,0.435,0.51,0.0,0.0,1.0,3,3,unstable,Academic risk changed without a single dominant trajectory pattern.,0.561,P2,High,ACADEMIC_UNSTABLE,Human review of conflicting evidence,synthetic_demo,"{'intervention_success_probability': 0.5612, 'opportunity_band': 'medium', 'model': 'intervention-opportunity-logistic-v1'}"
CANONICAL_000766,CANONICAL_000766,OULAD_000766,BEHAVIOR_000766,EMOTIONAL_000766,OULAD_COHORT_2026_01,"[0.32, 0.35, 0.47, 0.35]",0.35,0.1125,0.22,-0.04000000000000001,1.0,1.0,3,3,stable_low,Academic risk remained comparatively low and stable.,0.553,P2,High,ACADEMIC_STABLE_LOW,Routine monitoring,synthetic_demo,"{'intervention_success_probability': 0.5523, 'opportunity_band': 'medium', 'model': 'intervention-opportunity-logistic-v1'}"
CANONICAL_000767,CANONICAL_000767,OULAD_000767,BEHAVIOR_000767,EMOTIONAL_000767,OULAD_COHORT_2026_01,"[0.06, 0.16, 0.2, 0.31]",0.31,0.135,0.25,-0.14,0.0,1.0,3,3,unstable,Academic risk changed without a single dominant trajectory pattern.,0.578,P2,High,ACADEMIC_UNSTABLE,Human review of conflicting evidence,synthetic_demo,"{'intervention_success_probability': 0.439, 'opportunity_band': 'medium', 'model': 'intervention-opportunity-logistic-v1'}"
CANONICAL_000768,CANONICAL_000768,OULAD_000768,BEHAVIOR_000768,EMOTIONAL_000768,OULAD_COHORT_2026_01,"[0.51, 0.45, 0.4, 0.26]",0.26,0.365,0.5,0.07999999999999996,1.0,1.0,3,3,improving,Academic risk decreased across the observation window.,0.532,P2,High,ACADEMIC_IMPROVING,Recognition and light-touch follow-up,synthetic_demo,"{'intervention_success_probability': 0.5907, 'opportunity_band': 'medium', 'model': 'intervention-opportunity-logistic-v1'}"
CANONICAL_000769,CANONICAL_000769,OULAD_000769,BEHAVIOR_000769,EMOTIONAL_000769,OULAD_COHORT_2026_01,"[0.3, 0.32, 0.21, 0.22]",0.22,0.135,0.23,-0.13,3.0,1.0,3,3,stable_low,Academic risk remained comparatively low and stable.,0.524,P2,High,ACADEMIC_STABLE_LOW,Routine monitoring,synthetic_demo,"{'intervention_success_probability': 0.4759, 'opportunity_band': 'medium', 'model': 'intervention-opportunity-logistic-v1'}"
CANONICAL_000770,CANONICAL_000770,OULAD_000770,BEHAVIOR_000770,EMOTIONAL_000770,OULAD_COHORT_2026_01,"[0.3, 0.39, 0.38, 0.37]",0.37,0.46,0.53,-0.15000000000000002,0.0,1.0,3,3,stable_low,Academic risk remained comparatively low and stable.,0.561,P2,High,ACADEMIC_STABLE_LOW,Routine monitoring,synthetic_demo,"{'intervention_success_probability': 0.5143, 'opportunity_band': 'medium', 'model': 'intervention-opportunity-logistic-v1'}"
CANONICAL_000771,CANONICAL_000771,OULAD_000771,BEHAVIOR_000771,EMOTIONAL_000771,OULAD_COHORT_2026_01,"[0.14, 0.19, 0.05, 0.03]",0.03,0.1475,0.27,-0.09999999999999999,2.0,1.0,3,3,stable_low,Academic risk remained comparatively low and stable.,0.486,P2,High,ACADEMIC_STABLE_LOW,Routine monitoring,synthetic_demo,"{'intervention_success_probability': 0.466, 'opportunity_band': 'medium', 'model': 'intervention-opportunity-logistic-v1'}"
CANONICAL_000772,CANONICAL_000772,OULAD_000772,BEHAVIOR_000772,EMOTIONAL_000772,OULAD_COHORT_2026_01,"[0.45, 0.5, 0.47, 0.52]",0.52,0.42,0.48,-0.10999999999999999,0.0,1.0,3,3,unstable,Academic risk changed without a single dominant trajectory pattern.,0.596,P2,High,ACADEMIC_UNSTABLE,Human review of conflicting evidence,synthetic_demo,"{'intervention_success_probability': 0.5189, 'opportunity_band': 'medium', 'model': 'intervention-opportunity-logistic-v1'}"
CANONICAL_000773,CANONICAL_000773,OULAD_000773,BEHAVIOR_000773,EMOTIONAL_000773,OULAD_COHORT_2026_01,"[0.25, 0.36, 0.36, 0.32]",0.32,0.2825,0.35,-0.010000000000000009,0.0,1.0,3,3,stable_low,Academic risk remained comparatively low and stable.,0.551,P2,High,ACADEMIC_STABLE_LOW,Routine monitoring,synthetic_demo,"{'intervention_success_probability': 0.5093, 'opportunity_band': 'medium', 'model': 'intervention-opportunity-logistic-v1'}"
CANONICAL_000774,CANONICAL_000774,OULAD_000774,BEHAVIOR_000774,EMOTIONAL_000774,OULAD_COHORT_2026_01,"[0.17, 0.16, 0.12, 0.17]",0.17,0.0625,0.13,0.13,1.0,1.0,3,3,stable_low,Academic risk remained comparatively low and stable.,0.519,P2,High,ACADEMIC_STABLE_LOW,Routine monitoring,synthetic_demo,"{'intervention_success_probability': 0.4723, 'opportunity_band': 'medium', 'model': 'intervention-opportunity-logistic-v1'}"
CANONICAL_000775,CANONICAL_000775,OULAD_000775,BEHAVIOR_000775,EMOTIONAL_000775,OULAD_COHORT_2026_01,"[0.08, 0.05, 0.07, 0.11]",0.11,0.4175,0.53,-0.21999999999999997,3.0,1.0,3,3,stable_low,Academic risk remained comparatively low and stable.,0.509,P2,High,ACADEMIC_STABLE_LOW,Routine monitoring,synthetic_demo,"{'intervention_success_probability': 0.4657, 'opportunity_band': 'medium', 'model': 'intervention-opportunity-logistic-v1'}"
CANONICAL_000776,CANONICAL_000776,OULAD_000776,BEHAVIOR_000776,EMOTIONAL_000776,OULAD_COHORT_2026_01,"[0.23, 0.3, 0.3, 0.49]",0.49,0.5549999999999999,0.71,-0.010000000000000009,1.0,1.0,3,3,unstable,Academic risk changed without a single dominant trajectory pattern.,0.623,P1,High,ACADEMIC_UNSTABLE,Human review of conflicting evidence,synthetic_demo,"{'intervention_success_probability': 0.442, 'opportunity_band': 'medium', 'model': 'intervention-opportunity-logistic-v1'}"
CANONICAL_000777,CANONICAL_000777,OULAD_000777,BEHAVIOR_000777,EMOTIONAL_000777,OULAD_COHORT_2026_01,"[0.48, 0.49, 0.49, 0.4]",0.4,0.315,0.45,0.18,2.0,1.0,3,3,unstable,Academic risk changed without a single dominant trajectory pattern.,0.56,P2,High,ACADEMIC_UNSTABLE,Human review of conflicting evidence,synthetic_demo,"{'intervention_success_probability': 0.5547, 'opportunity_band': 'medium', 'model': 'intervention-opportunity-logistic-v1'}"
CANONICAL_000778,CANONICAL_000778,OULAD_000778,BEHAVIOR_000778,EMOTIONAL_000778,OULAD_COHORT_2026_01,"[0.17, 0.28, 0.11, 0.13]",0.13,0.075,0.18,0.0,3.0,1.0,3,3,stable_low,Academic risk remained comparatively low and stable.,0.506,P2,High,ACADEMIC_STABLE_LOW,Routine monitoring,synthetic_demo,"{'intervention_success_probability': 0.4347, 'opportunity_band': 'medium', 'model': 'intervention-opportunity-logistic-v1'}"
CANONICAL_000779,CANONICAL_000779,OULAD_000779,BEHAVIOR_000779,EMOTIONAL_000779,OULAD_COHORT_2026_01,"[0.07, 0.12, 0.04, 0.1]",0.1,0.055,0.11,0.05,2.0,1.0,3,3,stable_low,Academic risk remained comparatively low and stable.,0.509,P2,High,ACADEMIC_STABLE_LOW,Routine monitoring,synthetic_demo,"{'intervention_success_probability': 0.4346, 'opportunity_band': 'medium', 'model': 'intervention-opportunity-logistic-v1'}"
CANONICAL_000780,CANONICAL_000780,OULAD_000780,BEHAVIOR_000780,EMOTIONAL_000780,OULAD_COHORT_2026_01,"[0.19, 0.16, 0.23, 0.23]",0.23,0.0375,0.15,0.0,0.0,1.0,3,3,stable_low,Academic risk remained comparatively low and stable.,0.53,P2,High,ACADEMIC_STABLE_LOW,Routine monitoring,synthetic_demo,"{'intervention_success_probability': 0.5105, 'opportunity_band': 'medium', 'model': 'intervention-opportunity-logistic-v1'}"
CANONICAL_000781,CANONICAL_000781,OULAD_000781,BEHAVIOR_000781,EMOTIONAL_000781,OULAD_COHORT_2026_01,"[0.17, 0.22, 0.3, 0.21]",0.21,0.3225,0.38,-0.03999999999999998,2.0,1.0,3,3,stable_low,Academic risk remained comparatively low and stable.,0.526,P2,High,ACADEMIC_STABLE_LOW,Routine monitoring,synthetic_demo,"{'intervention_success_probability': 0.515, 'opportunity_band': 'medium', 'model': 'intervention-opportunity-logistic-v1'}"
CANONICAL_000782,CANONICAL_000782,OULAD_000782,BEHAVIOR_000782,EMOTIONAL_000782,OULAD_COHORT_2026_01,"[0.28, 0.22, 0.1, 0.22]",0.22,0.3375,0.46,-0.020000000000000018,1.0,1.0,3,3,stable_low,Academic risk remained comparatively low and stable.,0.53,P2,High,ACADEMIC_STABLE_LOW,Routine monitoring,synthetic_demo,"{'intervention_success_probability': 0.4748, 'opportunity_band': 'medium', 'model': 'intervention-opportunity-logistic-v1'}"
CANONICAL_000783,CANONICAL_000783,OULAD_000783,BEHAVIOR_000783,EMOTIONAL_000783,OULAD_COHORT_2026_01,"[0.13, 0.23, 0.18, 0.23]",0.23,0.62,0.66,-0.050000000000000044,2.0,1.0,3,3,stable_low,Academic risk remained comparatively low and stable.,0.541,P2,High,ACADEMIC_STABLE_LOW,Routine monitoring,synthetic_demo,"{'intervention_success_probability': 0.4566, 'opportunity_band': 'medium', 'model': 'intervention-opportunity-logistic-v1'}"
CANONICAL_000784,CANONICAL_000784,OULAD_000784,BEHAVIOR_000784,EMOTIONAL_000784,OULAD_COHORT_2026_01,"[0.15, 0.06, 0.17, 0.09]",0.09,0.0275,0.11,0.0,1.0,1.0,3,3,stable_low,Academic risk remained comparatively low and stable.,0.498,P2,High,ACADEMIC_STABLE_LOW,Routine monitoring,synthetic_demo,"{'intervention_success_probability': 0.5344, 'opportunity_band': 'medium', 'model': 'intervention-opportunity-logistic-v1'}"
CANONICAL_000785,CANONICAL_000785,OULAD_000785,BEHAVIOR_000785,EMOTIONAL_000785,OULAD_COHORT_2026_01,"[0.09, 0.21, 0.17, 0.23]",0.23,0.0675,0.2,-0.07,0.0,1.0,3,3,stable_low,Academic risk remained comparatively low and stable.,0.546,P2,High,ACADEMIC_STABLE_LOW,Routine monitoring,synthetic_demo,"{'intervention_success_probability': 0.4463, 'opportunity_band': 'medium', 'model': 'intervention-opportunity-logistic-v1'}"
CANONICAL_000786,CANONICAL_000786,OULAD_000786,BEHAVIOR_000786,EMOTIONAL_000786,OULAD_COHORT_2026_01,"[0.35, 0.39, 0.4, 0.56]",0.56,0.4625,0.5,0.06,1.0,1.0,3,3,unstable,Academic risk changed without a single dominant trajectory pattern.,0.629,P1,High,ACADEMIC_UNSTABLE,Human review of conflicting evidence,synthetic_demo,"{'intervention_success_probability': 0.4696, 'opportunity_band': 'medium', 'model': 'intervention-opportunity-logistic-v1'}"
CANONICAL_000787,CANONICAL_000787,OULAD_000787,BEHAVIOR_000787,EMOTIONAL_000787,OULAD_COHORT_2026_01,"[0.16, 0.17, 0.31, 0.32]",0.32,0.20750000000000002,0.28,0.06,1.0,1.0,3,3,unstable,Academic risk changed without a single dominant trajectory pattern.,0.561,P2,High,ACADEMIC_UNSTABLE,Human review of conflicting evidence,synthetic_demo,"{'intervention_success_probability': 0.4994, 'opportunity_band': 'medium', 'model': 'intervention-opportunity-logistic-v1'}"
CANONICAL_000788,CANONICAL_000788,OULAD_000788,BEHAVIOR_000788,EMOTIONAL_000788,OULAD_COHORT_2026_01,"[0.15, 0.23, 0.22, 0.24]",0.24,0.52,0.55,-0.07000000000000006,1.0,1.0,3,3,stable_low,Academic risk remained comparatively low and stable.,0.539,P2,High,ACADEMIC_STABLE_LOW,Routine monitoring,synthetic_demo,"{'intervention_success_probability': 0.4805, 'opportunity_band': 'medium', 'model': 'intervention-opportunity-logistic-v1'}"
CANONICAL_000789,CANONICAL_000789,OULAD_000789,BEHAVIOR_000789,EMOTIONAL_000789,OULAD_COHORT_2026_01,"[0.45, 0.51, 0.49, 0.64]",0.64,0.5925,0.66,0.10999999999999999,3.0,1.0,3,3,late_emerging,Elevated academic risk emerged later in the observation window.,0.642,P1,High,ACADEMIC_LATE_EMERGING,Academic advisor review,synthetic_demo,"{'intervention_success_probability': 0.4667, 'opportunity_band': 'medium', 'model': 'intervention-opportunity-logistic-v1'}"
CANONICAL_000790,CANONICAL_000790,OULAD_000790,BEHAVIOR_000790,EMOTIONAL_000790,OULAD_COHORT_2026_01,"[0.53, 0.66, 0.66, 0.61]",0.61,0.335,0.36,0.0,3.0,1.0,3,3,unstable,Academic risk changed without a single dominant trajectory pattern.,0.61,P2,High,ACADEMIC_UNSTABLE,Human review of conflicting evidence,synthetic_demo,"{'intervention_success_probability': 0.5213, 'opportunity_band': 'medium', 'model': 'intervention-opportunity-logistic-v1'}"
CANONICAL_000791,CANONICAL_000791,OULAD_000791,BEHAVIOR_000791,EMOTIONAL_000791,OULAD_COHORT_2026_01,"[0.38, 0.5, 0.67, 0.83]",0.83,0.7275,0.78,-0.030000000000000027,1.0,1.0,3,3,rapidly_escalating,Academic risk increased substantially across the observation window.,0.707,P1,High,ACADEMIC_RAPIDLY_ESCALATING,Academic advisor check-in,synthetic_demo,"{'intervention_success_probability': 0.4816, 'opportunity_band': 'medium', 'model': 'intervention-opportunity-logistic-v1'}"
CANONICAL_000792,CANONICAL_000792,OULAD_000792,BEHAVIOR_000792,EMOTIONAL_000792,OULAD_COHORT_2026_01,"[0.5, 0.55, 0.6, 0.7]",0.7,0.485,0.53,-0.06000000000000005,1.0,1.0,3,3,unstable,Academic risk changed without a single dominant trajectory pattern.,0.65,P1,High,ACADEMIC_UNSTABLE,Human review of conflicting evidence,synthetic_demo,"{'intervention_success_probability': 0.5099, 'opportunity_band': 'medium', 'model': 'intervention-opportunity-logistic-v1'}"
CANONICAL_000793,CANONICAL_000793,OULAD_000793,BEHAVIOR_000793,EMOTIONAL_000793,OULAD_COHORT_2026_01,"[0.42, 0.37, 0.39, 0.34]",0.34,0.21000000000000002,0.27,-0.18,1.0,1.0,3,3,stable_low,Academic risk remained comparatively low and stable.,0.548,P2,High,ACADEMIC_STABLE_LOW,Routine monitoring,synthetic_demo,"{'intervention_success_probability': 0.5514, 'opportunity_band': 'medium', 'model': 'intervention-opportunity-logistic-v1'}"
CANONICAL_000794,CANONICAL_000794,OULAD_000794,BEHAVIOR_000794,EMOTIONAL_000794,OULAD_COHORT_2026_01,"[0.22, 0.19, 0.17, 0.14]",0.14,0.1125,0.17,-0.05000000000000002,1.0,1.0,3,3,stable_low,Academic risk remained comparatively low and stable.,0.508,P2,High,ACADEMIC_STABLE_LOW,Routine monitoring,synthetic_demo,"{'intervention_success_probability': 0.51, 'opportunity_band': 'medium', 'model': 'intervention-opportunity-logistic-v1'}"
CANONICAL_000795,CANONICAL_000795,OULAD_000795,BEHAVIOR_000795,EMOTIONAL_000795,OULAD_COHORT_2026_01,"[0.11, 0.12, 0.18, 0.16]",0.16,0.0475,0.16,-0.01,4.0,1.0,3,3,stable_low,Academic risk remained comparatively low and stable.,0.517,P2,High,ACADEMIC_STABLE_LOW,Routine monitoring,synthetic_demo,"{'intervention_success_probability': 0.4651, 'opportunity_band': 'medium', 'model': 'intervention-opportunity-logistic-v1'}"
CANONICAL_000796,CANONICAL_000796,OULAD_000796,BEHAVIOR_000796,EMOTIONAL_000796,OULAD_COHORT_2026_01,"[0.18, 0.28, 0.36, 0.23]",0.23,0.0825,0.2,-0.07,2.0,1.0,3,3,stable_low,Academic risk remained comparatively low and stable.,0.531,P2,High,ACADEMIC_STABLE_LOW,Routine monitoring,synthetic_demo,"{'intervention_success_probability': 0.5132, 'opportunity_band': 'medium', 'model': 'intervention-opportunity-logistic-v1'}"
CANONICAL_000797,CANONICAL_000797,OULAD_000797,BEHAVIOR_000797,EMOTIONAL_000797,OULAD_COHORT_2026_01,"[0.16, 0.14, 0.07, 0.11]",0.11,0.1125,0.19,-0.19,0.0,1.0,3,3,stable_low,Academic risk remained comparatively low and stable.,0.502,P2,High,ACADEMIC_STABLE_LOW,Routine monitoring,synthetic_demo,"{'intervention_success_probability': 0.4833, 'opportunity_band': 'medium', 'model': 'intervention-opportunity-logistic-v1'}"
CANONICAL_000798,CANONICAL_000798,OULAD_000798,BEHAVIOR_000798,EMOTIONAL_000798,OULAD_COHORT_2026_01,"[0.36, 0.35, 0.42, 0.37]",0.37,0.37,0.5,0.04999999999999999,1.0,1.0,3,3,stable_low,Academic risk remained comparatively low and stable.,0.555,P2,High,ACADEMIC_STABLE_LOW,Routine monitoring,synthetic_demo,"{'intervention_success_probability': 0.5461, 'opportunity_band': 'medium', 'model': 'intervention-opportunity-logistic-v1'}"
CANONICAL_000799,CANONICAL_000799,OULAD_000799,BEHAVIOR_000799,EMOTIONAL_000799,OULAD_COHORT_2026_01,"[0.24, 0.41, 0.41, 0.46]",0.46,0.2825,0.37,-0.010000000000000009,2.0,1.0,3,3,unstable,Academic risk changed without a single dominant trajectory pattern.,0.599,P2,High,ACADEMIC_UNSTABLE,Human review of conflicting evidence,synthetic_demo,"{'intervention_success_probability': 0.4533, 'opportunity_band': 'medium', 'model': 'intervention-opportunity-logistic-v1'}"
CANONICAL_000800,CANONICAL_000800,OULAD_000800,BEHAVIOR_000800,EMOTIONAL_000800,OULAD_COHORT_2026_01,"[0.04, 0.06, 0.08, 0.0]",0.0,0.0075,0.03,0.03,2.0,1.0,3,3,stable_low,Academic risk remained comparatively low and stable.,0.48,P2,High,ACADEMIC_STABLE_LOW,Routine monitoring,synthetic_demo,"{'intervention_success_probability': 0.4855, 'opportunity_band': 'medium', 'model': 'intervention-opportunity-logistic-v1'}"
CANONICAL_000801,CANONICAL_000801,OULAD_000801,BEHAVIOR_000801,EMOTIONAL_000801,OULAD_COHORT_2026_01,"[0.18, 0.15, 0.1, 0.19]",0.19,0.175,0.29,0.27999999999999997,1.0,1.0,3,3,stable_low,Academic risk remained comparatively low and stable.,0.528,P2,High,ACADEMIC_STABLE_LOW,Routine monitoring,synthetic_demo,"{'intervention_success_probability': 0.4671, 'opportunity_band': 'medium', 'model': 'intervention-opportunity-logistic-v1'}"
CANONICAL_000802,CANONICAL_000802,OULAD_000802,BEHAVIOR_000802,EMOTIONAL_000802,OULAD_COHORT_2026_01,"[0.08, 0.16, 0.15, 0.23]",0.23,0.3575,0.55,0.28,0.0,1.0,3,3,unstable,Academic risk changed without a single dominant trajectory pattern.,0.549,P2,High,ACADEMIC_UNSTABLE,Human review of conflicting evidence,synthetic_demo,"{'intervention_success_probability': 0.4566, 'opportunity_band': 'medium', 'model': 'intervention-opportunity-logistic-v1'}"
CANONICAL_000803,CANONICAL_000803,OULAD_000803,BEHAVIOR_000803,EMOTIONAL_000803,OULAD_COHORT_2026_01,"[0.23, 0.25, 0.19, 0.15]",0.15,0.2975,0.42,-0.29000000000000004,0.0,1.0,3,3,stable_low,Academic risk remained comparatively low and stable.,0.51,P2,High,ACADEMIC_STABLE_LOW,Routine monitoring,synthetic_demo,"{'intervention_success_probability': 0.517, 'opportunity_band': 'medium', 'model': 'intervention-opportunity-logistic-v1'}"
CANONICAL_000804,CANONICAL_000804,OULAD_000804,BEHAVIOR_000804,EMOTIONAL_000804,OULAD_COHORT_2026_01,"[0.46, 0.37, 0.3, 0.35]",0.35,0.0425,0.17,-0.17,0.0,1.0,3,3,stable_low,Academic risk remained comparatively low and stable.,0.55,P2,High,ACADEMIC_STABLE_LOW,Routine monitoring,synthetic_demo,"{'intervention_success_probability': 0.5284, 'opportunity_band': 'medium', 'model': 'intervention-opportunity-logistic-v1'}"
CANONICAL_000805,CANONICAL_000805,OULAD_000805,BEHAVIOR_000805,EMOTIONAL_000805,OULAD_COHORT_2026_01,"[0.11, 0.21, 0.26, 0.29]",0.29,0.14,0.19,-0.16,1.0,1.0,3,3,unstable,Academic risk changed without a single dominant trajectory pattern.,0.559,P2,High,ACADEMIC_UNSTABLE,Human review of conflicting evidence,synthetic_demo,"{'intervention_success_probability': 0.4625, 'opportunity_band': 'medium', 'model': 'intervention-opportunity-logistic-v1'}"
CANONICAL_000806,CANONICAL_000806,OULAD_000806,BEHAVIOR_000806,EMOTIONAL_000806,OULAD_COHORT_2026_01,"[0.52, 0.48, 0.48, 0.61]",0.61,0.665,0.8,-0.010000000000000009,0.0,1.0,3,3,unstable,Academic risk changed without a single dominant trajectory pattern.,0.624,P1,High,ACADEMIC_UNSTABLE,Human review of conflicting evidence,synthetic_demo,"{'intervention_success_probability': 0.5279, 'opportunity_band': 'medium', 'model': 'intervention-opportunity-logistic-v1'}"
CANONICAL_000807,CANONICAL_000807,OULAD_000807,BEHAVIOR_000807,EMOTIONAL_000807,OULAD_COHORT_2026_01,"[0.25, 0.27, 0.19, 0.13]",0.13,0.225,0.27,0.05000000000000002,3.0,1.0,3,3,stable_low,Academic risk remained comparatively low and stable.,0.506,P2,High,ACADEMIC_STABLE_LOW,Routine monitoring,synthetic_demo,"{'intervention_success_probability': 0.4963, 'opportunity_band': 'medium', 'model': 'intervention-opportunity-logistic-v1'}"
CANONICAL_000808,CANONICAL_000808,OULAD_000808,BEHAVIOR_000808,EMOTIONAL_000808,OULAD_COHORT_2026_01,"[0.36, 0.37, 0.57, 0.57]",0.57,0.58,0.84,0.14999999999999997,0.0,1.0,3,3,unstable,Academic risk changed without a single dominant trajectory pattern.,0.615,P2,High,ACADEMIC_UNSTABLE,Human review of conflicting evidence,synthetic_demo,"{'intervention_success_probability': 0.553, 'opportunity_band': 'medium', 'model': 'intervention-opportunity-logistic-v1'}"
CANONICAL_000809,CANONICAL_000809,OULAD_000809,BEHAVIOR_000809,EMOTIONAL_000809,OULAD_COHORT_2026_01,"[0.14, 0.18, 0.11, 0.08]",0.08,0.0875,0.29,-0.29,3.0,1.0,3,3,stable_low,Academic risk remained comparatively low and stable.,0.496,P2,High,ACADEMIC_STABLE_LOW,Routine monitoring,synthetic_demo,"{'intervention_success_probability': 0.4662, 'opportunity_band': 'medium', 'model': 'intervention-opportunity-logistic-v1'}"
CANONICAL_000810,CANONICAL_000810,OULAD_000810,BEHAVIOR_000810,EMOTIONAL_000810,OULAD_COHORT_2026_01,"[0.26, 0.1, 0.21, 0.23]",0.23,0.17250000000000001,0.23,-0.1,0.0,1.0,3,3,stable_low,Academic risk remained comparatively low and stable.,0.526,P2,High,ACADEMIC_STABLE_LOW,Routine monitoring,synthetic_demo,"{'intervention_success_probability': 0.5421, 'opportunity_band': 'medium', 'model': 'intervention-opportunity-logistic-v1'}"
CANONICAL_000811,CANONICAL_000811,OULAD_000811,BEHAVIOR_000811,EMOTIONAL_000811,OULAD_COHORT_2026_01,"[0.52, 0.52, 0.42, 0.48]",0.48,0.66,0.8,-0.08999999999999997,0.0,1.0,3,3,unstable,Academic risk changed without a single dominant trajectory pattern.,0.578,P2,High,ACADEMIC_UNSTABLE,Human review of conflicting evidence,synthetic_demo,"{'intervention_success_probability': 0.5345, 'opportunity_band': 'medium', 'model': 'intervention-opportunity-logistic-v1'}"
CANONICAL_000812,CANONICAL_000812,OULAD_000812,BEHAVIOR_000812,EMOTIONAL_000812,OULAD_COHORT_2026_01,"[0.48, 0.59, 0.65, 0.62]",0.62,0.6425000000000001,0.69,0.019999999999999907,1.0,1.0,3,3,late_emerging,Elevated academic risk emerged later in the observation window.,0.618,P2,High,ACADEMIC_LATE_EMERGING,Academic advisor review,synthetic_demo,"{'intervention_success_probability': 0.5432, 'opportunity_band': 'medium', 'model': 'intervention-opportunity-logistic-v1'}"
CANONICAL_000813,CANONICAL_000813,OULAD_000813,BEHAVIOR_000813,EMOTIONAL_000813,OULAD_COHORT_2026_01,"[0.26, 0.39, 0.39, 0.38]",0.38,0.4575,0.49,0.07,0.0,1.0,3,3,stable_low,Academic risk remained comparatively low and stable.,0.568,P2,High,ACADEMIC_STABLE_LOW,Routine monitoring,synthetic_demo,"{'intervention_success_probability': 0.5033, 'opportunity_band': 'medium', 'model': 'intervention-opportunity-logistic-v1'}"
CANONICAL_000814,CANONICAL_000814,OULAD_000814,BEHAVIOR_000814,EMOTIONAL_000814,OULAD_COHORT_2026_01,"[0.22, 0.16, 0.13, 0.23]",0.23,0.4375,0.53,0.13,4.0,1.0,3,3,stable_low,Academic risk remained comparatively low and stable.,0.537,P2,High,ACADEMIC_STABLE_LOW,Routine monitoring,synthetic_demo,"{'intervention_success_probability': 0.4582, 'opportunity_band': 'medium', 'model': 'intervention-opportunity-logistic-v1'}"
CANONICAL_000815,CANONICAL_000815,OULAD_000815,BEHAVIOR_000815,EMOTIONAL_000815,OULAD_COHORT_2026_01,"[0.28, 0.37, 0.41, 0.53]",0.53,0.6425000000000001,0.72,0.07999999999999996,0.0,1.0,3,3,unstable,Academic risk changed without a single dominant trajectory pattern.,0.623,P1,High,ACADEMIC_UNSTABLE,Human review of conflicting evidence,synthetic_demo,"{'intervention_success_probability': 0.4811, 'opportunity_band': 'medium', 'model': 'intervention-opportunity-logistic-v1'}"
CANONICAL_000816,CANONICAL_000816,OULAD_000816,BEHAVIOR_000816,EMOTIONAL_000816,OULAD_COHORT_2026_01,"[0.32, 0.28, 0.31, 0.36]",0.36,0.3225,0.42,0.020000000000000018,1.0,1.0,3,3,stable_low,Academic risk remained comparatively low and stable.,0.561,P2,High,ACADEMIC_STABLE_LOW,Routine monitoring,synthetic_demo,"{'intervention_success_probability': 0.5103, 'opportunity_band': 'medium', 'model': 'intervention-opportunity-logistic-v1'}"
CANONICAL_000817,CANONICAL_000817,OULAD_000817,BEHAVIOR_000817,EMOTIONAL_000817,OULAD_COHORT_2026_01,"[0.56, 0.55, 0.5, 0.51]",0.51,0.7050000000000001,0.77,0.0,4.0,1.0,3,3,unstable,Academic risk changed without a single dominant trajectory pattern.,0.582,P2,High,ACADEMIC_UNSTABLE,Human review of conflicting evidence,synthetic_demo,"{'intervention_success_probability': 0.5282, 'opportunity_band': 'medium', 'model': 'intervention-opportunity-logistic-v1'}"
CANONICAL_000818,CANONICAL_000818,OULAD_000818,BEHAVIOR_000818,EMOTIONAL_000818,OULAD_COHORT_2026_01,"[0.16, 0.16, 0.11, 0.11]",0.11,0.185,0.27,0.04999999999999999,1.0,1.0,3,3,stable_low,Academic risk remained comparatively low and stable.,0.502,P2,High,ACADEMIC_STABLE_LOW,Routine monitoring,synthetic_demo,"{'intervention_success_probability': 0.4877, 'opportunity_band': 'medium', 'model': 'intervention-opportunity-logistic-v1'}"
CANONICAL_000819,CANONICAL_000819,OULAD_000819,BEHAVIOR_000819,EMOTIONAL_000819,OULAD_COHORT_2026_01,"[0.15, 0.18, 0.08, 0.14]",0.14,0.0825,0.26,-0.21000000000000002,0.0,1.0,3,3,stable_low,Academic risk remained comparatively low and stable.,0.513,P2,High,ACADEMIC_STABLE_LOW,Routine monitoring,synthetic_demo,"{'intervention_success_probability': 0.4642, 'opportunity_band': 'medium', 'model': 'intervention-opportunity-logistic-v1'}"
CANONICAL_000820,CANONICAL_000820,OULAD_000820,BEHAVIOR_000820,EMOTIONAL_000820,OULAD_COHORT_2026_01,"[0.21, 0.31, 0.35, 0.39]",0.39,0.4525,0.53,0.030000000000000027,0.0,1.0,3,3,unstable,Academic risk changed without a single dominant trajectory pattern.,0.58,P2,High,ACADEMIC_UNSTABLE,Human review of conflicting evidence,synthetic_demo,"{'intervention_success_probability': 0.4894, 'opportunity_band': 'medium', 'model': 'intervention-opportunity-logistic-v1'}"
CANONICAL_000821,CANONICAL_000821,OULAD_000821,BEHAVIOR_000821,EMOTIONAL_000821,OULAD_COHORT_2026_01,"[0.11, 0.15, 0.07, 0.0]",0.0,0.049999999999999996,0.15,-0.05,1.0,1.0,3,3,stable_low,Academic risk remained comparatively low and stable.,0.48,P2,High,ACADEMIC_STABLE_LOW,Routine monitoring,synthetic_demo,"{'intervention_success_probability': 0.4897, 'opportunity_band': 'medium', 'model': 'intervention-opportunity-logistic-v1'}"
CANONICAL_000822,CANONICAL_000822,OULAD_000822,BEHAVIOR_000822,EMOTIONAL_000822,OULAD_COHORT_2026_01,"[0.36, 0.37, 0.39, 0.46]",0.46,0.515,0.61,0.030000000000000027,0.0,1.0,3,3,unstable,Academic risk changed without a single dominant trajectory pattern.,0.589,P2,High,ACADEMIC_UNSTABLE,Human review of conflicting evidence,synthetic_demo,"{'intervention_success_probability': 0.5146, 'opportunity_band': 'medium', 'model': 'intervention-opportunity-logistic-v1'}"
CANONICAL_000823,CANONICAL_000823,OULAD_000823,BEHAVIOR_000823,EMOTIONAL_000823,OULAD_COHORT_2026_01,"[0.07, 0.17, 0.23, 0.19]",0.19,0.55,0.7,0.08999999999999997,1.0,1.0,3,3,stable_low,Academic risk remained comparatively low and stable.,0.53,P2,High,ACADEMIC_STABLE_LOW,Routine monitoring,synthetic_demo,"{'intervention_success_probability': 0.4921, 'opportunity_band': 'medium', 'model': 'intervention-opportunity-logistic-v1'}"
CANONICAL_000824,CANONICAL_000824,OULAD_000824,BEHAVIOR_000824,EMOTIONAL_000824,OULAD_COHORT_2026_01,"[0.58, 0.53, 0.57, 0.47]",0.47,0.2175,0.3,0.1,3.0,1.0,3,3,unstable,Academic risk changed without a single dominant trajectory pattern.,0.574,P2,High,ACADEMIC_UNSTABLE,Human review of conflicting evidence,synthetic_demo,"{'intervention_success_probability': 0.5721, 'opportunity_band': 'medium', 'model': 'intervention-opportunity-logistic-v1'}"
CANONICAL_000825,CANONICAL_000825,OULAD_000825,BEHAVIOR_000825,EMOTIONAL_000825,OULAD_COHORT_2026_01,"[0.28, 0.3, 0.26, 0.14]",0.14,0.16,0.33,0.23,3.0,1.0,3,3,stable_low,Academic risk remained comparatively low and stable.,0.508,P2,High,ACADEMIC_STABLE_LOW,Routine monitoring,synthetic_demo,"{'intervention_success_probability': 0.5201, 'opportunity_band': 'medium', 'model': 'intervention-opportunity-logistic-v1'}"
CANONICAL_000826,CANONICAL_000826,OULAD_000826,BEHAVIOR_000826,EMOTIONAL_000826,OULAD_COHORT_2026_01,"[0.38, 0.48, 0.57, 0.57]",0.57,0.5975,0.77,0.07000000000000006,0.0,1.0,3,3,unstable,Academic risk changed without a single dominant trajectory pattern.,0.613,P2,High,ACADEMIC_UNSTABLE,Human review of conflicting evidence,synthetic_demo,"{'intervention_success_probability': 0.5323, 'opportunity_band': 'medium', 'model': 'intervention-opportunity-logistic-v1'}"
CANONICAL_000827,CANONICAL_000827,OULAD_000827,BEHAVIOR_000827,EMOTIONAL_000827,OULAD_COHORT_2026_01,"[0.05, 0.11, 0.1, 0.03]",0.03,0.0875,0.15,0.049999999999999996,0.0,1.0,3,3,stable_low,Academic risk remained comparatively low and stable.,0.486,P2,High,ACADEMIC_STABLE_LOW,Routine monitoring,synthetic_demo,"{'intervention_success_probability': 0.4941, 'opportunity_band': 'medium', 'model': 'intervention-opportunity-logistic-v1'}"
CANONICAL_000828,CANONICAL_000828,OULAD_000828,BEHAVIOR_000828,EMOTIONAL_000828,OULAD_COHORT_2026_01,"[0.39, 0.37, 0.29, 0.12]",0.12,0.06,0.09,-0.01999999999999999,0.0,1.0,3,3,improving,Academic risk decreased across the observation window.,0.504,P2,High,ACADEMIC_IMPROVING,Recognition and light-touch follow-up,synthetic_demo,"{'intervention_success_probability': 0.5751, 'opportunity_band': 'medium', 'model': 'intervention-opportunity-logistic-v1'}"
CANONICAL_000829,CANONICAL_000829,OULAD_000829,BEHAVIOR_000829,EMOTIONAL_000829,OULAD_COHORT_2026_01,"[0.33, 0.22, 0.22, 0.21]",0.21,0.08,0.23,0.23,1.0,1.0,3,3,stable_low,Academic risk remained comparatively low and stable.,0.522,P2,High,ACADEMIC_STABLE_LOW,Routine monitoring,synthetic_demo,"{'intervention_success_probability': 0.5318, 'opportunity_band': 'medium', 'model': 'intervention-opportunity-logistic-v1'}"
CANONICAL_000830,CANONICAL_000830,OULAD_000830,BEHAVIOR_000830,EMOTIONAL_000830,OULAD_COHORT_2026_01,"[0.35, 0.39, 0.46, 0.44]",0.44,0.425,0.47,0.03999999999999998,1.0,1.0,3,3,unstable,Academic risk changed without a single dominant trajectory pattern.,0.577,P2,High,ACADEMIC_UNSTABLE,Human review of conflicting evidence,synthetic_demo,"{'intervention_success_probability': 0.5291, 'opportunity_band': 'medium', 'model': 'intervention-opportunity-logistic-v1'}"
CANONICAL_000831,CANONICAL_000831,OULAD_000831,BEHAVIOR_000831,EMOTIONAL_000831,OULAD_COHORT_2026_01,"[0.24, 0.13, 0.1, 0.1]",0.1,0.055,0.12,0.04000000000000001,3.0,1.0,3,3,stable_low,Academic risk remained comparatively low and stable.,0.5,P2,High,ACADEMIC_STABLE_LOW,Routine monitoring,synthetic_demo,"{'intervention_success_probability': 0.4968, 'opportunity_band': 'medium', 'model': 'intervention-opportunity-logistic-v1'}"
CANONICAL_000832,CANONICAL_000832,OULAD_000832,BEHAVIOR_000832,EMOTIONAL_000832,OULAD_COHORT_2026_01,"[0.42, 0.43, 0.52, 0.49]",0.49,0.45,0.55,0.050000000000000044,2.0,1.0,3,3,unstable,Academic risk changed without a single dominant trajectory pattern.,0.585,P2,High,ACADEMIC_UNSTABLE,Human review of conflicting evidence,synthetic_demo,"{'intervention_success_probability': 0.54, 'opportunity_band': 'medium', 'model': 'intervention-opportunity-logistic-v1'}"
CANONICAL_000833,CANONICAL_000833,OULAD_000833,BEHAVIOR_000833,EMOTIONAL_000833,OULAD_COHORT_2026_01,"[0.13, 0.24, 0.2, 0.37]",0.37,0.3325,0.43,0.22999999999999998,0.0,1.0,3,3,unstable,Academic risk changed without a single dominant trajectory pattern.,0.595,P2,High,ACADEMIC_UNSTABLE,Human review of conflicting evidence,synthetic_demo,"{'intervention_success_probability': 0.4274, 'opportunity_band': 'medium', 'model': 'intervention-opportunity-logistic-v1'}"
CANONICAL_000834,CANONICAL_000834,OULAD_000834,BEHAVIOR_000834,EMOTIONAL_000834,OULAD_COHORT_2026_01,"[0.33, 0.4, 0.37, 0.43]",0.43,0.515,0.56,0.13000000000000006,2.0,1.0,3,3,unstable,Academic risk changed without a single dominant trajectory pattern.,0.582,P2,High,ACADEMIC_UNSTABLE,Human review of conflicting evidence,synthetic_demo,"{'intervention_success_probability': 0.4827, 'opportunity_band': 'medium', 'model': 'intervention-opportunity-logistic-v1'}"
CANONICAL_000835,CANONICAL_000835,OULAD_000835,BEHAVIOR_000835,EMOTIONAL_000835,OULAD_COHORT_2026_01,"[0.07, 0.0, 0.0, 0.0]",0.0,0.05,0.11,0.05,0.0,1.0,3,3,stable_low,Academic risk remained comparatively low and stable.,0.48,P2,High,ACADEMIC_STABLE_LOW,Routine monitoring,synthetic_demo,"{'intervention_success_probability': 0.4961, 'opportunity_band': 'medium', 'model': 'intervention-opportunity-logistic-v1'}"
CANONICAL_000836,CANONICAL_000836,OULAD_000836,BEHAVIOR_000836,EMOTIONAL_000836,OULAD_COHORT_2026_01,"[0.11, 0.14, 0.22, 0.23]",0.23,0.09,0.11,-0.020000000000000004,0.0,1.0,3,3,stable_low,Academic risk remained comparatively low and stable.,0.539,P2,High,ACADEMIC_STABLE_LOW,Routine monitoring,synthetic_demo,"{'intervention_success_probability': 0.4896, 'opportunity_band': 'medium', 'model': 'intervention-opportunity-logistic-v1'}"
CANONICAL_000837,CANONICAL_000837,OULAD_000837,BEHAVIOR_000837,EMOTIONAL_000837,OULAD_COHORT_2026_01,"[0.54, 0.53, 0.55, 0.68]",0.68,0.7625,0.84,0.06000000000000005,0.0,1.0,3,3,unstable,Academic risk changed without a single dominant trajectory pattern.,0.643,P1,High,ACADEMIC_UNSTABLE,Human review of conflicting evidence,synthetic_demo,"{'intervention_success_probability': 0.5301, 'opportunity_band': 'medium', 'model': 'intervention-opportunity-logistic-v1'}"
CANONICAL_000838,CANONICAL_000838,OULAD_000838,BEHAVIOR_000838,EMOTIONAL_000838,OULAD_COHORT_2026_01,"[0.16, 0.08, 0.02, 0.12]",0.12,0.11750000000000001,0.2,0.12000000000000001,0.0,1.0,3,3,stable_low,Academic risk remained comparatively low and stable.,0.51,P2,High,ACADEMIC_STABLE_LOW,Routine monitoring,synthetic_demo,"{'intervention_success_probability': 0.4756, 'opportunity_band': 'medium', 'model': 'intervention-opportunity-logistic-v1'}"
CANONICAL_000839,CANONICAL_000839,OULAD_000839,BEHAVIOR_000839,EMOTIONAL_000839,OULAD_COHORT_2026_01,"[0.12, 0.17, 0.16, 0.07]",0.07,0.2375,0.42,0.24,2.0,1.0,3,3,stable_low,Academic risk remained comparatively low and stable.,0.494,P2,High,ACADEMIC_STABLE_LOW,Routine monitoring,synthetic_demo,"{'intervention_success_probability': 0.4985, 'opportunity_band': 'medium', 'model': 'intervention-opportunity-logistic-v1'}"
CANONICAL_000840,CANONICAL_000840,OULAD_000840,BEHAVIOR_000840,EMOTIONAL_000840,OULAD_COHORT_2026_01,"[0.31, 0.29, 0.06, 0.01]",0.01,0.0475,0.15,0.13999999999999999,1.0,1.0,3,3,improving,Academic risk decreased across the observation window.,0.482,P2,High,ACADEMIC_IMPROVING,Recognition and light-touch follow-up,synthetic_demo,"{'intervention_success_probability': 0.5068, 'opportunity_band': 'medium', 'model': 'intervention-opportunity-logistic-v1'}"
CANONICAL_000841,CANONICAL_000841,OULAD_000841,BEHAVIOR_000841,EMOTIONAL_000841,OULAD_COHORT_2026_01,"[0.5, 0.48, 0.56, 0.52]",0.52,0.47,0.54,0.18000000000000005,0.0,1.0,3,3,unstable,Academic risk changed without a single dominant trajectory pattern.,0.586,P2,High,ACADEMIC_UNSTABLE,Human review of conflicting evidence,synthetic_demo,"{'intervention_success_probability': 0.5748, 'opportunity_band': 'medium', 'model': 'intervention-opportunity-logistic-v1'}"
CANONICAL_000842,CANONICAL_000842,OULAD_000842,BEHAVIOR_000842,EMOTIONAL_000842,OULAD_COHORT_2026_01,"[0.19, 0.22, 0.23, 0.21]",0.21,0.1725,0.31,0.28,4.0,1.0,3,3,stable_low,Academic risk remained comparatively low and stable.,0.524,P2,High,ACADEMIC_STABLE_LOW,Routine monitoring,synthetic_demo,"{'intervention_success_probability': 0.4718, 'opportunity_band': 'medium', 'model': 'intervention-opportunity-logistic-v1'}"
CANONICAL_000843,CANONICAL_000843,OULAD_000843,BEHAVIOR_000843,EMOTIONAL_000843,OULAD_COHORT_2026_01,"[0.68, 0.65, 0.48, 0.45]",0.45,0.13,0.18,-0.06,1.0,1.0,3,3,improving,Academic risk decreased across the observation window.,0.57,P2,High,ACADEMIC_IMPROVING,Recognition and light-touch follow-up,synthetic_demo,"{'intervention_success_probability': 0.5574, 'opportunity_band': 'medium', 'model': 'intervention-opportunity-logistic-v1'}"
CANONICAL_000844,CANONICAL_000844,OULAD_000844,BEHAVIOR_000844,EMOTIONAL_000844,OULAD_COHORT_2026_01,"[0.17, 0.19, 0.1, 0.12]",0.12,0.04,0.16,0.0,0.0,1.0,3,3,stable_low,Academic risk remained comparatively low and stable.,0.504,P2,High,ACADEMIC_STABLE_LOW,Routine monitoring,synthetic_demo,"{'intervention_success_probability': 0.4803, 'opportunity_band': 'medium', 'model': 'intervention-opportunity-logistic-v1'}"
CANONICAL_000845,CANONICAL_000845,OULAD_000845,BEHAVIOR_000845,EMOTIONAL_000845,OULAD_COHORT_2026_01,"[0.45, 0.42, 0.4, 0.48]",0.48,0.31,0.4,0.07,0.0,1.0,3,3,unstable,Academic risk changed without a single dominant trajectory pattern.,0.587,P2,High,ACADEMIC_UNSTABLE,Human review of conflicting evidence,synthetic_demo,"{'intervention_success_probability': 0.5202, 'opportunity_band': 'medium', 'model': 'intervention-opportunity-logistic-v1'}"
CANONICAL_000846,CANONICAL_000846,OULAD_000846,BEHAVIOR_000846,EMOTIONAL_000846,OULAD_COHORT_2026_01,"[0.29, 0.26, 0.18, 0.27]",0.27,0.33,0.51,0.11000000000000001,1.0,1.0,3,3,stable_low,Academic risk remained comparatively low and stable.,0.541,P2,High,ACADEMIC_STABLE_LOW,Routine monitoring,synthetic_demo,"{'intervention_success_probability': 0.4835, 'opportunity_band': 'medium', 'model': 'intervention-opportunity-logistic-v1'}"
CANONICAL_000847,CANONICAL_000847,OULAD_000847,BEHAVIOR_000847,EMOTIONAL_000847,OULAD_COHORT_2026_01,"[0.21, 0.3, 0.39, 0.38]",0.38,0.51,0.73,-0.36,4.0,1.0,3,3,unstable,Academic risk changed without a single dominant trajectory pattern.,0.573,P2,High,ACADEMIC_UNSTABLE,Human review of conflicting evidence,synthetic_demo,"{'intervention_success_probability': 0.4783, 'opportunity_band': 'medium', 'model': 'intervention-opportunity-logistic-v1'}"
CANONICAL_000848,CANONICAL_000848,OULAD_000848,BEHAVIOR_000848,EMOTIONAL_000848,OULAD_COHORT_2026_01,"[0.36, 0.46, 0.52, 0.41]",0.41,0.3675,0.5,-0.24,1.0,1.0,3,3,unstable,Academic risk changed without a single dominant trajectory pattern.,0.567,P2,High,ACADEMIC_UNSTABLE,Human review of conflicting evidence,synthetic_demo,"{'intervention_success_probability': 0.5457, 'opportunity_band': 'medium', 'model': 'intervention-opportunity-logistic-v1'}"
CANONICAL_000849,CANONICAL_000849,OULAD_000849,BEHAVIOR_000849,EMOTIONAL_000849,OULAD_COHORT_2026_01,"[0.09, 0.0, 0.05, 0.0]",0.0,0.28500000000000003,0.34,-0.020000000000000018,4.0,1.0,3,3,stable_low,Academic risk remained comparatively low and stable.,0.48,P2,High,ACADEMIC_STABLE_LOW,Routine monitoring,synthetic_demo,"{'intervention_success_probability': 0.4946, 'opportunity_band': 'medium', 'model': 'intervention-opportunity-logistic-v1'}"
CANONICAL_000850,CANONICAL_000850,OULAD_000850,BEHAVIOR_000850,EMOTIONAL_000850,OULAD_COHORT_2026_01,"[0.24, 0.32, 0.13, 0.11]",0.11,0.2525,0.33,-0.17,1.0,1.0,3,3,stable_low,Academic risk remained comparatively low and stable.,0.502,P2,High,ACADEMIC_STABLE_LOW,Routine monitoring,synthetic_demo,"{'intervention_success_probability': 0.4815, 'opportunity_band': 'medium', 'model': 'intervention-opportunity-logistic-v1'}"
CANONICAL_000851,CANONICAL_000851,OULAD_000851,BEHAVIOR_000851,EMOTIONAL_000851,OULAD_COHORT_2026_01,"[0.21, 0.34, 0.32, 0.24]",0.24,0.1725,0.31,0.14,1.0,1.0,3,3,stable_low,Academic risk remained comparatively low and stable.,0.531,P2,High,ACADEMIC_STABLE_LOW,Routine monitoring,synthetic_demo,"{'intervention_success_probability': 0.4997, 'opportunity_band': 'medium', 'model': 'intervention-opportunity-logistic-v1'}"
CANONICAL_000852,CANONICAL_000852,OULAD_000852,BEHAVIOR_000852,EMOTIONAL_000852,OULAD_COHORT_2026_01,"[0.34, 0.48, 0.45, 0.56]",0.56,0.6525,0.71,0.14,1.0,1.0,3,3,unstable,Academic risk changed without a single dominant trajectory pattern.,0.625,P1,High,ACADEMIC_UNSTABLE,Human review of conflicting evidence,synthetic_demo,"{'intervention_success_probability': 0.4698, 'opportunity_band': 'medium', 'model': 'intervention-opportunity-logistic-v1'}"
CANONICAL_000853,CANONICAL_000853,OULAD_000853,BEHAVIOR_000853,EMOTIONAL_000853,OULAD_COHORT_2026_01,"[0.29, 0.35, 0.3, 0.22]",0.22,0.3075,0.44,-0.13,2.0,1.0,3,3,stable_low,Academic risk remained comparatively low and stable.,0.524,P2,High,ACADEMIC_STABLE_LOW,Routine monitoring,synthetic_demo,"{'intervention_success_probability': 0.5146, 'opportunity_band': 'medium', 'model': 'intervention-opportunity-logistic-v1'}"
CANONICAL_000854,CANONICAL_000854,OULAD_000854,BEHAVIOR_000854,EMOTIONAL_000854,OULAD_COHORT_2026_01,"[0.35, 0.28, 0.27, 0.34]",0.34,0.4,0.49,0.16000000000000003,1.0,1.0,3,3,stable_low,Academic risk remained comparatively low and stable.,0.554,P2,High,ACADEMIC_STABLE_LOW,Routine monitoring,synthetic_demo,"{'intervention_success_probability': 0.512, 'opportunity_band': 'medium', 'model': 'intervention-opportunity-logistic-v1'}"
CANONICAL_000855,CANONICAL_000855,OULAD_000855,BEHAVIOR_000855,EMOTIONAL_000855,OULAD_COHORT_2026_01,"[0.42, 0.49, 0.42, 0.31]",0.31,0.345,0.46,-0.10000000000000003,3.0,1.0,3,3,stable_low,Academic risk remained comparatively low and stable.,0.542,P2,High,ACADEMIC_STABLE_LOW,Routine monitoring,synthetic_demo,"{'intervention_success_probability': 0.53, 'opportunity_band': 'medium', 'model': 'intervention-opportunity-logistic-v1'}"
CANONICAL_000856,CANONICAL_000856,OULAD_000856,BEHAVIOR_000856,EMOTIONAL_000856,OULAD_COHORT_2026_01,"[0.24, 0.19, 0.23, 0.3]",0.3,0.325,0.49,0.35,0.0,1.0,3,3,stable_low,Academic risk remained comparatively low and stable.,0.553,P2,High,ACADEMIC_STABLE_LOW,Routine monitoring,synthetic_demo,"{'intervention_success_probability': 0.5048, 'opportunity_band': 'medium', 'model': 'intervention-opportunity-logistic-v1'}"
CANONICAL_000857,CANONICAL_000857,OULAD_000857,BEHAVIOR_000857,EMOTIONAL_000857,OULAD_COHORT_2026_01,"[0.3, 0.3, 0.38, 0.39]",0.39,0.45,0.55,0.22000000000000003,1.0,1.0,3,3,stable_low,Academic risk remained comparatively low and stable.,0.568,P2,High,ACADEMIC_STABLE_LOW,Routine monitoring,synthetic_demo,"{'intervention_success_probability': 0.5215, 'opportunity_band': 'medium', 'model': 'intervention-opportunity-logistic-v1'}"
CANONICAL_000858,CANONICAL_000858,OULAD_000858,BEHAVIOR_000858,EMOTIONAL_000858,OULAD_COHORT_2026_01,"[0.57, 0.62, 0.69, 0.83]",0.83,0.9075,1.0,-0.020000000000000018,1.0,1.0,3,3,rapidly_escalating,Academic risk increased substantially across the observation window.,0.686,P1,High,ACADEMIC_RAPIDLY_ESCALATING,Academic advisor check-in,synthetic_demo,"{'intervention_success_probability': 0.5211, 'opportunity_band': 'medium', 'model': 'intervention-opportunity-logistic-v1'}"
CANONICAL_000859,CANONICAL_000859,OULAD_000859,BEHAVIOR_000859,EMOTIONAL_000859,OULAD_COHORT_2026_01,"[0.29, 0.25, 0.26, 0.19]",0.19,0.1825,0.25,0.16999999999999998,2.0,1.0,3,3,stable_low,Academic risk remained comparatively low and stable.,0.518,P2,High,ACADEMIC_STABLE_LOW,Routine monitoring,synthetic_demo,"{'intervention_success_probability': 0.5291, 'opportunity_band': 'medium', 'model': 'intervention-opportunity-logistic-v1'}"
CANONICAL_000860,CANONICAL_000860,OULAD_000860,BEHAVIOR_000860,EMOTIONAL_000860,OULAD_COHORT_2026_01,"[0.24, 0.17, 0.35, 0.32]",0.32,0.495,0.55,-0.040000000000000036,0.0,1.0,3,3,stable_low,Academic risk remained comparatively low and stable.,0.552,P2,High,ACADEMIC_STABLE_LOW,Routine monitoring,synthetic_demo,"{'intervention_success_probability': 0.5556, 'opportunity_band': 'medium', 'model': 'intervention-opportunity-logistic-v1'}"
CANONICAL_000861,CANONICAL_000861,OULAD_000861,BEHAVIOR_000861,EMOTIONAL_000861,OULAD_COHORT_2026_01,"[0.43, 0.49, 0.6, 0.59]",0.59,0.6225,0.72,-0.06999999999999995,1.0,1.0,3,3,unstable,Academic risk changed without a single dominant trajectory pattern.,0.614,P2,High,ACADEMIC_UNSTABLE,Human review of conflicting evidence,synthetic_demo,"{'intervention_success_probability': 0.5423, 'opportunity_band': 'medium', 'model': 'intervention-opportunity-logistic-v1'}"
CANONICAL_000862,CANONICAL_000862,OULAD_000862,BEHAVIOR_000862,EMOTIONAL_000862,OULAD_COHORT_2026_01,"[0.25, 0.42, 0.43, 0.44]",0.44,0.28,0.47,-0.08000000000000002,1.0,1.0,3,3,unstable,Academic risk changed without a single dominant trajectory pattern.,0.588,P2,High,ACADEMIC_UNSTABLE,Human review of conflicting evidence,synthetic_demo,"{'intervention_success_probability': 0.4762, 'opportunity_band': 'medium', 'model': 'intervention-opportunity-logistic-v1'}"
CANONICAL_000863,CANONICAL_000863,OULAD_000863,BEHAVIOR_000863,EMOTIONAL_000863,OULAD_COHORT_2026_01,"[0.59, 0.71, 0.69, 0.68]",0.68,0.71,0.87,0.21999999999999997,2.0,1.0,3,3,unstable,Academic risk changed without a single dominant trajectory pattern.,0.625,P1,High,ACADEMIC_UNSTABLE,Human review of conflicting evidence,synthetic_demo,"{'intervention_success_probability': 0.5365, 'opportunity_band': 'medium', 'model': 'intervention-opportunity-logistic-v1'}"
CANONICAL_000864,CANONICAL_000864,OULAD_000864,BEHAVIOR_000864,EMOTIONAL_000864,OULAD_COHORT_2026_01,"[0.49, 0.57, 0.7, 0.69]",0.69,0.86,0.9,0.030000000000000027,2.0,1.0,3,3,late_emerging,Elevated academic risk emerged later in the observation window.,0.638,P1,High,ACADEMIC_LATE_EMERGING,Academic advisor review,synthetic_demo,"{'intervention_success_probability': 0.5471, 'opportunity_band': 'medium', 'model': 'intervention-opportunity-logistic-v1'}"
CANONICAL_000865,CANONICAL_000865,OULAD_000865,BEHAVIOR_000865,EMOTIONAL_000865,OULAD_COHORT_2026_01,"[0.19, 0.29, 0.39, 0.38]",0.38,0.36,0.55,0.37000000000000005,2.0,1.0,3,3,unstable,Academic risk changed without a single dominant trajectory pattern.,0.575,P2,High,ACADEMIC_UNSTABLE,Human review of conflicting evidence,synthetic_demo,"{'intervention_success_probability': 0.4874, 'opportunity_band': 'medium', 'model': 'intervention-opportunity-logistic-v1'}"
CANONICAL_000866,CANONICAL_000866,OULAD_000866,BEHAVIOR_000866,EMOTIONAL_000866,OULAD_COHORT_2026_01,"[0.22, 0.29, 0.19, 0.05]",0.05,0.04,0.09,-0.07,0.0,1.0,3,3,stable_low,Academic risk remained comparatively low and stable.,0.49,P2,High,ACADEMIC_STABLE_LOW,Routine monitoring,synthetic_demo,"{'intervention_success_probability': 0.5273, 'opportunity_band': 'medium', 'model': 'intervention-opportunity-logistic-v1'}"
CANONICAL_000867,CANONICAL_000867,OULAD_000867,BEHAVIOR_000867,EMOTIONAL_000867,OULAD_COHORT_2026_01,"[0.45, 0.51, 0.62, 0.72]",0.72,0.4625,0.61,-0.37,4.0,1.0,3,3,rapidly_escalating,Academic risk increased substantially across the observation window.,0.661,P1,High,ACADEMIC_RAPIDLY_ESCALATING,Academic advisor check-in,synthetic_demo,"{'intervention_success_probability': 0.4805, 'opportunity_band': 'medium', 'model': 'intervention-opportunity-logistic-v1'}"
CANONICAL_000868,CANONICAL_000868,OULAD_000868,BEHAVIOR_000868,EMOTIONAL_000868,OULAD_COHORT_2026_01,"[0.43, 0.52, 0.53, 0.78]",0.78,0.7875,0.89,-0.14,3.0,1.0,3,3,rapidly_escalating,Academic risk increased substantially across the observation window.,0.696,P1,High,ACADEMIC_RAPIDLY_ESCALATING,Academic advisor check-in,synthetic_demo,"{'intervention_success_probability': 0.4369, 'opportunity_band': 'medium', 'model': 'intervention-opportunity-logistic-v1'}"
CANONICAL_000869,CANONICAL_000869,OULAD_000869,BEHAVIOR_000869,EMOTIONAL_000869,OULAD_COHORT_2026_01,"[0.47, 0.38, 0.33, 0.38]",0.38,0.3725,0.55,-0.20000000000000007,0.0,1.0,3,3,stable_low,Academic risk remained comparatively low and stable.,0.556,P2,High,ACADEMIC_STABLE_LOW,Routine monitoring,synthetic_demo,"{'intervention_success_probability': 0.5413, 'opportunity_band': 'medium', 'model': 'intervention-opportunity-logistic-v1'}"
CANONICAL_000870,CANONICAL_000870,OULAD_000870,BEHAVIOR_000870,EMOTIONAL_000870,OULAD_COHORT_2026_01,"[0.25, 0.29, 0.15, 0.08]",0.08,0.08,0.15,-0.07999999999999999,0.0,1.0,3,3,stable_low,Academic risk remained comparatively low and stable.,0.496,P2,High,ACADEMIC_STABLE_LOW,Routine monitoring,synthetic_demo,"{'intervention_success_probability': 0.5123, 'opportunity_band': 'medium', 'model': 'intervention-opportunity-logistic-v1'}"
CANONICAL_000871,CANONICAL_000871,OULAD_000871,BEHAVIOR_000871,EMOTIONAL_000871,OULAD_COHORT_2026_01,"[0.29, 0.3, 0.3, 0.23]",0.23,0.17500000000000002,0.25,0.0,0.0,1.0,3,3,stable_low,Academic risk remained comparatively low and stable.,0.526,P2,High,ACADEMIC_STABLE_LOW,Routine monitoring,synthetic_demo,"{'intervention_success_probability': 0.5369, 'opportunity_band': 'medium', 'model': 'intervention-opportunity-logistic-v1'}"
CANONICAL_000872,CANONICAL_000872,OULAD_000872,BEHAVIOR_000872,EMOTIONAL_000872,OULAD_COHORT_2026_01,"[0.23, 0.26, 0.28, 0.35]",0.35,0.095,0.16,0.06999999999999999,1.0,1.0,3,3,stable_low,Academic risk remained comparatively low and stable.,0.569,P2,High,ACADEMIC_STABLE_LOW,Routine monitoring,synthetic_demo,"{'intervention_success_probability': 0.4732, 'opportunity_band': 'medium', 'model': 'intervention-opportunity-logistic-v1'}"
CANONICAL_000873,CANONICAL_000873,OULAD_000873,BEHAVIOR_000873,EMOTIONAL_000873,OULAD_COHORT_2026_01,"[0.23, 0.22, 0.36, 0.41]",0.41,0.265,0.4,0.17,3.0,1.0,3,3,unstable,Academic risk changed without a single dominant trajectory pattern.,0.585,P2,High,ACADEMIC_UNSTABLE,Human review of conflicting evidence,synthetic_demo,"{'intervention_success_probability': 0.484, 'opportunity_band': 'medium', 'model': 'intervention-opportunity-logistic-v1'}"
CANONICAL_000874,CANONICAL_000874,OULAD_000874,BEHAVIOR_000874,EMOTIONAL_000874,OULAD_COHORT_2026_01,"[0.17, 0.23, 0.33, 0.33]",0.33,0.40249999999999997,0.52,0.11000000000000004,2.0,1.0,3,3,unstable,Academic risk changed without a single dominant trajectory pattern.,0.562,P2,High,ACADEMIC_UNSTABLE,Human review of conflicting evidence,synthetic_demo,"{'intervention_success_probability': 0.4896, 'opportunity_band': 'medium', 'model': 'intervention-opportunity-logistic-v1'}"
CANONICAL_000875,CANONICAL_000875,OULAD_000875,BEHAVIOR_000875,EMOTIONAL_000875,OULAD_COHORT_2026_01,"[0.49, 0.45, 0.42, 0.5]",0.5,0.54,0.68,-0.030000000000000027,3.0,1.0,3,3,unstable,Academic risk changed without a single dominant trajectory pattern.,0.589,P2,High,ACADEMIC_UNSTABLE,Human review of conflicting evidence,synthetic_demo,"{'intervention_success_probability': 0.5076, 'opportunity_band': 'medium', 'model': 'intervention-opportunity-logistic-v1'}"
CANONICAL_000876,CANONICAL_000876,OULAD_000876,BEHAVIOR_000876,EMOTIONAL_000876,OULAD_COHORT_2026_01,"[0.33, 0.31, 0.36, 0.22]",0.22,0.295,0.37,-0.15,0.0,1.0,3,3,stable_low,Academic risk remained comparatively low and stable.,0.524,P2,High,ACADEMIC_STABLE_LOW,Routine monitoring,synthetic_demo,"{'intervention_success_probability': 0.5759, 'opportunity_band': 'medium', 'model': 'intervention-opportunity-logistic-v1'}"
CANONICAL_000877,CANONICAL_000877,OULAD_000877,BEHAVIOR_000877,EMOTIONAL_000877,OULAD_COHORT_2026_01,"[0.34, 0.31, 0.4, 0.48]",0.48,0.3675,0.4,0.0,1.0,1.0,3,3,unstable,Academic risk changed without a single dominant trajectory pattern.,0.598,P2,High,ACADEMIC_UNSTABLE,Human review of conflicting evidence,synthetic_demo,"{'intervention_success_probability': 0.5083, 'opportunity_band': 'medium', 'model': 'intervention-opportunity-logistic-v1'}"
CANONICAL_000878,CANONICAL_000878,OULAD_000878,BEHAVIOR_000878,EMOTIONAL_000878,OULAD_COHORT_2026_01,"[0.47, 0.56, 0.59, 0.63]",0.63,0.66,0.73,0.10999999999999999,0.0,1.0,3,3,late_emerging,Elevated academic risk emerged later in the observation window.,0.626,P1,High,ACADEMIC_LATE_EMERGING,Academic advisor review,synthetic_demo,"{'intervention_success_probability': 0.5302, 'opportunity_band': 'medium', 'model': 'intervention-opportunity-logistic-v1'}"
CANONICAL_000879,CANONICAL_000879,OULAD_000879,BEHAVIOR_000879,EMOTIONAL_000879,OULAD_COHORT_2026_01,"[0.06, 0.08, 0.05, 0.0]",0.0,0.055,0.08,0.020000000000000004,0.0,1.0,3,3,stable_low,Academic risk remained comparatively low and stable.,0.48,P2,High,ACADEMIC_STABLE_LOW,Routine monitoring,synthetic_demo,"{'intervention_success_probability': 0.4932, 'opportunity_band': 'medium', 'model': 'intervention-opportunity-logistic-v1'}"
CANONICAL_000880,CANONICAL_000880,OULAD_000880,BEHAVIOR_000880,EMOTIONAL_000880,OULAD_COHORT_2026_01,"[0.33, 0.32, 0.29, 0.2]",0.2,0.40249999999999997,0.48,-0.02999999999999997,2.0,1.0,3,3,stable_low,Academic risk remained comparatively low and stable.,0.52,P2,High,ACADEMIC_STABLE_LOW,Routine monitoring,synthetic_demo,"{'intervention_success_probability': 0.5388, 'opportunity_band': 'medium', 'model': 'intervention-opportunity-logistic-v1'}"
CANONICAL_000881,CANONICAL_000881,OULAD_000881,BEHAVIOR_000881,EMOTIONAL_000881,OULAD_COHORT_2026_01,"[0.51, 0.5, 0.55, 0.58]",0.58,0.5975,0.79,-0.07999999999999996,0.0,1.0,3,3,unstable,Academic risk changed without a single dominant trajectory pattern.,0.606,P2,High,ACADEMIC_UNSTABLE,Human review of conflicting evidence,synthetic_demo,"{'intervention_success_probability': 0.5545, 'opportunity_band': 'medium', 'model': 'intervention-opportunity-logistic-v1'}"
CANONICAL_000882,CANONICAL_000882,OULAD_000882,BEHAVIOR_000882,EMOTIONAL_000882,OULAD_COHORT_2026_01,"[0.11, 0.13, 0.18, 0.32]",0.32,0.13,0.26,0.05,2.0,1.0,3,3,unstable,Academic risk changed without a single dominant trajectory pattern.,0.579,P2,High,ACADEMIC_UNSTABLE,Human review of conflicting evidence,synthetic_demo,"{'intervention_success_probability': 0.4331, 'opportunity_band': 'medium', 'model': 'intervention-opportunity-logistic-v1'}"
CANONICAL_000883,CANONICAL_000883,OULAD_000883,BEHAVIOR_000883,EMOTIONAL_000883,OULAD_COHORT_2026_01,"[0.48, 0.63, 0.62, 0.62]",0.62,0.95,1.0,-0.06999999999999995,2.0,1.0,3,3,late_emerging,Elevated academic risk emerged later in the observation window.,0.618,P2,High,ACADEMIC_LATE_EMERGING,Academic advisor review,synthetic_demo,"{'intervention_success_probability': 0.5224, 'opportunity_band': 'medium', 'model': 'intervention-opportunity-logistic-v1'}"
CANONICAL_000884,CANONICAL_000884,OULAD_000884,BEHAVIOR_000884,EMOTIONAL_000884,OULAD_COHORT_2026_01,"[0.34, 0.26, 0.07, 0.02]",0.02,0.0675,0.18,0.09,3.0,1.0,3,3,improving,Academic risk decreased across the observation window.,0.484,P2,High,ACADEMIC_IMPROVING,Recognition and light-touch follow-up,synthetic_demo,"{'intervention_success_probability': 0.5074, 'opportunity_band': 'medium', 'model': 'intervention-opportunity-logistic-v1'}"
CANONICAL_000885,CANONICAL_000885,OULAD_000885,BEHAVIOR_000885,EMOTIONAL_000885,OULAD_COHORT_2026_01,"[0.31, 0.39, 0.3, 0.34]",0.34,0.065,0.21,-0.21,0.0,1.0,3,3,stable_low,Academic risk remained comparatively low and stable.,0.555,P2,High,ACADEMIC_STABLE_LOW,Routine monitoring,synthetic_demo,"{'intervention_success_probability': 0.4832, 'opportunity_band': 'medium', 'model': 'intervention-opportunity-logistic-v1'}"
CANONICAL_000886,CANONICAL_000886,OULAD_000886,BEHAVIOR_000886,EMOTIONAL_000886,OULAD_COHORT_2026_01,"[0.32, 0.37, 0.44, 0.61]",0.61,0.6225,0.82,-0.15000000000000002,2.0,1.0,3,3,late_emerging,Elevated academic risk emerged later in the observation window.,0.648,P1,High,ACADEMIC_LATE_EMERGING,Academic advisor review,synthetic_demo,"{'intervention_success_probability': 0.4623, 'opportunity_band': 'medium', 'model': 'intervention-opportunity-logistic-v1'}"
CANONICAL_000887,CANONICAL_000887,OULAD_000887,BEHAVIOR_000887,EMOTIONAL_000887,OULAD_COHORT_2026_01,"[0.13, 0.08, 0.0, 0.05]",0.05,0.030000000000000002,0.07,0.07,4.0,1.0,3,3,stable_low,Academic risk remained comparatively low and stable.,0.49,P2,High,ACADEMIC_STABLE_LOW,Routine monitoring,synthetic_demo,"{'intervention_success_probability': 0.444, 'opportunity_band': 'medium', 'model': 'intervention-opportunity-logistic-v1'}"
CANONICAL_000888,CANONICAL_000888,OULAD_000888,BEHAVIOR_000888,EMOTIONAL_000888,OULAD_COHORT_2026_01,"[0.04, 0.18, 0.29, 0.36]",0.36,0.4125,0.52,0.08000000000000002,3.0,1.0,3,3,unstable,Academic risk changed without a single dominant trajectory pattern.,0.591,P2,High,ACADEMIC_UNSTABLE,Human review of conflicting evidence,synthetic_demo,"{'intervention_success_probability': 0.431, 'opportunity_band': 'medium', 'model': 'intervention-opportunity-logistic-v1'}"
CANONICAL_000889,CANONICAL_000889,OULAD_000889,BEHAVIOR_000889,EMOTIONAL_000889,OULAD_COHORT_2026_01,"[0.44, 0.5, 0.61, 0.72]",0.72,0.925,1.0,0.08999999999999997,2.0,1.0,3,3,rapidly_escalating,Academic risk increased substantially across the observation window.,0.663,P1,High,ACADEMIC_RAPIDLY_ESCALATING,Academic advisor check-in,synthetic_demo,"{'intervention_success_probability': 0.5072, 'opportunity_band': 'medium', 'model': 'intervention-opportunity-logistic-v1'}"
CANONICAL_000890,CANONICAL_000890,OULAD_000890,BEHAVIOR_000890,EMOTIONAL_000890,OULAD_COHORT_2026_01,"[0.12, 0.1, 0.12, 0.18]",0.18,0.2275,0.26,0.06,2.0,1.0,3,3,stable_low,Academic risk remained comparatively low and stable.,0.528,P2,High,ACADEMIC_STABLE_LOW,Routine monitoring,synthetic_demo,"{'intervention_success_probability': 0.4658, 'opportunity_band': 'medium', 'model': 'intervention-opportunity-logistic-v1'}"
CANONICAL_000891,CANONICAL_000891,OULAD_000891,BEHAVIOR_000891,EMOTIONAL_000891,OULAD_COHORT_2026_01,"[0.2, 0.07, 0.14, 0.1]",0.1,0.0175,0.07,0.0,1.0,1.0,3,3,stable_low,Academic risk remained comparatively low and stable.,0.5,P2,High,ACADEMIC_STABLE_LOW,Routine monitoring,synthetic_demo,"{'intervention_success_probability': 0.5315, 'opportunity_band': 'medium', 'model': 'intervention-opportunity-logistic-v1'}"
CANONICAL_000892,CANONICAL_000892,OULAD_000892,BEHAVIOR_000892,EMOTIONAL_000892,OULAD_COHORT_2026_01,"[0.7, 0.74, 0.8, 0.68]",0.68,0.9375,1.0,0.06000000000000005,2.0,1.0,3,3,unstable,Academic risk changed without a single dominant trajectory pattern.,0.616,P2,High,ACADEMIC_UNSTABLE,Human review of conflicting evidence,synthetic_demo,"{'intervention_success_probability': 0.6098, 'opportunity_band': 'medium', 'model': 'intervention-opportunity-logistic-v1'}"
CANONICAL_000893,CANONICAL_000893,OULAD_000893,BEHAVIOR_000893,EMOTIONAL_000893,OULAD_COHORT_2026_01,"[0.28, 0.3, 0.31, 0.26]",0.26,0.0025,0.01,0.0,2.0,1.0,3,3,stable_low,Academic risk remained comparatively low and stable.,0.532,P2,High,ACADEMIC_STABLE_LOW,Routine monitoring,synthetic_demo,"{'intervention_success_probability': 0.5063, 'opportunity_band': 'medium', 'model': 'intervention-opportunity-logistic-v1'}"
CANONICAL_000894,CANONICAL_000894,OULAD_000894,BEHAVIOR_000894,EMOTIONAL_000894,OULAD_COHORT_2026_01,"[0.35, 0.29, 0.2, 0.13]",0.13,0.03,0.08,0.08,2.0,1.0,3,3,improving,Academic risk decreased across the observation window.,0.506,P2,High,ACADEMIC_IMPROVING,Recognition and light-touch follow-up,synthetic_demo,"{'intervention_success_probability': 0.5273, 'opportunity_band': 'medium', 'model': 'intervention-opportunity-logistic-v1'}"
CANONICAL_000895,CANONICAL_000895,OULAD_000895,BEHAVIOR_000895,EMOTIONAL_000895,OULAD_COHORT_2026_01,"[0.18, 0.12, 0.22, 0.29]",0.29,0.0775,0.21,-0.07,2.0,1.0,3,3,stable_low,Academic risk remained comparatively low and stable.,0.556,P2,High,ACADEMIC_STABLE_LOW,Routine monitoring,synthetic_demo,"{'intervention_success_probability': 0.4791, 'opportunity_band': 'medium', 'model': 'intervention-opportunity-logistic-v1'}"
CANONICAL_000896,CANONICAL_000896,OULAD_000896,BEHAVIOR_000896,EMOTIONAL_000896,OULAD_COHORT_2026_01,"[0.5, 0.59, 0.72, 0.81]",0.81,0.5525,0.75,-0.14,1.0,1.0,3,3,rapidly_escalating,Academic risk increased substantially across the observation window.,0.682,P1,High,ACADEMIC_RAPIDLY_ESCALATING,Academic advisor check-in,synthetic_demo,"{'intervention_success_probability': 0.5151, 'opportunity_band': 'medium', 'model': 'intervention-opportunity-logistic-v1'}"
CANONICAL_000897,CANONICAL_000897,OULAD_000897,BEHAVIOR_000897,EMOTIONAL_000897,OULAD_COHORT_2026_01,"[0.06, 0.0, 0.0, 0.03]",0.03,0.195,0.22,0.05000000000000002,0.0,1.0,3,3,stable_low,Academic risk remained comparatively low and stable.,0.486,P2,High,ACADEMIC_STABLE_LOW,Routine monitoring,synthetic_demo,"{'intervention_success_probability': 0.4883, 'opportunity_band': 'medium', 'model': 'intervention-opportunity-logistic-v1'}"
CANONICAL_000898,CANONICAL_000898,OULAD_000898,BEHAVIOR_000898,EMOTIONAL_000898,OULAD_COHORT_2026_01,"[0.44, 0.48, 0.39, 0.31]",0.31,0.32999999999999996,0.42,0.04999999999999999,1.0,1.0,3,3,stable_low,Academic risk remained comparatively low and stable.,0.542,P2,High,ACADEMIC_STABLE_LOW,Routine monitoring,synthetic_demo,"{'intervention_success_probability': 0.5431, 'opportunity_band': 'medium', 'model': 'intervention-opportunity-logistic-v1'}"
CANONICAL_000899,CANONICAL_000899,OULAD_000899,BEHAVIOR_000899,EMOTIONAL_000899,OULAD_COHORT_2026_01,"[0.09, 0.1, 0.11, 0.27]",0.27,0.52,0.66,-0.19,0.0,1.0,3,3,unstable,Academic risk changed without a single dominant trajectory pattern.,0.568,P2,High,ACADEMIC_UNSTABLE,Human review of conflicting evidence,synthetic_demo,"{'intervention_success_probability': 0.4513, 'opportunity_band': 'medium', 'model': 'intervention-opportunity-logistic-v1'}"
CANONICAL_000900,CANONICAL_000900,OULAD_000900,BEHAVIOR_000900,EMOTIONAL_000900,OULAD_COHORT_2026_01,"[0.63, 0.69, 0.66, 0.64]",0.64,0.8075,0.89,0.25,1.0,1.0,3,3,unstable,Academic risk changed without a single dominant trajectory pattern.,0.609,P2,High,ACADEMIC_UNSTABLE,Human review of conflicting evidence,synthetic_demo,"{'intervention_success_probability': 0.565, 'opportunity_band': 'medium', 'model': 'intervention-opportunity-logistic-v1'}"
CANONICAL_000901,CANONICAL_000901,OULAD_000901,BEHAVIOR_000901,EMOTIONAL_000901,OULAD_COHORT_2026_01,"[0.38, 0.37, 0.41, 0.47]",0.47,0.4575,0.52,-0.2,0.0,1.0,3,3,unstable,Academic risk changed without a single dominant trajectory pattern.,0.589,P2,High,ACADEMIC_UNSTABLE,Human review of conflicting evidence,synthetic_demo,"{'intervention_success_probability': 0.5235, 'opportunity_band': 'medium', 'model': 'intervention-opportunity-logistic-v1'}"
CANONICAL_000902,CANONICAL_000902,OULAD_000902,BEHAVIOR_000902,EMOTIONAL_000902,OULAD_COHORT_2026_01,"[0.13, 0.17, 0.29, 0.31]",0.31,0.2425,0.37,-0.33,1.0,1.0,3,3,unstable,Academic risk changed without a single dominant trajectory pattern.,0.562,P2,High,ACADEMIC_UNSTABLE,Human review of conflicting evidence,synthetic_demo,"{'intervention_success_probability': 0.4869, 'opportunity_band': 'medium', 'model': 'intervention-opportunity-logistic-v1'}"
CANONICAL_000903,CANONICAL_000903,OULAD_000903,BEHAVIOR_000903,EMOTIONAL_000903,OULAD_COHORT_2026_01,"[0.27, 0.23, 0.08, 0.11]",0.11,0.10250000000000001,0.21,0.009999999999999981,3.0,1.0,3,3,stable_low,Academic risk remained comparatively low and stable.,0.502,P2,High,ACADEMIC_STABLE_LOW,Routine monitoring,synthetic_demo,"{'intervention_success_probability': 0.4714, 'opportunity_band': 'medium', 'model': 'intervention-opportunity-logistic-v1'}"
CANONICAL_000904,CANONICAL_000904,OULAD_000904,BEHAVIOR_000904,EMOTIONAL_000904,OULAD_COHORT_2026_01,"[0.38, 0.4, 0.55, 0.61]",0.61,0.3125,0.38,-0.13,1.0,1.0,3,3,late_emerging,Elevated academic risk emerged later in the observation window.,0.631,P1,High,ACADEMIC_LATE_EMERGING,Academic advisor review,synthetic_demo,"{'intervention_success_probability': 0.5147, 'opportunity_band': 'medium', 'model': 'intervention-opportunity-logistic-v1'}"
CANONICAL_000905,CANONICAL_000905,OULAD_000905,BEHAVIOR_000905,EMOTIONAL_000905,OULAD_COHORT_2026_01,"[0.18, 0.24, 0.23, 0.19]",0.19,0.29000000000000004,0.46,-0.21000000000000002,0.0,1.0,3,3,stable_low,Academic risk remained comparatively low and stable.,0.519,P2,High,ACADEMIC_STABLE_LOW,Routine monitoring,synthetic_demo,"{'intervention_success_probability': 0.5078, 'opportunity_band': 'medium', 'model': 'intervention-opportunity-logistic-v1'}"
CANONICAL_000906,CANONICAL_000906,OULAD_000906,BEHAVIOR_000906,EMOTIONAL_000906,OULAD_COHORT_2026_01,"[0.22, 0.25, 0.31, 0.43]",0.43,0.5525,0.66,0.18000000000000005,1.0,1.0,3,3,unstable,Academic risk changed without a single dominant trajectory pattern.,0.599,P2,High,ACADEMIC_UNSTABLE,Human review of conflicting evidence,synthetic_demo,"{'intervention_success_probability': 0.4737, 'opportunity_band': 'medium', 'model': 'intervention-opportunity-logistic-v1'}"
CANONICAL_000907,CANONICAL_000907,OULAD_000907,BEHAVIOR_000907,EMOTIONAL_000907,OULAD_COHORT_2026_01,"[0.52, 0.57, 0.64, 0.53]",0.53,0.46499999999999997,0.58,0.11000000000000004,0.0,1.0,3,3,unstable,Academic risk changed without a single dominant trajectory pattern.,0.587,P2,High,ACADEMIC_UNSTABLE,Human review of conflicting evidence,synthetic_demo,"{'intervention_success_probability': 0.5862, 'opportunity_band': 'medium', 'model': 'intervention-opportunity-logistic-v1'}"
CANONICAL_000908,CANONICAL_000908,OULAD_000908,BEHAVIOR_000908,EMOTIONAL_000908,OULAD_COHORT_2026_01,"[0.28, 0.22, 0.3, 0.24]",0.24,0.37,0.52,-0.07,1.0,1.0,3,3,stable_low,Academic risk remained comparatively low and stable.,0.528,P2,High,ACADEMIC_STABLE_LOW,Routine monitoring,synthetic_demo,"{'intervention_success_probability': 0.5479, 'opportunity_band': 'medium', 'model': 'intervention-opportunity-logistic-v1'}"
CANONICAL_000909,CANONICAL_000909,OULAD_000909,BEHAVIOR_000909,EMOTIONAL_000909,OULAD_COHORT_2026_01,"[0.48, 0.46, 0.48, 0.61]",0.61,0.575,0.68,0.020000000000000018,1.0,1.0,3,3,late_emerging,Elevated academic risk emerged later in the observation window.,0.628,P1,High,ACADEMIC_LATE_EMERGING,Academic advisor review,synthetic_demo,"{'intervention_success_probability': 0.5098, 'opportunity_band': 'medium', 'model': 'intervention-opportunity-logistic-v1'}"
CANONICAL_000910,CANONICAL_000910,OULAD_000910,BEHAVIOR_000910,EMOTIONAL_000910,OULAD_COHORT_2026_01,"[0.35, 0.32, 0.37, 0.43]",0.43,0.34750000000000003,0.45,-0.040000000000000036,4.0,1.0,3,3,unstable,Academic risk changed without a single dominant trajectory pattern.,0.58,P2,High,ACADEMIC_UNSTABLE,Human review of conflicting evidence,synthetic_demo,"{'intervention_success_probability': 0.4862, 'opportunity_band': 'medium', 'model': 'intervention-opportunity-logistic-v1'}"
CANONICAL_000911,CANONICAL_000911,OULAD_000911,BEHAVIOR_000911,EMOTIONAL_000911,OULAD_COHORT_2026_01,"[0.38, 0.38, 0.42, 0.64]",0.64,0.7225,0.81,-0.07999999999999996,0.0,1.0,3,3,late_emerging,Elevated academic risk emerged later in the observation window.,0.656,P1,High,ACADEMIC_LATE_EMERGING,Academic advisor review,synthetic_demo,"{'intervention_success_probability': 0.4804, 'opportunity_band': 'medium', 'model': 'intervention-opportunity-logistic-v1'}"
CANONICAL_000912,CANONICAL_000912,OULAD_000912,BEHAVIOR_000912,EMOTIONAL_000912,OULAD_COHORT_2026_01,"[0.46, 0.58, 0.55, 0.58]",0.58,0.86,0.99,0.14,2.0,1.0,3,3,unstable,Academic risk changed without a single dominant trajectory pattern.,0.611,P2,High,ACADEMIC_UNSTABLE,Human review of conflicting evidence,synthetic_demo,"{'intervention_success_probability': 0.5111, 'opportunity_band': 'medium', 'model': 'intervention-opportunity-logistic-v1'}"
CANONICAL_000913,CANONICAL_000913,OULAD_000913,BEHAVIOR_000913,EMOTIONAL_000913,OULAD_COHORT_2026_01,"[0.56, 0.56, 0.44, 0.59]",0.59,0.75,0.87,0.18000000000000005,3.0,1.0,3,3,unstable,Academic risk changed without a single dominant trajectory pattern.,0.616,P2,High,ACADEMIC_UNSTABLE,Human review of conflicting evidence,synthetic_demo,"{'intervention_success_probability': 0.4873, 'opportunity_band': 'medium', 'model': 'intervention-opportunity-logistic-v1'}"
CANONICAL_000914,CANONICAL_000914,OULAD_000914,BEHAVIOR_000914,EMOTIONAL_000914,OULAD_COHORT_2026_01,"[0.14, 0.06, 0.0, 0.0]",0.0,0.030000000000000002,0.07,0.020000000000000004,4.0,1.0,3,3,stable_low,Academic risk remained comparatively low and stable.,0.48,P2,High,ACADEMIC_STABLE_LOW,Routine monitoring,synthetic_demo,"{'intervention_success_probability': 0.4672, 'opportunity_band': 'medium', 'model': 'intervention-opportunity-logistic-v1'}"
CANONICAL_000915,CANONICAL_000915,OULAD_000915,BEHAVIOR_000915,EMOTIONAL_000915,OULAD_COHORT_2026_01,"[0.42, 0.48, 0.49, 0.4]",0.4,0.44,0.53,-0.13,0.0,1.0,3,3,unstable,Academic risk changed without a single dominant trajectory pattern.,0.56,P2,High,ACADEMIC_UNSTABLE,Human review of conflicting evidence,synthetic_demo,"{'intervention_success_probability': 0.5603, 'opportunity_band': 'medium', 'model': 'intervention-opportunity-logistic-v1'}"
CANONICAL_000916,CANONICAL_000916,OULAD_000916,BEHAVIOR_000916,EMOTIONAL_000916,OULAD_COHORT_2026_01,"[0.63, 0.76, 0.71, 0.8]",0.8,0.7324999999999999,0.8,-0.09000000000000008,1.0,1.0,3,3,unstable,Academic risk changed without a single dominant trajectory pattern.,0.666,P1,High,ACADEMIC_UNSTABLE,Human review of conflicting evidence,synthetic_demo,"{'intervention_success_probability': 0.5159, 'opportunity_band': 'medium', 'model': 'intervention-opportunity-logistic-v1'}"
CANONICAL_000917,CANONICAL_000917,OULAD_000917,BEHAVIOR_000917,EMOTIONAL_000917,OULAD_COHORT_2026_01,"[0.42, 0.34, 0.3, 0.18]",0.18,0.2225,0.3,0.18,0.0,1.0,3,3,improving,Academic risk decreased across the observation window.,0.516,P2,High,ACADEMIC_IMPROVING,Recognition and light-touch follow-up,synthetic_demo,"{'intervention_success_probability': 0.5814, 'opportunity_band': 'medium', 'model': 'intervention-opportunity-logistic-v1'}"
CANONICAL_000918,CANONICAL_000918,OULAD_000918,BEHAVIOR_000918,EMOTIONAL_000918,OULAD_COHORT_2026_01,"[0.32, 0.5, 0.67, 0.67]",0.67,0.7525,0.91,-0.30000000000000004,1.0,1.0,3,3,late_emerging,Elevated academic risk emerged later in the observation window.,0.649,P1,High,ACADEMIC_LATE_EMERGING,Academic advisor review,synthetic_demo,"{'intervention_success_probability': 0.5142, 'opportunity_band': 'medium', 'model': 'intervention-opportunity-logistic-v1'}"
CANONICAL_000919,CANONICAL_000919,OULAD_000919,BEHAVIOR_000919,EMOTIONAL_000919,OULAD_COHORT_2026_01,"[0.52, 0.58, 0.67, 0.78]",0.78,0.37250000000000005,0.55,0.03999999999999998,0.0,1.0,3,3,rapidly_escalating,Academic risk increased substantially across the observation window.,0.673,P1,High,ACADEMIC_RAPIDLY_ESCALATING,Academic advisor check-in,synthetic_demo,"{'intervention_success_probability': 0.5162, 'opportunity_band': 'medium', 'model': 'intervention-opportunity-logistic-v1'}"
CANONICAL_000920,CANONICAL_000920,OULAD_000920,BEHAVIOR_000920,EMOTIONAL_000920,OULAD_COHORT_2026_01,"[0.68, 0.79, 0.79, 0.85]",0.85,0.78,0.93,0.010000000000000009,3.0,1.0,3,3,unstable,Academic risk changed without a single dominant trajectory pattern.,0.673,P1,High,ACADEMIC_UNSTABLE,Human review of conflicting evidence,synthetic_demo,"{'intervention_success_probability': 0.5235, 'opportunity_band': 'medium', 'model': 'intervention-opportunity-logistic-v1'}"
CANONICAL_000921,CANONICAL_000921,OULAD_000921,BEHAVIOR_000921,EMOTIONAL_000921,OULAD_COHORT_2026_01,"[0.36, 0.5, 0.57, 0.59]",0.59,0.6675,0.82,-0.07999999999999996,0.0,1.0,3,3,unstable,Academic risk changed without a single dominant trajectory pattern.,0.623,P1,High,ACADEMIC_UNSTABLE,Human review of conflicting evidence,synthetic_demo,"{'intervention_success_probability': 0.5175, 'opportunity_band': 'medium', 'model': 'intervention-opportunity-logistic-v1'}"
CANONICAL_000922,CANONICAL_000922,OULAD_000922,BEHAVIOR_000922,EMOTIONAL_000922,OULAD_COHORT_2026_01,"[0.39, 0.49, 0.48, 0.46]",0.46,0.43,0.49,-0.02999999999999997,1.0,1.0,3,3,unstable,Academic risk changed without a single dominant trajectory pattern.,0.579,P2,High,ACADEMIC_UNSTABLE,Human review of conflicting evidence,synthetic_demo,"{'intervention_success_probability': 0.518, 'opportunity_band': 'medium', 'model': 'intervention-opportunity-logistic-v1'}"
CANONICAL_000923,CANONICAL_000923,OULAD_000923,BEHAVIOR_000923,EMOTIONAL_000923,OULAD_COHORT_2026_01,"[0.38, 0.39, 0.42, 0.46]",0.46,0.7575000000000001,0.91,-0.17000000000000004,1.0,1.0,3,3,unstable,Academic risk changed without a single dominant trajectory pattern.,0.584,P2,High,ACADEMIC_UNSTABLE,Human review of conflicting evidence,synthetic_demo,"{'intervention_success_probability': 0.5261, 'opportunity_band': 'medium', 'model': 'intervention-opportunity-logistic-v1'}"
CANONICAL_000924,CANONICAL_000924,OULAD_000924,BEHAVIOR_000924,EMOTIONAL_000924,OULAD_COHORT_2026_01,"[0.08, 0.2, 0.26, 0.32]",0.32,0.44,0.54,0.040000000000000036,4.0,1.0,3,3,unstable,Academic risk changed without a single dominant trajectory pattern.,0.574,P2,High,ACADEMIC_UNSTABLE,Human review of conflicting evidence,synthetic_demo,"{'intervention_success_probability': 0.4307, 'opportunity_band': 'medium', 'model': 'intervention-opportunity-logistic-v1'}"
CANONICAL_000925,CANONICAL_000925,OULAD_000925,BEHAVIOR_000925,EMOTIONAL_000925,OULAD_COHORT_2026_01,"[0.44, 0.48, 0.46, 0.43]",0.43,0.05500000000000001,0.14,-0.1,2.0,1.0,3,3,unstable,Academic risk changed without a single dominant trajectory pattern.,0.566,P2,High,ACADEMIC_UNSTABLE,Human review of conflicting evidence,synthetic_demo,"{'intervention_success_probability': 0.5167, 'opportunity_band': 'medium', 'model': 'intervention-opportunity-logistic-v1'}"
CANONICAL_000926,CANONICAL_000926,OULAD_000926,BEHAVIOR_000926,EMOTIONAL_000926,OULAD_COHORT_2026_01,"[0.09, 0.2, 0.17, 0.22]",0.22,0.23750000000000002,0.34,-0.26,0.0,1.0,3,3,stable_low,Academic risk remained comparatively low and stable.,0.542,P2,High,ACADEMIC_STABLE_LOW,Routine monitoring,synthetic_demo,"{'intervention_success_probability': 0.4569, 'opportunity_band': 'medium', 'model': 'intervention-opportunity-logistic-v1'}"
CANONICAL_000927,CANONICAL_000927,OULAD_000927,BEHAVIOR_000927,EMOTIONAL_000927,OULAD_COHORT_2026_01,"[0.4, 0.51, 0.63, 0.74]",0.74,0.6075,0.76,-0.29,0.0,1.0,3,3,rapidly_escalating,Academic risk increased substantially across the observation window.,0.673,P1,High,ACADEMIC_RAPIDLY_ESCALATING,Academic advisor check-in,synthetic_demo,"{'intervention_success_probability': 0.5021, 'opportunity_band': 'medium', 'model': 'intervention-opportunity-logistic-v1'}"
CANONICAL_000928,CANONICAL_000928,OULAD_000928,BEHAVIOR_000928,EMOTIONAL_000928,OULAD_COHORT_2026_01,"[0.08, 0.01, 0.08, 0.08]",0.08,0.0275,0.11,-0.11,0.0,1.0,3,3,stable_low,Academic risk remained comparatively low and stable.,0.496,P2,High,ACADEMIC_STABLE_LOW,Routine monitoring,synthetic_demo,"{'intervention_success_probability': 0.5025, 'opportunity_band': 'medium', 'model': 'intervention-opportunity-logistic-v1'}"
CANONICAL_000929,CANONICAL_000929,OULAD_000929,BEHAVIOR_000929,EMOTIONAL_000929,OULAD_COHORT_2026_01,"[0.13, 0.21, 0.05, 0.08]",0.08,0.14250000000000002,0.22,-0.15,2.0,1.0,3,3,stable_low,Academic risk remained comparatively low and stable.,0.496,P2,High,ACADEMIC_STABLE_LOW,Routine monitoring,synthetic_demo,"{'intervention_success_probability': 0.4427, 'opportunity_band': 'medium', 'model': 'intervention-opportunity-logistic-v1'}"
CANONICAL_000930,CANONICAL_000930,OULAD_000930,BEHAVIOR_000930,EMOTIONAL_000930,OULAD_COHORT_2026_01,"[0.21, 0.22, 0.19, 0.24]",0.24,0.45499999999999996,0.49,-0.10999999999999999,2.0,1.0,3,3,stable_low,Academic risk remained comparatively low and stable.,0.536,P2,High,ACADEMIC_STABLE_LOW,Routine monitoring,synthetic_demo,"{'intervention_success_probability': 0.4784, 'opportunity_band': 'medium', 'model': 'intervention-opportunity-logistic-v1'}"
CANONICAL_000931,CANONICAL_000931,OULAD_000931,BEHAVIOR_000931,EMOTIONAL_000931,OULAD_COHORT_2026_01,"[0.19, 0.22, 0.18, 0.24]",0.24,0.049999999999999996,0.18,-0.16,2.0,1.0,3,3,stable_low,Academic risk remained comparatively low and stable.,0.539,P2,High,ACADEMIC_STABLE_LOW,Routine monitoring,synthetic_demo,"{'intervention_success_probability': 0.4564, 'opportunity_band': 'medium', 'model': 'intervention-opportunity-logistic-v1'}"
CANONICAL_000932,CANONICAL_000932,OULAD_000932,BEHAVIOR_000932,EMOTIONAL_000932,OULAD_COHORT_2026_01,"[0.45, 0.48, 0.45, 0.54]",0.54,0.6375,0.74,0.08999999999999997,0.0,1.0,3,3,unstable,Academic risk changed without a single dominant trajectory pattern.,0.606,P2,High,ACADEMIC_UNSTABLE,Human review of conflicting evidence,synthetic_demo,"{'intervention_success_probability': 0.5164, 'opportunity_band': 'medium', 'model': 'intervention-opportunity-logistic-v1'}"
CANONICAL_000933,CANONICAL_000933,OULAD_000933,BEHAVIOR_000933,EMOTIONAL_000933,OULAD_COHORT_2026_01,"[0.23, 0.26, 0.35, 0.29]",0.29,0.22999999999999998,0.29,-0.12999999999999998,2.0,1.0,3,3,stable_low,Academic risk remained comparatively low and stable.,0.544,P2,High,ACADEMIC_STABLE_LOW,Routine monitoring,synthetic_demo,"{'intervention_success_probability': 0.5148, 'opportunity_band': 'medium', 'model': 'intervention-opportunity-logistic-v1'}"
CANONICAL_000934,CANONICAL_000934,OULAD_000934,BEHAVIOR_000934,EMOTIONAL_000934,OULAD_COHORT_2026_01,"[0.1, 0.24, 0.26, 0.24]",0.24,0.095,0.21,0.17,2.0,1.0,3,3,stable_low,Academic risk remained comparatively low and stable.,0.542,P2,High,ACADEMIC_STABLE_LOW,Routine monitoring,synthetic_demo,"{'intervention_success_probability': 0.4577, 'opportunity_band': 'medium', 'model': 'intervention-opportunity-logistic-v1'}"
CANONICAL_000935,CANONICAL_000935,OULAD_000935,BEHAVIOR_000935,EMOTIONAL_000935,OULAD_COHORT_2026_01,"[0.18, 0.09, 0.0, 0.0]",0.0,0.1575,0.21,0.03,4.0,1.0,3,3,stable_low,Academic risk remained comparatively low and stable.,0.48,P2,High,ACADEMIC_STABLE_LOW,Routine monitoring,synthetic_demo,"{'intervention_success_probability': 0.4753, 'opportunity_band': 'medium', 'model': 'intervention-opportunity-logistic-v1'}"
CANONICAL_000936,CANONICAL_000936,OULAD_000936,BEHAVIOR_000936,EMOTIONAL_000936,OULAD_COHORT_2026_01,"[0.31, 0.19, 0.18, 0.13]",0.13,0.1775,0.35,0.16999999999999998,1.0,1.0,3,3,stable_low,Academic risk remained comparatively low and stable.,0.506,P2,High,ACADEMIC_STABLE_LOW,Routine monitoring,synthetic_demo,"{'intervention_success_probability': 0.5453, 'opportunity_band': 'medium', 'model': 'intervention-opportunity-logistic-v1'}"
CANONICAL_000937,CANONICAL_000937,OULAD_000937,BEHAVIOR_000937,EMOTIONAL_000937,OULAD_COHORT_2026_01,"[0.31, 0.17, 0.24, 0.11]",0.11,0.0825,0.2,0.2,0.0,1.0,3,3,improving,Academic risk decreased across the observation window.,0.502,P2,High,ACADEMIC_IMPROVING,Recognition and light-touch follow-up,synthetic_demo,"{'intervention_success_probability': 0.5849, 'opportunity_band': 'medium', 'model': 'intervention-opportunity-logistic-v1'}"
CANONICAL_000938,CANONICAL_000938,OULAD_000938,BEHAVIOR_000938,EMOTIONAL_000938,OULAD_COHORT_2026_01,"[0.32, 0.42, 0.42, 0.18]",0.18,0.4375,0.48,0.03999999999999998,1.0,1.0,3,3,stable_low,Academic risk remained comparatively low and stable.,0.516,P2,High,ACADEMIC_STABLE_LOW,Routine monitoring,synthetic_demo,"{'intervention_success_probability': 0.5774, 'opportunity_band': 'medium', 'model': 'intervention-opportunity-logistic-v1'}"
CANONICAL_000939,CANONICAL_000939,OULAD_000939,BEHAVIOR_000939,EMOTIONAL_000939,OULAD_COHORT_2026_01,"[0.45, 0.41, 0.38, 0.49]",0.49,0.63,0.71,0.029999999999999916,0.0,1.0,3,3,unstable,Academic risk changed without a single dominant trajectory pattern.,0.593,P2,High,ACADEMIC_UNSTABLE,Human review of conflicting evidence,synthetic_demo,"{'intervention_success_probability': 0.5215, 'opportunity_band': 'medium', 'model': 'intervention-opportunity-logistic-v1'}"
CANONICAL_000940,CANONICAL_000940,OULAD_000940,BEHAVIOR_000940,EMOTIONAL_000940,OULAD_COHORT_2026_01,"[0.5, 0.53, 0.58, 0.47]",0.47,0.515,0.63,-0.010000000000000009,2.0,1.0,3,3,unstable,Academic risk changed without a single dominant trajectory pattern.,0.574,P2,High,ACADEMIC_UNSTABLE,Human review of conflicting evidence,synthetic_demo,"{'intervention_success_probability': 0.5701, 'opportunity_band': 'medium', 'model': 'intervention-opportunity-logistic-v1'}"
CANONICAL_000941,CANONICAL_000941,OULAD_000941,BEHAVIOR_000941,EMOTIONAL_000941,OULAD_COHORT_2026_01,"[0.38, 0.39, 0.54, 0.69]",0.69,0.655,0.82,0.19999999999999996,2.0,1.0,3,3,late_emerging,Elevated academic risk emerged later in the observation window.,0.664,P1,High,ACADEMIC_LATE_EMERGING,Academic advisor review,synthetic_demo,"{'intervention_success_probability': 0.4904, 'opportunity_band': 'medium', 'model': 'intervention-opportunity-logistic-v1'}"
CANONICAL_000942,CANONICAL_000942,OULAD_000942,BEHAVIOR_000942,EMOTIONAL_000942,OULAD_COHORT_2026_01,"[0.26, 0.21, 0.26, 0.34]",0.34,0.2725,0.4,0.08000000000000002,0.0,1.0,3,3,stable_low,Academic risk remained comparatively low and stable.,0.564,P2,High,ACADEMIC_STABLE_LOW,Routine monitoring,synthetic_demo,"{'intervention_success_probability': 0.5036, 'opportunity_band': 'medium', 'model': 'intervention-opportunity-logistic-v1'}"
CANONICAL_000943,CANONICAL_000943,OULAD_000943,BEHAVIOR_000943,EMOTIONAL_000943,OULAD_COHORT_2026_01,"[0.22, 0.31, 0.43, 0.42]",0.42,0.395,0.56,-0.19000000000000006,0.0,1.0,3,3,unstable,Academic risk changed without a single dominant trajectory pattern.,0.584,P2,High,ACADEMIC_UNSTABLE,Human review of conflicting evidence,synthetic_demo,"{'intervention_success_probability': 0.5127, 'opportunity_band': 'medium', 'model': 'intervention-opportunity-logistic-v1'}"
CANONICAL_000944,CANONICAL_000944,OULAD_000944,BEHAVIOR_000944,EMOTIONAL_000944,OULAD_COHORT_2026_01,"[0.63, 0.64, 0.62, 0.69]",0.69,0.42500000000000004,0.56,-0.15000000000000008,0.0,1.0,3,3,unstable,Academic risk changed without a single dominant trajectory pattern.,0.631,P1,High,ACADEMIC_UNSTABLE,Human review of conflicting evidence,synthetic_demo,"{'intervention_success_probability': 0.5434, 'opportunity_band': 'medium', 'model': 'intervention-opportunity-logistic-v1'}"
CANONICAL_000945,CANONICAL_000945,OULAD_000945,BEHAVIOR_000945,EMOTIONAL_000945,OULAD_COHORT_2026_01,"[0.3, 0.3, 0.32, 0.38]",0.38,0.4475,0.58,-0.020000000000000018,3.0,1.0,3,3,stable_low,Academic risk remained comparatively low and stable.,0.57,P2,High,ACADEMIC_STABLE_LOW,Routine monitoring,synthetic_demo,"{'intervention_success_probability': 0.4839, 'opportunity_band': 'medium', 'model': 'intervention-opportunity-logistic-v1'}"
CANONICAL_000946,CANONICAL_000946,OULAD_000946,BEHAVIOR_000946,EMOTIONAL_000946,OULAD_COHORT_2026_01,"[0.35, 0.39, 0.41, 0.34]",0.34,0.23750000000000002,0.28,0.11000000000000001,0.0,1.0,3,3,stable_low,Academic risk remained comparatively low and stable.,0.548,P2,High,ACADEMIC_STABLE_LOW,Routine monitoring,synthetic_demo,"{'intervention_success_probability': 0.5432, 'opportunity_band': 'medium', 'model': 'intervention-opportunity-logistic-v1'}"
CANONICAL_000947,CANONICAL_000947,OULAD_000947,BEHAVIOR_000947,EMOTIONAL_000947,OULAD_COHORT_2026_01,"[0.2, 0.27, 0.3, 0.32]",0.32,0.1825,0.32,0.24,0.0,1.0,3,3,stable_low,Academic risk remained comparatively low and stable.,0.558,P2,High,ACADEMIC_STABLE_LOW,Routine monitoring,synthetic_demo,"{'intervention_success_probability': 0.4903, 'opportunity_band': 'medium', 'model': 'intervention-opportunity-logistic-v1'}"
CANONICAL_000948,CANONICAL_000948,OULAD_000948,BEHAVIOR_000948,EMOTIONAL_000948,OULAD_COHORT_2026_01,"[0.19, 0.14, 0.19, 0.13]",0.13,0.0525,0.09,0.06,0.0,1.0,3,3,stable_low,Academic risk remained comparatively low and stable.,0.506,P2,High,ACADEMIC_STABLE_LOW,Routine monitoring,synthetic_demo,"{'intervention_success_probability': 0.5311, 'opportunity_band': 'medium', 'model': 'intervention-opportunity-logistic-v1'}"
CANONICAL_000949,CANONICAL_000949,OULAD_000949,BEHAVIOR_000949,EMOTIONAL_000949,OULAD_COHORT_2026_01,"[0.12, 0.21, 0.16, 0.23]",0.23,0.3175,0.37,-0.010000000000000009,1.0,1.0,3,3,stable_low,Academic risk remained comparatively low and stable.,0.544,P2,High,ACADEMIC_STABLE_LOW,Routine monitoring,synthetic_demo,"{'intervention_success_probability': 0.4502, 'opportunity_band': 'medium', 'model': 'intervention-opportunity-logistic-v1'}"
CANONICAL_000950,CANONICAL_000950,OULAD_000950,BEHAVIOR_000950,EMOTIONAL_000950,OULAD_COHORT_2026_01,"[0.29, 0.42, 0.5, 0.46]",0.46,0.1625,0.28,-0.15000000000000002,2.0,1.0,3,3,unstable,Academic risk changed without a single dominant trajectory pattern.,0.589,P2,High,ACADEMIC_UNSTABLE,Human review of conflicting evidence,synthetic_demo,"{'intervention_success_probability': 0.4971, 'opportunity_band': 'medium', 'model': 'intervention-opportunity-logistic-v1'}"
CANONICAL_000951,CANONICAL_000951,OULAD_000951,BEHAVIOR_000951,EMOTIONAL_000951,OULAD_COHORT_2026_01,"[0.19, 0.1, 0.0, 0.01]",0.01,0.3525,0.51,-0.010000000000000009,3.0,1.0,3,3,stable_low,Academic risk remained comparatively low and stable.,0.482,P2,High,ACADEMIC_STABLE_LOW,Routine monitoring,synthetic_demo,"{'intervention_success_probability': 0.4871, 'opportunity_band': 'medium', 'model': 'intervention-opportunity-logistic-v1'}"
CANONICAL_000952,CANONICAL_000952,OULAD_000952,BEHAVIOR_000952,EMOTIONAL_000952,OULAD_COHORT_2026_01,"[0.22, 0.26, 0.18, 0.19]",0.19,0.11000000000000001,0.14,0.020000000000000004,0.0,1.0,3,3,stable_low,Academic risk remained comparatively low and stable.,0.518,P2,High,ACADEMIC_STABLE_LOW,Routine monitoring,synthetic_demo,"{'intervention_success_probability': 0.4896, 'opportunity_band': 'medium', 'model': 'intervention-opportunity-logistic-v1'}"
CANONICAL_000953,CANONICAL_000953,OULAD_000953,BEHAVIOR_000953,EMOTIONAL_000953,OULAD_COHORT_2026_01,"[0.49, 0.49, 0.68, 0.71]",0.71,0.455,0.55,-0.12,2.0,1.0,3,3,late_emerging,Elevated academic risk emerged later in the observation window.,0.647,P1,High,ACADEMIC_LATE_EMERGING,Academic advisor review,synthetic_demo,"{'intervention_success_probability': 0.5406, 'opportunity_band': 'medium', 'model': 'intervention-opportunity-logistic-v1'}"
CANONICAL_000954,CANONICAL_000954,OULAD_000954,BEHAVIOR_000954,EMOTIONAL_000954,OULAD_COHORT_2026_01,"[0.09, 0.16, 0.14, 0.29]",0.29,0.3325,0.43,0.060000000000000026,1.0,1.0,3,3,unstable,Academic risk changed without a single dominant trajectory pattern.,0.573,P2,High,ACADEMIC_UNSTABLE,Human review of conflicting evidence,synthetic_demo,"{'intervention_success_probability': 0.4281, 'opportunity_band': 'medium', 'model': 'intervention-opportunity-logistic-v1'}"
CANONICAL_000955,CANONICAL_000955,OULAD_000955,BEHAVIOR_000955,EMOTIONAL_000955,OULAD_COHORT_2026_01,"[0.17, 0.09, 0.17, 0.17]",0.17,0.175,0.22,0.0,4.0,1.0,3,3,stable_low,Academic risk remained comparatively low and stable.,0.514,P2,High,ACADEMIC_STABLE_LOW,Routine monitoring,synthetic_demo,"{'intervention_success_probability': 0.487, 'opportunity_band': 'medium', 'model': 'intervention-opportunity-logistic-v1'}"
CANONICAL_000956,CANONICAL_000956,OULAD_000956,BEHAVIOR_000956,EMOTIONAL_000956,OULAD_COHORT_2026_01,"[0.33, 0.48, 0.63, 0.75]",0.75,0.565,0.68,-0.08999999999999997,0.0,1.0,3,3,rapidly_escalating,Academic risk increased substantially across the observation window.,0.684,P1,High,ACADEMIC_RAPIDLY_ESCALATING,Academic advisor check-in,synthetic_demo,"{'intervention_success_probability': 0.4845, 'opportunity_band': 'medium', 'model': 'intervention-opportunity-logistic-v1'}"
CANONICAL_000957,CANONICAL_000957,OULAD_000957,BEHAVIOR_000957,EMOTIONAL_000957,OULAD_COHORT_2026_01,"[0.31, 0.21, 0.04, 0.1]",0.1,0.39,0.42,-0.010000000000000009,0.0,1.0,3,3,improving,Academic risk decreased across the observation window.,0.5,P2,High,ACADEMIC_IMPROVING,Recognition and light-touch follow-up,synthetic_demo,"{'intervention_success_probability': 0.5098, 'opportunity_band': 'medium', 'model': 'intervention-opportunity-logistic-v1'}"
CANONICAL_000958,CANONICAL_000958,OULAD_000958,BEHAVIOR_000958,EMOTIONAL_000958,OULAD_COHORT_2026_01,"[0.56, 0.56, 0.67, 0.8]",0.8,0.935,1.0,0.14,1.0,1.0,3,3,unstable,Academic risk changed without a single dominant trajectory pattern.,0.677,P1,High,ACADEMIC_UNSTABLE,Human review of conflicting evidence,synthetic_demo,"{'intervention_success_probability': 0.5352, 'opportunity_band': 'medium', 'model': 'intervention-opportunity-logistic-v1'}"
CANONICAL_000959,CANONICAL_000959,OULAD_000959,BEHAVIOR_000959,EMOTIONAL_000959,OULAD_COHORT_2026_01,"[0.06, 0.11, 0.18, 0.18]",0.18,0.0475,0.14,0.009999999999999998,0.0,1.0,3,3,stable_low,Academic risk remained comparatively low and stable.,0.528,P2,High,ACADEMIC_STABLE_LOW,Routine monitoring,synthetic_demo,"{'intervention_success_probability': 0.4808, 'opportunity_band': 'medium', 'model': 'intervention-opportunity-logistic-v1'}"
CANONICAL_000960,CANONICAL_000960,OULAD_000960,BEHAVIOR_000960,EMOTIONAL_000960,OULAD_COHORT_2026_01,"[0.52, 0.49, 0.64, 0.71]",0.71,0.82,0.94,-0.06000000000000005,0.0,1.0,3,3,unstable,Academic risk changed without a single dominant trajectory pattern.,0.648,P1,High,ACADEMIC_UNSTABLE,Human review of conflicting evidence,synthetic_demo,"{'intervention_success_probability': 0.5616, 'opportunity_band': 'medium', 'model': 'intervention-opportunity-logistic-v1'}"
CANONICAL_000961,CANONICAL_000961,OULAD_000961,BEHAVIOR_000961,EMOTIONAL_000961,OULAD_COHORT_2026_01,"[0.11, 0.06, 0.0, 0.02]",0.02,0.0,0.0,0.0,2.0,1.0,3,3,stable_low,Academic risk remained comparatively low and stable.,0.484,P2,High,ACADEMIC_STABLE_LOW,Routine monitoring,synthetic_demo,"{'intervention_success_probability': 0.4683, 'opportunity_band': 'medium', 'model': 'intervention-opportunity-logistic-v1'}"
CANONICAL_000962,CANONICAL_000962,OULAD_000962,BEHAVIOR_000962,EMOTIONAL_000962,OULAD_COHORT_2026_01,"[0.23, 0.26, 0.4, 0.18]",0.18,0.22,0.37,0.24,2.0,1.0,3,3,stable_low,Academic risk remained comparatively low and stable.,0.516,P2,High,ACADEMIC_STABLE_LOW,Routine monitoring,synthetic_demo,"{'intervention_success_probability': 0.5678, 'opportunity_band': 'medium', 'model': 'intervention-opportunity-logistic-v1'}"
CANONICAL_000963,CANONICAL_000963,OULAD_000963,BEHAVIOR_000963,EMOTIONAL_000963,OULAD_COHORT_2026_01,"[0.08, 0.11, 0.07, 0.0]",0.0,0.255,0.3,0.02999999999999997,1.0,1.0,3,3,stable_low,Academic risk remained comparatively low and stable.,0.48,P2,High,ACADEMIC_STABLE_LOW,Routine monitoring,synthetic_demo,"{'intervention_success_probability': 0.497, 'opportunity_band': 'medium', 'model': 'intervention-opportunity-logistic-v1'}"
CANONICAL_000964,CANONICAL_000964,OULAD_000964,BEHAVIOR_000964,EMOTIONAL_000964,OULAD_COHORT_2026_01,"[0.02, 0.04, 0.15, 0.21]",0.21,0.1675,0.31,0.21,2.0,1.0,3,3,unstable,Academic risk changed without a single dominant trajectory pattern.,0.547,P2,High,ACADEMIC_UNSTABLE,Human review of conflicting evidence,synthetic_demo,"{'intervention_success_probability': 0.452, 'opportunity_band': 'medium', 'model': 'intervention-opportunity-logistic-v1'}"
CANONICAL_000965,CANONICAL_000965,OULAD_000965,BEHAVIOR_000965,EMOTIONAL_000965,OULAD_COHORT_2026_01,"[0.52, 0.6, 0.62, 0.68]",0.68,0.7275,0.78,-0.06000000000000005,1.0,1.0,3,3,unstable,Academic risk changed without a single dominant trajectory pattern.,0.638,P1,High,ACADEMIC_UNSTABLE,Human review of conflicting evidence,synthetic_demo,"{'intervention_success_probability': 0.5248, 'opportunity_band': 'medium', 'model': 'intervention-opportunity-logistic-v1'}"
CANONICAL_000966,CANONICAL_000966,OULAD_000966,BEHAVIOR_000966,EMOTIONAL_000966,OULAD_COHORT_2026_01,"[0.15, 0.14, 0.22, 0.14]",0.14,0.265,0.38,0.0,2.0,1.0,3,3,stable_low,Academic risk remained comparatively low and stable.,0.508,P2,High,ACADEMIC_STABLE_LOW,Routine monitoring,synthetic_demo,"{'intervention_success_probability': 0.5175, 'opportunity_band': 'medium', 'model': 'intervention-opportunity-logistic-v1'}"
CANONICAL_000967,CANONICAL_000967,OULAD_000967,BEHAVIOR_000967,EMOTIONAL_000967,OULAD_COHORT_2026_01,"[0.4, 0.45, 0.47, 0.51]",0.51,0.805,0.89,0.12,1.0,1.0,3,3,unstable,Academic risk changed without a single dominant trajectory pattern.,0.597,P2,High,ACADEMIC_UNSTABLE,Human review of conflicting evidence,synthetic_demo,"{'intervention_success_probability': 0.5227, 'opportunity_band': 'medium', 'model': 'intervention-opportunity-logistic-v1'}"
CANONICAL_000968,CANONICAL_000968,OULAD_000968,BEHAVIOR_000968,EMOTIONAL_000968,OULAD_COHORT_2026_01,"[0.19, 0.17, 0.05, 0.11]",0.11,0.2225,0.38,0.29000000000000004,2.0,1.0,3,3,stable_low,Academic risk remained comparatively low and stable.,0.502,P2,High,ACADEMIC_STABLE_LOW,Routine monitoring,synthetic_demo,"{'intervention_success_probability': 0.4632, 'opportunity_band': 'medium', 'model': 'intervention-opportunity-logistic-v1'}"
CANONICAL_000969,CANONICAL_000969,OULAD_000969,BEHAVIOR_000969,EMOTIONAL_000969,OULAD_COHORT_2026_01,"[0.57, 0.52, 0.29, 0.31]",0.31,0.2075,0.3,-0.04000000000000001,0.0,1.0,3,3,improving,Academic risk decreased across the observation window.,0.542,P2,High,ACADEMIC_IMPROVING,Recognition and light-touch follow-up,synthetic_demo,"{'intervention_success_probability': 0.5371, 'opportunity_band': 'medium', 'model': 'intervention-opportunity-logistic-v1'}"
CANONICAL_000970,CANONICAL_000970,OULAD_000970,BEHAVIOR_000970,EMOTIONAL_000970,OULAD_COHORT_2026_01,"[0.21, 0.2, 0.24, 0.32]",0.32,0.14500000000000002,0.23,0.08000000000000002,0.0,1.0,3,3,stable_low,Academic risk remained comparatively low and stable.,0.563,P2,High,ACADEMIC_STABLE_LOW,Routine monitoring,synthetic_demo,"{'intervention_success_probability': 0.4858, 'opportunity_band': 'medium', 'model': 'intervention-opportunity-logistic-v1'}"
CANONICAL_000971,CANONICAL_000971,OULAD_000971,BEHAVIOR_000971,EMOTIONAL_000971,OULAD_COHORT_2026_01,"[0.24, 0.22, 0.22, 0.29]",0.29,0.4575,0.55,-0.050000000000000044,1.0,1.0,3,3,stable_low,Academic risk remained comparatively low and stable.,0.55,P2,High,ACADEMIC_STABLE_LOW,Routine monitoring,synthetic_demo,"{'intervention_success_probability': 0.4921, 'opportunity_band': 'medium', 'model': 'intervention-opportunity-logistic-v1'}"
CANONICAL_000972,CANONICAL_000972,OULAD_000972,BEHAVIOR_000972,EMOTIONAL_000972,OULAD_COHORT_2026_01,"[0.17, 0.15, 0.2, 0.22]",0.22,0.3875,0.43,0.050000000000000044,1.0,1.0,3,3,stable_low,Academic risk remained comparatively low and stable.,0.531,P2,High,ACADEMIC_STABLE_LOW,Routine monitoring,synthetic_demo,"{'intervention_success_probability': 0.5005, 'opportunity_band': 'medium', 'model': 'intervention-opportunity-logistic-v1'}"
CANONICAL_000973,CANONICAL_000973,OULAD_000973,BEHAVIOR_000973,EMOTIONAL_000973,OULAD_COHORT_2026_01,"[0.12, 0.23, 0.23, 0.21]",0.21,0.0775,0.13,0.11,2.0,1.0,3,3,stable_low,Academic risk remained comparatively low and stable.,0.531,P2,High,ACADEMIC_STABLE_LOW,Routine monitoring,synthetic_demo,"{'intervention_success_probability': 0.463, 'opportunity_band': 'medium', 'model': 'intervention-opportunity-logistic-v1'}"
CANONICAL_000974,CANONICAL_000974,OULAD_000974,BEHAVIOR_000974,EMOTIONAL_000974,OULAD_COHORT_2026_01,"[0.43, 0.43, 0.61, 0.71]",0.71,0.8,0.9,-0.050000000000000044,1.0,1.0,3,3,rapidly_escalating,Academic risk increased substantially across the observation window.,0.66,P1,High,ACADEMIC_RAPIDLY_ESCALATING,Academic advisor check-in,synthetic_demo,"{'intervention_success_probability': 0.5294, 'opportunity_band': 'medium', 'model': 'intervention-opportunity-logistic-v1'}"
CANONICAL_000975,CANONICAL_000975,OULAD_000975,BEHAVIOR_000975,EMOTIONAL_000975,OULAD_COHORT_2026_01,"[0.28, 0.25, 0.29, 0.34]",0.34,0.32,0.36,0.06,0.0,1.0,3,3,stable_low,Academic risk remained comparatively low and stable.,0.559,P2,High,ACADEMIC_STABLE_LOW,Routine monitoring,synthetic_demo,"{'intervention_success_probability': 0.5128, 'opportunity_band': 'medium', 'model': 'intervention-opportunity-logistic-v1'}"
CANONICAL_000976,CANONICAL_000976,OULAD_000976,BEHAVIOR_000976,EMOTIONAL_000976,OULAD_COHORT_2026_01,"[0.03, 0.05, 0.03, 0.0]",0.0,0.04,0.08,-0.04,0.0,1.0,3,3,stable_low,Academic risk remained comparatively low and stable.,0.48,P2,High,ACADEMIC_STABLE_LOW,Routine monitoring,synthetic_demo,"{'intervention_success_probability': 0.4835, 'opportunity_band': 'medium', 'model': 'intervention-opportunity-logistic-v1'}"
CANONICAL_000977,CANONICAL_000977,OULAD_000977,BEHAVIOR_000977,EMOTIONAL_000977,OULAD_COHORT_2026_01,"[0.58, 0.6, 0.65, 0.69]",0.69,0.5375,0.58,0.05999999999999994,0.0,1.0,3,3,unstable,Academic risk changed without a single dominant trajectory pattern.,0.633,P1,High,ACADEMIC_UNSTABLE,Human review of conflicting evidence,synthetic_demo,"{'intervention_success_probability': 0.5537, 'opportunity_band': 'medium', 'model': 'intervention-opportunity-logistic-v1'}"
CANONICAL_000978,CANONICAL_000978,OULAD_000978,BEHAVIOR_000978,EMOTIONAL_000978,OULAD_COHORT_2026_01,"[0.25, 0.17, 0.16, 0.09]",0.09,0.04,0.1,-0.04000000000000001,2.0,1.0,3,3,stable_low,Academic risk remained comparatively low and stable.,0.498,P2,High,ACADEMIC_STABLE_LOW,Routine monitoring,synthetic_demo,"{'intervention_success_probability': 0.5245, 'opportunity_band': 'medium', 'model': 'intervention-opportunity-logistic-v1'}"
CANONICAL_000979,CANONICAL_000979,OULAD_000979,BEHAVIOR_000979,EMOTIONAL_000979,OULAD_COHORT_2026_01,"[0.13, 0.12, 0.15, 0.09]",0.09,0.05,0.13,-0.13,1.0,1.0,3,3,stable_low,Academic risk remained comparatively low and stable.,0.498,P2,High,ACADEMIC_STABLE_LOW,Routine monitoring,synthetic_demo,"{'intervention_success_probability': 0.5066, 'opportunity_band': 'medium', 'model': 'intervention-opportunity-logistic-v1'}"
CANONICAL_000980,CANONICAL_000980,OULAD_000980,BEHAVIOR_000980,EMOTIONAL_000980,OULAD_COHORT_2026_01,"[0.08, 0.07, 0.0, 0.0]",0.0,0.0625,0.2,-0.05,2.0,1.0,3,3,stable_low,Academic risk remained comparatively low and stable.,0.48,P2,High,ACADEMIC_STABLE_LOW,Routine monitoring,synthetic_demo,"{'intervention_success_probability': 0.4651, 'opportunity_band': 'medium', 'model': 'intervention-opportunity-logistic-v1'}"
CANONICAL_000981,CANONICAL_000981,OULAD_000981,BEHAVIOR_000981,EMOTIONAL_000981,OULAD_COHORT_2026_01,"[0.13, 0.14, 0.16, 0.18]",0.18,0.21000000000000002,0.27,0.020000000000000018,1.0,1.0,3,3,stable_low,Academic risk remained comparatively low and stable.,0.523,P2,High,ACADEMIC_STABLE_LOW,Routine monitoring,synthetic_demo,"{'intervention_success_probability': 0.4825, 'opportunity_band': 'medium', 'model': 'intervention-opportunity-logistic-v1'}"
CANONICAL_000982,CANONICAL_000982,OULAD_000982,BEHAVIOR_000982,EMOTIONAL_000982,OULAD_COHORT_2026_01,"[0.34, 0.42, 0.4, 0.45]",0.45,0.28,0.37,-0.09,3.0,1.0,3,3,unstable,Academic risk changed without a single dominant trajectory pattern.,0.586,P2,High,ACADEMIC_UNSTABLE,Human review of conflicting evidence,synthetic_demo,"{'intervention_success_probability': 0.4707, 'opportunity_band': 'medium', 'model': 'intervention-opportunity-logistic-v1'}"
CANONICAL_000983,CANONICAL_000983,OULAD_000983,BEHAVIOR_000983,EMOTIONAL_000983,OULAD_COHORT_2026_01,"[0.44, 0.47, 0.4, 0.39]",0.39,0.44,0.52,0.17000000000000004,4.0,1.0,3,3,stable_low,Academic risk remained comparatively low and stable.,0.558,P2,High,ACADEMIC_STABLE_LOW,Routine monitoring,synthetic_demo,"{'intervention_success_probability': 0.5026, 'opportunity_band': 'medium', 'model': 'intervention-opportunity-logistic-v1'}"
CANONICAL_000984,CANONICAL_000984,OULAD_000984,BEHAVIOR_000984,EMOTIONAL_000984,OULAD_COHORT_2026_01,"[0.23, 0.35, 0.53, 0.52]",0.52,0.47500000000000003,0.55,-0.020000000000000018,2.0,1.0,3,3,unstable,Academic risk changed without a single dominant trajectory pattern.,0.613,P2,High,ACADEMIC_UNSTABLE,Human review of conflicting evidence,synthetic_demo,"{'intervention_success_probability': 0.4994, 'opportunity_band': 'medium', 'model': 'intervention-opportunity-logistic-v1'}"
CANONICAL_000985,CANONICAL_000985,OULAD_000985,BEHAVIOR_000985,EMOTIONAL_000985,OULAD_COHORT_2026_01,"[0.81, 0.83, 0.77, 0.75]",0.75,0.48,0.52,0.06,3.0,1.0,3,3,persistent_high,Academic risk remained consistently high.,0.63,P1,High,ACADEMIC_PERSISTENT_HIGH,Programme review,synthetic_demo,"{'intervention_success_probability': 0.5654, 'opportunity_band': 'medium', 'model': 'intervention-opportunity-logistic-v1'}"
CANONICAL_000986,CANONICAL_000986,OULAD_000986,BEHAVIOR_000986,EMOTIONAL_000986,OULAD_COHORT_2026_01,"[0.21, 0.37, 0.39, 0.49]",0.49,0.2975,0.47,-0.22999999999999998,1.0,1.0,3,3,unstable,Academic risk changed without a single dominant trajectory pattern.,0.616,P2,High,ACADEMIC_UNSTABLE,Human review of conflicting evidence,synthetic_demo,"{'intervention_success_probability': 0.4463, 'opportunity_band': 'medium', 'model': 'intervention-opportunity-logistic-v1'}"
CANONICAL_000987,CANONICAL_000987,OULAD_000987,BEHAVIOR_000987,EMOTIONAL_000987,OULAD_COHORT_2026_01,"[0.26, 0.24, 0.2, 0.0]",0.0,0.0475,0.14,-0.09000000000000001,4.0,1.0,3,3,improving,Academic risk decreased across the observation window.,0.48,P2,High,ACADEMIC_IMPROVING,Recognition and light-touch follow-up,synthetic_demo,"{'intervention_success_probability': 0.5368, 'opportunity_band': 'medium', 'model': 'intervention-opportunity-logistic-v1'}"
CANONICAL_000988,CANONICAL_000988,OULAD_000988,BEHAVIOR_000988,EMOTIONAL_000988,OULAD_COHORT_2026_01,"[0.11, 0.07, 0.11, 0.11]",0.11,0.049999999999999996,0.18,-0.02,3.0,1.0,3,3,stable_low,Academic risk remained comparatively low and stable.,0.502,P2,High,ACADEMIC_STABLE_LOW,Routine monitoring,synthetic_demo,"{'intervention_success_probability': 0.4741, 'opportunity_band': 'medium', 'model': 'intervention-opportunity-logistic-v1'}"
CANONICAL_000989,CANONICAL_000989,OULAD_000989,BEHAVIOR_000989,EMOTIONAL_000989,OULAD_COHORT_2026_01,"[0.25, 0.31, 0.23, 0.38]",0.38,0.39749999999999996,0.47,0.11000000000000004,4.0,1.0,3,3,stable_low,Academic risk remained comparatively low and stable.,0.584,P2,High,ACADEMIC_STABLE_LOW,Routine monitoring,synthetic_demo,"{'intervention_success_probability': 0.422, 'opportunity_band': 'medium', 'model': 'intervention-opportunity-logistic-v1'}"
CANONICAL_000990,CANONICAL_000990,OULAD_000990,BEHAVIOR_000990,EMOTIONAL_000990,OULAD_COHORT_2026_01,"[0.46, 0.59, 0.68, 0.74]",0.74,0.77,0.83,-0.020000000000000018,2.0,1.0,3,3,rapidly_escalating,Academic risk increased substantially across the observation window.,0.662,P1,High,ACADEMIC_RAPIDLY_ESCALATING,Academic advisor check-in,synthetic_demo,"{'intervention_success_probability': 0.5074, 'opportunity_band': 'medium', 'model': 'intervention-opportunity-logistic-v1'}"
CANONICAL_000991,CANONICAL_000991,OULAD_000991,BEHAVIOR_000991,EMOTIONAL_000991,OULAD_COHORT_2026_01,"[0.62, 0.53, 0.72, 0.84]",0.84,0.7150000000000001,0.83,-0.2799999999999999,2.0,1.0,3,3,unstable,Academic risk changed without a single dominant trajectory pattern.,0.682,P1,High,ACADEMIC_UNSTABLE,Human review of conflicting evidence,synthetic_demo,"{'intervention_success_probability': 0.5521, 'opportunity_band': 'medium', 'model': 'intervention-opportunity-logistic-v1'}"
CANONICAL_000992,CANONICAL_000992,OULAD_000992,BEHAVIOR_000992,EMOTIONAL_000992,OULAD_COHORT_2026_01,"[0.4, 0.4, 0.36, 0.21]",0.21,0.3775,0.52,0.15000000000000002,1.0,1.0,3,3,stable_low,Academic risk remained comparatively low and stable.,0.522,P2,High,ACADEMIC_STABLE_LOW,Routine monitoring,synthetic_demo,"{'intervention_success_probability': 0.5714, 'opportunity_band': 'medium', 'model': 'intervention-opportunity-logistic-v1'}"
CANONICAL_000993,CANONICAL_000993,OULAD_000993,BEHAVIOR_000993,EMOTIONAL_000993,OULAD_COHORT_2026_01,"[0.06, 0.03, 0.15, 0.07]",0.07,0.1225,0.23,-0.14,0.0,1.0,3,3,stable_low,Academic risk remained comparatively low and stable.,0.495,P2,High,ACADEMIC_STABLE_LOW,Routine monitoring,synthetic_demo,"{'intervention_success_probability': 0.5251, 'opportunity_band': 'medium', 'model': 'intervention-opportunity-logistic-v1'}"
CANONICAL_000994,CANONICAL_000994,OULAD_000994,BEHAVIOR_000994,EMOTIONAL_000994,OULAD_COHORT_2026_01,"[0.1, 0.13, 0.12, 0.18]",0.18,0.47750000000000004,0.53,0.020000000000000018,1.0,1.0,3,3,stable_low,Academic risk remained comparatively low and stable.,0.53,P2,High,ACADEMIC_STABLE_LOW,Routine monitoring,synthetic_demo,"{'intervention_success_probability': 0.4686, 'opportunity_band': 'medium', 'model': 'intervention-opportunity-logistic-v1'}"
CANONICAL_000995,CANONICAL_000995,OULAD_000995,BEHAVIOR_000995,EMOTIONAL_000995,OULAD_COHORT_2026_01,"[0.06, 0.08, 0.22, 0.36]",0.36,0.33999999999999997,0.47,-0.27,3.0,1.0,3,3,unstable,Academic risk changed without a single dominant trajectory pattern.,0.596,P2,High,ACADEMIC_UNSTABLE,Human review of conflicting evidence,synthetic_demo,"{'intervention_success_probability': 0.4319, 'opportunity_band': 'medium', 'model': 'intervention-opportunity-logistic-v1'}"
CANONICAL_000996,CANONICAL_000996,OULAD_000996,BEHAVIOR_000996,EMOTIONAL_000996,OULAD_COHORT_2026_01,"[0.14, 0.27, 0.46, 0.39]",0.39,0.3125,0.41,-0.04000000000000001,0.0,1.0,3,3,unstable,Academic risk changed without a single dominant trajectory pattern.,0.583,P2,High,ACADEMIC_UNSTABLE,Human review of conflicting evidence,synthetic_demo,"{'intervention_success_probability': 0.5177, 'opportunity_band': 'medium', 'model': 'intervention-opportunity-logistic-v1'}"
CANONICAL_000997,CANONICAL_000997,OULAD_000997,BEHAVIOR_000997,EMOTIONAL_000997,OULAD_COHORT_2026_01,"[0.18, 0.19, 0.19, 0.18]",0.18,0.065,0.13,-0.08,1.0,1.0,3,3,stable_low,Academic risk remained comparatively low and stable.,0.516,P2,High,ACADEMIC_STABLE_LOW,Routine monitoring,synthetic_demo,"{'intervention_success_probability': 0.4922, 'opportunity_band': 'medium', 'model': 'intervention-opportunity-logistic-v1'}"
CANONICAL_000998,CANONICAL_000998,OULAD_000998,BEHAVIOR_000998,EMOTIONAL_000998,OULAD_COHORT_2026_01,"[0.12, 0.25, 0.15, 0.2]",0.2,0.28250000000000003,0.4,0.18000000000000002,1.0,1.0,3,3,stable_low,Academic risk remained comparatively low and stable.,0.533,P2,High,ACADEMIC_STABLE_LOW,Routine monitoring,synthetic_demo,"{'intervention_success_probability': 0.4447, 'opportunity_band': 'medium', 'model': 'intervention-opportunity-logistic-v1'}"
CANONICAL_000999,CANONICAL_000999,OULAD_000999,BEHAVIOR_000999,EMOTIONAL_000999,OULAD_COHORT_2026_01,"[0.38, 0.38, 0.47, 0.37]",0.37,0.6825,0.83,0.17999999999999994,1.0,1.0,3,3,stable_low,Academic risk remained comparatively low and stable.,0.554,P2,High,ACADEMIC_STABLE_LOW,Routine monitoring,synthetic_demo,"{'intervention_success_probability': 0.5733, 'opportunity_band': 'medium', 'model': 'intervention-opportunity-logistic-v1'}"
CANONICAL_001000,CANONICAL_001000,OULAD_001000,BEHAVIOR_001000,EMOTIONAL_001000,OULAD_COHORT_2026_01,"[0.12, 0.21, 0.25, 0.31]",0.31,0.0675,0.17,0.0,3.0,1.0,3,3,unstable,Academic risk changed without a single dominant trajectory pattern.,0.567,P2,High,ACADEMIC_UNSTABLE,Human review of conflicting evidence,synthetic_demo,"{'intervention_success_probability': 0.4363, 'opportunity_band': 'medium', 'model': 'intervention-opportunity-logistic-v1'}"
