student_index,student_id,actual_label,academic_risk,week4_risk,week8_risk,week12_risk,week17_risk,alert_level,top_feature_1,top_feature_1_pct,top_feature_2,top_feature_2_pct,top_feature_3,top_feature_3_pct,most_important_week,main_reason
0,OULAD_TEST_0000,0,0.2561,0.5022,0.1955,0.3702,0.2561,LOW,F1_login_count,17.7,F6_inactive_days,14.7,F4_num_submitted,14.6,16,F1 login count (17.7%) and F6 inactive days (14.7%)
1,OULAD_TEST_0001,0,0.0329,0.2391,0.1514,0.0785,0.0329,LOW,F13_weeks_since_active,12.9,F1_login_count,12.3,F4_num_submitted,12.1,8,F13 weeks since active (12.9%) and F1 login count (12.3%)
2,OULAD_TEST_0002,0,0.0641,0.4741,0.3526,0.2374,0.0641,LOW,F1_login_count,17.6,F6_inactive_days,15.7,F4_num_submitted,15.2,8,F1 login count (17.6%) and F6 inactive days (15.7%)
3,OULAD_TEST_0003,0,0.3921,0.7116,0.537,0.4801,0.3921,LOW,F1_login_count,16.3,F13_weeks_since_active,14.1,F5_on_time_rate,9.5,5,F1 login count (16.3%) and F13 weeks since active (14.1%)
4,OULAD_TEST_0004,1,0.1083,0.3392,0.1664,0.098,0.1083,LOW,F6_inactive_days,15.8,F4_num_submitted,15.7,F1_login_count,11.2,1,F6 inactive days (15.8%) and F4 num submitted (15.7%)
5,OULAD_TEST_0005,1,0.2509,0.6736,0.507,0.2366,0.2509,LOW,F1_login_count,19.2,F6_inactive_days,15.7,F4_num_submitted,14.5,11,F1 login count (19.2%) and F6 inactive days (15.7%)
6,OULAD_TEST_0006,0,0.222,0.4774,0.4732,0.3893,0.222,LOW,F6_inactive_days,14.9,F13_weeks_since_active,14.6,F4_num_submitted,14.6,7,F6 inactive days (14.9%) and F13 weeks since active (14.6%)
7,OULAD_TEST_0007,1,0.9917,0.4419,0.744,0.8357,0.9917,HIGH,F1_login_count,29.0,F5_on_time_rate,15.1,F6_inactive_days,8.7,14,F1 login count (29.0%) and F5 on time rate (15.1%)
8,OULAD_TEST_0008,0,0.3976,0.7782,0.8052,0.7185,0.3976,LOW,F1_login_count,14.8,F4_num_submitted,14.2,F6_inactive_days,13.4,17,F1 login count (14.8%) and F4 num submitted (14.2%)
9,OULAD_TEST_0009,1,0.4141,0.297,0.1871,0.254,0.4141,MEDIUM,F1_login_count,21.8,F5_on_time_rate,14.3,F6_inactive_days,13.0,1,F1 login count (21.8%) and F5 on time rate (14.3%)
10,OULAD_TEST_0010,1,0.8649,0.5247,0.3401,0.3961,0.8649,HIGH,F1_login_count,21.2,F4_num_submitted,14.8,F6_inactive_days,14.2,10,F1 login count (21.2%) and F4 num submitted (14.8%)
11,OULAD_TEST_0011,1,0.9992,0.8397,0.941,0.9799,0.9992,HIGH,F1_login_count,22.4,F4_num_submitted,13.1,F6_inactive_days,13.1,9,F1 login count (22.4%) and F4 num submitted (13.1%)
12,OULAD_TEST_0012,0,0.3868,0.4353,0.5341,0.5384,0.3868,LOW,F1_login_count,27.8,F5_on_time_rate,17.0,F2_vle_clicks,10.0,7,F1 login count (27.8%) and F5 on time rate (17.0%)
13,OULAD_TEST_0013,0,0.1827,0.2326,0.2794,0.4934,0.1827,LOW,F1_login_count,17.3,F5_on_time_rate,14.9,F6_inactive_days,14.0,13,F1 login count (17.3%) and F5 on time rate (14.9%)
14,OULAD_TEST_0014,0,0.0696,0.4183,0.4476,0.1651,0.0696,LOW,F1_login_count,20.1,F6_inactive_days,13.8,F4_num_submitted,13.0,9,F1 login count (20.1%) and F6 inactive days (13.8%)
15,OULAD_TEST_0015,0,0.1024,0.6679,0.2132,0.2366,0.1024,LOW,F6_inactive_days,15.9,F4_num_submitted,15.1,F13_weeks_since_active,11.6,6,F6 inactive days (15.9%) and F4 num submitted (15.1%)
16,OULAD_TEST_0016,0,0.0252,0.3626,0.0793,0.0479,0.0252,LOW,F1_login_count,17.6,F6_inactive_days,17.0,F4_num_submitted,15.5,2,F1 login count (17.6%) and F6 inactive days (17.0%)
17,OULAD_TEST_0017,0,0.1491,0.3039,0.1072,0.1232,0.1491,LOW,F1_login_count,19.9,F6_inactive_days,15.1,F4_num_submitted,14.8,1,F1 login count (19.9%) and F6 inactive days (15.1%)
18,OULAD_TEST_0018,0,0.5634,0.5622,0.447,0.5581,0.5634,MEDIUM,F1_login_count,22.5,F4_num_submitted,11.1,F6_inactive_days,11.0,6,F1 login count (22.5%) and F4 num submitted (11.1%)
19,OULAD_TEST_0019,1,0.2385,0.3375,0.5025,0.3976,0.2385,LOW,F1_login_count,23.1,F5_on_time_rate,13.1,F6_inactive_days,12.1,12,F1 login count (23.1%) and F5 on time rate (13.1%)
20,OULAD_TEST_0020,1,0.9972,0.8506,0.9485,0.9877,0.9972,HIGH,F1_login_count,21.5,F6_inactive_days,12.1,F4_num_submitted,11.7,17,F1 login count (21.5%) and F6 inactive days (12.1%)
21,OULAD_TEST_0021,0,0.0232,0.3603,0.0995,0.0675,0.0232,LOW,F1_login_count,19.3,F6_inactive_days,12.4,F4_num_submitted,12.0,2,F1 login count (19.3%) and F6 inactive days (12.4%)
22,OULAD_TEST_0022,1,0.9826,0.8437,0.8566,0.938,0.9826,HIGH,F1_login_count,20.3,F5_on_time_rate,12.4,F13_weeks_since_active,12.0,11,F1 login count (20.3%) and F5 on time rate (12.4%)
23,OULAD_TEST_0023,0,0.0299,0.2015,0.2283,0.1014,0.0299,LOW,F1_login_count,18.1,F4_num_submitted,14.6,F6_inactive_days,14.1,8,F1 login count (18.1%) and F4 num submitted (14.6%)
24,OULAD_TEST_0024,1,0.1784,0.6279,0.4357,0.3534,0.1784,LOW,F1_login_count,14.8,F13_weeks_since_active,14.0,F4_num_submitted,10.7,8,F1 login count (14.8%) and F13 weeks since active (14.0%)
25,OULAD_TEST_0025,1,0.4044,0.4926,0.5168,0.5316,0.4044,MEDIUM,F1_login_count,21.5,F5_on_time_rate,16.0,F6_inactive_days,11.0,8,F1 login count (21.5%) and F5 on time rate (16.0%)
26,OULAD_TEST_0026,0,0.4547,0.5329,0.3812,0.3003,0.4547,MEDIUM,F1_login_count,16.9,F4_num_submitted,12.0,F5_on_time_rate,11.6,10,F1 login count (16.9%) and F4 num submitted (12.0%)
27,OULAD_TEST_0027,1,0.5887,0.5293,0.4736,0.531,0.5887,MEDIUM,F1_login_count,22.7,F5_on_time_rate,12.6,F6_inactive_days,11.3,17,F1 login count (22.7%) and F5 on time rate (12.6%)
28,OULAD_TEST_0028,0,0.0567,0.395,0.1714,0.0767,0.0567,LOW,F1_login_count,16.5,F6_inactive_days,11.0,F13_weeks_since_active,10.5,1,F1 login count (16.5%) and F6 inactive days (11.0%)
29,OULAD_TEST_0029,1,0.9973,0.435,0.6505,0.7704,0.9973,HIGH,F1_login_count,27.0,F5_on_time_rate,15.4,F6_inactive_days,9.2,16,F1 login count (27.0%) and F5 on time rate (15.4%)
30,OULAD_TEST_0030,1,0.2512,0.6393,0.3844,0.3782,0.2512,LOW,F1_login_count,14.7,F4_num_submitted,14.5,F6_inactive_days,14.2,4,F1 login count (14.7%) and F4 num submitted (14.5%)
31,OULAD_TEST_0031,1,0.9215,0.8044,0.9374,0.874,0.9215,HIGH,F1_login_count,15.9,F6_inactive_days,15.1,F4_num_submitted,14.8,16,F1 login count (15.9%) and F6 inactive days (15.1%)
32,OULAD_TEST_0032,0,0.5564,0.4281,0.525,0.4394,0.5564,MEDIUM,F1_login_count,18.5,F5_on_time_rate,11.5,F6_inactive_days,11.3,7,F1 login count (18.5%) and F5 on time rate (11.5%)
33,OULAD_TEST_0033,0,0.6005,0.7998,0.6882,0.6983,0.6005,MEDIUM,F1_login_count,16.7,F13_weeks_since_active,14.3,F6_inactive_days,12.2,6,F1 login count (16.7%) and F13 weeks since active (14.3%)
34,OULAD_TEST_0034,1,0.6485,0.8189,0.8288,0.855,0.6485,MEDIUM,F1_login_count,13.9,F6_inactive_days,12.7,F4_num_submitted,12.0,13,F1 login count (13.9%) and F6 inactive days (12.7%)
35,OULAD_TEST_0035,0,0.3219,0.4768,0.322,0.1868,0.3219,LOW,F1_login_count,19.4,F6_inactive_days,15.7,F4_num_submitted,14.3,11,F1 login count (19.4%) and F6 inactive days (15.7%)
36,OULAD_TEST_0036,0,0.3803,0.3337,0.3352,0.2621,0.3803,LOW,F1_login_count,22.3,F6_inactive_days,12.3,F4_num_submitted,10.8,9,F1 login count (22.3%) and F6 inactive days (12.3%)
37,OULAD_TEST_0037,0,0.2813,0.5377,0.6665,0.8031,0.2813,LOW,F1_login_count,26.0,F5_on_time_rate,14.9,F4_num_submitted,11.7,14,F1 login count (26.0%) and F5 on time rate (14.9%)
38,OULAD_TEST_0038,1,0.8821,0.6653,0.6635,0.6308,0.8821,HIGH,F1_login_count,17.7,F4_num_submitted,17.6,F6_inactive_days,17.2,15,F1 login count (17.7%) and F4 num submitted (17.6%)
39,OULAD_TEST_0039,0,0.448,0.568,0.5537,0.6249,0.448,MEDIUM,F1_login_count,26.0,F5_on_time_rate,16.0,F6_inactive_days,9.3,13,F1 login count (26.0%) and F5 on time rate (16.0%)
40,OULAD_TEST_0040,0,0.1485,0.3737,0.2132,0.1236,0.1485,LOW,F4_num_submitted,16.9,F6_inactive_days,16.7,F1_login_count,11.3,1,F4 num submitted (16.9%) and F6 inactive days (16.7%)
41,OULAD_TEST_0041,0,0.4732,0.7635,0.8103,0.74,0.4732,MEDIUM,F1_login_count,19.4,F6_inactive_days,14.3,F4_num_submitted,12.8,8,F1 login count (19.4%) and F6 inactive days (14.3%)
42,OULAD_TEST_0042,0,0.142,0.3004,0.2573,0.2171,0.142,LOW,F13_weeks_since_active,11.9,F7_score_change,10.7,F1_login_count,10.3,1,F13 weeks since active (11.9%) and F7 score change (10.7%)
43,OULAD_TEST_0043,0,0.4371,0.8126,0.7774,0.6132,0.4371,MEDIUM,F1_login_count,17.2,F6_inactive_days,15.0,F4_num_submitted,13.5,8,F1 login count (17.2%) and F6 inactive days (15.0%)
44,OULAD_TEST_0044,1,0.9997,0.6915,0.948,0.9722,0.9997,HIGH,F1_login_count,27.0,F5_on_time_rate,14.4,F4_num_submitted,10.4,7,F1 login count (27.0%) and F5 on time rate (14.4%)
45,OULAD_TEST_0045,1,0.9898,0.4647,0.5024,0.5204,0.9898,HIGH,F1_login_count,27.5,F5_on_time_rate,14.4,F13_weeks_since_active,8.9,7,F1 login count (27.5%) and F5 on time rate (14.4%)
46,OULAD_TEST_0046,1,0.6727,0.5629,0.7951,0.8823,0.6727,MEDIUM,F1_login_count,16.8,F4_num_submitted,14.5,F6_inactive_days,14.3,15,F1 login count (16.8%) and F4 num submitted (14.5%)
47,OULAD_TEST_0047,0,0.3508,0.4721,0.4314,0.3549,0.3508,LOW,F1_login_count,20.1,F5_on_time_rate,15.8,F13_weeks_since_active,14.9,6,F1 login count (20.1%) and F5 on time rate (15.8%)
48,OULAD_TEST_0048,0,0.3043,0.5488,0.4464,0.6285,0.3043,LOW,F1_login_count,27.7,F5_on_time_rate,14.3,F4_num_submitted,11.6,6,F1 login count (27.7%) and F5 on time rate (14.3%)
49,OULAD_TEST_0049,1,0.9385,0.8034,0.7899,0.8866,0.9385,HIGH,F1_login_count,22.0,F5_on_time_rate,12.1,F13_weeks_since_active,10.7,11,F1 login count (22.0%) and F5 on time rate (12.1%)
50,OULAD_TEST_0050,0,0.0207,0.3844,0.2466,0.0708,0.0207,LOW,F1_login_count,18.9,F6_inactive_days,11.4,F5_on_time_rate,9.9,4,F1 login count (18.9%) and F6 inactive days (11.4%)
51,OULAD_TEST_0051,0,0.2727,0.451,0.4111,0.3611,0.2727,LOW,F1_login_count,18.2,F13_weeks_since_active,14.4,F5_on_time_rate,12.3,6,F1 login count (18.2%) and F13 weeks since active (14.4%)
52,OULAD_TEST_0052,0,0.5626,0.4174,0.5757,0.4812,0.5626,MEDIUM,F1_login_count,23.5,F5_on_time_rate,10.9,F6_inactive_days,10.2,11,F1 login count (23.5%) and F5 on time rate (10.9%)
53,OULAD_TEST_0053,0,0.0725,0.4203,0.1681,0.0892,0.0725,LOW,F1_login_count,18.8,F6_inactive_days,12.4,F4_num_submitted,11.4,4,F1 login count (18.8%) and F6 inactive days (12.4%)
54,OULAD_TEST_0054,0,0.0254,0.3203,0.1318,0.0706,0.0254,LOW,F4_num_submitted,16.0,F6_inactive_days,16.0,F5_on_time_rate,10.0,1,F4 num submitted (16.0%) and F6 inactive days (16.0%)
55,OULAD_TEST_0055,0,0.1672,0.3187,0.1782,0.141,0.1672,LOW,F1_login_count,14.0,F4_num_submitted,12.8,F6_inactive_days,12.7,1,F1 login count (14.0%) and F4 num submitted (12.8%)
56,OULAD_TEST_0056,0,0.4914,0.4892,0.4474,0.3425,0.4914,MEDIUM,F1_login_count,16.7,F6_inactive_days,15.7,F4_num_submitted,14.8,11,F1 login count (16.7%) and F6 inactive days (15.7%)
57,OULAD_TEST_0057,0,0.3426,0.2,0.5831,0.3807,0.3426,LOW,F6_inactive_days,15.4,F4_num_submitted,14.9,F1_login_count,13.4,17,F6 inactive days (15.4%) and F4 num submitted (14.9%)
58,OULAD_TEST_0058,0,0.0405,0.3995,0.2385,0.0582,0.0405,LOW,F1_login_count,19.4,F4_num_submitted,11.3,F5_on_time_rate,11.1,7,F1 login count (19.4%) and F4 num submitted (11.3%)
59,OULAD_TEST_0059,0,0.9186,0.4942,0.5638,0.7863,0.9186,HIGH,F1_login_count,19.1,F4_num_submitted,14.3,F6_inactive_days,13.5,6,F1 login count (19.1%) and F4 num submitted (14.3%)
60,OULAD_TEST_0060,1,0.3129,0.5305,0.4646,0.2131,0.3129,LOW,F1_login_count,17.3,F13_weeks_since_active,14.2,F6_inactive_days,11.6,5,F1 login count (17.3%) and F13 weeks since active (14.2%)
61,OULAD_TEST_0061,1,0.4164,0.4766,0.5245,0.4783,0.4164,MEDIUM,F1_login_count,24.2,F5_on_time_rate,15.9,F2_vle_clicks,9.8,7,F1 login count (24.2%) and F5 on time rate (15.9%)
62,OULAD_TEST_0062,0,0.3234,0.3497,0.4374,0.4786,0.3234,LOW,F1_login_count,16.7,F13_weeks_since_active,15.4,F5_on_time_rate,11.1,8,F1 login count (16.7%) and F13 weeks since active (15.4%)
63,OULAD_TEST_0063,0,0.0863,0.4468,0.3177,0.404,0.0863,LOW,F1_login_count,19.0,F13_weeks_since_active,12.8,F5_on_time_rate,12.2,7,F1 login count (19.0%) and F13 weeks since active (12.8%)
64,OULAD_TEST_0064,1,0.2794,0.496,0.436,0.2823,0.2794,LOW,F13_weeks_since_active,11.2,F1_login_count,10.8,F7_score_change,10.1,13,F13 weeks since active (11.2%) and F1 login count (10.8%)
65,OULAD_TEST_0065,1,0.0999,0.4219,0.3283,0.122,0.0999,LOW,F1_login_count,20.7,F4_num_submitted,13.7,F6_inactive_days,12.9,5,F1 login count (20.7%) and F4 num submitted (13.7%)
66,OULAD_TEST_0066,0,0.6447,0.5523,0.8661,0.8721,0.6447,MEDIUM,F1_login_count,25.6,F5_on_time_rate,13.3,F6_inactive_days,12.8,13,F1 login count (25.6%) and F5 on time rate (13.3%)
67,OULAD_TEST_0067,1,0.9998,0.3606,0.3853,0.7276,0.9998,HIGH,F1_login_count,19.1,F6_inactive_days,15.8,F4_num_submitted,15.7,17,F1 login count (19.1%) and F6 inactive days (15.8%)
68,OULAD_TEST_0068,0,0.7451,0.7176,0.8515,0.8365,0.7451,HIGH,F4_num_submitted,15.7,F6_inactive_days,14.8,F1_login_count,14.3,15,F4 num submitted (15.7%) and F6 inactive days (14.8%)
69,OULAD_TEST_0069,0,0.1115,0.3702,0.1469,0.1306,0.1115,LOW,F1_login_count,21.7,F6_inactive_days,15.1,F4_num_submitted,14.6,1,F1 login count (21.7%) and F6 inactive days (15.1%)
70,OULAD_TEST_0070,1,0.9966,0.8118,0.843,0.8929,0.9966,HIGH,F1_login_count,22.5,F5_on_time_rate,13.6,F4_num_submitted,11.0,9,F1 login count (22.5%) and F5 on time rate (13.6%)
71,OULAD_TEST_0071,0,0.0757,0.4176,0.1055,0.1152,0.0757,LOW,F1_login_count,21.2,F6_inactive_days,15.5,F4_num_submitted,15.5,5,F1 login count (21.2%) and F6 inactive days (15.5%)
72,OULAD_TEST_0072,1,0.4553,0.6137,0.4998,0.4509,0.4553,MEDIUM,F1_login_count,15.3,F4_num_submitted,14.7,F6_inactive_days,14.6,12,F1 login count (15.3%) and F4 num submitted (14.7%)
73,OULAD_TEST_0073,0,0.4818,0.3706,0.4117,0.5695,0.4818,MEDIUM,F1_login_count,20.5,F5_on_time_rate,13.4,F6_inactive_days,13.0,16,F1 login count (20.5%) and F5 on time rate (13.4%)
74,OULAD_TEST_0074,0,0.542,0.4839,0.7597,0.7017,0.542,MEDIUM,F1_login_count,20.6,F6_inactive_days,14.1,F4_num_submitted,13.0,15,F1 login count (20.6%) and F6 inactive days (14.1%)
75,OULAD_TEST_0075,0,0.3682,0.5008,0.2668,0.2224,0.3682,LOW,F1_login_count,23.4,F6_inactive_days,11.6,F5_on_time_rate,11.3,6,F1 login count (23.4%) and F6 inactive days (11.6%)
76,OULAD_TEST_0076,1,0.8866,0.6548,0.6714,0.841,0.8866,HIGH,F4_num_submitted,16.3,F1_login_count,16.3,F6_inactive_days,15.8,17,F4 num submitted (16.3%) and F1 login count (16.3%)
77,OULAD_TEST_0077,0,0.0438,0.2049,0.0845,0.1222,0.0438,LOW,F1_login_count,19.1,F6_inactive_days,13.8,F5_on_time_rate,13.0,1,F1 login count (19.1%) and F6 inactive days (13.8%)
78,OULAD_TEST_0078,0,0.0529,0.7533,0.6081,0.181,0.0529,LOW,F1_login_count,18.4,F13_weeks_since_active,11.9,F5_on_time_rate,11.8,11,F1 login count (18.4%) and F13 weeks since active (11.9%)
79,OULAD_TEST_0079,1,0.5685,0.7238,0.5846,0.5009,0.5685,MEDIUM,F1_login_count,15.3,F6_inactive_days,12.2,F5_on_time_rate,10.3,9,F1 login count (15.3%) and F6 inactive days (12.2%)
80,OULAD_TEST_0080,0,0.0358,0.2192,0.1107,0.1404,0.0358,LOW,F6_inactive_days,13.8,F4_num_submitted,13.4,F5_on_time_rate,13.2,1,F6 inactive days (13.8%) and F4 num submitted (13.4%)
81,OULAD_TEST_0081,1,0.8631,0.5011,0.7818,0.6854,0.8631,HIGH,F1_login_count,20.3,F5_on_time_rate,12.6,F4_num_submitted,12.6,6,F1 login count (20.3%) and F5 on time rate (12.6%)
82,OULAD_TEST_0082,0,0.5244,0.4991,0.4173,0.5421,0.5244,MEDIUM,F1_login_count,19.0,F13_weeks_since_active,14.1,F5_on_time_rate,14.1,5,F1 login count (19.0%) and F13 weeks since active (14.1%)
83,OULAD_TEST_0083,0,0.5384,0.5432,0.6466,0.6889,0.5384,MEDIUM,F1_login_count,24.9,F5_on_time_rate,14.9,F6_inactive_days,10.1,8,F1 login count (24.9%) and F5 on time rate (14.9%)
84,OULAD_TEST_0084,0,0.125,0.4004,0.1945,0.1498,0.125,LOW,F1_login_count,22.1,F6_inactive_days,13.6,F4_num_submitted,13.5,6,F1 login count (22.1%) and F6 inactive days (13.6%)
85,OULAD_TEST_0085,0,0.0205,0.217,0.091,0.0683,0.0205,LOW,F6_inactive_days,15.0,F4_num_submitted,14.0,F7_score_change,10.3,1,F6 inactive days (15.0%) and F4 num submitted (14.0%)
86,OULAD_TEST_0086,0,0.2799,0.558,0.4269,0.2038,0.2799,LOW,F1_login_count,18.9,F6_inactive_days,14.1,F4_num_submitted,13.8,11,F1 login count (18.9%) and F6 inactive days (14.1%)
87,OULAD_TEST_0087,0,0.2874,0.5405,0.3579,0.4175,0.2874,LOW,F1_login_count,27.2,F5_on_time_rate,14.8,F6_inactive_days,11.0,6,F1 login count (27.2%) and F5 on time rate (14.8%)
88,OULAD_TEST_0088,1,0.9898,0.5047,0.4556,0.5579,0.9898,HIGH,F1_login_count,25.8,F5_on_time_rate,13.0,F6_inactive_days,11.6,17,F1 login count (25.8%) and F5 on time rate (13.0%)
89,OULAD_TEST_0089,0,0.0585,0.3221,0.3537,0.2686,0.0585,LOW,F6_inactive_days,12.3,F4_num_submitted,12.3,F5_on_time_rate,11.5,1,F6 inactive days (12.3%) and F4 num submitted (12.3%)
90,OULAD_TEST_0090,0,0.4953,0.5965,0.5546,0.5408,0.4953,MEDIUM,F1_login_count,25.6,F5_on_time_rate,16.6,F6_inactive_days,10.9,8,F1 login count (25.6%) and F5 on time rate (16.6%)
91,OULAD_TEST_0091,0,0.7726,0.5305,0.771,0.6298,0.7726,HIGH,F1_login_count,23.7,F5_on_time_rate,14.0,F6_inactive_days,9.9,6,F1 login count (23.7%) and F5 on time rate (14.0%)
92,OULAD_TEST_0092,0,0.5433,0.6722,0.6585,0.8264,0.5433,MEDIUM,F1_login_count,19.8,F5_on_time_rate,11.2,F2_vle_clicks,8.7,16,F1 login count (19.8%) and F5 on time rate (11.2%)
93,OULAD_TEST_0093,0,0.035,0.213,0.115,0.0339,0.035,LOW,F1_login_count,19.1,F6_inactive_days,15.5,F4_num_submitted,15.3,1,F1 login count (19.1%) and F6 inactive days (15.5%)
94,OULAD_TEST_0094,0,0.0789,0.4091,0.2382,0.1676,0.0789,LOW,F1_login_count,15.1,F13_weeks_since_active,12.9,F4_num_submitted,11.2,8,F1 login count (15.1%) and F13 weeks since active (12.9%)
95,OULAD_TEST_0095,0,0.1584,0.2936,0.5183,0.3537,0.1584,LOW,F5_on_time_rate,13.2,F6_inactive_days,13.1,F4_num_submitted,12.7,1,F5 on time rate (13.2%) and F6 inactive days (13.1%)
96,OULAD_TEST_0096,0,0.1193,0.2908,0.2138,0.1881,0.1193,LOW,F1_login_count,18.8,F6_inactive_days,14.7,F4_num_submitted,14.2,1,F1 login count (18.8%) and F6 inactive days (14.7%)
97,OULAD_TEST_0097,0,0.0532,0.4482,0.1931,0.1189,0.0532,LOW,F6_inactive_days,16.0,F4_num_submitted,15.3,F1_login_count,12.2,16,F6 inactive days (16.0%) and F4 num submitted (15.3%)
98,OULAD_TEST_0098,0,0.4364,0.5879,0.5199,0.4749,0.4364,MEDIUM,F1_login_count,15.7,F13_weeks_since_active,15.1,F5_on_time_rate,11.7,7,F1 login count (15.7%) and F13 weeks since active (15.1%)
99,OULAD_TEST_0099,1,0.9188,0.5687,0.7527,0.7264,0.9188,HIGH,F1_login_count,20.3,F4_num_submitted,13.9,F6_inactive_days,13.6,17,F1 login count (20.3%) and F4 num submitted (13.9%)
100,OULAD_TEST_0100,0,0.1368,0.4027,0.2133,0.1564,0.1368,LOW,F13_weeks_since_active,12.9,F4_num_submitted,12.6,F6_inactive_days,12.3,2,F13 weeks since active (12.9%) and F4 num submitted (12.6%)
101,OULAD_TEST_0101,0,0.274,0.5513,0.7122,0.5094,0.274,LOW,F1_login_count,21.0,F6_inactive_days,11.7,F13_weeks_since_active,11.5,5,F1 login count (21.0%) and F6 inactive days (11.7%)
102,OULAD_TEST_0102,0,0.1808,0.378,0.2141,0.1386,0.1808,LOW,F1_login_count,23.5,F5_on_time_rate,13.7,F6_inactive_days,11.5,5,F1 login count (23.5%) and F5 on time rate (13.7%)
103,OULAD_TEST_0103,0,0.2044,0.6521,0.5812,0.4627,0.2044,LOW,F1_login_count,21.7,F6_inactive_days,12.9,F4_num_submitted,11.4,6,F1 login count (21.7%) and F6 inactive days (12.9%)
104,OULAD_TEST_0104,0,0.3955,0.5166,0.5271,0.3703,0.3955,LOW,F1_login_count,17.5,F6_inactive_days,15.1,F4_num_submitted,13.7,11,F1 login count (17.5%) and F6 inactive days (15.1%)
105,OULAD_TEST_0105,0,0.3428,0.5633,0.2361,0.3642,0.3428,LOW,F1_login_count,18.2,F5_on_time_rate,10.3,F13_weeks_since_active,10.2,9,F1 login count (18.2%) and F5 on time rate (10.3%)
106,OULAD_TEST_0106,0,0.3153,0.502,0.4135,0.2387,0.3153,LOW,F1_login_count,21.5,F5_on_time_rate,15.0,F13_weeks_since_active,13.1,5,F1 login count (21.5%) and F5 on time rate (15.0%)
107,OULAD_TEST_0107,0,0.5504,0.47,0.5514,0.6281,0.5504,MEDIUM,F6_inactive_days,16.0,F4_num_submitted,15.8,F1_login_count,14.0,16,F6 inactive days (16.0%) and F4 num submitted (15.8%)
108,OULAD_TEST_0108,0,0.3036,0.5044,0.4307,0.4376,0.3036,LOW,F1_login_count,17.1,F13_weeks_since_active,16.8,F5_on_time_rate,14.2,11,F1 login count (17.1%) and F13 weeks since active (16.8%)
109,OULAD_TEST_0109,1,0.9933,0.5285,0.4535,0.7814,0.9933,HIGH,F1_login_count,27.1,F5_on_time_rate,14.8,F4_num_submitted,8.8,9,F1 login count (27.1%) and F5 on time rate (14.8%)
110,OULAD_TEST_0110,0,0.3969,0.5864,0.4172,0.5719,0.3969,LOW,F1_login_count,17.3,F6_inactive_days,14.5,F4_num_submitted,14.3,16,F1 login count (17.3%) and F6 inactive days (14.5%)
111,OULAD_TEST_0111,1,0.9949,0.7164,0.614,0.728,0.9949,HIGH,F1_login_count,25.8,F5_on_time_rate,14.9,F4_num_submitted,10.9,5,F1 login count (25.8%) and F5 on time rate (14.9%)
112,OULAD_TEST_0112,0,0.163,0.3071,0.3853,0.324,0.163,LOW,F1_login_count,18.4,F5_on_time_rate,14.6,F13_weeks_since_active,12.7,14,F1 login count (18.4%) and F5 on time rate (14.6%)
113,OULAD_TEST_0113,0,0.2692,0.5829,0.2175,0.3183,0.2692,LOW,F1_login_count,18.3,F4_num_submitted,12.6,F5_on_time_rate,12.2,17,F1 login count (18.3%) and F4 num submitted (12.6%)
114,OULAD_TEST_0114,0,0.4203,0.5289,0.5523,0.5079,0.4203,MEDIUM,F1_login_count,19.4,F4_num_submitted,14.5,F6_inactive_days,13.9,17,F1 login count (19.4%) and F4 num submitted (14.5%)
115,OULAD_TEST_0115,0,0.1269,0.4985,0.1992,0.1762,0.1269,LOW,F1_login_count,24.4,F5_on_time_rate,14.7,F6_inactive_days,11.5,5,F1 login count (24.4%) and F5 on time rate (14.7%)
116,OULAD_TEST_0116,0,0.1638,0.484,0.233,0.1609,0.1638,LOW,F1_login_count,18.7,F13_weeks_since_active,12.1,F5_on_time_rate,10.6,8,F1 login count (18.7%) and F13 weeks since active (12.1%)
117,OULAD_TEST_0117,0,0.1936,0.476,0.5045,0.2961,0.1936,LOW,F1_login_count,23.5,F5_on_time_rate,13.1,F4_num_submitted,12.1,5,F1 login count (23.5%) and F5 on time rate (13.1%)
118,OULAD_TEST_0118,0,0.0876,0.2063,0.0839,0.0644,0.0876,LOW,F1_login_count,19.5,F4_num_submitted,13.8,F6_inactive_days,13.8,8,F1 login count (19.5%) and F4 num submitted (13.8%)
119,OULAD_TEST_0119,0,0.1298,0.3826,0.3655,0.5722,0.1298,LOW,F1_login_count,13.9,F13_weeks_since_active,10.4,F5_on_time_rate,10.0,11,F1 login count (13.9%) and F13 weeks since active (10.4%)
120,OULAD_TEST_0120,1,0.7718,0.801,0.6714,0.6395,0.7718,HIGH,F1_login_count,22.0,F5_on_time_rate,11.8,F6_inactive_days,11.5,11,F1 login count (22.0%) and F5 on time rate (11.8%)
121,OULAD_TEST_0121,0,0.214,0.5915,0.4768,0.4091,0.214,LOW,F1_login_count,19.6,F5_on_time_rate,14.0,F13_weeks_since_active,10.5,9,F1 login count (19.6%) and F5 on time rate (14.0%)
122,OULAD_TEST_0122,1,0.6429,0.423,0.5028,0.7768,0.6429,MEDIUM,F1_login_count,19.0,F5_on_time_rate,13.6,F4_num_submitted,12.9,17,F1 login count (19.0%) and F5 on time rate (13.6%)
123,OULAD_TEST_0123,0,0.5363,0.5176,0.6127,0.581,0.5363,MEDIUM,F1_login_count,22.3,F5_on_time_rate,13.8,F6_inactive_days,10.0,6,F1 login count (22.3%) and F5 on time rate (13.8%)
124,OULAD_TEST_0124,0,0.0548,0.3919,0.1059,0.0491,0.0548,LOW,F1_login_count,14.4,F6_inactive_days,10.8,F4_num_submitted,10.2,1,F1 login count (14.4%) and F6 inactive days (10.8%)
125,OULAD_TEST_0125,0,0.0458,0.3717,0.217,0.1328,0.0458,LOW,F1_login_count,19.0,F5_on_time_rate,12.3,F13_weeks_since_active,11.4,8,F1 login count (19.0%) and F5 on time rate (12.3%)
126,OULAD_TEST_0126,1,0.4487,0.5226,0.587,0.4631,0.4487,MEDIUM,F1_login_count,19.4,F5_on_time_rate,11.8,F6_inactive_days,11.3,7,F1 login count (19.4%) and F5 on time rate (11.8%)
127,OULAD_TEST_0127,0,0.0747,0.4729,0.4946,0.211,0.0747,LOW,F1_login_count,17.5,F6_inactive_days,14.3,F4_num_submitted,12.7,11,F1 login count (17.5%) and F6 inactive days (14.3%)
128,OULAD_TEST_0128,0,0.1527,0.3733,0.3781,0.268,0.1527,LOW,F1_login_count,15.4,F13_weeks_since_active,15.1,F5_on_time_rate,14.6,11,F1 login count (15.4%) and F13 weeks since active (15.1%)
129,OULAD_TEST_0129,0,0.099,0.3939,0.3266,0.1463,0.099,LOW,F1_login_count,19.7,F6_inactive_days,15.6,F4_num_submitted,14.1,11,F1 login count (19.7%) and F6 inactive days (15.6%)
130,OULAD_TEST_0130,0,0.0962,0.4011,0.2472,0.1372,0.0962,LOW,F13_weeks_since_active,13.6,F4_num_submitted,10.8,F1_login_count,10.1,5,F13 weeks since active (13.6%) and F4 num submitted (10.8%)
131,OULAD_TEST_0131,0,0.085,0.2337,0.1779,0.0558,0.085,LOW,F1_login_count,18.0,F6_inactive_days,13.3,F5_on_time_rate,12.9,1,F1 login count (18.0%) and F6 inactive days (13.3%)
132,OULAD_TEST_0132,0,0.2573,0.5176,0.4361,0.4451,0.2573,LOW,F13_weeks_since_active,15.6,F1_login_count,14.2,F5_on_time_rate,12.1,6,F13 weeks since active (15.6%) and F1 login count (14.2%)
133,OULAD_TEST_0133,1,0.5734,0.3184,0.3816,0.6855,0.5734,MEDIUM,F1_login_count,21.9,F6_inactive_days,13.2,F4_num_submitted,11.9,16,F1 login count (21.9%) and F6 inactive days (13.2%)
134,OULAD_TEST_0134,0,0.0206,0.2654,0.0634,0.0662,0.0206,LOW,F1_login_count,14.4,F6_inactive_days,14.0,F4_num_submitted,12.2,1,F1 login count (14.4%) and F6 inactive days (14.0%)
135,OULAD_TEST_0135,0,0.0626,0.2849,0.052,0.1307,0.0626,LOW,F1_login_count,19.3,F6_inactive_days,14.5,F4_num_submitted,13.5,1,F1 login count (19.3%) and F6 inactive days (14.5%)
136,OULAD_TEST_0136,1,0.9973,0.7105,0.8636,0.8034,0.9973,HIGH,F1_login_count,17.7,F4_num_submitted,16.0,F6_inactive_days,15.4,8,F1 login count (17.7%) and F4 num submitted (16.0%)
137,OULAD_TEST_0137,1,0.9897,0.3655,0.592,0.5982,0.9897,HIGH,F1_login_count,26.5,F5_on_time_rate,14.9,F6_inactive_days,10.1,14,F1 login count (26.5%) and F5 on time rate (14.9%)
138,OULAD_TEST_0138,1,0.9995,0.8081,0.9366,0.9432,0.9995,HIGH,F1_login_count,27.0,F5_on_time_rate,13.3,F13_weeks_since_active,11.3,7,F1 login count (27.0%) and F5 on time rate (13.3%)
139,OULAD_TEST_0139,0,0.4927,0.7131,0.6811,0.4794,0.4927,MEDIUM,F1_login_count,22.6,F5_on_time_rate,13.6,F6_inactive_days,10.6,11,F1 login count (22.6%) and F5 on time rate (13.6%)
140,OULAD_TEST_0140,0,0.0631,0.2485,0.1887,0.1485,0.0631,LOW,F4_num_submitted,15.5,F6_inactive_days,15.4,F1_login_count,13.5,1,F4 num submitted (15.5%) and F6 inactive days (15.4%)
141,OULAD_TEST_0141,0,0.2059,0.5378,0.3736,0.2008,0.2059,LOW,F1_login_count,18.5,F6_inactive_days,15.8,F4_num_submitted,14.4,11,F1 login count (18.5%) and F6 inactive days (15.8%)
142,OULAD_TEST_0142,1,0.435,0.5017,0.3923,0.4784,0.435,MEDIUM,F1_login_count,18.3,F5_on_time_rate,12.9,F13_weeks_since_active,12.1,17,F1 login count (18.3%) and F5 on time rate (12.9%)
143,OULAD_TEST_0143,0,0.348,0.7458,0.6052,0.5273,0.348,LOW,F1_login_count,18.7,F13_weeks_since_active,12.8,F5_on_time_rate,11.7,9,F1 login count (18.7%) and F13 weeks since active (12.8%)
144,OULAD_TEST_0144,0,0.3316,0.4533,0.3754,0.4958,0.3316,LOW,F1_login_count,23.0,F5_on_time_rate,15.4,F6_inactive_days,13.3,15,F1 login count (23.0%) and F5 on time rate (15.4%)
145,OULAD_TEST_0145,1,0.7939,0.6975,0.6703,0.5964,0.7939,HIGH,F1_login_count,18.4,F6_inactive_days,13.3,F4_num_submitted,12.7,9,F1 login count (18.4%) and F6 inactive days (13.3%)
146,OULAD_TEST_0146,0,0.4506,0.5356,0.569,0.4418,0.4506,MEDIUM,F1_login_count,17.7,F6_inactive_days,14.2,F4_num_submitted,14.1,9,F1 login count (17.7%) and F6 inactive days (14.2%)
147,OULAD_TEST_0147,0,0.3704,0.6557,0.6327,0.5512,0.3704,LOW,F1_login_count,18.5,F5_on_time_rate,13.3,F13_weeks_since_active,12.4,8,F1 login count (18.5%) and F5 on time rate (13.3%)
148,OULAD_TEST_0148,0,0.5663,0.5949,0.4972,0.381,0.5663,MEDIUM,F1_login_count,16.8,F6_inactive_days,13.3,F4_num_submitted,11.7,8,F1 login count (16.8%) and F6 inactive days (13.3%)
149,OULAD_TEST_0149,0,0.8432,0.6609,0.5701,0.8804,0.8432,HIGH,F1_login_count,20.7,F6_inactive_days,15.8,F4_num_submitted,15.3,17,F1 login count (20.7%) and F6 inactive days (15.8%)
150,OULAD_TEST_0150,0,0.0929,0.4705,0.4177,0.2297,0.0929,LOW,F1_login_count,17.7,F6_inactive_days,13.7,F4_num_submitted,12.8,11,F1 login count (17.7%) and F6 inactive days (13.7%)
151,OULAD_TEST_0151,0,0.697,0.6068,0.77,0.763,0.697,MEDIUM,F1_login_count,18.0,F6_inactive_days,12.9,F4_num_submitted,12.8,13,F1 login count (18.0%) and F6 inactive days (12.9%)
152,OULAD_TEST_0152,1,0.9742,0.6598,0.6131,0.4385,0.9742,HIGH,F1_login_count,18.3,F4_num_submitted,15.9,F6_inactive_days,15.9,11,F1 login count (18.3%) and F4 num submitted (15.9%)
153,OULAD_TEST_0153,1,0.6722,0.7494,0.7385,0.764,0.6722,MEDIUM,F1_login_count,16.5,F5_on_time_rate,13.9,F4_num_submitted,10.9,12,F1 login count (16.5%) and F5 on time rate (13.9%)
154,OULAD_TEST_0154,0,0.2315,0.2883,0.214,0.3046,0.2315,LOW,F1_login_count,22.0,F6_inactive_days,13.9,F5_on_time_rate,13.6,17,F1 login count (22.0%) and F6 inactive days (13.9%)
155,OULAD_TEST_0155,0,0.2146,0.5071,0.4273,0.3126,0.2146,LOW,F13_weeks_since_active,17.1,F1_login_count,17.0,F5_on_time_rate,13.3,5,F13 weeks since active (17.1%) and F1 login count (17.0%)
156,OULAD_TEST_0156,1,0.4112,0.4097,0.4601,0.4555,0.4112,MEDIUM,F1_login_count,21.5,F5_on_time_rate,13.4,F6_inactive_days,10.1,9,F1 login count (21.5%) and F5 on time rate (13.4%)
157,OULAD_TEST_0157,0,0.2212,0.4785,0.4608,0.5183,0.2212,LOW,F1_login_count,25.1,F5_on_time_rate,14.6,F6_inactive_days,11.9,13,F1 login count (25.1%) and F5 on time rate (14.6%)
158,OULAD_TEST_0158,0,0.4708,0.4206,0.4786,0.4661,0.4708,MEDIUM,F1_login_count,18.8,F4_num_submitted,13.9,F6_inactive_days,13.9,7,F1 login count (18.8%) and F4 num submitted (13.9%)
159,OULAD_TEST_0159,0,0.5473,0.5976,0.4639,0.5729,0.5473,MEDIUM,F1_login_count,19.7,F4_num_submitted,15.8,F6_inactive_days,15.6,16,F1 login count (19.7%) and F4 num submitted (15.8%)
160,OULAD_TEST_0160,1,0.5185,0.4648,0.5197,0.5801,0.5185,MEDIUM,F1_login_count,27.8,F5_on_time_rate,14.8,F2_vle_clicks,9.3,7,F1 login count (27.8%) and F5 on time rate (14.8%)
161,OULAD_TEST_0161,0,0.1483,0.3463,0.4015,0.4417,0.1483,LOW,F13_weeks_since_active,15.1,F4_num_submitted,13.4,F6_inactive_days,13.2,10,F13 weeks since active (15.1%) and F4 num submitted (13.4%)
162,OULAD_TEST_0162,0,0.0277,0.4122,0.1049,0.0514,0.0277,LOW,F1_login_count,20.6,F6_inactive_days,12.7,F4_num_submitted,11.7,5,F1 login count (20.6%) and F6 inactive days (12.7%)
163,OULAD_TEST_0163,1,0.7887,0.8858,0.8645,0.8608,0.7887,HIGH,F5_on_time_rate,16.2,F1_login_count,14.3,F6_inactive_days,13.0,17,F5 on time rate (16.2%) and F1 login count (14.3%)
164,OULAD_TEST_0164,0,0.9581,0.2536,0.7375,0.8642,0.9581,HIGH,F1_login_count,18.9,F6_inactive_days,10.8,F13_weeks_since_active,10.1,14,F1 login count (18.9%) and F6 inactive days (10.8%)
165,OULAD_TEST_0165,0,0.0501,0.4507,0.168,0.1276,0.0501,LOW,F1_login_count,21.8,F5_on_time_rate,12.1,F6_inactive_days,10.0,9,F1 login count (21.8%) and F5 on time rate (12.1%)
166,OULAD_TEST_0166,0,0.2853,0.6674,0.4133,0.2745,0.2853,LOW,F1_login_count,20.8,F5_on_time_rate,14.4,F4_num_submitted,9.3,12,F1 login count (20.8%) and F5 on time rate (14.4%)
167,OULAD_TEST_0167,0,0.3135,0.4431,0.5286,0.468,0.3135,LOW,F6_inactive_days,14.3,F4_num_submitted,14.0,F1_login_count,12.6,14,F6 inactive days (14.3%) and F4 num submitted (14.0%)
168,OULAD_TEST_0168,1,0.0498,0.3422,0.3897,0.2673,0.0498,LOW,F13_weeks_since_active,15.0,F1_login_count,14.8,F5_on_time_rate,12.3,7,F13 weeks since active (15.0%) and F1 login count (14.8%)
169,OULAD_TEST_0169,1,0.2884,0.3583,0.4456,0.3806,0.2884,LOW,F1_login_count,15.1,F13_weeks_since_active,12.5,F5_on_time_rate,11.1,16,F1 login count (15.1%) and F13 weeks since active (12.5%)
170,OULAD_TEST_0170,0,0.3205,0.4999,0.4958,0.4725,0.3205,LOW,F6_inactive_days,14.2,F13_weeks_since_active,13.8,F4_num_submitted,13.6,10,F6 inactive days (14.2%) and F13 weeks since active (13.8%)
171,OULAD_TEST_0171,0,0.5713,0.4972,0.4377,0.4224,0.5713,MEDIUM,F1_login_count,21.9,F5_on_time_rate,16.3,F13_weeks_since_active,12.7,11,F1 login count (21.9%) and F5 on time rate (16.3%)
172,OULAD_TEST_0172,0,0.1813,0.423,0.2015,0.0702,0.1813,LOW,F1_login_count,16.3,F4_num_submitted,12.1,F13_weeks_since_active,11.5,7,F1 login count (16.3%) and F4 num submitted (12.1%)
173,OULAD_TEST_0173,0,0.0628,0.3352,0.1617,0.0771,0.0628,LOW,F6_inactive_days,15.2,F4_num_submitted,14.5,F1_login_count,12.5,5,F6 inactive days (15.2%) and F4 num submitted (14.5%)
174,OULAD_TEST_0174,1,0.6276,0.5763,0.6128,0.7048,0.6276,MEDIUM,F1_login_count,24.3,F5_on_time_rate,12.9,F4_num_submitted,11.4,7,F1 login count (24.3%) and F5 on time rate (12.9%)
175,OULAD_TEST_0175,0,0.4342,0.5261,0.445,0.4512,0.4342,MEDIUM,F1_login_count,19.3,F5_on_time_rate,16.5,F13_weeks_since_active,13.4,11,F1 login count (19.3%) and F5 on time rate (16.5%)
176,OULAD_TEST_0176,0,0.0492,0.348,0.1319,0.1356,0.0492,LOW,F1_login_count,17.3,F6_inactive_days,12.7,F4_num_submitted,12.4,1,F1 login count (17.3%) and F6 inactive days (12.7%)
177,OULAD_TEST_0177,0,0.4493,0.5155,0.4504,0.4366,0.4493,MEDIUM,F1_login_count,22.4,F5_on_time_rate,17.0,F13_weeks_since_active,13.2,11,F1 login count (22.4%) and F5 on time rate (17.0%)
178,OULAD_TEST_0178,0,0.2581,0.3581,0.2017,0.2214,0.2581,LOW,F1_login_count,26.3,F5_on_time_rate,13.2,F6_inactive_days,12.0,9,F1 login count (26.3%) and F5 on time rate (13.2%)
179,OULAD_TEST_0179,1,0.9992,0.5142,0.8371,0.8891,0.9992,HIGH,F1_login_count,27.4,F5_on_time_rate,15.4,F13_weeks_since_active,10.3,17,F1 login count (27.4%) and F5 on time rate (15.4%)
180,OULAD_TEST_0180,0,0.5018,0.4095,0.5569,0.5918,0.5018,MEDIUM,F1_login_count,28.9,F5_on_time_rate,15.9,F2_vle_clicks,9.4,9,F1 login count (28.9%) and F5 on time rate (15.9%)
181,OULAD_TEST_0181,0,0.0667,0.3701,0.2661,0.2841,0.0667,LOW,F4_num_submitted,14.2,F6_inactive_days,13.8,F5_on_time_rate,12.1,1,F4 num submitted (14.2%) and F6 inactive days (13.8%)
182,OULAD_TEST_0182,0,0.5157,0.7071,0.6149,0.5622,0.5157,MEDIUM,F1_login_count,16.4,F4_num_submitted,15.5,F6_inactive_days,15.0,16,F1 login count (16.4%) and F4 num submitted (15.5%)
183,OULAD_TEST_0183,0,0.621,0.5584,0.8419,0.6467,0.621,MEDIUM,F6_inactive_days,15.7,F4_num_submitted,14.7,F1_login_count,14.7,9,F6 inactive days (15.7%) and F4 num submitted (14.7%)
184,OULAD_TEST_0184,0,0.6531,0.3341,0.3008,0.8005,0.6531,MEDIUM,F1_login_count,18.8,F6_inactive_days,12.8,F4_num_submitted,11.2,16,F1 login count (18.8%) and F6 inactive days (12.8%)
185,OULAD_TEST_0185,0,0.3766,0.8381,0.8278,0.5011,0.3766,LOW,F6_inactive_days,15.8,F4_num_submitted,15.6,F1_login_count,13.8,10,F6 inactive days (15.8%) and F4 num submitted (15.6%)
186,OULAD_TEST_0186,1,0.5115,0.7446,0.6876,0.6456,0.5115,MEDIUM,F1_login_count,18.4,F5_on_time_rate,12.6,F13_weeks_since_active,10.9,5,F1 login count (18.4%) and F5 on time rate (12.6%)
187,OULAD_TEST_0187,1,0.4122,0.7114,0.5106,0.6491,0.4122,MEDIUM,F1_login_count,17.4,F13_weeks_since_active,12.8,F5_on_time_rate,12.1,11,F1 login count (17.4%) and F13 weeks since active (12.8%)
188,OULAD_TEST_0188,1,0.6832,0.5865,0.3625,0.221,0.6832,MEDIUM,F1_login_count,18.6,F6_inactive_days,13.8,F4_num_submitted,12.7,8,F1 login count (18.6%) and F6 inactive days (13.8%)
189,OULAD_TEST_0189,1,0.8273,0.8481,0.9092,0.941,0.8273,HIGH,F1_login_count,18.4,F6_inactive_days,9.8,F5_on_time_rate,9.6,11,F1 login count (18.4%) and F6 inactive days (9.8%)
190,OULAD_TEST_0190,1,0.5561,0.3407,0.361,0.2775,0.5561,MEDIUM,F1_login_count,18.3,F4_num_submitted,12.8,F6_inactive_days,12.3,1,F1 login count (18.3%) and F4 num submitted (12.8%)
191,OULAD_TEST_0191,0,0.1167,0.3268,0.243,0.2706,0.1167,LOW,F1_login_count,24.7,F5_on_time_rate,13.0,F6_inactive_days,13.0,14,F1 login count (24.7%) and F5 on time rate (13.0%)
192,OULAD_TEST_0192,1,0.9622,0.681,0.7956,0.8129,0.9622,HIGH,F1_login_count,17.0,F4_num_submitted,16.2,F6_inactive_days,16.0,9,F1 login count (17.0%) and F4 num submitted (16.2%)
193,OULAD_TEST_0193,1,0.9937,0.6578,0.6357,0.7598,0.9937,HIGH,F1_login_count,28.7,F5_on_time_rate,16.7,F2_vle_clicks,9.6,9,F1 login count (28.7%) and F5 on time rate (16.7%)
194,OULAD_TEST_0194,1,0.0719,0.411,0.2106,0.3322,0.0719,LOW,F1_login_count,20.6,F5_on_time_rate,13.1,F6_inactive_days,12.8,6,F1 login count (20.6%) and F5 on time rate (13.1%)
195,OULAD_TEST_0195,1,0.9882,0.5929,0.6177,0.6848,0.9882,HIGH,F1_login_count,27.0,F5_on_time_rate,14.6,F6_inactive_days,9.5,16,F1 login count (27.0%) and F5 on time rate (14.6%)
196,OULAD_TEST_0196,0,0.0787,0.2357,0.2125,0.17,0.0787,LOW,F1_login_count,20.1,F5_on_time_rate,12.2,F4_num_submitted,11.6,8,F1 login count (20.1%) and F5 on time rate (12.2%)
197,OULAD_TEST_0197,0,0.323,0.5017,0.6478,0.5223,0.323,LOW,F1_login_count,19.2,F5_on_time_rate,13.1,F6_inactive_days,12.7,8,F1 login count (19.2%) and F5 on time rate (13.1%)
198,OULAD_TEST_0198,1,0.9997,0.563,0.8437,0.9855,0.9997,HIGH,F1_login_count,25.2,F4_num_submitted,13.3,F6_inactive_days,12.7,12,F1 login count (25.2%) and F4 num submitted (13.3%)
199,OULAD_TEST_0199,1,0.9395,0.8035,0.9213,0.9525,0.9395,HIGH,F1_login_count,18.2,F4_num_submitted,12.3,F6_inactive_days,11.7,11,F1 login count (18.2%) and F4 num submitted (12.3%)
200,OULAD_TEST_0200,0,0.1547,0.5435,0.521,0.3488,0.1547,LOW,F1_login_count,19.7,F5_on_time_rate,12.4,F4_num_submitted,10.3,14,F1 login count (19.7%) and F5 on time rate (12.4%)
201,OULAD_TEST_0201,0,0.1902,0.2861,0.5329,0.2479,0.1902,LOW,F1_login_count,19.7,F6_inactive_days,13.7,F5_on_time_rate,13.3,1,F1 login count (19.7%) and F6 inactive days (13.7%)
202,OULAD_TEST_0202,0,0.0353,0.3614,0.2074,0.0455,0.0353,LOW,F1_login_count,20.6,F6_inactive_days,10.8,F2_vle_clicks,9.5,1,F1 login count (20.6%) and F6 inactive days (10.8%)
203,OULAD_TEST_0203,0,0.5027,0.5878,0.722,0.8013,0.5027,MEDIUM,F1_login_count,23.7,F5_on_time_rate,16.2,F6_inactive_days,12.2,9,F1 login count (23.7%) and F5 on time rate (16.2%)
204,OULAD_TEST_0204,0,0.0358,0.3006,0.1163,0.197,0.0358,LOW,F1_login_count,16.2,F6_inactive_days,16.2,F4_num_submitted,15.0,1,F1 login count (16.2%) and F6 inactive days (16.2%)
205,OULAD_TEST_0205,0,0.0429,0.3318,0.1753,0.0693,0.0429,LOW,F1_login_count,16.0,F6_inactive_days,11.7,F4_num_submitted,10.4,6,F1 login count (16.0%) and F6 inactive days (11.7%)
206,OULAD_TEST_0206,0,0.5634,0.6208,0.5008,0.5218,0.5634,MEDIUM,F1_login_count,19.7,F5_on_time_rate,12.8,F6_inactive_days,12.5,8,F1 login count (19.7%) and F5 on time rate (12.8%)
207,OULAD_TEST_0207,0,0.3471,0.4478,0.9312,0.8613,0.3471,LOW,F1_login_count,19.2,F13_weeks_since_active,12.9,F5_on_time_rate,12.2,15,F1 login count (19.2%) and F13 weeks since active (12.9%)
208,OULAD_TEST_0208,0,0.1433,0.2611,0.2244,0.1164,0.1433,LOW,F6_inactive_days,13.7,F1_login_count,12.9,F4_num_submitted,12.9,1,F6 inactive days (13.7%) and F1 login count (12.9%)
209,OULAD_TEST_0209,0,0.1414,0.3449,0.3877,0.3155,0.1414,LOW,F1_login_count,13.6,F5_on_time_rate,12.1,F4_num_submitted,11.7,15,F1 login count (13.6%) and F5 on time rate (12.1%)
210,OULAD_TEST_0210,0,0.4324,0.5769,0.283,0.3112,0.4324,MEDIUM,F1_login_count,21.0,F5_on_time_rate,14.9,F6_inactive_days,12.8,9,F1 login count (21.0%) and F5 on time rate (14.9%)
211,OULAD_TEST_0211,0,0.9285,0.8407,0.8709,0.885,0.9285,HIGH,F1_login_count,20.1,F4_num_submitted,12.4,F5_on_time_rate,12.4,14,F1 login count (20.1%) and F4 num submitted (12.4%)
212,OULAD_TEST_0212,0,0.1331,0.307,0.2795,0.1875,0.1331,LOW,F1_login_count,13.3,F5_on_time_rate,10.4,F6_inactive_days,9.9,16,F1 login count (13.3%) and F5 on time rate (10.4%)
213,OULAD_TEST_0213,1,0.9979,0.3917,0.4104,0.7706,0.9979,HIGH,F1_login_count,28.0,F5_on_time_rate,13.7,F6_inactive_days,12.1,13,F1 login count (28.0%) and F5 on time rate (13.7%)
214,OULAD_TEST_0214,0,0.0608,0.3977,0.4886,0.2954,0.0608,LOW,F1_login_count,16.9,F13_weeks_since_active,15.2,F5_on_time_rate,12.0,7,F1 login count (16.9%) and F13 weeks since active (15.2%)
215,OULAD_TEST_0215,0,0.1018,0.5662,0.1945,0.1199,0.1018,LOW,F6_inactive_days,16.3,F4_num_submitted,15.9,F1_login_count,11.6,16,F6 inactive days (16.3%) and F4 num submitted (15.9%)
216,OULAD_TEST_0216,1,0.6074,0.3388,0.6353,0.5637,0.6074,MEDIUM,F1_login_count,17.1,F6_inactive_days,15.6,F4_num_submitted,14.7,16,F1 login count (17.1%) and F6 inactive days (15.6%)
217,OULAD_TEST_0217,1,0.9692,0.8871,0.9692,0.9862,0.9692,HIGH,F1_login_count,22.3,F4_num_submitted,13.7,F6_inactive_days,13.0,13,F1 login count (22.3%) and F4 num submitted (13.7%)
218,OULAD_TEST_0218,0,0.6998,0.4545,0.6977,0.7276,0.6998,MEDIUM,F1_login_count,17.7,F6_inactive_days,12.5,F4_num_submitted,12.1,14,F1 login count (17.7%) and F6 inactive days (12.5%)
219,OULAD_TEST_0219,0,0.913,0.7112,0.915,0.931,0.913,HIGH,F1_login_count,17.5,F4_num_submitted,15.6,F6_inactive_days,15.0,17,F1 login count (17.5%) and F4 num submitted (15.6%)
220,OULAD_TEST_0220,0,0.0382,0.391,0.3559,0.0848,0.0382,LOW,F1_login_count,16.1,F6_inactive_days,14.6,F4_num_submitted,14.4,5,F1 login count (16.1%) and F6 inactive days (14.6%)
221,OULAD_TEST_0221,0,0.0791,0.3944,0.1781,0.1558,0.0791,LOW,F1_login_count,15.2,F4_num_submitted,13.0,F6_inactive_days,12.9,1,F1 login count (15.2%) and F4 num submitted (13.0%)
222,OULAD_TEST_0222,1,0.9987,0.4288,0.6325,0.6892,0.9987,HIGH,F1_login_count,19.4,F6_inactive_days,15.6,F4_num_submitted,15.3,17,F1 login count (19.4%) and F6 inactive days (15.6%)
223,OULAD_TEST_0223,1,0.9637,0.732,0.8254,0.9155,0.9637,HIGH,F1_login_count,20.7,F4_num_submitted,15.0,F6_inactive_days,14.3,17,F1 login count (20.7%) and F4 num submitted (15.0%)
224,OULAD_TEST_0224,1,0.5845,0.6175,0.4883,0.517,0.5845,MEDIUM,F1_login_count,23.7,F4_num_submitted,12.3,F6_inactive_days,12.0,6,F1 login count (23.7%) and F4 num submitted (12.3%)
225,OULAD_TEST_0225,0,0.7016,0.6031,0.5952,0.6014,0.7016,HIGH,F1_login_count,24.4,F5_on_time_rate,13.6,F6_inactive_days,11.9,7,F1 login count (24.4%) and F5 on time rate (13.6%)
226,OULAD_TEST_0226,0,0.1553,0.4839,0.385,0.3279,0.1553,LOW,F1_login_count,18.7,F5_on_time_rate,16.0,F6_inactive_days,11.9,8,F1 login count (18.7%) and F5 on time rate (16.0%)
227,OULAD_TEST_0227,0,0.822,0.4016,0.7333,0.765,0.822,HIGH,F1_login_count,20.7,F6_inactive_days,11.5,F5_on_time_rate,10.5,15,F1 login count (20.7%) and F6 inactive days (11.5%)
228,OULAD_TEST_0228,1,0.9985,0.7404,0.7866,0.901,0.9985,HIGH,F1_login_count,17.8,F4_num_submitted,17.4,F6_inactive_days,17.1,13,F1 login count (17.8%) and F4 num submitted (17.4%)
229,OULAD_TEST_0229,0,0.0214,0.4951,0.0661,0.0521,0.0214,LOW,F6_inactive_days,17.8,F4_num_submitted,16.4,F1_login_count,12.8,1,F6 inactive days (17.8%) and F4 num submitted (16.4%)
230,OULAD_TEST_0230,0,0.1934,0.5924,0.3596,0.2833,0.1934,LOW,F1_login_count,19.4,F4_num_submitted,12.3,F6_inactive_days,11.8,8,F1 login count (19.4%) and F4 num submitted (12.3%)
231,OULAD_TEST_0231,1,0.3856,0.6327,0.7509,0.5476,0.3856,LOW,F5_on_time_rate,14.0,F1_login_count,10.2,F6_inactive_days,9.8,13,F5 on time rate (14.0%) and F1 login count (10.2%)
232,OULAD_TEST_0232,0,0.2069,0.717,0.6323,0.3309,0.2069,LOW,F1_login_count,18.4,F6_inactive_days,13.9,F4_num_submitted,13.2,11,F1 login count (18.4%) and F6 inactive days (13.9%)
233,OULAD_TEST_0233,0,0.469,0.3764,0.4242,0.4779,0.469,MEDIUM,F1_login_count,13.1,F6_inactive_days,11.2,F4_num_submitted,10.1,13,F1 login count (13.1%) and F6 inactive days (11.2%)
234,OULAD_TEST_0234,1,0.5454,0.8172,0.8231,0.7797,0.5454,MEDIUM,F1_login_count,19.7,F5_on_time_rate,15.6,F6_inactive_days,11.9,5,F1 login count (19.7%) and F5 on time rate (15.6%)
235,OULAD_TEST_0235,0,0.1769,0.4744,0.5758,0.4061,0.1769,LOW,F1_login_count,17.4,F5_on_time_rate,12.5,F13_weeks_since_active,10.9,4,F1 login count (17.4%) and F5 on time rate (12.5%)
236,OULAD_TEST_0236,1,0.987,0.8352,0.9557,0.9132,0.987,HIGH,F1_login_count,18.6,F6_inactive_days,15.0,F4_num_submitted,14.9,15,F1 login count (18.6%) and F6 inactive days (15.0%)
237,OULAD_TEST_0237,0,0.3381,0.4823,0.7325,0.7525,0.3381,LOW,F1_login_count,20.0,F13_weeks_since_active,15.8,F5_on_time_rate,13.7,14,F1 login count (20.0%) and F13 weeks since active (15.8%)
238,OULAD_TEST_0238,1,0.9936,0.4444,0.8326,0.8154,0.9936,HIGH,F1_login_count,24.2,F5_on_time_rate,13.7,F13_weeks_since_active,12.3,14,F1 login count (24.2%) and F5 on time rate (13.7%)
239,OULAD_TEST_0239,0,0.8166,0.5915,0.7733,0.883,0.8166,HIGH,F1_login_count,19.3,F4_num_submitted,11.3,F6_inactive_days,11.1,17,F1 login count (19.3%) and F4 num submitted (11.3%)
240,OULAD_TEST_0240,0,0.0737,0.3136,0.2789,0.254,0.0737,LOW,F1_login_count,22.4,F6_inactive_days,14.1,F4_num_submitted,13.3,10,F1 login count (22.4%) and F6 inactive days (14.1%)
241,OULAD_TEST_0241,0,0.0779,0.3784,0.2799,0.2291,0.0779,LOW,F1_login_count,22.7,F6_inactive_days,13.8,F4_num_submitted,12.6,2,F1 login count (22.7%) and F6 inactive days (13.8%)
242,OULAD_TEST_0242,1,0.991,0.4216,0.6951,0.599,0.991,HIGH,F1_login_count,20.3,F6_inactive_days,15.4,F4_num_submitted,15.4,17,F1 login count (20.3%) and F6 inactive days (15.4%)
243,OULAD_TEST_0243,1,0.9929,0.6128,0.5847,0.5807,0.9929,HIGH,F1_login_count,27.7,F5_on_time_rate,15.8,F13_weeks_since_active,10.3,8,F1 login count (27.7%) and F5 on time rate (15.8%)
244,OULAD_TEST_0244,0,0.5389,0.5184,0.6175,0.4821,0.5389,MEDIUM,F6_inactive_days,13.8,F4_num_submitted,13.3,F1_login_count,12.3,13,F6 inactive days (13.8%) and F4 num submitted (13.3%)
245,OULAD_TEST_0245,0,0.3445,0.7175,0.6619,0.4333,0.3445,LOW,F13_weeks_since_active,15.2,F5_on_time_rate,13.3,F1_login_count,12.6,5,F13 weeks since active (15.2%) and F5 on time rate (13.3%)
246,OULAD_TEST_0246,0,0.9519,0.6326,0.5185,0.6076,0.9519,HIGH,F1_login_count,27.7,F5_on_time_rate,14.6,F4_num_submitted,9.4,5,F1 login count (27.7%) and F5 on time rate (14.6%)
247,OULAD_TEST_0247,0,0.0299,0.3787,0.2605,0.1036,0.0299,LOW,F1_login_count,16.5,F13_weeks_since_active,11.0,F6_inactive_days,10.0,2,F1 login count (16.5%) and F13 weeks since active (11.0%)
248,OULAD_TEST_0248,0,0.1306,0.3848,0.2947,0.1717,0.1306,LOW,F1_login_count,20.2,F6_inactive_days,14.1,F4_num_submitted,13.4,16,F1 login count (20.2%) and F6 inactive days (14.1%)
249,OULAD_TEST_0249,0,0.0387,0.336,0.3291,0.2284,0.0387,LOW,F1_login_count,17.2,F13_weeks_since_active,15.4,F5_on_time_rate,10.0,8,F1 login count (17.2%) and F13 weeks since active (15.4%)
250,OULAD_TEST_0250,0,0.3655,0.6751,0.5194,0.4342,0.3655,LOW,F1_login_count,17.0,F13_weeks_since_active,14.7,F5_on_time_rate,11.8,8,F1 login count (17.0%) and F13 weeks since active (14.7%)
251,OULAD_TEST_0251,1,0.9967,0.411,0.8272,0.8981,0.9967,HIGH,F1_login_count,27.9,F5_on_time_rate,15.4,F6_inactive_days,9.6,14,F1 login count (27.9%) and F5 on time rate (15.4%)
252,OULAD_TEST_0252,0,0.2845,0.6629,0.6634,0.5157,0.2845,LOW,F1_login_count,24.5,F5_on_time_rate,15.1,F13_weeks_since_active,12.2,5,F1 login count (24.5%) and F5 on time rate (15.1%)
253,OULAD_TEST_0253,0,0.0533,0.5877,0.2156,0.0923,0.0533,LOW,F1_login_count,16.3,F4_num_submitted,15.4,F6_inactive_days,15.4,4,F1 login count (16.3%) and F4 num submitted (15.4%)
254,OULAD_TEST_0254,0,0.3266,0.4072,0.2421,0.2097,0.3266,LOW,F6_inactive_days,13.8,F4_num_submitted,13.4,F5_on_time_rate,11.8,1,F6 inactive days (13.8%) and F4 num submitted (13.4%)
255,OULAD_TEST_0255,1,0.8927,0.5177,0.5263,0.5773,0.8927,HIGH,F1_login_count,20.0,F6_inactive_days,13.4,F4_num_submitted,12.9,5,F1 login count (20.0%) and F6 inactive days (13.4%)
256,OULAD_TEST_0256,1,0.6841,0.4401,0.407,0.5695,0.6841,MEDIUM,F1_login_count,21.8,F5_on_time_rate,17.0,F6_inactive_days,11.4,11,F1 login count (21.8%) and F5 on time rate (17.0%)
257,OULAD_TEST_0257,1,0.932,0.6305,0.5965,0.7649,0.932,HIGH,F1_login_count,21.3,F4_num_submitted,12.6,F6_inactive_days,12.1,14,F1 login count (21.3%) and F4 num submitted (12.6%)
258,OULAD_TEST_0258,1,0.9895,0.6823,0.4803,0.504,0.9895,HIGH,F1_login_count,26.6,F5_on_time_rate,15.0,F6_inactive_days,8.8,9,F1 login count (26.6%) and F5 on time rate (15.0%)
259,OULAD_TEST_0259,0,0.0921,0.3371,0.2032,0.0873,0.0921,LOW,F1_login_count,22.8,F5_on_time_rate,17.3,F6_inactive_days,10.9,9,F1 login count (22.8%) and F5 on time rate (17.3%)
260,OULAD_TEST_0260,0,0.0467,0.3434,0.2017,0.0828,0.0467,LOW,F1_login_count,18.7,F13_weeks_since_active,9.7,F5_on_time_rate,9.2,2,F1 login count (18.7%) and F13 weeks since active (9.7%)
261,OULAD_TEST_0261,1,0.2116,0.8305,0.549,0.4933,0.2116,LOW,F1_login_count,16.4,F13_weeks_since_active,15.3,F4_num_submitted,11.0,6,F1 login count (16.4%) and F13 weeks since active (15.3%)
262,OULAD_TEST_0262,1,0.5595,0.5974,0.5937,0.7195,0.5595,MEDIUM,F1_login_count,21.2,F5_on_time_rate,13.1,F6_inactive_days,12.7,14,F1 login count (21.2%) and F5 on time rate (13.1%)
263,OULAD_TEST_0263,0,0.3712,0.6087,0.5953,0.5694,0.3712,LOW,F1_login_count,26.8,F5_on_time_rate,18.3,F6_inactive_days,9.5,8,F1 login count (26.8%) and F5 on time rate (18.3%)
264,OULAD_TEST_0264,0,0.1758,0.532,0.386,0.3641,0.1758,LOW,F1_login_count,17.5,F6_inactive_days,14.9,F4_num_submitted,14.2,11,F1 login count (17.5%) and F6 inactive days (14.9%)
265,OULAD_TEST_0265,0,0.1274,0.3718,0.3225,0.1932,0.1274,LOW,F1_login_count,23.5,F5_on_time_rate,14.3,F13_weeks_since_active,10.8,8,F1 login count (23.5%) and F5 on time rate (14.3%)
266,OULAD_TEST_0266,1,0.2351,0.5811,0.5871,0.342,0.2351,LOW,F1_login_count,18.3,F13_weeks_since_active,12.0,F6_inactive_days,11.6,9,F1 login count (18.3%) and F13 weeks since active (12.0%)
267,OULAD_TEST_0267,0,0.9936,0.7197,0.7189,0.934,0.9936,HIGH,F1_login_count,15.5,F6_inactive_days,14.9,F4_num_submitted,13.2,12,F1 login count (15.5%) and F6 inactive days (14.9%)
268,OULAD_TEST_0268,0,0.1714,0.6109,0.2911,0.1861,0.1714,LOW,F1_login_count,24.6,F5_on_time_rate,15.5,F4_num_submitted,11.7,8,F1 login count (24.6%) and F5 on time rate (15.5%)
269,OULAD_TEST_0269,0,0.0211,0.2428,0.084,0.035,0.0211,LOW,F1_login_count,19.8,F6_inactive_days,14.6,F4_num_submitted,14.4,1,F1 login count (19.8%) and F6 inactive days (14.6%)
270,OULAD_TEST_0270,1,0.5254,0.475,0.5096,0.553,0.5254,MEDIUM,F1_login_count,19.9,F5_on_time_rate,13.2,F13_weeks_since_active,11.4,17,F1 login count (19.9%) and F5 on time rate (13.2%)
271,OULAD_TEST_0271,0,0.4611,0.7258,0.7734,0.7813,0.4611,MEDIUM,F1_login_count,16.8,F5_on_time_rate,15.0,F13_weeks_since_active,12.7,14,F1 login count (16.8%) and F5 on time rate (15.0%)
272,OULAD_TEST_0272,0,0.4393,0.4496,0.2681,0.2441,0.4393,MEDIUM,F1_login_count,23.5,F5_on_time_rate,13.3,F6_inactive_days,12.5,6,F1 login count (23.5%) and F5 on time rate (13.3%)
273,OULAD_TEST_0273,0,0.5825,0.6232,0.4765,0.3609,0.5825,MEDIUM,F1_login_count,21.7,F6_inactive_days,12.4,F4_num_submitted,12.1,6,F1 login count (21.7%) and F6 inactive days (12.4%)
274,OULAD_TEST_0274,0,0.0993,0.4313,0.206,0.0594,0.0993,LOW,F1_login_count,14.6,F13_weeks_since_active,13.3,F4_num_submitted,11.0,7,F1 login count (14.6%) and F13 weeks since active (13.3%)
275,OULAD_TEST_0275,1,0.372,0.5642,0.4058,0.4153,0.372,LOW,F1_login_count,18.8,F6_inactive_days,15.0,F4_num_submitted,14.2,11,F1 login count (18.8%) and F6 inactive days (15.0%)
276,OULAD_TEST_0276,0,0.0537,0.2919,0.1102,0.0981,0.0537,LOW,F6_inactive_days,17.0,F4_num_submitted,16.4,F1_login_count,14.3,1,F6 inactive days (17.0%) and F4 num submitted (16.4%)
277,OULAD_TEST_0277,1,0.6974,0.6581,0.8781,0.8975,0.6974,MEDIUM,F1_login_count,25.5,F5_on_time_rate,14.4,F6_inactive_days,10.6,15,F1 login count (25.5%) and F5 on time rate (14.4%)
278,OULAD_TEST_0278,1,0.9992,0.7541,0.8327,0.9522,0.9992,HIGH,F1_login_count,24.1,F5_on_time_rate,12.8,F4_num_submitted,12.7,15,F1 login count (24.1%) and F5 on time rate (12.8%)
279,OULAD_TEST_0279,1,0.7258,0.7971,0.8002,0.7537,0.7258,HIGH,F1_login_count,16.1,F6_inactive_days,10.9,F13_weeks_since_active,9.0,13,F1 login count (16.1%) and F6 inactive days (10.9%)
280,OULAD_TEST_0280,1,0.7603,0.4115,0.7097,0.6926,0.7603,HIGH,F1_login_count,24.0,F5_on_time_rate,11.5,F6_inactive_days,11.0,15,F1 login count (24.0%) and F5 on time rate (11.5%)
281,OULAD_TEST_0281,1,0.5928,0.6438,0.405,0.4622,0.5928,MEDIUM,F1_login_count,16.8,F6_inactive_days,12.2,F4_num_submitted,12.0,12,F1 login count (16.8%) and F6 inactive days (12.2%)
282,OULAD_TEST_0282,0,0.0638,0.5476,0.4676,0.3576,0.0638,LOW,F6_inactive_days,16.3,F4_num_submitted,15.9,F13_weeks_since_active,11.7,8,F6 inactive days (16.3%) and F4 num submitted (15.9%)
283,OULAD_TEST_0283,1,0.7073,0.4435,0.4952,0.3724,0.7073,HIGH,F1_login_count,15.8,F6_inactive_days,14.4,F4_num_submitted,14.0,17,F1 login count (15.8%) and F6 inactive days (14.4%)
284,OULAD_TEST_0284,1,0.9806,0.7535,0.8843,0.9326,0.9806,HIGH,F1_login_count,20.0,F4_num_submitted,15.1,F6_inactive_days,14.9,7,F1 login count (20.0%) and F4 num submitted (15.1%)
285,OULAD_TEST_0285,1,0.0434,0.556,0.0983,0.1141,0.0434,LOW,F1_login_count,20.2,F6_inactive_days,15.4,F4_num_submitted,14.5,1,F1 login count (20.2%) and F6 inactive days (15.4%)
286,OULAD_TEST_0286,0,0.2239,0.6965,0.475,0.5277,0.2239,LOW,F13_weeks_since_active,16.3,F1_login_count,13.4,F6_inactive_days,13.3,6,F13 weeks since active (16.3%) and F1 login count (13.4%)
287,OULAD_TEST_0287,0,0.1707,0.6218,0.4476,0.4011,0.1707,LOW,F1_login_count,22.7,F5_on_time_rate,15.6,F6_inactive_days,9.9,8,F1 login count (22.7%) and F5 on time rate (15.6%)
288,OULAD_TEST_0288,0,0.0365,0.2991,0.246,0.107,0.0365,LOW,F13_weeks_since_active,13.3,F4_num_submitted,12.7,F6_inactive_days,11.7,2,F13 weeks since active (13.3%) and F4 num submitted (12.7%)
289,OULAD_TEST_0289,0,0.1342,0.2924,0.3542,0.3011,0.1342,LOW,F6_inactive_days,18.4,F4_num_submitted,17.8,F1_login_count,12.7,16,F6 inactive days (18.4%) and F4 num submitted (17.8%)
290,OULAD_TEST_0290,0,0.2231,0.4405,0.3956,0.3594,0.2231,LOW,F13_weeks_since_active,17.4,F1_login_count,15.5,F5_on_time_rate,12.9,14,F13 weeks since active (17.4%) and F1 login count (15.5%)
291,OULAD_TEST_0291,0,0.5217,0.4702,0.7536,0.906,0.5217,MEDIUM,F1_login_count,18.5,F5_on_time_rate,13.9,F6_inactive_days,13.8,17,F1 login count (18.5%) and F5 on time rate (13.9%)
292,OULAD_TEST_0292,0,0.0262,0.3021,0.1108,0.1665,0.0262,LOW,F6_inactive_days,17.6,F4_num_submitted,17.1,F5_on_time_rate,11.3,1,F6 inactive days (17.6%) and F4 num submitted (17.1%)
293,OULAD_TEST_0293,0,0.0152,0.1836,0.0993,0.0572,0.0152,LOW,F1_login_count,12.5,F13_weeks_since_active,11.0,F6_inactive_days,10.4,1,F1 login count (12.5%) and F13 weeks since active (11.0%)
294,OULAD_TEST_0294,0,0.3783,0.5615,0.5096,0.4805,0.3783,LOW,F1_login_count,27.5,F5_on_time_rate,15.8,F6_inactive_days,10.1,8,F1 login count (27.5%) and F5 on time rate (15.8%)
295,OULAD_TEST_0295,0,0.1004,0.5709,0.2849,0.1398,0.1004,LOW,F1_login_count,17.8,F6_inactive_days,14.1,F4_num_submitted,13.7,11,F1 login count (17.8%) and F6 inactive days (14.1%)
296,OULAD_TEST_0296,0,0.4591,0.5288,0.7327,0.6303,0.4591,MEDIUM,F1_login_count,25.8,F5_on_time_rate,16.1,F13_weeks_since_active,11.8,17,F1 login count (25.8%) and F5 on time rate (16.1%)
297,OULAD_TEST_0297,0,0.1323,0.2214,0.3928,0.1882,0.1323,LOW,F6_inactive_days,14.2,F4_num_submitted,14.1,F5_on_time_rate,11.9,1,F6 inactive days (14.2%) and F4 num submitted (14.1%)
298,OULAD_TEST_0298,1,0.9977,0.4805,0.7103,0.7471,0.9977,HIGH,F1_login_count,24.1,F5_on_time_rate,13.9,F6_inactive_days,12.8,17,F1 login count (24.1%) and F5 on time rate (13.9%)
299,OULAD_TEST_0299,0,0.3084,0.207,0.2158,0.3037,0.3084,LOW,F1_login_count,19.9,F4_num_submitted,14.8,F6_inactive_days,14.6,14,F1 login count (19.9%) and F4 num submitted (14.8%)
300,OULAD_TEST_0300,1,0.9094,0.5035,0.4813,0.3865,0.9094,HIGH,F1_login_count,18.8,F4_num_submitted,17.0,F6_inactive_days,16.7,17,F1 login count (18.8%) and F4 num submitted (17.0%)
301,OULAD_TEST_0301,0,0.5281,0.6823,0.6961,0.5509,0.5281,MEDIUM,F1_login_count,21.7,F5_on_time_rate,13.6,F6_inactive_days,11.6,9,F1 login count (21.7%) and F5 on time rate (13.6%)
302,OULAD_TEST_0302,1,0.9992,0.7824,0.7459,0.9605,0.9992,HIGH,F1_login_count,24.5,F4_num_submitted,13.7,F6_inactive_days,13.5,8,F1 login count (24.5%) and F4 num submitted (13.7%)
303,OULAD_TEST_0303,1,0.9995,0.8327,0.9648,0.9768,0.9995,HIGH,F1_login_count,20.7,F4_num_submitted,14.7,F6_inactive_days,13.9,5,F1 login count (20.7%) and F4 num submitted (14.7%)
304,OULAD_TEST_0304,1,0.9965,0.4437,0.4764,0.6795,0.9965,HIGH,F1_login_count,29.4,F5_on_time_rate,15.5,F6_inactive_days,9.5,17,F1 login count (29.4%) and F5 on time rate (15.5%)
305,OULAD_TEST_0305,0,0.5428,0.3855,0.5914,0.709,0.5428,MEDIUM,F1_login_count,21.2,F4_num_submitted,12.3,F6_inactive_days,12.2,17,F1 login count (21.2%) and F4 num submitted (12.3%)
306,OULAD_TEST_0306,1,0.9963,0.6218,0.5128,0.9103,0.9963,HIGH,F1_login_count,27.5,F5_on_time_rate,13.8,F6_inactive_days,11.8,13,F1 login count (27.5%) and F5 on time rate (13.8%)
307,OULAD_TEST_0307,1,0.9995,0.5927,0.8338,0.9204,0.9995,HIGH,F4_num_submitted,16.4,F1_login_count,16.2,F6_inactive_days,15.2,16,F4 num submitted (16.4%) and F1 login count (16.2%)
308,OULAD_TEST_0308,1,0.9894,0.4835,0.3096,0.4691,0.9894,HIGH,F1_login_count,25.5,F5_on_time_rate,14.1,F13_weeks_since_active,9.5,17,F1 login count (25.5%) and F5 on time rate (14.1%)
309,OULAD_TEST_0309,1,0.9948,0.3835,0.5518,0.834,0.9948,HIGH,F1_login_count,18.8,F6_inactive_days,15.5,F4_num_submitted,15.4,14,F1 login count (18.8%) and F6 inactive days (15.5%)
310,OULAD_TEST_0310,1,0.4261,0.5859,0.2861,0.2868,0.4261,MEDIUM,F1_login_count,25.0,F5_on_time_rate,16.6,F6_inactive_days,10.5,8,F1 login count (25.0%) and F5 on time rate (16.6%)
311,OULAD_TEST_0311,0,0.1341,0.4,0.4162,0.2571,0.1341,LOW,F6_inactive_days,16.4,F4_num_submitted,15.9,F1_login_count,12.3,1,F6 inactive days (16.4%) and F4 num submitted (15.9%)
312,OULAD_TEST_0312,0,0.2747,0.4896,0.7674,0.4841,0.2747,LOW,F1_login_count,16.1,F13_weeks_since_active,15.9,F4_num_submitted,10.6,6,F1 login count (16.1%) and F13 weeks since active (15.9%)
313,OULAD_TEST_0313,0,0.3693,0.4835,0.6689,0.78,0.3693,LOW,F1_login_count,27.6,F5_on_time_rate,14.4,F6_inactive_days,10.1,13,F1 login count (27.6%) and F5 on time rate (14.4%)
314,OULAD_TEST_0314,0,0.1263,0.2234,0.2565,0.0904,0.1263,LOW,F1_login_count,18.8,F5_on_time_rate,12.9,F4_num_submitted,12.3,8,F1 login count (18.8%) and F5 on time rate (12.9%)
315,OULAD_TEST_0315,0,0.3974,0.3962,0.5177,0.471,0.3974,LOW,F1_login_count,18.2,F6_inactive_days,16.2,F4_num_submitted,14.6,11,F1 login count (18.2%) and F6 inactive days (16.2%)
316,OULAD_TEST_0316,0,0.058,0.2505,0.2039,0.0987,0.058,LOW,F1_login_count,19.5,F6_inactive_days,14.7,F4_num_submitted,14.3,1,F1 login count (19.5%) and F6 inactive days (14.7%)
317,OULAD_TEST_0317,0,0.8233,0.6117,0.6373,0.712,0.8233,HIGH,F1_login_count,19.0,F4_num_submitted,14.8,F6_inactive_days,14.6,9,F1 login count (19.0%) and F4 num submitted (14.8%)
318,OULAD_TEST_0318,0,0.3268,0.4198,0.8094,0.582,0.3268,LOW,F6_inactive_days,16.0,F4_num_submitted,15.3,F5_on_time_rate,11.9,14,F6 inactive days (16.0%) and F4 num submitted (15.3%)
319,OULAD_TEST_0319,0,0.2639,0.55,0.4313,0.3713,0.2639,LOW,F1_login_count,18.2,F5_on_time_rate,15.2,F6_inactive_days,12.0,8,F1 login count (18.2%) and F5 on time rate (15.2%)
320,OULAD_TEST_0320,1,0.4276,0.3801,0.7809,0.6235,0.4276,MEDIUM,F1_login_count,16.8,F6_inactive_days,15.2,F4_num_submitted,14.2,14,F1 login count (16.8%) and F6 inactive days (15.2%)
321,OULAD_TEST_0321,0,0.5041,0.3641,0.4639,0.6103,0.5041,MEDIUM,F1_login_count,19.3,F5_on_time_rate,12.6,F6_inactive_days,11.4,17,F1 login count (19.3%) and F5 on time rate (12.6%)
322,OULAD_TEST_0322,0,0.8488,0.6787,0.6179,0.6451,0.8488,HIGH,F1_login_count,23.5,F5_on_time_rate,12.6,F6_inactive_days,10.9,7,F1 login count (23.5%) and F5 on time rate (12.6%)
323,OULAD_TEST_0323,1,0.8602,0.2621,0.5217,0.4629,0.8602,HIGH,F1_login_count,17.6,F6_inactive_days,16.4,F4_num_submitted,16.0,17,F1 login count (17.6%) and F6 inactive days (16.4%)
324,OULAD_TEST_0324,0,0.315,0.3736,0.2965,0.2572,0.315,LOW,F1_login_count,15.8,F13_weeks_since_active,11.8,F6_inactive_days,10.0,16,F1 login count (15.8%) and F13 weeks since active (11.8%)
325,OULAD_TEST_0325,1,0.8742,0.6873,0.7346,0.8001,0.8742,HIGH,F1_login_count,17.2,F4_num_submitted,17.0,F6_inactive_days,16.6,13,F1 login count (17.2%) and F4 num submitted (17.0%)
326,OULAD_TEST_0326,0,0.0456,0.5374,0.3889,0.3151,0.0456,LOW,F13_weeks_since_active,16.3,F1_login_count,11.3,F4_num_submitted,11.1,7,F13 weeks since active (16.3%) and F1 login count (11.3%)
327,OULAD_TEST_0327,1,0.516,0.6258,0.6846,0.6714,0.516,MEDIUM,F1_login_count,22.1,F5_on_time_rate,13.2,F6_inactive_days,11.5,9,F1 login count (22.1%) and F5 on time rate (13.2%)
328,OULAD_TEST_0328,0,0.0733,0.4166,0.4979,0.181,0.0733,LOW,F1_login_count,21.4,F5_on_time_rate,12.0,F4_num_submitted,11.1,5,F1 login count (21.4%) and F5 on time rate (12.0%)
329,OULAD_TEST_0329,1,0.2587,0.3524,0.447,0.2951,0.2587,LOW,F1_login_count,19.8,F6_inactive_days,15.5,F4_num_submitted,14.1,11,F1 login count (19.8%) and F6 inactive days (15.5%)
330,OULAD_TEST_0330,0,0.1193,0.3583,0.4272,0.3307,0.1193,LOW,F1_login_count,20.6,F6_inactive_days,14.4,F4_num_submitted,13.5,1,F1 login count (20.6%) and F6 inactive days (14.4%)
331,OULAD_TEST_0331,0,0.1213,0.237,0.1116,0.06,0.1213,LOW,F1_login_count,17.1,F5_on_time_rate,12.4,F4_num_submitted,11.4,1,F1 login count (17.1%) and F5 on time rate (12.4%)
332,OULAD_TEST_0332,0,0.3353,0.4838,0.5044,0.4798,0.3353,LOW,F1_login_count,16.9,F5_on_time_rate,13.2,F6_inactive_days,11.4,12,F1 login count (16.9%) and F5 on time rate (13.2%)
333,OULAD_TEST_0333,1,0.8866,0.5038,0.7851,0.8872,0.8866,HIGH,F1_login_count,19.2,F4_num_submitted,15.7,F6_inactive_days,15.1,13,F1 login count (19.2%) and F4 num submitted (15.7%)
334,OULAD_TEST_0334,1,0.9991,0.7966,0.9583,0.9335,0.9991,HIGH,F1_login_count,25.0,F5_on_time_rate,13.1,F4_num_submitted,12.3,8,F1 login count (25.0%) and F5 on time rate (13.1%)
335,OULAD_TEST_0335,1,0.9957,0.4317,0.5652,0.6745,0.9957,HIGH,F1_login_count,25.8,F5_on_time_rate,14.7,F6_inactive_days,11.5,17,F1 login count (25.8%) and F5 on time rate (14.7%)
336,OULAD_TEST_0336,0,0.9094,0.5303,0.4267,0.5324,0.9094,HIGH,F1_login_count,19.9,F4_num_submitted,12.7,F6_inactive_days,12.6,17,F1 login count (19.9%) and F4 num submitted (12.7%)
337,OULAD_TEST_0337,0,0.0352,0.2432,0.0914,0.1269,0.0352,LOW,F1_login_count,17.6,F6_inactive_days,17.5,F4_num_submitted,17.0,1,F1 login count (17.6%) and F6 inactive days (17.5%)
338,OULAD_TEST_0338,0,0.4258,0.5863,0.5859,0.6463,0.4258,MEDIUM,F5_on_time_rate,13.5,F1_login_count,13.2,F4_num_submitted,11.4,12,F5 on time rate (13.5%) and F1 login count (13.2%)
339,OULAD_TEST_0339,0,0.5818,0.7009,0.6849,0.7226,0.5818,MEDIUM,F1_login_count,18.8,F5_on_time_rate,11.2,F6_inactive_days,11.0,12,F1 login count (18.8%) and F5 on time rate (11.2%)
340,OULAD_TEST_0340,0,0.0505,0.3058,0.1631,0.1109,0.0505,LOW,F1_login_count,20.2,F5_on_time_rate,12.8,F4_num_submitted,12.1,2,F1 login count (20.2%) and F5 on time rate (12.8%)
341,OULAD_TEST_0341,0,0.1522,0.4882,0.4114,0.3746,0.1522,LOW,F1_login_count,18.2,F13_weeks_since_active,15.8,F5_on_time_rate,14.8,5,F1 login count (18.2%) and F13 weeks since active (15.8%)
342,OULAD_TEST_0342,0,0.4511,0.4835,0.5453,0.65,0.4511,MEDIUM,F1_login_count,21.2,F5_on_time_rate,15.6,F6_inactive_days,12.0,8,F1 login count (21.2%) and F5 on time rate (15.6%)
343,OULAD_TEST_0343,0,0.6634,0.4609,0.689,0.5141,0.6634,MEDIUM,F4_num_submitted,17.9,F6_inactive_days,17.9,F1_login_count,13.7,16,F4 num submitted (17.9%) and F6 inactive days (17.9%)
344,OULAD_TEST_0344,0,0.1722,0.5914,0.402,0.4286,0.1722,LOW,F1_login_count,27.7,F5_on_time_rate,15.4,F6_inactive_days,10.3,7,F1 login count (27.7%) and F5 on time rate (15.4%)
345,OULAD_TEST_0345,0,0.0922,0.4329,0.2722,0.1708,0.0922,LOW,F1_login_count,20.7,F6_inactive_days,14.8,F4_num_submitted,13.8,11,F1 login count (20.7%) and F6 inactive days (14.8%)
346,OULAD_TEST_0346,0,0.1093,0.3751,0.4163,0.1759,0.1093,LOW,F1_login_count,23.5,F5_on_time_rate,14.1,F6_inactive_days,9.1,7,F1 login count (23.5%) and F5 on time rate (14.1%)
347,OULAD_TEST_0347,0,0.1173,0.3507,0.2196,0.1467,0.1173,LOW,F4_num_submitted,12.9,F6_inactive_days,12.8,F1_login_count,11.0,1,F4 num submitted (12.9%) and F6 inactive days (12.8%)
348,OULAD_TEST_0348,0,0.1553,0.4436,0.5132,0.1685,0.1553,LOW,F1_login_count,19.2,F6_inactive_days,13.5,F5_on_time_rate,12.1,11,F1 login count (19.2%) and F6 inactive days (13.5%)
349,OULAD_TEST_0349,0,0.3755,0.4908,0.4266,0.6339,0.3755,LOW,F1_login_count,19.9,F5_on_time_rate,15.4,F6_inactive_days,13.3,9,F1 login count (19.9%) and F5 on time rate (15.4%)
350,OULAD_TEST_0350,0,0.4986,0.4636,0.4508,0.4012,0.4986,MEDIUM,F1_login_count,18.1,F6_inactive_days,13.8,F4_num_submitted,13.4,4,F1 login count (18.1%) and F6 inactive days (13.8%)
351,OULAD_TEST_0351,1,0.7297,0.4983,0.3993,0.6835,0.7297,HIGH,F1_login_count,15.7,F6_inactive_days,12.8,F4_num_submitted,11.6,16,F1 login count (15.7%) and F6 inactive days (12.8%)
352,OULAD_TEST_0352,0,0.0745,0.4309,0.1303,0.0916,0.0745,LOW,F1_login_count,22.2,F6_inactive_days,14.3,F4_num_submitted,14.2,5,F1 login count (22.2%) and F6 inactive days (14.3%)
353,OULAD_TEST_0353,1,0.9913,0.4475,0.3015,0.3854,0.9913,HIGH,F1_login_count,27.3,F5_on_time_rate,12.8,F6_inactive_days,10.6,17,F1 login count (27.3%) and F5 on time rate (12.8%)
354,OULAD_TEST_0354,0,0.0288,0.3077,0.2469,0.0889,0.0288,LOW,F1_login_count,19.1,F6_inactive_days,12.9,F4_num_submitted,11.9,8,F1 login count (19.1%) and F6 inactive days (12.9%)
355,OULAD_TEST_0355,1,0.5333,0.608,0.6419,0.9352,0.5333,MEDIUM,F1_login_count,24.0,F4_num_submitted,12.2,F6_inactive_days,11.9,12,F1 login count (24.0%) and F4 num submitted (12.2%)
356,OULAD_TEST_0356,0,0.1055,0.3605,0.1329,0.1381,0.1055,LOW,F1_login_count,17.4,F4_num_submitted,13.3,F6_inactive_days,13.3,4,F1 login count (17.4%) and F4 num submitted (13.3%)
357,OULAD_TEST_0357,0,0.1271,0.4695,0.337,0.2007,0.1271,LOW,F1_login_count,18.1,F13_weeks_since_active,13.1,F5_on_time_rate,11.7,5,F1 login count (18.1%) and F13 weeks since active (13.1%)
358,OULAD_TEST_0358,0,0.191,0.6809,0.5302,0.5081,0.191,LOW,F1_login_count,24.7,F5_on_time_rate,15.7,F6_inactive_days,12.0,8,F1 login count (24.7%) and F5 on time rate (15.7%)
359,OULAD_TEST_0359,0,0.3251,0.348,0.4595,0.3734,0.3251,LOW,F1_login_count,27.6,F5_on_time_rate,15.0,F6_inactive_days,10.8,10,F1 login count (27.6%) and F5 on time rate (15.0%)
360,OULAD_TEST_0360,0,0.7595,0.5603,0.7352,0.8282,0.7595,HIGH,F1_login_count,19.7,F4_num_submitted,13.1,F6_inactive_days,12.6,17,F1 login count (19.7%) and F4 num submitted (13.1%)
361,OULAD_TEST_0361,1,0.6439,0.5305,0.4546,0.5317,0.6439,MEDIUM,F1_login_count,21.8,F5_on_time_rate,16.7,F13_weeks_since_active,12.0,11,F1 login count (21.8%) and F5 on time rate (16.7%)
362,OULAD_TEST_0362,1,0.9977,0.4589,0.733,0.797,0.9977,HIGH,F1_login_count,26.6,F5_on_time_rate,14.9,F6_inactive_days,11.3,14,F1 login count (26.6%) and F5 on time rate (14.9%)
363,OULAD_TEST_0363,1,0.5564,0.4612,0.4247,0.4878,0.5564,MEDIUM,F1_login_count,21.9,F6_inactive_days,11.8,F4_num_submitted,10.7,15,F1 login count (21.9%) and F6 inactive days (11.8%)
364,OULAD_TEST_0364,0,0.4394,0.6277,0.653,0.8196,0.4394,MEDIUM,F1_login_count,22.2,F5_on_time_rate,12.7,F6_inactive_days,12.0,15,F1 login count (22.2%) and F5 on time rate (12.7%)
365,OULAD_TEST_0365,0,0.453,0.6196,0.5385,0.4672,0.453,MEDIUM,F1_login_count,14.7,F13_weeks_since_active,12.5,F6_inactive_days,11.2,9,F1 login count (14.7%) and F13 weeks since active (12.5%)
366,OULAD_TEST_0366,1,0.9967,0.4538,0.341,0.2335,0.9967,HIGH,F1_login_count,17.0,F4_num_submitted,16.8,F6_inactive_days,16.7,17,F1 login count (17.0%) and F4 num submitted (16.8%)
367,OULAD_TEST_0367,0,0.1143,0.1744,0.3224,0.4603,0.1143,LOW,F6_inactive_days,14.3,F1_login_count,13.0,F4_num_submitted,12.6,14,F6 inactive days (14.3%) and F1 login count (13.0%)
368,OULAD_TEST_0368,0,0.1453,0.3154,0.2787,0.1925,0.1453,LOW,F1_login_count,24.5,F5_on_time_rate,16.1,F6_inactive_days,10.6,14,F1 login count (24.5%) and F5 on time rate (16.1%)
369,OULAD_TEST_0369,1,0.971,0.6303,0.5443,0.8094,0.971,HIGH,F1_login_count,26.4,F5_on_time_rate,14.6,F13_weeks_since_active,8.9,10,F1 login count (26.4%) and F5 on time rate (14.6%)
370,OULAD_TEST_0370,0,0.0527,0.4478,0.1863,0.1119,0.0527,LOW,F1_login_count,16.7,F13_weeks_since_active,12.6,F4_num_submitted,10.7,6,F1 login count (16.7%) and F13 weeks since active (12.6%)
371,OULAD_TEST_0371,0,0.1318,0.4104,0.2171,0.2036,0.1318,LOW,F1_login_count,20.5,F6_inactive_days,13.0,F4_num_submitted,12.9,1,F1 login count (20.5%) and F6 inactive days (13.0%)
372,OULAD_TEST_0372,0,0.3434,0.4128,0.4023,0.4356,0.3434,LOW,F1_login_count,22.0,F5_on_time_rate,12.4,F6_inactive_days,10.7,12,F1 login count (22.0%) and F5 on time rate (12.4%)
373,OULAD_TEST_0373,0,0.1392,0.3459,0.2936,0.3371,0.1392,LOW,F1_login_count,21.5,F6_inactive_days,14.6,F4_num_submitted,14.0,13,F1 login count (21.5%) and F6 inactive days (14.6%)
374,OULAD_TEST_0374,0,0.8924,0.7242,0.5765,0.7701,0.8924,HIGH,F1_login_count,18.0,F6_inactive_days,13.9,F4_num_submitted,12.5,17,F1 login count (18.0%) and F6 inactive days (13.9%)
375,OULAD_TEST_0375,0,0.0492,0.2623,0.1461,0.1622,0.0492,LOW,F6_inactive_days,16.5,F4_num_submitted,15.9,F1_login_count,11.5,1,F6 inactive days (16.5%) and F4 num submitted (15.9%)
376,OULAD_TEST_0376,1,0.9129,0.8618,0.8354,0.9411,0.9129,HIGH,F1_login_count,22.5,F13_weeks_since_active,12.6,F6_inactive_days,10.3,5,F1 login count (22.5%) and F13 weeks since active (12.6%)
377,OULAD_TEST_0377,1,0.8122,0.9284,0.9395,0.8948,0.8122,HIGH,F1_login_count,14.3,F13_weeks_since_active,11.4,F5_on_time_rate,10.1,9,F1 login count (14.3%) and F13 weeks since active (11.4%)
378,OULAD_TEST_0378,1,0.8775,0.8318,0.9161,0.8463,0.8775,HIGH,F1_login_count,19.3,F4_num_submitted,13.0,F6_inactive_days,12.0,12,F1 login count (19.3%) and F4 num submitted (13.0%)
379,OULAD_TEST_0379,0,0.0849,0.2938,0.2943,0.1179,0.0849,LOW,F1_login_count,18.5,F6_inactive_days,14.6,F4_num_submitted,13.3,1,F1 login count (18.5%) and F6 inactive days (14.6%)
380,OULAD_TEST_0380,0,0.2328,0.2226,0.1598,0.2313,0.2328,LOW,F1_login_count,14.9,F5_on_time_rate,10.7,F6_inactive_days,10.5,17,F1 login count (14.9%) and F5 on time rate (10.7%)
381,OULAD_TEST_0381,0,0.3814,0.3284,0.2553,0.3566,0.3814,LOW,F1_login_count,20.8,F6_inactive_days,11.8,F5_on_time_rate,11.0,15,F1 login count (20.8%) and F6 inactive days (11.8%)
382,OULAD_TEST_0382,0,0.1982,0.4788,0.2206,0.1082,0.1982,LOW,F1_login_count,23.9,F5_on_time_rate,14.6,F4_num_submitted,12.7,8,F1 login count (23.9%) and F5 on time rate (14.6%)
383,OULAD_TEST_0383,0,0.0957,0.4394,0.176,0.097,0.0957,LOW,F1_login_count,16.5,F5_on_time_rate,11.6,F4_num_submitted,10.1,4,F1 login count (16.5%) and F5 on time rate (11.6%)
384,OULAD_TEST_0384,0,0.4017,0.4324,0.4668,0.2171,0.4017,MEDIUM,F1_login_count,13.7,F6_inactive_days,12.8,F4_num_submitted,12.1,8,F1 login count (13.7%) and F6 inactive days (12.8%)
385,OULAD_TEST_0385,1,0.9969,0.5152,0.8621,0.8556,0.9969,HIGH,F1_login_count,27.3,F5_on_time_rate,14.7,F13_weeks_since_active,10.2,8,F1 login count (27.3%) and F5 on time rate (14.7%)
386,OULAD_TEST_0386,1,0.787,0.6983,0.9261,0.9532,0.787,HIGH,F1_login_count,16.8,F4_num_submitted,13.2,F6_inactive_days,11.8,11,F1 login count (16.8%) and F4 num submitted (13.2%)
387,OULAD_TEST_0387,0,0.6511,0.3793,0.6899,0.4047,0.6511,MEDIUM,F1_login_count,24.3,F5_on_time_rate,11.8,F6_inactive_days,10.8,17,F1 login count (24.3%) and F5 on time rate (11.8%)
388,OULAD_TEST_0388,0,0.2689,0.3735,0.2541,0.258,0.2689,LOW,F1_login_count,24.3,F5_on_time_rate,12.2,F6_inactive_days,10.8,8,F1 login count (24.3%) and F5 on time rate (12.2%)
389,OULAD_TEST_0389,0,0.0956,0.347,0.2549,0.2369,0.0956,LOW,F1_login_count,21.4,F5_on_time_rate,12.8,F13_weeks_since_active,11.2,8,F1 login count (21.4%) and F5 on time rate (12.8%)
390,OULAD_TEST_0390,0,0.2403,0.4209,0.3193,0.5329,0.2403,LOW,F1_login_count,20.9,F6_inactive_days,13.4,F4_num_submitted,12.5,13,F1 login count (20.9%) and F6 inactive days (13.4%)
391,OULAD_TEST_0391,1,0.9947,0.4353,0.7054,0.6989,0.9947,HIGH,F1_login_count,23.7,F5_on_time_rate,14.5,F6_inactive_days,12.7,17,F1 login count (23.7%) and F5 on time rate (14.5%)
392,OULAD_TEST_0392,1,0.9723,0.8386,0.8891,0.9477,0.9723,HIGH,F1_login_count,20.3,F5_on_time_rate,12.1,F13_weeks_since_active,12.0,11,F1 login count (20.3%) and F5 on time rate (12.1%)
393,OULAD_TEST_0393,0,0.0452,0.3016,0.4785,0.1254,0.0452,LOW,F1_login_count,16.5,F6_inactive_days,15.5,F4_num_submitted,13.9,1,F1 login count (16.5%) and F6 inactive days (15.5%)
394,OULAD_TEST_0394,0,0.3135,0.5293,0.4437,0.4261,0.3135,LOW,F1_login_count,17.7,F13_weeks_since_active,16.5,F5_on_time_rate,14.3,11,F1 login count (17.7%) and F13 weeks since active (16.5%)
395,OULAD_TEST_0395,0,0.3221,0.5052,0.7571,0.6141,0.3221,LOW,F1_login_count,19.6,F5_on_time_rate,14.5,F6_inactive_days,12.8,9,F1 login count (19.6%) and F5 on time rate (14.5%)
396,OULAD_TEST_0396,0,0.0911,0.2478,0.1182,0.1922,0.0911,LOW,F1_login_count,17.4,F6_inactive_days,16.0,F4_num_submitted,15.6,2,F1 login count (17.4%) and F6 inactive days (16.0%)
397,OULAD_TEST_0397,1,0.5274,0.7411,0.6068,0.5602,0.5274,MEDIUM,F1_login_count,21.7,F5_on_time_rate,13.9,F13_weeks_since_active,12.3,10,F1 login count (21.7%) and F5 on time rate (13.9%)
398,OULAD_TEST_0398,0,0.5428,0.3409,0.3057,0.359,0.5428,MEDIUM,F1_login_count,19.0,F6_inactive_days,13.3,F4_num_submitted,11.7,17,F1 login count (19.0%) and F6 inactive days (13.3%)
399,OULAD_TEST_0399,1,0.3312,0.572,0.5618,0.4399,0.3312,LOW,F1_login_count,18.3,F13_weeks_since_active,15.9,F5_on_time_rate,13.2,5,F1 login count (18.3%) and F13 weeks since active (15.9%)
400,OULAD_TEST_0400,0,0.881,0.8308,0.8982,0.9002,0.881,HIGH,F1_login_count,21.2,F4_num_submitted,14.0,F6_inactive_days,13.5,14,F1 login count (21.2%) and F4 num submitted (14.0%)
401,OULAD_TEST_0401,0,0.4253,0.5307,0.4557,0.4499,0.4253,MEDIUM,F1_login_count,16.8,F6_inactive_days,13.2,F13_weeks_since_active,12.5,4,F1 login count (16.8%) and F6 inactive days (13.2%)
402,OULAD_TEST_0402,0,0.332,0.4057,0.3425,0.447,0.332,LOW,F1_login_count,17.2,F6_inactive_days,13.1,F5_on_time_rate,13.0,16,F1 login count (17.2%) and F6 inactive days (13.1%)
403,OULAD_TEST_0403,0,0.016,0.2097,0.0594,0.0365,0.016,LOW,F1_login_count,15.8,F4_num_submitted,15.7,F6_inactive_days,15.6,1,F1 login count (15.8%) and F4 num submitted (15.7%)
404,OULAD_TEST_0404,0,0.4779,0.3926,0.4399,0.6933,0.4779,MEDIUM,F1_login_count,21.7,F6_inactive_days,12.7,F4_num_submitted,11.7,11,F1 login count (21.7%) and F6 inactive days (12.7%)
405,OULAD_TEST_0405,0,0.735,0.3903,0.7434,0.8059,0.735,HIGH,F4_num_submitted,16.3,F6_inactive_days,16.1,F1_login_count,16.1,17,F4 num submitted (16.3%) and F6 inactive days (16.1%)
406,OULAD_TEST_0406,0,0.0288,0.2738,0.1406,0.1145,0.0288,LOW,F1_login_count,18.9,F6_inactive_days,14.6,F4_num_submitted,13.5,1,F1 login count (18.9%) and F6 inactive days (14.6%)
407,OULAD_TEST_0407,0,0.22,0.438,0.3787,0.3052,0.22,LOW,F4_num_submitted,13.6,F13_weeks_since_active,13.5,F6_inactive_days,13.5,7,F4 num submitted (13.6%) and F13 weeks since active (13.5%)
408,OULAD_TEST_0408,0,0.1472,0.4578,0.3655,0.2124,0.1472,LOW,F1_login_count,19.6,F6_inactive_days,15.1,F4_num_submitted,13.8,11,F1 login count (19.6%) and F6 inactive days (15.1%)
409,OULAD_TEST_0409,0,0.025,0.2394,0.1212,0.0545,0.025,LOW,F1_login_count,17.4,F4_num_submitted,13.0,F6_inactive_days,12.5,1,F1 login count (17.4%) and F4 num submitted (13.0%)
410,OULAD_TEST_0410,0,0.0965,0.5723,0.3149,0.2961,0.0965,LOW,F1_login_count,13.5,F13_weeks_since_active,11.9,F6_inactive_days,9.7,5,F1 login count (13.5%) and F13 weeks since active (11.9%)
411,OULAD_TEST_0411,1,0.9542,0.5923,0.8828,0.836,0.9542,HIGH,F1_login_count,20.5,F4_num_submitted,13.7,F6_inactive_days,12.8,14,F1 login count (20.5%) and F4 num submitted (13.7%)
412,OULAD_TEST_0412,1,0.6602,0.5947,0.4362,0.3141,0.6602,MEDIUM,F1_login_count,21.7,F6_inactive_days,14.0,F4_num_submitted,13.0,9,F1 login count (21.7%) and F6 inactive days (14.0%)
413,OULAD_TEST_0413,1,0.7497,0.6488,0.5959,0.7789,0.7497,HIGH,F1_login_count,24.3,F5_on_time_rate,12.6,F6_inactive_days,11.6,9,F1 login count (24.3%) and F5 on time rate (12.6%)
414,OULAD_TEST_0414,0,0.0469,0.3028,0.1885,0.087,0.0469,LOW,F1_login_count,19.2,F4_num_submitted,14.0,F6_inactive_days,13.4,1,F1 login count (19.2%) and F4 num submitted (14.0%)
415,OULAD_TEST_0415,1,0.6296,0.5016,0.6522,0.63,0.6296,MEDIUM,F1_login_count,25.2,F5_on_time_rate,14.6,F6_inactive_days,8.4,6,F1 login count (25.2%) and F5 on time rate (14.6%)
416,OULAD_TEST_0416,0,0.1742,0.289,0.5778,0.6055,0.1742,LOW,F1_login_count,15.9,F6_inactive_days,14.2,F4_num_submitted,13.1,13,F1 login count (15.9%) and F6 inactive days (14.2%)
417,OULAD_TEST_0417,1,0.7207,0.6401,0.6719,0.5902,0.7207,HIGH,F1_login_count,17.2,F4_num_submitted,16.2,F6_inactive_days,16.1,9,F1 login count (17.2%) and F4 num submitted (16.2%)
418,OULAD_TEST_0418,0,0.0271,0.3183,0.2872,0.1198,0.0271,LOW,F6_inactive_days,14.7,F4_num_submitted,14.1,F1_login_count,11.6,1,F6 inactive days (14.7%) and F4 num submitted (14.1%)
419,OULAD_TEST_0419,1,0.7668,0.6652,0.8102,0.9029,0.7668,HIGH,F1_login_count,18.3,F6_inactive_days,13.3,F4_num_submitted,13.0,9,F1 login count (18.3%) and F6 inactive days (13.3%)
420,OULAD_TEST_0420,1,0.9981,0.2867,0.7384,0.951,0.9981,HIGH,F1_login_count,19.5,F4_num_submitted,15.4,F6_inactive_days,14.4,10,F1 login count (19.5%) and F4 num submitted (15.4%)
421,OULAD_TEST_0421,0,0.1927,0.3212,0.2801,0.1302,0.1927,LOW,F6_inactive_days,13.8,F4_num_submitted,13.3,F1_login_count,13.3,2,F6 inactive days (13.8%) and F4 num submitted (13.3%)
422,OULAD_TEST_0422,0,0.4646,0.5152,0.5789,0.6737,0.4646,MEDIUM,F1_login_count,19.4,F6_inactive_days,13.6,F5_on_time_rate,13.2,16,F1 login count (19.4%) and F6 inactive days (13.6%)
423,OULAD_TEST_0423,0,0.09,0.237,0.1551,0.0931,0.09,LOW,F4_num_submitted,12.2,F6_inactive_days,11.9,F5_on_time_rate,11.7,1,F4 num submitted (12.2%) and F6 inactive days (11.9%)
424,OULAD_TEST_0424,0,0.0589,0.1806,0.1553,0.0577,0.0589,LOW,F4_num_submitted,12.2,F1_login_count,12.1,F6_inactive_days,11.0,1,F4 num submitted (12.2%) and F1 login count (12.1%)
425,OULAD_TEST_0425,0,0.349,0.4762,0.4392,0.5446,0.349,LOW,F1_login_count,17.2,F4_num_submitted,12.9,F6_inactive_days,12.4,12,F1 login count (17.2%) and F4 num submitted (12.9%)
426,OULAD_TEST_0426,1,0.6933,0.4777,0.6366,0.7836,0.6933,MEDIUM,F1_login_count,16.4,F4_num_submitted,14.5,F6_inactive_days,13.9,17,F1 login count (16.4%) and F4 num submitted (14.5%)
427,OULAD_TEST_0427,0,0.037,0.352,0.1216,0.0998,0.037,LOW,F1_login_count,16.0,F4_num_submitted,11.8,F6_inactive_days,11.8,1,F1 login count (16.0%) and F4 num submitted (11.8%)
428,OULAD_TEST_0428,0,0.9704,0.6238,0.8873,0.9512,0.9704,HIGH,F4_num_submitted,17.3,F1_login_count,16.7,F6_inactive_days,16.6,14,F4 num submitted (17.3%) and F1 login count (16.7%)
429,OULAD_TEST_0429,0,0.0916,0.4201,0.2124,0.055,0.0916,LOW,F1_login_count,13.8,F13_weeks_since_active,11.5,F6_inactive_days,11.0,1,F1 login count (13.8%) and F13 weeks since active (11.5%)
430,OULAD_TEST_0430,0,0.3913,0.5605,0.5323,0.6294,0.3913,LOW,F1_login_count,23.0,F5_on_time_rate,15.8,F6_inactive_days,11.3,8,F1 login count (23.0%) and F5 on time rate (15.8%)
431,OULAD_TEST_0431,0,0.6629,0.5041,0.4501,0.5134,0.6629,MEDIUM,F1_login_count,20.6,F5_on_time_rate,15.9,F13_weeks_since_active,11.5,11,F1 login count (20.6%) and F5 on time rate (15.9%)
432,OULAD_TEST_0432,1,0.9496,0.5312,0.7852,0.9263,0.9496,HIGH,F1_login_count,19.0,F4_num_submitted,14.8,F6_inactive_days,14.1,17,F1 login count (19.0%) and F4 num submitted (14.8%)
433,OULAD_TEST_0433,1,0.7289,0.4839,0.815,0.7984,0.7289,HIGH,F1_login_count,19.2,F6_inactive_days,14.3,F4_num_submitted,14.0,15,F1 login count (19.2%) and F6 inactive days (14.3%)
434,OULAD_TEST_0434,0,0.3694,0.5004,0.7398,0.6535,0.3694,LOW,F13_weeks_since_active,16.1,F1_login_count,15.8,F5_on_time_rate,11.3,6,F13 weeks since active (16.1%) and F1 login count (15.8%)
435,OULAD_TEST_0435,0,0.0505,0.2553,0.1372,0.1549,0.0505,LOW,F4_num_submitted,13.9,F6_inactive_days,13.5,F13_weeks_since_active,11.4,1,F4 num submitted (13.9%) and F6 inactive days (13.5%)
436,OULAD_TEST_0436,0,0.13,0.4267,0.3924,0.3549,0.13,LOW,F13_weeks_since_active,16.7,F1_login_count,14.5,F5_on_time_rate,9.7,7,F13 weeks since active (16.7%) and F1 login count (14.5%)
437,OULAD_TEST_0437,0,0.1537,0.3162,0.305,0.1781,0.1537,LOW,F1_login_count,16.3,F4_num_submitted,14.8,F6_inactive_days,14.6,1,F1 login count (16.3%) and F4 num submitted (14.8%)
438,OULAD_TEST_0438,0,0.2471,0.4798,0.342,0.3487,0.2471,LOW,F1_login_count,20.1,F5_on_time_rate,14.6,F6_inactive_days,11.2,8,F1 login count (20.1%) and F5 on time rate (14.6%)
439,OULAD_TEST_0439,0,0.224,0.6269,0.328,0.269,0.224,LOW,F1_login_count,14.4,F4_num_submitted,14.0,F6_inactive_days,13.9,8,F1 login count (14.4%) and F4 num submitted (14.0%)
440,OULAD_TEST_0440,1,0.8535,0.6369,0.5116,0.4922,0.8535,HIGH,F1_login_count,23.0,F5_on_time_rate,11.2,F6_inactive_days,10.9,7,F1 login count (23.0%) and F5 on time rate (11.2%)
441,OULAD_TEST_0441,0,0.7008,0.2685,0.5213,0.7574,0.7008,HIGH,F1_login_count,17.2,F4_num_submitted,14.8,F6_inactive_days,14.4,11,F1 login count (17.2%) and F4 num submitted (14.8%)
442,OULAD_TEST_0442,1,0.9945,0.327,0.47,0.4868,0.9945,HIGH,F4_num_submitted,17.4,F6_inactive_days,17.3,F1_login_count,14.9,16,F4 num submitted (17.4%) and F6 inactive days (17.3%)
443,OULAD_TEST_0443,1,0.9898,0.2942,0.2438,0.0666,0.9898,HIGH,F1_login_count,22.7,F6_inactive_days,13.5,F5_on_time_rate,13.4,17,F1 login count (22.7%) and F6 inactive days (13.5%)
444,OULAD_TEST_0444,0,0.5321,0.4798,0.552,0.4778,0.5321,MEDIUM,F1_login_count,21.1,F5_on_time_rate,12.7,F6_inactive_days,11.3,7,F1 login count (21.1%) and F5 on time rate (12.7%)
445,OULAD_TEST_0445,1,0.2725,0.6736,0.6649,0.5033,0.2725,LOW,F6_inactive_days,16.6,F4_num_submitted,15.8,F1_login_count,14.7,9,F6 inactive days (16.6%) and F4 num submitted (15.8%)
446,OULAD_TEST_0446,0,0.1918,0.5531,0.3139,0.334,0.1918,LOW,F1_login_count,19.4,F5_on_time_rate,11.3,F6_inactive_days,9.9,9,F1 login count (19.4%) and F5 on time rate (11.3%)
447,OULAD_TEST_0447,1,0.9507,0.7099,0.8008,0.9558,0.9507,HIGH,F1_login_count,18.6,F4_num_submitted,16.6,F6_inactive_days,15.7,13,F1 login count (18.6%) and F4 num submitted (16.6%)
448,OULAD_TEST_0448,0,0.0781,0.2809,0.2148,0.1397,0.0781,LOW,F1_login_count,22.7,F5_on_time_rate,13.1,F6_inactive_days,10.7,8,F1 login count (22.7%) and F5 on time rate (13.1%)
449,OULAD_TEST_0449,0,0.0492,0.2272,0.1196,0.1758,0.0492,LOW,F6_inactive_days,16.6,F4_num_submitted,16.4,F5_on_time_rate,10.8,1,F6 inactive days (16.6%) and F4 num submitted (16.4%)
450,OULAD_TEST_0450,1,0.2779,0.5338,0.5576,0.42,0.2779,LOW,F1_login_count,13.3,F13_weeks_since_active,11.4,F5_on_time_rate,10.4,9,F1 login count (13.3%) and F13 weeks since active (11.4%)
451,OULAD_TEST_0451,1,0.8619,0.4822,0.4627,0.5583,0.8619,HIGH,F1_login_count,21.8,F4_num_submitted,12.4,F5_on_time_rate,12.4,6,F1 login count (21.8%) and F4 num submitted (12.4%)
452,OULAD_TEST_0452,0,0.1012,0.4346,0.1627,0.0979,0.1012,LOW,F1_login_count,18.6,F6_inactive_days,10.9,F13_weeks_since_active,10.8,6,F1 login count (18.6%) and F6 inactive days (10.9%)
453,OULAD_TEST_0453,1,0.4239,0.4827,0.5303,0.5152,0.4239,MEDIUM,F1_login_count,27.9,F5_on_time_rate,17.4,F2_vle_clicks,10.5,7,F1 login count (27.9%) and F5 on time rate (17.4%)
454,OULAD_TEST_0454,0,0.6,0.5972,0.8574,0.6311,0.6,MEDIUM,F1_login_count,20.8,F13_weeks_since_active,11.9,F6_inactive_days,11.7,11,F1 login count (20.8%) and F13 weeks since active (11.9%)
455,OULAD_TEST_0455,1,0.9594,0.7823,0.7185,0.9527,0.9594,HIGH,F1_login_count,21.9,F6_inactive_days,11.9,F5_on_time_rate,11.5,15,F1 login count (21.9%) and F6 inactive days (11.9%)
456,OULAD_TEST_0456,0,0.3176,0.4546,0.3137,0.3155,0.3176,LOW,F1_login_count,19.7,F4_num_submitted,14.0,F6_inactive_days,13.7,7,F1 login count (19.7%) and F4 num submitted (14.0%)
457,OULAD_TEST_0457,0,0.7152,0.57,0.6639,0.6278,0.7152,HIGH,F1_login_count,17.7,F4_num_submitted,15.4,F6_inactive_days,15.2,12,F1 login count (17.7%) and F4 num submitted (15.4%)
458,OULAD_TEST_0458,0,0.183,0.4441,0.2084,0.1367,0.183,LOW,F1_login_count,25.5,F5_on_time_rate,14.2,F6_inactive_days,11.0,7,F1 login count (25.5%) and F5 on time rate (14.2%)
459,OULAD_TEST_0459,0,0.0298,0.3832,0.129,0.0879,0.0298,LOW,F1_login_count,18.5,F6_inactive_days,12.6,F4_num_submitted,12.1,2,F1 login count (18.5%) and F6 inactive days (12.6%)
460,OULAD_TEST_0460,0,0.2542,0.4095,0.288,0.2982,0.2542,LOW,F13_weeks_since_active,14.8,F1_login_count,13.3,F4_num_submitted,11.6,7,F13 weeks since active (14.8%) and F1 login count (13.3%)
461,OULAD_TEST_0461,0,0.0227,0.2286,0.0803,0.048,0.0227,LOW,F4_num_submitted,10.5,F5_on_time_rate,10.4,F6_inactive_days,10.1,1,F4 num submitted (10.5%) and F5 on time rate (10.4%)
462,OULAD_TEST_0462,1,0.5783,0.3588,0.2099,0.105,0.5783,MEDIUM,F1_login_count,24.4,F5_on_time_rate,13.8,F6_inactive_days,11.5,7,F1 login count (24.4%) and F5 on time rate (13.8%)
463,OULAD_TEST_0463,0,0.1406,0.4118,0.3453,0.0737,0.1406,LOW,F1_login_count,17.2,F5_on_time_rate,11.8,F6_inactive_days,10.9,1,F1 login count (17.2%) and F5 on time rate (11.8%)
464,OULAD_TEST_0464,1,0.9979,0.8026,0.9213,0.9498,0.9979,HIGH,F1_login_count,18.3,F4_num_submitted,15.9,F6_inactive_days,15.9,8,F1 login count (18.3%) and F4 num submitted (15.9%)
465,OULAD_TEST_0465,1,0.1283,0.2066,0.3136,0.2119,0.1283,LOW,F1_login_count,19.6,F5_on_time_rate,14.0,F4_num_submitted,13.8,14,F1 login count (19.6%) and F5 on time rate (14.0%)
466,OULAD_TEST_0466,0,0.2532,0.4168,0.5405,0.4616,0.2532,LOW,F1_login_count,18.5,F6_inactive_days,12.8,F4_num_submitted,12.3,13,F1 login count (18.5%) and F6 inactive days (12.8%)
467,OULAD_TEST_0467,1,0.7454,0.6124,0.3294,0.6401,0.7454,HIGH,F1_login_count,16.8,F6_inactive_days,14.9,F4_num_submitted,13.7,16,F1 login count (16.8%) and F6 inactive days (14.9%)
468,OULAD_TEST_0468,1,0.5024,0.577,0.4323,0.1955,0.5024,MEDIUM,F1_login_count,17.9,F6_inactive_days,15.7,F4_num_submitted,14.3,11,F1 login count (17.9%) and F6 inactive days (15.7%)
469,OULAD_TEST_0469,1,0.9973,0.4622,0.5131,0.6769,0.9973,HIGH,F1_login_count,26.6,F5_on_time_rate,15.6,F4_num_submitted,9.1,17,F1 login count (26.6%) and F5 on time rate (15.6%)
470,OULAD_TEST_0470,0,0.0377,0.2451,0.25,0.1893,0.0377,LOW,F4_num_submitted,12.2,F6_inactive_days,11.5,F13_weeks_since_active,10.4,1,F4 num submitted (12.2%) and F6 inactive days (11.5%)
471,OULAD_TEST_0471,1,0.611,0.5978,0.6586,0.7487,0.611,MEDIUM,F1_login_count,17.6,F6_inactive_days,15.3,F4_num_submitted,14.8,14,F1 login count (17.6%) and F6 inactive days (15.3%)
472,OULAD_TEST_0472,1,0.2426,0.3876,0.4688,0.4434,0.2426,LOW,F1_login_count,18.6,F5_on_time_rate,13.4,F6_inactive_days,12.3,1,F1 login count (18.6%) and F5 on time rate (13.4%)
473,OULAD_TEST_0473,0,0.925,0.9262,0.9108,0.9284,0.925,HIGH,F1_login_count,18.4,F4_num_submitted,15.6,F6_inactive_days,14.7,12,F1 login count (18.4%) and F4 num submitted (15.6%)
474,OULAD_TEST_0474,0,0.0257,0.3424,0.1865,0.1313,0.0257,LOW,F6_inactive_days,17.0,F4_num_submitted,16.2,F1_login_count,13.7,1,F6 inactive days (17.0%) and F4 num submitted (16.2%)
475,OULAD_TEST_0475,0,0.1511,0.3119,0.3549,0.3524,0.1511,LOW,F1_login_count,13.5,F6_inactive_days,12.9,F5_on_time_rate,12.7,16,F1 login count (13.5%) and F6 inactive days (12.9%)
476,OULAD_TEST_0476,1,0.9885,0.5094,0.5791,0.9279,0.9885,HIGH,F1_login_count,25.1,F5_on_time_rate,12.7,F13_weeks_since_active,11.5,12,F1 login count (25.1%) and F5 on time rate (12.7%)
477,OULAD_TEST_0477,1,0.8266,0.6373,0.7923,0.8414,0.8266,HIGH,F1_login_count,17.5,F4_num_submitted,15.5,F6_inactive_days,14.6,17,F1 login count (17.5%) and F4 num submitted (15.5%)
478,OULAD_TEST_0478,0,0.1127,0.2993,0.2827,0.3041,0.1127,LOW,F1_login_count,19.9,F6_inactive_days,14.2,F5_on_time_rate,13.7,2,F1 login count (19.9%) and F6 inactive days (14.2%)
479,OULAD_TEST_0479,0,0.0941,0.3495,0.2831,0.1326,0.0941,LOW,F1_login_count,14.8,F13_weeks_since_active,12.8,F5_on_time_rate,10.4,7,F1 login count (14.8%) and F13 weeks since active (12.8%)
480,OULAD_TEST_0480,0,0.2394,0.731,0.4591,0.3772,0.2394,LOW,F13_weeks_since_active,17.3,F1_login_count,17.2,F5_on_time_rate,12.4,5,F13 weeks since active (17.3%) and F1 login count (17.2%)
481,OULAD_TEST_0481,1,0.7745,0.8342,0.8305,0.8483,0.7745,HIGH,F1_login_count,20.2,F4_num_submitted,12.9,F5_on_time_rate,12.6,11,F1 login count (20.2%) and F4 num submitted (12.9%)
482,OULAD_TEST_0482,1,0.4495,0.4948,0.2441,0.2911,0.4495,MEDIUM,F1_login_count,25.7,F5_on_time_rate,14.2,F6_inactive_days,11.5,6,F1 login count (25.7%) and F5 on time rate (14.2%)
483,OULAD_TEST_0483,1,0.7771,0.6778,0.8049,0.7741,0.7771,HIGH,F1_login_count,24.0,F5_on_time_rate,12.1,F13_weeks_since_active,10.1,7,F1 login count (24.0%) and F5 on time rate (12.1%)
484,OULAD_TEST_0484,0,0.2699,0.4647,0.6092,0.6633,0.2699,LOW,F1_login_count,23.1,F5_on_time_rate,12.8,F6_inactive_days,11.3,13,F1 login count (23.1%) and F5 on time rate (12.8%)
485,OULAD_TEST_0485,1,0.5219,0.3563,0.6811,0.8521,0.5219,MEDIUM,F1_login_count,18.4,F6_inactive_days,14.6,F5_on_time_rate,13.6,16,F1 login count (18.4%) and F6 inactive days (14.6%)
486,OULAD_TEST_0486,0,0.6535,0.3536,0.585,0.3831,0.6535,MEDIUM,F1_login_count,16.8,F6_inactive_days,14.1,F4_num_submitted,13.2,17,F1 login count (16.8%) and F6 inactive days (14.1%)
487,OULAD_TEST_0487,1,0.9688,0.8035,0.8878,0.9236,0.9688,HIGH,F1_login_count,20.3,F4_num_submitted,14.9,F6_inactive_days,14.1,8,F1 login count (20.3%) and F4 num submitted (14.9%)
488,OULAD_TEST_0488,0,0.2809,0.6219,0.4782,0.5087,0.2809,LOW,F1_login_count,19.3,F5_on_time_rate,13.5,F6_inactive_days,11.0,8,F1 login count (19.3%) and F5 on time rate (13.5%)
489,OULAD_TEST_0489,1,0.9972,0.4442,0.7095,0.8029,0.9972,HIGH,F1_login_count,25.4,F5_on_time_rate,14.7,F4_num_submitted,10.7,17,F1 login count (25.4%) and F5 on time rate (14.7%)
490,OULAD_TEST_0490,0,0.0734,0.3807,0.1454,0.0834,0.0734,LOW,F1_login_count,14.9,F6_inactive_days,12.6,F4_num_submitted,12.4,1,F1 login count (14.9%) and F6 inactive days (12.6%)
491,OULAD_TEST_0491,0,0.135,0.3255,0.3242,0.1471,0.135,LOW,F1_login_count,15.8,F4_num_submitted,12.0,F13_weeks_since_active,11.9,7,F1 login count (15.8%) and F4 num submitted (12.0%)
492,OULAD_TEST_0492,1,0.7581,0.518,0.6637,0.6237,0.7581,HIGH,F1_login_count,17.6,F6_inactive_days,13.7,F4_num_submitted,13.4,12,F1 login count (17.6%) and F6 inactive days (13.7%)
493,OULAD_TEST_0493,1,0.5045,0.4151,0.6637,0.7256,0.5045,MEDIUM,F1_login_count,28.1,F5_on_time_rate,15.9,F6_inactive_days,11.0,15,F1 login count (28.1%) and F5 on time rate (15.9%)
494,OULAD_TEST_0494,0,0.3204,0.4046,0.3196,0.3429,0.3204,LOW,F1_login_count,25.1,F5_on_time_rate,15.3,F6_inactive_days,10.6,6,F1 login count (25.1%) and F5 on time rate (15.3%)
495,OULAD_TEST_0495,0,0.1717,0.4268,0.3572,0.3509,0.1717,LOW,F1_login_count,23.9,F5_on_time_rate,13.8,F6_inactive_days,11.7,15,F1 login count (23.9%) and F5 on time rate (13.8%)
496,OULAD_TEST_0496,1,0.9924,0.8838,0.9702,0.9718,0.9924,HIGH,F1_login_count,23.7,F5_on_time_rate,15.1,F6_inactive_days,7.8,14,F1 login count (23.7%) and F5 on time rate (15.1%)
497,OULAD_TEST_0497,0,0.0841,0.4651,0.2932,0.2041,0.0841,LOW,F4_num_submitted,14.8,F6_inactive_days,14.1,F13_weeks_since_active,12.4,7,F4 num submitted (14.8%) and F6 inactive days (14.1%)
498,OULAD_TEST_0498,0,0.194,0.3622,0.4443,0.4804,0.194,LOW,F13_weeks_since_active,14.7,F4_num_submitted,14.2,F6_inactive_days,14.0,17,F13 weeks since active (14.7%) and F4 num submitted (14.2%)
499,OULAD_TEST_0499,0,0.1258,0.3421,0.1703,0.1733,0.1258,LOW,F1_login_count,23.4,F6_inactive_days,13.2,F5_on_time_rate,13.1,1,F1 login count (23.4%) and F6 inactive days (13.2%)
500,OULAD_TEST_0500,1,0.2671,0.5704,0.4176,0.4053,0.2671,LOW,F1_login_count,18.8,F5_on_time_rate,12.6,F6_inactive_days,11.6,8,F1 login count (18.8%) and F5 on time rate (12.6%)
501,OULAD_TEST_0501,0,0.0296,0.3275,0.2073,0.1192,0.0296,LOW,F6_inactive_days,17.2,F4_num_submitted,16.1,F1_login_count,13.6,1,F6 inactive days (17.2%) and F4 num submitted (16.1%)
502,OULAD_TEST_0502,0,0.5424,0.4632,0.5978,0.6546,0.5424,MEDIUM,F6_inactive_days,16.7,F4_num_submitted,16.0,F13_weeks_since_active,13.7,15,F6 inactive days (16.7%) and F4 num submitted (16.0%)
503,OULAD_TEST_0503,0,0.6979,0.6346,0.6132,0.5306,0.6979,MEDIUM,F1_login_count,24.7,F5_on_time_rate,14.4,F6_inactive_days,10.4,8,F1 login count (24.7%) and F5 on time rate (14.4%)
504,OULAD_TEST_0504,0,0.0616,0.3052,0.6496,0.3365,0.0616,LOW,F1_login_count,16.5,F5_on_time_rate,13.0,F6_inactive_days,12.4,1,F1 login count (16.5%) and F5 on time rate (13.0%)
505,OULAD_TEST_0505,1,0.875,0.6115,0.6119,0.8619,0.875,HIGH,F1_login_count,24.9,F5_on_time_rate,12.6,F4_num_submitted,11.5,9,F1 login count (24.9%) and F5 on time rate (12.6%)
506,OULAD_TEST_0506,1,0.9994,0.3013,0.3061,0.8244,0.9994,HIGH,F1_login_count,24.0,F4_num_submitted,15.3,F6_inactive_days,15.2,17,F1 login count (24.0%) and F4 num submitted (15.3%)
507,OULAD_TEST_0507,0,0.5903,0.5298,0.784,0.6533,0.5903,MEDIUM,F1_login_count,19.1,F4_num_submitted,12.0,F6_inactive_days,11.6,17,F1 login count (19.1%) and F4 num submitted (12.0%)
508,OULAD_TEST_0508,0,0.0375,0.2969,0.1306,0.085,0.0375,LOW,F4_num_submitted,14.0,F6_inactive_days,13.5,F1_login_count,12.9,1,F4 num submitted (14.0%) and F6 inactive days (13.5%)
509,OULAD_TEST_0509,1,0.6516,0.4541,0.3685,0.7276,0.6516,MEDIUM,F1_login_count,23.6,F6_inactive_days,13.5,F4_num_submitted,13.0,17,F1 login count (23.6%) and F6 inactive days (13.5%)
510,OULAD_TEST_0510,0,0.2091,0.6071,0.5369,0.5463,0.2091,LOW,F13_weeks_since_active,15.9,F1_login_count,13.5,F6_inactive_days,12.7,5,F13 weeks since active (15.9%) and F1 login count (13.5%)
511,OULAD_TEST_0511,1,0.9971,0.5832,0.6735,0.8016,0.9971,HIGH,F1_login_count,28.4,F5_on_time_rate,15.0,F6_inactive_days,10.8,14,F1 login count (28.4%) and F5 on time rate (15.0%)
512,OULAD_TEST_0512,0,0.776,0.8119,0.8293,0.8399,0.776,HIGH,F1_login_count,13.9,F4_num_submitted,12.7,F6_inactive_days,12.2,13,F1 login count (13.9%) and F4 num submitted (12.7%)
513,OULAD_TEST_0513,0,0.0977,0.4267,0.3282,0.1824,0.0977,LOW,F1_login_count,19.9,F6_inactive_days,15.2,F4_num_submitted,14.0,11,F1 login count (19.9%) and F6 inactive days (15.2%)
514,OULAD_TEST_0514,0,0.3759,0.4229,0.5201,0.5499,0.3759,LOW,F1_login_count,27.6,F5_on_time_rate,15.3,F6_inactive_days,9.4,10,F1 login count (27.6%) and F5 on time rate (15.3%)
515,OULAD_TEST_0515,0,0.1865,0.3898,0.4561,0.4614,0.1865,LOW,F1_login_count,16.2,F13_weeks_since_active,13.2,F5_on_time_rate,12.9,9,F1 login count (16.2%) and F13 weeks since active (13.2%)
516,OULAD_TEST_0516,0,0.2776,0.3596,0.4848,0.3147,0.2776,LOW,F1_login_count,14.9,F4_num_submitted,13.6,F6_inactive_days,13.4,17,F1 login count (14.9%) and F4 num submitted (13.6%)
517,OULAD_TEST_0517,0,0.1032,0.3617,0.4786,0.3808,0.1032,LOW,F1_login_count,20.2,F5_on_time_rate,13.4,F6_inactive_days,11.6,14,F1 login count (20.2%) and F5 on time rate (13.4%)
518,OULAD_TEST_0518,1,0.3503,0.3546,0.3161,0.1563,0.3503,LOW,F1_login_count,19.8,F6_inactive_days,14.6,F4_num_submitted,14.3,16,F1 login count (19.8%) and F6 inactive days (14.6%)
519,OULAD_TEST_0519,0,0.096,0.3131,0.4899,0.2011,0.096,LOW,F1_login_count,17.5,F6_inactive_days,13.1,F4_num_submitted,12.3,1,F1 login count (17.5%) and F6 inactive days (13.1%)
520,OULAD_TEST_0520,0,0.0659,0.32,0.1649,0.1755,0.0659,LOW,F6_inactive_days,16.0,F4_num_submitted,15.1,F1_login_count,12.8,14,F6 inactive days (16.0%) and F4 num submitted (15.1%)
521,OULAD_TEST_0521,1,0.4375,0.8445,0.6565,0.7658,0.4375,MEDIUM,F1_login_count,21.8,F5_on_time_rate,15.5,F6_inactive_days,12.8,9,F1 login count (21.8%) and F5 on time rate (15.5%)
522,OULAD_TEST_0522,1,0.9082,0.3703,0.4732,0.7119,0.9082,HIGH,F1_login_count,19.7,F4_num_submitted,14.8,F6_inactive_days,14.0,7,F1 login count (19.7%) and F4 num submitted (14.8%)
523,OULAD_TEST_0523,1,0.7101,0.7816,0.8255,0.731,0.7101,HIGH,F1_login_count,16.0,F5_on_time_rate,15.4,F6_inactive_days,9.9,17,F1 login count (16.0%) and F5 on time rate (15.4%)
524,OULAD_TEST_0524,1,0.2371,0.3011,0.2272,0.2862,0.2371,LOW,F1_login_count,24.3,F5_on_time_rate,14.2,F6_inactive_days,12.2,17,F1 login count (24.3%) and F5 on time rate (14.2%)
525,OULAD_TEST_0525,0,0.0979,0.2914,0.1247,0.1096,0.0979,LOW,F1_login_count,17.0,F6_inactive_days,16.1,F4_num_submitted,15.4,1,F1 login count (17.0%) and F6 inactive days (16.1%)
526,OULAD_TEST_0526,0,0.1915,0.519,0.4836,0.3007,0.1915,LOW,F1_login_count,22.2,F6_inactive_days,12.4,F4_num_submitted,9.9,4,F1 login count (22.2%) and F6 inactive days (12.4%)
527,OULAD_TEST_0527,0,0.658,0.6159,0.6478,0.6709,0.658,MEDIUM,F1_login_count,15.0,F4_num_submitted,14.6,F6_inactive_days,14.3,17,F1 login count (15.0%) and F4 num submitted (14.6%)
528,OULAD_TEST_0528,0,0.678,0.4679,0.879,0.8366,0.678,MEDIUM,F1_login_count,21.5,F5_on_time_rate,11.2,F6_inactive_days,10.5,15,F1 login count (21.5%) and F5 on time rate (11.2%)
529,OULAD_TEST_0529,0,0.2136,0.496,0.2341,0.3125,0.2136,LOW,F1_login_count,27.0,F5_on_time_rate,14.6,F6_inactive_days,11.4,6,F1 login count (27.0%) and F5 on time rate (14.6%)
530,OULAD_TEST_0530,0,0.3138,0.5131,0.342,0.3576,0.3138,LOW,F4_num_submitted,14.2,F6_inactive_days,14.1,F13_weeks_since_active,13.7,6,F4 num submitted (14.2%) and F6 inactive days (14.1%)
531,OULAD_TEST_0531,0,0.0419,0.3366,0.2488,0.1106,0.0419,LOW,F1_login_count,17.3,F6_inactive_days,15.8,F4_num_submitted,14.5,1,F1 login count (17.3%) and F6 inactive days (15.8%)
532,OULAD_TEST_0532,0,0.1163,0.2894,0.165,0.2157,0.1163,LOW,F1_login_count,17.7,F4_num_submitted,15.0,F6_inactive_days,14.8,1,F1 login count (17.7%) and F4 num submitted (15.0%)
533,OULAD_TEST_0533,1,0.9962,0.6553,0.8287,0.9324,0.9962,HIGH,F6_inactive_days,17.0,F4_num_submitted,15.4,F13_weeks_since_active,13.5,14,F6 inactive days (17.0%) and F4 num submitted (15.4%)
534,OULAD_TEST_0534,0,0.2945,0.4031,0.2693,0.2322,0.2945,LOW,F1_login_count,14.7,F6_inactive_days,13.5,F4_num_submitted,13.3,1,F1 login count (14.7%) and F6 inactive days (13.5%)
535,OULAD_TEST_0535,0,0.7431,0.8049,0.833,0.8201,0.7431,HIGH,F4_num_submitted,16.4,F6_inactive_days,16.1,F1_login_count,16.1,13,F4 num submitted (16.4%) and F6 inactive days (16.1%)
536,OULAD_TEST_0536,0,0.1223,0.3526,0.3145,0.2463,0.1223,LOW,F1_login_count,18.2,F6_inactive_days,12.8,F4_num_submitted,11.0,9,F1 login count (18.2%) and F6 inactive days (12.8%)
537,OULAD_TEST_0537,1,0.9994,0.8447,0.9873,0.9877,0.9994,HIGH,F1_login_count,19.1,F4_num_submitted,16.8,F6_inactive_days,16.1,11,F1 login count (19.1%) and F4 num submitted (16.8%)
538,OULAD_TEST_0538,0,0.132,0.4826,0.3397,0.1373,0.132,LOW,F1_login_count,19.0,F6_inactive_days,15.4,F4_num_submitted,14.2,11,F1 login count (19.0%) and F6 inactive days (15.4%)
539,OULAD_TEST_0539,0,0.3749,0.5392,0.3504,0.2821,0.3749,LOW,F1_login_count,18.7,F6_inactive_days,15.4,F4_num_submitted,14.7,11,F1 login count (18.7%) and F6 inactive days (15.4%)
540,OULAD_TEST_0540,0,0.0687,0.3588,0.0884,0.1263,0.0687,LOW,F1_login_count,18.7,F6_inactive_days,17.3,F4_num_submitted,16.9,1,F1 login count (18.7%) and F6 inactive days (17.3%)
541,OULAD_TEST_0541,0,0.0313,0.3564,0.1905,0.0936,0.0313,LOW,F1_login_count,20.7,F5_on_time_rate,12.2,F6_inactive_days,10.8,8,F1 login count (20.7%) and F5 on time rate (12.2%)
542,OULAD_TEST_0542,0,0.1028,0.1551,0.1922,0.2842,0.1028,LOW,F6_inactive_days,15.4,F4_num_submitted,13.9,F5_on_time_rate,12.7,14,F6 inactive days (15.4%) and F4 num submitted (13.9%)
543,OULAD_TEST_0543,0,0.4364,0.7079,0.6392,0.5485,0.4364,MEDIUM,F1_login_count,18.6,F6_inactive_days,11.5,F4_num_submitted,10.2,9,F1 login count (18.6%) and F6 inactive days (11.5%)
544,OULAD_TEST_0544,1,0.4716,0.4387,0.3373,0.382,0.4716,MEDIUM,F6_inactive_days,15.6,F4_num_submitted,15.3,F1_login_count,14.9,17,F6 inactive days (15.6%) and F4 num submitted (15.3%)
545,OULAD_TEST_0545,0,0.0599,0.4393,0.1655,0.0622,0.0599,LOW,F13_weeks_since_active,14.1,F4_num_submitted,11.2,F1_login_count,10.6,5,F13 weeks since active (14.1%) and F4 num submitted (11.2%)
546,OULAD_TEST_0546,0,0.2675,0.6791,0.6335,0.2098,0.2675,LOW,F1_login_count,22.9,F5_on_time_rate,11.6,F13_weeks_since_active,11.2,9,F1 login count (22.9%) and F5 on time rate (11.6%)
547,OULAD_TEST_0547,1,0.6063,0.6072,0.5776,0.5308,0.6063,MEDIUM,F1_login_count,19.3,F4_num_submitted,11.5,F5_on_time_rate,11.3,17,F1 login count (19.3%) and F4 num submitted (11.5%)
548,OULAD_TEST_0548,0,0.0662,0.3865,0.2477,0.1477,0.0662,LOW,F1_login_count,18.4,F13_weeks_since_active,11.6,F5_on_time_rate,10.2,5,F1 login count (18.4%) and F13 weeks since active (11.6%)
549,OULAD_TEST_0549,1,0.9987,0.2161,0.2104,0.2616,0.9987,HIGH,F1_login_count,22.3,F6_inactive_days,13.9,F5_on_time_rate,13.6,17,F1 login count (22.3%) and F6 inactive days (13.9%)
550,OULAD_TEST_0550,1,0.9987,0.8728,0.9337,0.9385,0.9987,HIGH,F1_login_count,24.6,F5_on_time_rate,11.6,F13_weeks_since_active,11.3,9,F1 login count (24.6%) and F5 on time rate (11.6%)
551,OULAD_TEST_0551,0,0.1956,0.3203,0.3237,0.1887,0.1956,LOW,F1_login_count,13.6,F13_weeks_since_active,12.1,F7_score_change,10.1,1,F1 login count (13.6%) and F13 weeks since active (12.1%)
552,OULAD_TEST_0552,0,0.0771,0.4123,0.1755,0.1931,0.0771,LOW,F1_login_count,23.0,F6_inactive_days,14.2,F4_num_submitted,13.7,7,F1 login count (23.0%) and F6 inactive days (14.2%)
553,OULAD_TEST_0553,0,0.0715,0.3063,0.3364,0.1613,0.0715,LOW,F4_num_submitted,14.4,F6_inactive_days,13.4,F13_weeks_since_active,13.3,1,F4 num submitted (14.4%) and F6 inactive days (13.4%)
554,OULAD_TEST_0554,0,0.0834,0.3341,0.323,0.1702,0.0834,LOW,F4_num_submitted,14.8,F6_inactive_days,13.3,F1_login_count,11.0,2,F4 num submitted (14.8%) and F6 inactive days (13.3%)
555,OULAD_TEST_0555,0,0.0437,0.2793,0.1514,0.1023,0.0437,LOW,F1_login_count,15.3,F13_weeks_since_active,13.0,F5_on_time_rate,11.6,1,F1 login count (15.3%) and F13 weeks since active (13.0%)
556,OULAD_TEST_0556,1,0.949,0.487,0.7103,0.8655,0.949,HIGH,F1_login_count,19.7,F4_num_submitted,13.4,F6_inactive_days,12.2,6,F1 login count (19.7%) and F4 num submitted (13.4%)
557,OULAD_TEST_0557,0,0.0242,0.2752,0.1542,0.074,0.0242,LOW,F1_login_count,18.3,F6_inactive_days,12.9,F4_num_submitted,12.1,2,F1 login count (18.3%) and F6 inactive days (12.9%)
558,OULAD_TEST_0558,0,0.1044,0.374,0.3471,0.1847,0.1044,LOW,F1_login_count,19.9,F6_inactive_days,13.5,F4_num_submitted,12.5,11,F1 login count (19.9%) and F6 inactive days (13.5%)
559,OULAD_TEST_0559,0,0.0292,0.2822,0.1268,0.0996,0.0292,LOW,F13_weeks_since_active,11.5,F7_score_change,10.7,F4_num_submitted,10.4,1,F13 weeks since active (11.5%) and F7 score change (10.7%)
560,OULAD_TEST_0560,0,0.2204,0.4686,0.3527,0.4041,0.2204,LOW,F1_login_count,27.4,F5_on_time_rate,16.6,F6_inactive_days,10.8,9,F1 login count (27.4%) and F5 on time rate (16.6%)
561,OULAD_TEST_0561,1,0.8975,0.5144,0.8412,0.8568,0.8975,HIGH,F1_login_count,18.0,F6_inactive_days,13.6,F4_num_submitted,12.3,15,F1 login count (18.0%) and F6 inactive days (13.6%)
562,OULAD_TEST_0562,1,0.9371,0.6077,0.6993,0.8426,0.9371,HIGH,F1_login_count,19.9,F13_weeks_since_active,11.5,F6_inactive_days,11.5,12,F1 login count (19.9%) and F13 weeks since active (11.5%)
563,OULAD_TEST_0563,1,0.0684,0.1574,0.4022,0.2171,0.0684,LOW,F1_login_count,12.4,F13_weeks_since_active,11.6,F6_inactive_days,11.0,9,F1 login count (12.4%) and F13 weeks since active (11.6%)
564,OULAD_TEST_0564,0,0.367,0.4842,0.8119,0.744,0.367,LOW,F1_login_count,23.1,F5_on_time_rate,14.4,F6_inactive_days,9.9,14,F1 login count (23.1%) and F5 on time rate (14.4%)
565,OULAD_TEST_0565,1,0.6959,0.6414,0.7973,0.6112,0.6959,MEDIUM,F1_login_count,15.1,F6_inactive_days,14.2,F4_num_submitted,13.9,13,F1 login count (15.1%) and F6 inactive days (14.2%)
566,OULAD_TEST_0566,1,0.1711,0.4619,0.289,0.3419,0.1711,LOW,F1_login_count,19.5,F5_on_time_rate,16.2,F6_inactive_days,13.6,8,F1 login count (19.5%) and F5 on time rate (16.2%)
567,OULAD_TEST_0567,0,0.1221,0.3237,0.3187,0.2282,0.1221,LOW,F1_login_count,19.2,F6_inactive_days,15.1,F4_num_submitted,13.8,11,F1 login count (19.2%) and F6 inactive days (15.1%)
568,OULAD_TEST_0568,1,0.9246,0.5425,0.7155,0.6984,0.9246,HIGH,F1_login_count,19.3,F4_num_submitted,14.7,F6_inactive_days,14.3,13,F1 login count (19.3%) and F4 num submitted (14.7%)
569,OULAD_TEST_0569,0,0.1014,0.4973,0.358,0.1657,0.1014,LOW,F1_login_count,19.4,F6_inactive_days,13.9,F4_num_submitted,13.2,11,F1 login count (19.4%) and F6 inactive days (13.9%)
570,OULAD_TEST_0570,0,0.2063,0.4488,0.3799,0.1738,0.2063,LOW,F1_login_count,20.3,F6_inactive_days,14.5,F4_num_submitted,13.4,11,F1 login count (20.3%) and F6 inactive days (14.5%)
571,OULAD_TEST_0571,1,0.9642,0.4253,0.6157,0.7884,0.9642,HIGH,F1_login_count,25.0,F5_on_time_rate,15.3,F6_inactive_days,9.6,16,F1 login count (25.0%) and F5 on time rate (15.3%)
572,OULAD_TEST_0572,0,0.0875,0.5014,0.2729,0.1589,0.0875,LOW,F1_login_count,22.9,F5_on_time_rate,15.0,F6_inactive_days,10.0,8,F1 login count (22.9%) and F5 on time rate (15.0%)
573,OULAD_TEST_0573,0,0.1708,0.2466,0.1126,0.3734,0.1708,LOW,F1_login_count,20.9,F6_inactive_days,15.5,F4_num_submitted,14.8,14,F1 login count (20.9%) and F6 inactive days (15.5%)
574,OULAD_TEST_0574,0,0.0257,0.3057,0.1161,0.088,0.0257,LOW,F6_inactive_days,19.1,F4_num_submitted,18.0,F1_login_count,11.8,1,F6 inactive days (19.1%) and F4 num submitted (18.0%)
575,OULAD_TEST_0575,0,0.641,0.5305,0.6868,0.4891,0.641,MEDIUM,F1_login_count,22.9,F5_on_time_rate,14.5,F6_inactive_days,10.9,6,F1 login count (22.9%) and F5 on time rate (14.5%)
576,OULAD_TEST_0576,0,0.2568,0.4518,0.4677,0.4299,0.2568,LOW,F1_login_count,15.4,F13_weeks_since_active,12.2,F5_on_time_rate,10.8,13,F1 login count (15.4%) and F13 weeks since active (12.2%)
577,OULAD_TEST_0577,0,0.1027,0.6249,0.3885,0.3148,0.1027,LOW,F13_weeks_since_active,14.7,F1_login_count,14.5,F5_on_time_rate,10.4,8,F13 weeks since active (14.7%) and F1 login count (14.5%)
578,OULAD_TEST_0578,0,0.0933,0.3251,0.1047,0.369,0.0933,LOW,F1_login_count,14.7,F5_on_time_rate,14.7,F6_inactive_days,11.4,17,F1 login count (14.7%) and F5 on time rate (14.7%)
579,OULAD_TEST_0579,0,0.2159,0.484,0.3925,0.2464,0.2159,LOW,F1_login_count,22.5,F5_on_time_rate,11.7,F6_inactive_days,10.7,4,F1 login count (22.5%) and F5 on time rate (11.7%)
580,OULAD_TEST_0580,0,0.311,0.5232,0.412,0.4181,0.311,LOW,F1_login_count,24.8,F5_on_time_rate,16.2,F4_num_submitted,12.4,8,F1 login count (24.8%) and F5 on time rate (16.2%)
581,OULAD_TEST_0581,0,0.0837,0.2351,0.0872,0.0381,0.0837,LOW,F4_num_submitted,13.3,F6_inactive_days,11.7,F5_on_time_rate,10.4,1,F4 num submitted (13.3%) and F6 inactive days (11.7%)
582,OULAD_TEST_0582,0,0.9417,0.889,0.9659,0.9598,0.9417,HIGH,F1_login_count,20.3,F4_num_submitted,14.1,F6_inactive_days,13.6,14,F1 login count (20.3%) and F4 num submitted (14.1%)
583,OULAD_TEST_0583,0,0.2534,0.4341,0.3379,0.4407,0.2534,LOW,F1_login_count,17.7,F13_weeks_since_active,12.1,F5_on_time_rate,11.3,13,F1 login count (17.7%) and F13 weeks since active (12.1%)
584,OULAD_TEST_0584,0,0.1154,0.4184,0.2987,0.2075,0.1154,LOW,F1_login_count,23.9,F5_on_time_rate,13.0,F4_num_submitted,9.9,4,F1 login count (23.9%) and F5 on time rate (13.0%)
585,OULAD_TEST_0585,1,0.6891,0.579,0.4835,0.4044,0.6891,MEDIUM,F1_login_count,21.7,F5_on_time_rate,13.7,F6_inactive_days,11.3,8,F1 login count (21.7%) and F5 on time rate (13.7%)
586,OULAD_TEST_0586,0,0.2535,0.4222,0.1302,0.1867,0.2535,LOW,F1_login_count,21.3,F6_inactive_days,14.9,F4_num_submitted,14.5,17,F1 login count (21.3%) and F6 inactive days (14.9%)
587,OULAD_TEST_0587,0,0.7913,0.5202,0.6356,0.6022,0.7913,HIGH,F1_login_count,25.3,F5_on_time_rate,13.5,F13_weeks_since_active,8.7,5,F1 login count (25.3%) and F5 on time rate (13.5%)
588,OULAD_TEST_0588,0,0.4094,0.5109,0.4625,0.3696,0.4094,MEDIUM,F1_login_count,14.0,F6_inactive_days,12.9,F13_weeks_since_active,12.6,4,F1 login count (14.0%) and F6 inactive days (12.9%)
589,OULAD_TEST_0589,0,0.4522,0.5127,0.6409,0.604,0.4522,MEDIUM,F1_login_count,22.6,F5_on_time_rate,14.6,F13_weeks_since_active,13.8,5,F1 login count (22.6%) and F5 on time rate (14.6%)
590,OULAD_TEST_0590,1,0.1414,0.4199,0.525,0.4416,0.1414,LOW,F1_login_count,14.0,F13_weeks_since_active,13.2,F5_on_time_rate,10.6,13,F1 login count (14.0%) and F13 weeks since active (13.2%)
591,OULAD_TEST_0591,1,0.9119,0.6252,0.7713,0.8613,0.9119,HIGH,F1_login_count,20.2,F4_num_submitted,13.2,F6_inactive_days,12.1,17,F1 login count (20.2%) and F4 num submitted (13.2%)
592,OULAD_TEST_0592,0,0.0661,0.2468,0.0935,0.12,0.0661,LOW,F6_inactive_days,15.8,F4_num_submitted,15.4,F1_login_count,12.7,1,F6 inactive days (15.8%) and F4 num submitted (15.4%)
593,OULAD_TEST_0593,0,0.3691,0.4773,0.2128,0.1824,0.3691,LOW,F1_login_count,17.3,F4_num_submitted,12.4,F6_inactive_days,12.2,4,F1 login count (17.3%) and F4 num submitted (12.4%)
594,OULAD_TEST_0594,0,0.3524,0.4836,0.409,0.3291,0.3524,LOW,F1_login_count,21.0,F5_on_time_rate,15.8,F13_weeks_since_active,13.8,5,F1 login count (21.0%) and F5 on time rate (15.8%)
595,OULAD_TEST_0595,0,0.5536,0.5313,0.7253,0.7128,0.5536,MEDIUM,F6_inactive_days,15.7,F4_num_submitted,15.2,F13_weeks_since_active,13.7,16,F6 inactive days (15.7%) and F4 num submitted (15.2%)
596,OULAD_TEST_0596,1,0.9907,0.5305,0.6262,0.7176,0.9907,HIGH,F1_login_count,24.5,F5_on_time_rate,13.6,F6_inactive_days,10.9,17,F1 login count (24.5%) and F5 on time rate (13.6%)
597,OULAD_TEST_0597,1,0.9997,0.7498,0.9308,0.961,0.9997,HIGH,F1_login_count,21.6,F4_num_submitted,14.5,F6_inactive_days,13.8,15,F1 login count (21.6%) and F4 num submitted (14.5%)
598,OULAD_TEST_0598,0,0.0265,0.4205,0.1536,0.1185,0.0265,LOW,F1_login_count,14.4,F13_weeks_since_active,12.7,F5_on_time_rate,9.9,14,F1 login count (14.4%) and F13 weeks since active (12.7%)
599,OULAD_TEST_0599,1,0.9844,0.4421,0.6278,0.6128,0.9844,HIGH,F1_login_count,27.9,F5_on_time_rate,14.4,F6_inactive_days,8.8,10,F1 login count (27.9%) and F5 on time rate (14.4%)
600,OULAD_TEST_0600,0,0.1406,0.4549,0.2041,0.138,0.1406,LOW,F1_login_count,16.8,F13_weeks_since_active,13.3,F5_on_time_rate,12.0,6,F1 login count (16.8%) and F13 weeks since active (13.3%)
601,OULAD_TEST_0601,0,0.5253,0.5805,0.604,0.3638,0.5253,MEDIUM,F1_login_count,17.9,F6_inactive_days,14.6,F4_num_submitted,13.2,13,F1 login count (17.9%) and F6 inactive days (14.6%)
602,OULAD_TEST_0602,0,0.4193,0.5197,0.5345,0.4565,0.4193,MEDIUM,F1_login_count,18.8,F5_on_time_rate,12.0,F13_weeks_since_active,10.4,8,F1 login count (18.8%) and F5 on time rate (12.0%)
603,OULAD_TEST_0603,0,0.3596,0.2579,0.1621,0.2001,0.3596,LOW,F4_num_submitted,15.4,F6_inactive_days,15.1,F1_login_count,12.5,1,F4 num submitted (15.4%) and F6 inactive days (15.1%)
604,OULAD_TEST_0604,0,0.0702,0.3817,0.2316,0.1757,0.0702,LOW,F1_login_count,19.2,F6_inactive_days,12.0,F4_num_submitted,11.9,9,F1 login count (19.2%) and F6 inactive days (12.0%)
605,OULAD_TEST_0605,1,0.9079,0.3909,0.408,0.3018,0.9079,HIGH,F1_login_count,18.5,F4_num_submitted,15.9,F6_inactive_days,15.8,17,F1 login count (18.5%) and F4 num submitted (15.9%)
606,OULAD_TEST_0606,1,0.5408,0.3772,0.3779,0.4035,0.5408,MEDIUM,F6_inactive_days,17.2,F1_login_count,16.4,F4_num_submitted,16.1,16,F6 inactive days (17.2%) and F1 login count (16.4%)
607,OULAD_TEST_0607,0,0.1859,0.5655,0.7451,0.6444,0.1859,LOW,F6_inactive_days,17.8,F4_num_submitted,17.1,F1_login_count,12.5,14,F6 inactive days (17.8%) and F4 num submitted (17.1%)
608,OULAD_TEST_0608,0,0.112,0.3573,0.2915,0.2924,0.112,LOW,F13_weeks_since_active,14.3,F1_login_count,13.9,F7_score_change,10.8,6,F13 weeks since active (14.3%) and F1 login count (13.9%)
609,OULAD_TEST_0609,1,0.1061,0.4002,0.216,0.1314,0.1061,LOW,F6_inactive_days,15.5,F4_num_submitted,15.2,F13_weeks_since_active,11.2,16,F6 inactive days (15.5%) and F4 num submitted (15.2%)
610,OULAD_TEST_0610,1,0.5115,0.3848,0.3215,0.3864,0.5115,MEDIUM,F1_login_count,19.1,F6_inactive_days,11.8,F5_on_time_rate,10.4,17,F1 login count (19.1%) and F6 inactive days (11.8%)
611,OULAD_TEST_0611,1,0.7478,0.4621,0.4567,0.663,0.7478,HIGH,F1_login_count,21.0,F6_inactive_days,13.5,F4_num_submitted,11.9,15,F1 login count (21.0%) and F6 inactive days (13.5%)
612,OULAD_TEST_0612,0,0.5026,0.5622,0.5804,0.538,0.5026,MEDIUM,F1_login_count,20.0,F13_weeks_since_active,13.2,F5_on_time_rate,12.7,7,F1 login count (20.0%) and F13 weeks since active (13.2%)
613,OULAD_TEST_0613,1,0.992,0.4936,0.8577,0.8377,0.992,HIGH,F1_login_count,25.9,F5_on_time_rate,13.1,F13_weeks_since_active,10.7,17,F1 login count (25.9%) and F5 on time rate (13.1%)
614,OULAD_TEST_0614,0,0.3502,0.7663,0.5447,0.5141,0.3502,LOW,F1_login_count,15.8,F13_weeks_since_active,14.5,F5_on_time_rate,9.1,11,F1 login count (15.8%) and F13 weeks since active (14.5%)
615,OULAD_TEST_0615,0,0.9733,0.8448,0.8069,0.9335,0.9733,HIGH,F1_login_count,17.8,F5_on_time_rate,12.0,F6_inactive_days,11.5,11,F1 login count (17.8%) and F5 on time rate (12.0%)
616,OULAD_TEST_0616,0,0.5926,0.6866,0.5301,0.5476,0.5926,MEDIUM,F1_login_count,21.4,F5_on_time_rate,12.1,F6_inactive_days,11.9,5,F1 login count (21.4%) and F5 on time rate (12.1%)
617,OULAD_TEST_0617,1,0.9408,0.4842,0.4737,0.9183,0.9408,HIGH,F1_login_count,21.3,F4_num_submitted,16.4,F6_inactive_days,16.1,17,F1 login count (21.3%) and F4 num submitted (16.4%)
618,OULAD_TEST_0618,1,0.9154,0.7755,0.7056,0.7948,0.9154,HIGH,F1_login_count,19.0,F4_num_submitted,15.1,F6_inactive_days,14.6,13,F1 login count (19.0%) and F4 num submitted (15.1%)
619,OULAD_TEST_0619,0,0.0651,0.3245,0.2008,0.2113,0.0651,LOW,F4_num_submitted,13.4,F6_inactive_days,12.9,F5_on_time_rate,11.5,1,F4 num submitted (13.4%) and F6 inactive days (12.9%)
620,OULAD_TEST_0620,0,0.1802,0.4891,0.2685,0.4198,0.1802,LOW,F1_login_count,17.9,F13_weeks_since_active,11.0,F5_on_time_rate,9.7,4,F1 login count (17.9%) and F13 weeks since active (11.0%)
621,OULAD_TEST_0621,0,0.178,0.4613,0.498,0.3082,0.178,LOW,F1_login_count,22.9,F5_on_time_rate,13.9,F6_inactive_days,10.9,4,F1 login count (22.9%) and F5 on time rate (13.9%)
622,OULAD_TEST_0622,0,0.0549,0.481,0.2987,0.2793,0.0549,LOW,F1_login_count,17.5,F13_weeks_since_active,13.2,F5_on_time_rate,11.8,13,F1 login count (17.5%) and F13 weeks since active (13.2%)
623,OULAD_TEST_0623,0,0.9429,0.7764,0.7777,0.8346,0.9429,HIGH,F1_login_count,19.0,F6_inactive_days,15.2,F4_num_submitted,15.2,7,F1 login count (19.0%) and F6 inactive days (15.2%)
624,OULAD_TEST_0624,0,0.6848,0.5333,0.4311,0.5797,0.6848,MEDIUM,F1_login_count,17.3,F6_inactive_days,15.3,F4_num_submitted,15.1,16,F1 login count (17.3%) and F6 inactive days (15.3%)
625,OULAD_TEST_0625,0,0.1425,0.4851,0.1739,0.4375,0.1425,LOW,F1_login_count,24.0,F5_on_time_rate,13.6,F6_inactive_days,11.0,8,F1 login count (24.0%) and F5 on time rate (13.6%)
626,OULAD_TEST_0626,0,0.3602,0.49,0.6861,0.6188,0.3602,LOW,F1_login_count,21.8,F6_inactive_days,11.1,F13_weeks_since_active,10.1,6,F1 login count (21.8%) and F6 inactive days (11.1%)
627,OULAD_TEST_0627,0,0.1722,0.4355,0.3995,0.3241,0.1722,LOW,F1_login_count,21.7,F13_weeks_since_active,13.2,F5_on_time_rate,12.7,8,F1 login count (21.7%) and F13 weeks since active (13.2%)
628,OULAD_TEST_0628,0,0.3615,0.3863,0.2931,0.4053,0.3615,LOW,F1_login_count,22.0,F5_on_time_rate,13.1,F6_inactive_days,12.4,7,F1 login count (22.0%) and F5 on time rate (13.1%)
629,OULAD_TEST_0629,0,0.0212,0.3797,0.1295,0.0564,0.0212,LOW,F1_login_count,19.5,F6_inactive_days,12.8,F4_num_submitted,11.7,1,F1 login count (19.5%) and F6 inactive days (12.8%)
630,OULAD_TEST_0630,0,0.1002,0.6448,0.2167,0.2962,0.1002,LOW,F6_inactive_days,10.9,F13_weeks_since_active,10.8,F4_num_submitted,10.3,9,F6 inactive days (10.9%) and F13 weeks since active (10.8%)
631,OULAD_TEST_0631,1,0.8469,0.9109,0.9255,0.9233,0.8469,HIGH,F1_login_count,23.5,F4_num_submitted,11.8,F6_inactive_days,11.4,17,F1 login count (23.5%) and F4 num submitted (11.8%)
632,OULAD_TEST_0632,1,0.5511,0.5777,0.5143,0.5017,0.5511,MEDIUM,F1_login_count,24.5,F5_on_time_rate,13.0,F6_inactive_days,10.9,8,F1 login count (24.5%) and F5 on time rate (13.0%)
633,OULAD_TEST_0633,1,0.9925,0.6856,0.5476,0.6215,0.9925,HIGH,F1_login_count,26.7,F5_on_time_rate,15.1,F6_inactive_days,9.3,9,F1 login count (26.7%) and F5 on time rate (15.1%)
634,OULAD_TEST_0634,0,0.1266,0.334,0.365,0.2284,0.1266,LOW,F1_login_count,21.0,F5_on_time_rate,14.7,F6_inactive_days,14.2,13,F1 login count (21.0%) and F5 on time rate (14.7%)
635,OULAD_TEST_0635,0,0.099,0.4501,0.4518,0.1943,0.099,LOW,F4_num_submitted,14.4,F13_weeks_since_active,14.2,F6_inactive_days,13.8,7,F4 num submitted (14.4%) and F13 weeks since active (14.2%)
636,OULAD_TEST_0636,1,0.8955,0.638,0.8131,0.879,0.8955,HIGH,F1_login_count,25.6,F5_on_time_rate,14.7,F6_inactive_days,9.8,9,F1 login count (25.6%) and F5 on time rate (14.7%)
637,OULAD_TEST_0637,0,0.3703,0.5551,0.4197,0.4887,0.3703,LOW,F1_login_count,18.6,F13_weeks_since_active,14.6,F5_on_time_rate,12.5,6,F1 login count (18.6%) and F13 weeks since active (14.6%)
638,OULAD_TEST_0638,1,0.0954,0.443,0.1618,0.1589,0.0954,LOW,F1_login_count,20.2,F6_inactive_days,14.8,F4_num_submitted,14.0,1,F1 login count (20.2%) and F6 inactive days (14.8%)
639,OULAD_TEST_0639,0,0.2158,0.4655,0.2266,0.2981,0.2158,LOW,F1_login_count,22.6,F6_inactive_days,13.4,F5_on_time_rate,12.9,5,F1 login count (22.6%) and F6 inactive days (13.4%)
640,OULAD_TEST_0640,0,0.4549,0.5196,0.6882,0.5532,0.4549,MEDIUM,F1_login_count,24.2,F5_on_time_rate,14.8,F6_inactive_days,9.8,8,F1 login count (24.2%) and F5 on time rate (14.8%)
641,OULAD_TEST_0641,0,0.1899,0.6559,0.5885,0.4323,0.1899,LOW,F1_login_count,15.8,F13_weeks_since_active,13.2,F6_inactive_days,11.8,5,F1 login count (15.8%) and F13 weeks since active (13.2%)
642,OULAD_TEST_0642,0,0.0575,0.4122,0.1965,0.1693,0.0575,LOW,F1_login_count,17.3,F4_num_submitted,12.5,F6_inactive_days,12.3,1,F1 login count (17.3%) and F4 num submitted (12.5%)
643,OULAD_TEST_0643,0,0.5113,0.5055,0.5851,0.5778,0.5113,MEDIUM,F1_login_count,25.9,F5_on_time_rate,15.3,F2_vle_clicks,9.8,6,F1 login count (25.9%) and F5 on time rate (15.3%)
644,OULAD_TEST_0644,0,0.1099,0.4372,0.2037,0.212,0.1099,LOW,F1_login_count,16.8,F6_inactive_days,14.3,F5_on_time_rate,14.0,16,F1 login count (16.8%) and F6 inactive days (14.3%)
645,OULAD_TEST_0645,0,0.0651,0.5374,0.5369,0.5898,0.0651,LOW,F4_num_submitted,13.7,F1_login_count,13.0,F6_inactive_days,12.7,12,F4 num submitted (13.7%) and F1 login count (13.0%)
646,OULAD_TEST_0646,0,0.281,0.4998,0.2984,0.3003,0.281,LOW,F6_inactive_days,17.2,F1_login_count,17.1,F4_num_submitted,16.6,17,F6 inactive days (17.2%) and F1 login count (17.1%)
647,OULAD_TEST_0647,0,0.637,0.4225,0.3929,0.3937,0.637,MEDIUM,F1_login_count,18.6,F5_on_time_rate,14.7,F6_inactive_days,12.7,17,F1 login count (18.6%) and F5 on time rate (14.7%)
648,OULAD_TEST_0648,0,0.3,0.4564,0.1749,0.2584,0.3,LOW,F1_login_count,22.6,F6_inactive_days,14.2,F5_on_time_rate,14.2,7,F1 login count (22.6%) and F6 inactive days (14.2%)
649,OULAD_TEST_0649,0,0.2758,0.3211,0.4791,0.5194,0.2758,LOW,F1_login_count,14.9,F5_on_time_rate,14.1,F6_inactive_days,13.0,14,F1 login count (14.9%) and F5 on time rate (14.1%)
650,OULAD_TEST_0650,1,0.6511,0.5942,0.8513,0.8491,0.6511,MEDIUM,F4_num_submitted,14.6,F5_on_time_rate,14.3,F6_inactive_days,14.2,17,F4 num submitted (14.6%) and F5 on time rate (14.3%)
651,OULAD_TEST_0651,0,0.188,0.3316,0.3818,0.3055,0.188,LOW,F1_login_count,20.9,F5_on_time_rate,15.9,F7_score_change,8.5,7,F1 login count (20.9%) and F5 on time rate (15.9%)
652,OULAD_TEST_0652,0,0.8748,0.6166,0.5573,0.9243,0.8748,HIGH,F1_login_count,20.9,F4_num_submitted,16.4,F6_inactive_days,16.0,16,F1 login count (20.9%) and F4 num submitted (16.4%)
653,OULAD_TEST_0653,0,0.1435,0.3757,0.3843,0.331,0.1435,LOW,F4_num_submitted,15.3,F6_inactive_days,14.9,F13_weeks_since_active,12.4,1,F4 num submitted (15.3%) and F6 inactive days (14.9%)
654,OULAD_TEST_0654,0,0.0789,0.3265,0.1095,0.081,0.0789,LOW,F4_num_submitted,15.5,F6_inactive_days,15.4,F5_on_time_rate,12.7,1,F4 num submitted (15.5%) and F6 inactive days (15.4%)
655,OULAD_TEST_0655,1,0.2156,0.3703,0.4145,0.2697,0.2156,LOW,F4_num_submitted,13.3,F13_weeks_since_active,13.3,F6_inactive_days,12.9,1,F4 num submitted (13.3%) and F13 weeks since active (13.3%)
656,OULAD_TEST_0656,1,0.0693,0.5759,0.3111,0.2898,0.0693,LOW,F1_login_count,18.0,F13_weeks_since_active,11.1,F7_score_change,9.9,4,F1 login count (18.0%) and F13 weeks since active (11.1%)
657,OULAD_TEST_0657,0,0.2422,0.4961,0.4073,0.3372,0.2422,LOW,F1_login_count,19.8,F5_on_time_rate,16.1,F13_weeks_since_active,14.7,5,F1 login count (19.8%) and F5 on time rate (16.1%)
658,OULAD_TEST_0658,0,0.0652,0.2823,0.0907,0.113,0.0652,LOW,F6_inactive_days,17.0,F4_num_submitted,16.2,F1_login_count,15.5,16,F6 inactive days (17.0%) and F4 num submitted (16.2%)
659,OULAD_TEST_0659,0,0.1164,0.368,0.0689,0.2539,0.1164,LOW,F1_login_count,17.2,F6_inactive_days,14.7,F4_num_submitted,14.0,1,F1 login count (17.2%) and F6 inactive days (14.7%)
660,OULAD_TEST_0660,0,0.7669,0.9048,0.8504,0.6998,0.7669,HIGH,F4_num_submitted,14.6,F1_login_count,14.2,F6_inactive_days,13.8,6,F4 num submitted (14.6%) and F1 login count (14.2%)
661,OULAD_TEST_0661,1,0.9988,0.4379,0.5946,0.6657,0.9988,HIGH,F1_login_count,24.2,F5_on_time_rate,15.0,F6_inactive_days,12.3,17,F1 login count (24.2%) and F5 on time rate (15.0%)
662,OULAD_TEST_0662,0,0.2805,0.2916,0.4412,0.3007,0.2805,LOW,F5_on_time_rate,15.2,F4_num_submitted,13.1,F1_login_count,13.0,17,F5 on time rate (15.2%) and F4 num submitted (13.1%)
663,OULAD_TEST_0663,0,0.7442,0.6994,0.7016,0.7119,0.7442,HIGH,F1_login_count,25.9,F5_on_time_rate,11.6,F6_inactive_days,10.5,11,F1 login count (25.9%) and F5 on time rate (11.6%)
664,OULAD_TEST_0664,0,0.5555,0.7624,0.723,0.6424,0.5555,MEDIUM,F4_num_submitted,14.1,F6_inactive_days,13.6,F1_login_count,13.2,16,F4 num submitted (14.1%) and F6 inactive days (13.6%)
665,OULAD_TEST_0665,1,0.8716,0.8047,0.8485,0.832,0.8716,HIGH,F6_inactive_days,14.5,F4_num_submitted,13.9,F1_login_count,13.9,13,F6 inactive days (14.5%) and F4 num submitted (13.9%)
666,OULAD_TEST_0666,0,0.1758,0.6043,0.3032,0.2829,0.1758,LOW,F6_inactive_days,13.6,F5_on_time_rate,13.1,F4_num_submitted,12.4,16,F6 inactive days (13.6%) and F5 on time rate (13.1%)
667,OULAD_TEST_0667,0,0.4712,0.426,0.4684,0.3772,0.4712,MEDIUM,F1_login_count,18.0,F6_inactive_days,16.0,F4_num_submitted,14.6,11,F1 login count (18.0%) and F6 inactive days (16.0%)
668,OULAD_TEST_0668,0,0.5703,0.7015,0.5727,0.441,0.5703,MEDIUM,F1_login_count,17.4,F6_inactive_days,12.6,F5_on_time_rate,12.3,8,F1 login count (17.4%) and F6 inactive days (12.6%)
669,OULAD_TEST_0669,0,0.0488,0.3533,0.3082,0.1279,0.0488,LOW,F4_num_submitted,14.4,F6_inactive_days,14.2,F1_login_count,10.5,1,F4 num submitted (14.4%) and F6 inactive days (14.2%)
670,OULAD_TEST_0670,0,0.0171,0.2926,0.2459,0.0929,0.0171,LOW,F1_login_count,17.5,F6_inactive_days,13.9,F4_num_submitted,12.9,1,F1 login count (17.5%) and F6 inactive days (13.9%)
671,OULAD_TEST_0671,0,0.8512,0.5936,0.7168,0.7718,0.8512,HIGH,F6_inactive_days,16.8,F4_num_submitted,16.3,F1_login_count,14.4,16,F6 inactive days (16.8%) and F4 num submitted (16.3%)
672,OULAD_TEST_0672,0,0.0355,0.3832,0.1582,0.0976,0.0355,LOW,F6_inactive_days,16.9,F1_login_count,15.3,F4_num_submitted,15.2,1,F6 inactive days (16.9%) and F1 login count (15.3%)
673,OULAD_TEST_0673,0,0.0702,0.4777,0.1701,0.1322,0.0702,LOW,F6_inactive_days,15.1,F4_num_submitted,14.8,F5_on_time_rate,10.9,16,F6 inactive days (15.1%) and F4 num submitted (14.8%)
674,OULAD_TEST_0674,0,0.0548,0.3008,0.2996,0.1296,0.0548,LOW,F1_login_count,20.2,F5_on_time_rate,13.0,F13_weeks_since_active,10.8,8,F1 login count (20.2%) and F5 on time rate (13.0%)
675,OULAD_TEST_0675,1,0.8824,0.5273,0.4512,0.6685,0.8824,HIGH,F1_login_count,19.6,F6_inactive_days,13.3,F4_num_submitted,12.8,11,F1 login count (19.6%) and F6 inactive days (13.3%)
676,OULAD_TEST_0676,0,0.388,0.6349,0.5489,0.5633,0.388,LOW,F1_login_count,27.3,F5_on_time_rate,15.3,F6_inactive_days,10.7,7,F1 login count (27.3%) and F5 on time rate (15.3%)
677,OULAD_TEST_0677,0,0.1087,0.4876,0.2932,0.2028,0.1087,LOW,F1_login_count,19.6,F5_on_time_rate,11.7,F13_weeks_since_active,10.1,5,F1 login count (19.6%) and F5 on time rate (11.7%)
678,OULAD_TEST_0678,0,0.4121,0.494,0.4506,0.4697,0.4121,MEDIUM,F1_login_count,22.6,F5_on_time_rate,17.8,F13_weeks_since_active,12.6,11,F1 login count (22.6%) and F5 on time rate (17.8%)
679,OULAD_TEST_0679,0,0.3831,0.2739,0.1429,0.1942,0.3831,LOW,F1_login_count,21.7,F4_num_submitted,14.6,F6_inactive_days,14.6,1,F1 login count (21.7%) and F4 num submitted (14.6%)
680,OULAD_TEST_0680,0,0.0437,0.3288,0.2253,0.2545,0.0437,LOW,F6_inactive_days,17.2,F1_login_count,17.0,F4_num_submitted,16.1,16,F6 inactive days (17.2%) and F1 login count (17.0%)
681,OULAD_TEST_0681,0,0.618,0.5984,0.6008,0.6783,0.618,MEDIUM,F1_login_count,24.8,F5_on_time_rate,13.1,F4_num_submitted,11.2,7,F1 login count (24.8%) and F5 on time rate (13.1%)
682,OULAD_TEST_0682,1,0.6153,0.6474,0.571,0.5938,0.6153,MEDIUM,F1_login_count,18.4,F6_inactive_days,13.1,F4_num_submitted,12.6,5,F1 login count (18.4%) and F6 inactive days (13.1%)
683,OULAD_TEST_0683,1,0.9998,0.8399,0.9476,0.9893,0.9998,HIGH,F1_login_count,26.0,F5_on_time_rate,13.4,F4_num_submitted,11.6,14,F1 login count (26.0%) and F5 on time rate (13.4%)
684,OULAD_TEST_0684,0,0.3492,0.4265,0.244,0.3395,0.3492,LOW,F1_login_count,17.7,F4_num_submitted,13.9,F6_inactive_days,13.8,1,F1 login count (17.7%) and F4 num submitted (13.9%)
685,OULAD_TEST_0685,1,0.9997,0.8546,0.9058,0.9573,0.9997,HIGH,F1_login_count,25.6,F5_on_time_rate,14.6,F4_num_submitted,10.7,17,F1 login count (25.6%) and F5 on time rate (14.6%)
686,OULAD_TEST_0686,1,0.9973,0.2252,0.3041,0.5419,0.9973,HIGH,F1_login_count,24.9,F5_on_time_rate,14.7,F6_inactive_days,11.2,17,F1 login count (24.9%) and F5 on time rate (14.7%)
687,OULAD_TEST_0687,0,0.2515,0.4731,0.3665,0.3512,0.2515,LOW,F13_weeks_since_active,17.0,F1_login_count,14.2,F5_on_time_rate,14.1,11,F13 weeks since active (17.0%) and F1 login count (14.2%)
688,OULAD_TEST_0688,1,0.9927,0.6353,0.8352,0.9392,0.9927,HIGH,F1_login_count,17.8,F4_num_submitted,15.5,F6_inactive_days,14.6,17,F1 login count (17.8%) and F4 num submitted (15.5%)
689,OULAD_TEST_0689,0,0.1918,0.5467,0.511,0.2815,0.1918,LOW,F1_login_count,17.8,F13_weeks_since_active,13.7,F5_on_time_rate,10.5,9,F1 login count (17.8%) and F13 weeks since active (13.7%)
690,OULAD_TEST_0690,0,0.1706,0.385,0.3408,0.2628,0.1706,LOW,F1_login_count,17.1,F4_num_submitted,14.0,F5_on_time_rate,13.4,17,F1 login count (17.1%) and F4 num submitted (14.0%)
691,OULAD_TEST_0691,0,0.2725,0.4172,0.4105,0.3418,0.2725,LOW,F1_login_count,22.4,F5_on_time_rate,16.5,F13_weeks_since_active,12.4,14,F1 login count (22.4%) and F5 on time rate (16.5%)
692,OULAD_TEST_0692,0,0.1938,0.2846,0.1378,0.1623,0.1938,LOW,F1_login_count,19.4,F5_on_time_rate,13.6,F6_inactive_days,11.5,2,F1 login count (19.4%) and F5 on time rate (13.6%)
693,OULAD_TEST_0693,1,0.7588,0.8069,0.7998,0.8428,0.7588,HIGH,F4_num_submitted,14.4,F6_inactive_days,14.3,F1_login_count,13.5,13,F4 num submitted (14.4%) and F6 inactive days (14.3%)
694,OULAD_TEST_0694,1,0.994,0.4322,0.3248,0.421,0.994,HIGH,F1_login_count,25.2,F5_on_time_rate,14.0,F13_weeks_since_active,9.4,17,F1 login count (25.2%) and F5 on time rate (14.0%)
695,OULAD_TEST_0695,1,0.9915,0.3326,0.3759,0.8151,0.9915,HIGH,F1_login_count,17.3,F4_num_submitted,15.2,F6_inactive_days,14.8,17,F1 login count (17.3%) and F4 num submitted (15.2%)
696,OULAD_TEST_0696,0,0.0804,0.4652,0.2881,0.1482,0.0804,LOW,F1_login_count,21.4,F6_inactive_days,11.6,F4_num_submitted,11.6,11,F1 login count (21.4%) and F6 inactive days (11.6%)
697,OULAD_TEST_0697,0,0.0464,0.4939,0.3462,0.2529,0.0464,LOW,F13_weeks_since_active,13.7,F4_num_submitted,11.4,F1_login_count,11.3,4,F13 weeks since active (13.7%) and F4 num submitted (11.4%)
698,OULAD_TEST_0698,0,0.2624,0.391,0.2543,0.3632,0.2624,LOW,F1_login_count,24.5,F6_inactive_days,13.6,F4_num_submitted,12.9,7,F1 login count (24.5%) and F6 inactive days (13.6%)
699,OULAD_TEST_0699,1,0.9986,0.4124,0.6404,0.6362,0.9986,HIGH,F1_login_count,19.8,F6_inactive_days,15.6,F4_num_submitted,15.6,17,F1 login count (19.8%) and F6 inactive days (15.6%)
700,OULAD_TEST_0700,1,0.6456,0.7761,0.8605,0.7431,0.6456,MEDIUM,F1_login_count,18.3,F6_inactive_days,13.4,F4_num_submitted,11.3,13,F1 login count (18.3%) and F6 inactive days (13.4%)
701,OULAD_TEST_0701,1,0.5112,0.6172,0.727,0.7208,0.5112,MEDIUM,F1_login_count,21.2,F5_on_time_rate,14.6,F13_weeks_since_active,11.3,14,F1 login count (21.2%) and F5 on time rate (14.6%)
702,OULAD_TEST_0702,1,0.8422,0.8368,0.8627,0.8981,0.8422,HIGH,F1_login_count,20.2,F4_num_submitted,15.3,F6_inactive_days,14.6,14,F1 login count (20.2%) and F4 num submitted (15.3%)
703,OULAD_TEST_0703,1,0.8017,0.7821,0.9218,0.9133,0.8017,HIGH,F1_login_count,16.4,F4_num_submitted,12.8,F6_inactive_days,12.5,13,F1 login count (16.4%) and F4 num submitted (12.8%)
704,OULAD_TEST_0704,0,0.332,0.4178,0.2232,0.203,0.332,LOW,F1_login_count,25.1,F5_on_time_rate,14.9,F6_inactive_days,9.8,6,F1 login count (25.1%) and F5 on time rate (14.9%)
705,OULAD_TEST_0705,0,0.2995,0.5293,0.302,0.2615,0.2995,LOW,F1_login_count,19.3,F13_weeks_since_active,12.9,F5_on_time_rate,11.2,8,F1 login count (19.3%) and F13 weeks since active (12.9%)
706,OULAD_TEST_0706,0,0.8581,0.5556,0.4031,0.4535,0.8581,HIGH,F1_login_count,22.0,F4_num_submitted,15.1,F6_inactive_days,15.0,17,F1 login count (22.0%) and F4 num submitted (15.1%)
707,OULAD_TEST_0707,1,0.999,0.4663,0.6782,0.7753,0.999,HIGH,F1_login_count,23.4,F5_on_time_rate,14.4,F6_inactive_days,12.9,17,F1 login count (23.4%) and F5 on time rate (14.4%)
708,OULAD_TEST_0708,1,0.5587,0.4125,0.3913,0.8722,0.5587,MEDIUM,F1_login_count,16.8,F6_inactive_days,14.3,F4_num_submitted,13.9,15,F1 login count (16.8%) and F6 inactive days (14.3%)
709,OULAD_TEST_0709,0,0.3031,0.6484,0.4157,0.5254,0.3031,LOW,F1_login_count,19.6,F13_weeks_since_active,13.2,F5_on_time_rate,13.2,6,F1 login count (19.6%) and F13 weeks since active (13.2%)
710,OULAD_TEST_0710,0,0.1332,0.2838,0.2988,0.1586,0.1332,LOW,F1_login_count,18.9,F6_inactive_days,14.1,F4_num_submitted,12.7,1,F1 login count (18.9%) and F6 inactive days (14.1%)
711,OULAD_TEST_0711,0,0.0998,0.3552,0.388,0.1831,0.0998,LOW,F1_login_count,23.7,F5_on_time_rate,14.2,F6_inactive_days,12.1,14,F1 login count (23.7%) and F5 on time rate (14.2%)
712,OULAD_TEST_0712,1,0.5458,0.6533,0.5537,0.3942,0.5458,MEDIUM,F6_inactive_days,14.1,F1_login_count,13.0,F4_num_submitted,13.0,17,F6 inactive days (14.1%) and F1 login count (13.0%)
713,OULAD_TEST_0713,0,0.2516,0.4138,0.5258,0.4742,0.2516,LOW,F1_login_count,20.4,F5_on_time_rate,12.7,F6_inactive_days,11.6,9,F1 login count (20.4%) and F5 on time rate (12.7%)
714,OULAD_TEST_0714,0,0.1548,0.3955,0.4817,0.4229,0.1548,LOW,F4_num_submitted,13.3,F6_inactive_days,11.9,F13_weeks_since_active,11.2,14,F4 num submitted (13.3%) and F6 inactive days (11.9%)
715,OULAD_TEST_0715,1,0.8199,0.6881,0.7959,0.8111,0.8199,HIGH,F1_login_count,18.8,F6_inactive_days,12.3,F5_on_time_rate,11.9,9,F1 login count (18.8%) and F6 inactive days (12.3%)
716,OULAD_TEST_0716,1,0.6788,0.5889,0.7813,0.7739,0.6788,MEDIUM,F1_login_count,18.4,F5_on_time_rate,11.6,F6_inactive_days,11.0,9,F1 login count (18.4%) and F5 on time rate (11.6%)
717,OULAD_TEST_0717,1,0.6615,0.4794,0.6114,0.5575,0.6615,MEDIUM,F1_login_count,21.9,F5_on_time_rate,13.5,F6_inactive_days,11.2,6,F1 login count (21.9%) and F5 on time rate (13.5%)
718,OULAD_TEST_0718,1,0.9994,0.6936,0.9369,0.9586,0.9994,HIGH,F1_login_count,18.6,F4_num_submitted,15.3,F6_inactive_days,13.9,7,F1 login count (18.6%) and F4 num submitted (15.3%)
719,OULAD_TEST_0719,0,0.4906,0.5239,0.5691,0.4399,0.4906,MEDIUM,F1_login_count,23.8,F5_on_time_rate,14.8,F13_weeks_since_active,10.3,6,F1 login count (23.8%) and F5 on time rate (14.8%)
720,OULAD_TEST_0720,1,0.8095,0.7619,0.8882,0.8748,0.8095,HIGH,F1_login_count,23.7,F5_on_time_rate,12.4,F13_weeks_since_active,10.6,8,F1 login count (23.7%) and F5 on time rate (12.4%)
721,OULAD_TEST_0721,0,0.1453,0.4931,0.3311,0.2351,0.1453,LOW,F1_login_count,20.8,F5_on_time_rate,15.0,F6_inactive_days,14.6,8,F1 login count (20.8%) and F5 on time rate (15.0%)
722,OULAD_TEST_0722,1,0.6179,0.6363,0.6262,0.6114,0.6179,MEDIUM,F1_login_count,25.6,F5_on_time_rate,14.8,F13_weeks_since_active,9.9,8,F1 login count (25.6%) and F5 on time rate (14.8%)
723,OULAD_TEST_0723,0,0.5033,0.8038,0.6831,0.557,0.5033,MEDIUM,F1_login_count,18.7,F5_on_time_rate,13.2,F6_inactive_days,11.5,7,F1 login count (18.7%) and F5 on time rate (13.2%)
724,OULAD_TEST_0724,0,0.1016,0.3459,0.3581,0.1511,0.1016,LOW,F1_login_count,24.4,F5_on_time_rate,12.6,F4_num_submitted,11.9,5,F1 login count (24.4%) and F5 on time rate (12.6%)
725,OULAD_TEST_0725,1,0.5922,0.5289,0.3963,0.4636,0.5922,MEDIUM,F1_login_count,22.2,F5_on_time_rate,11.0,F6_inactive_days,10.6,6,F1 login count (22.2%) and F5 on time rate (11.0%)
726,OULAD_TEST_0726,0,0.0699,0.3115,0.2248,0.169,0.0699,LOW,F1_login_count,18.2,F6_inactive_days,15.4,F4_num_submitted,14.0,1,F1 login count (18.2%) and F6 inactive days (15.4%)
727,OULAD_TEST_0727,0,0.4262,0.4795,0.4781,0.5891,0.4262,MEDIUM,F1_login_count,25.1,F5_on_time_rate,14.1,F13_weeks_since_active,9.9,7,F1 login count (25.1%) and F5 on time rate (14.1%)
728,OULAD_TEST_0728,0,0.6288,0.5319,0.8089,0.6013,0.6288,MEDIUM,F1_login_count,22.7,F5_on_time_rate,14.9,F13_weeks_since_active,10.7,16,F1 login count (22.7%) and F5 on time rate (14.9%)
729,OULAD_TEST_0729,0,0.2104,0.4794,0.2308,0.2312,0.2104,LOW,F1_login_count,21.7,F5_on_time_rate,15.1,F13_weeks_since_active,9.8,6,F1 login count (21.7%) and F5 on time rate (15.1%)
730,OULAD_TEST_0730,1,0.9981,0.3955,0.3627,0.6153,0.9981,HIGH,F1_login_count,25.9,F5_on_time_rate,14.1,F6_inactive_days,8.7,17,F1 login count (25.9%) and F5 on time rate (14.1%)
731,OULAD_TEST_0731,1,0.6047,0.3521,0.5779,0.4901,0.6047,MEDIUM,F1_login_count,20.0,F6_inactive_days,13.7,F4_num_submitted,13.3,15,F1 login count (20.0%) and F6 inactive days (13.7%)
732,OULAD_TEST_0732,0,0.5054,0.5458,0.2183,0.2918,0.5054,MEDIUM,F1_login_count,22.9,F4_num_submitted,14.6,F6_inactive_days,14.6,17,F1 login count (22.9%) and F4 num submitted (14.6%)
733,OULAD_TEST_0733,0,0.5618,0.3676,0.1739,0.1462,0.5618,MEDIUM,F1_login_count,24.2,F5_on_time_rate,11.9,F6_inactive_days,10.7,8,F1 login count (24.2%) and F5 on time rate (11.9%)
734,OULAD_TEST_0734,0,0.6703,0.7373,0.6135,0.5976,0.6703,MEDIUM,F1_login_count,23.1,F5_on_time_rate,14.7,F13_weeks_since_active,11.7,5,F1 login count (23.1%) and F5 on time rate (14.7%)
735,OULAD_TEST_0735,0,0.0194,0.4479,0.3305,0.0684,0.0194,LOW,F13_weeks_since_active,15.7,F1_login_count,14.1,F7_score_change,10.0,7,F13 weeks since active (15.7%) and F1 login count (14.1%)
736,OULAD_TEST_0736,1,0.9086,0.64,0.2451,0.4705,0.9086,HIGH,F1_login_count,20.3,F4_num_submitted,12.6,F6_inactive_days,12.3,12,F1 login count (20.3%) and F4 num submitted (12.6%)
737,OULAD_TEST_0737,1,0.8823,0.3426,0.317,0.4794,0.8823,HIGH,F1_login_count,17.4,F4_num_submitted,16.1,F6_inactive_days,16.1,17,F1 login count (17.4%) and F4 num submitted (16.1%)
738,OULAD_TEST_0738,0,0.2409,0.3272,0.414,0.4403,0.2409,LOW,F6_inactive_days,15.1,F1_login_count,14.8,F4_num_submitted,14.7,16,F6 inactive days (15.1%) and F1 login count (14.8%)
739,OULAD_TEST_0739,0,0.427,0.3736,0.2128,0.3307,0.427,MEDIUM,F1_login_count,24.8,F6_inactive_days,13.4,F5_on_time_rate,13.0,17,F1 login count (24.8%) and F6 inactive days (13.4%)
740,OULAD_TEST_0740,0,0.0691,0.3674,0.1745,0.3846,0.0691,LOW,F1_login_count,15.5,F6_inactive_days,15.0,F4_num_submitted,14.4,1,F1 login count (15.5%) and F6 inactive days (15.0%)
741,OULAD_TEST_0741,1,0.7611,0.2925,0.4632,0.4402,0.7611,HIGH,F1_login_count,18.7,F6_inactive_days,14.9,F4_num_submitted,14.0,17,F1 login count (18.7%) and F6 inactive days (14.9%)
742,OULAD_TEST_0742,0,0.4677,0.8424,0.7678,0.7187,0.4677,MEDIUM,F1_login_count,18.6,F5_on_time_rate,14.1,F6_inactive_days,13.3,9,F1 login count (18.6%) and F5 on time rate (14.1%)
743,OULAD_TEST_0743,1,0.6755,0.4628,0.499,0.4108,0.6755,MEDIUM,F1_login_count,20.2,F4_num_submitted,15.3,F6_inactive_days,15.1,11,F1 login count (20.2%) and F4 num submitted (15.3%)
744,OULAD_TEST_0744,0,0.7549,0.6423,0.7871,0.8531,0.7549,HIGH,F1_login_count,16.6,F6_inactive_days,14.1,F4_num_submitted,14.0,15,F1 login count (16.6%) and F6 inactive days (14.1%)
745,OULAD_TEST_0745,0,0.0662,0.2185,0.1472,0.2392,0.0662,LOW,F6_inactive_days,13.7,F4_num_submitted,13.4,F13_weeks_since_active,12.1,1,F6 inactive days (13.7%) and F4 num submitted (13.4%)
746,OULAD_TEST_0746,0,0.0601,0.4455,0.256,0.1973,0.0601,LOW,F1_login_count,14.6,F13_weeks_since_active,11.9,F4_num_submitted,11.5,5,F1 login count (14.6%) and F13 weeks since active (11.9%)
747,OULAD_TEST_0747,1,0.0353,0.2041,0.1112,0.2052,0.0353,LOW,F13_weeks_since_active,14.6,F4_num_submitted,10.7,F6_inactive_days,10.4,1,F13 weeks since active (14.6%) and F4 num submitted (10.7%)
748,OULAD_TEST_0748,0,0.071,0.3721,0.1833,0.0648,0.071,LOW,F1_login_count,22.0,F6_inactive_days,13.0,F4_num_submitted,12.4,7,F1 login count (22.0%) and F6 inactive days (13.0%)
749,OULAD_TEST_0749,0,0.1484,0.3296,0.1718,0.2956,0.1484,LOW,F4_num_submitted,14.5,F6_inactive_days,13.7,F5_on_time_rate,12.2,1,F4 num submitted (14.5%) and F6 inactive days (13.7%)
750,OULAD_TEST_0750,1,0.9995,0.3312,0.2386,0.9038,0.9995,HIGH,F1_login_count,25.6,F4_num_submitted,13.4,F6_inactive_days,13.2,17,F1 login count (25.6%) and F4 num submitted (13.4%)
751,OULAD_TEST_0751,0,0.2738,0.6144,0.4337,0.3452,0.2738,LOW,F6_inactive_days,15.2,F1_login_count,14.6,F4_num_submitted,14.4,10,F6 inactive days (15.2%) and F1 login count (14.6%)
752,OULAD_TEST_0752,0,0.04,0.3866,0.1137,0.0498,0.04,LOW,F1_login_count,16.8,F6_inactive_days,12.0,F4_num_submitted,11.5,1,F1 login count (16.8%) and F6 inactive days (12.0%)
753,OULAD_TEST_0753,0,0.1748,0.4339,0.269,0.223,0.1748,LOW,F1_login_count,15.8,F6_inactive_days,14.0,F4_num_submitted,13.3,16,F1 login count (15.8%) and F6 inactive days (14.0%)
754,OULAD_TEST_0754,0,0.0575,0.4534,0.1498,0.1155,0.0575,LOW,F1_login_count,19.3,F6_inactive_days,12.9,F4_num_submitted,12.4,5,F1 login count (19.3%) and F6 inactive days (12.9%)
755,OULAD_TEST_0755,0,0.0218,0.3553,0.2143,0.0626,0.0218,LOW,F4_num_submitted,15.9,F6_inactive_days,14.8,F5_on_time_rate,12.7,2,F4 num submitted (15.9%) and F6 inactive days (14.8%)
756,OULAD_TEST_0756,1,0.7539,0.5042,0.4865,0.8432,0.7539,HIGH,F1_login_count,23.1,F6_inactive_days,13.7,F4_num_submitted,13.6,10,F1 login count (23.1%) and F6 inactive days (13.7%)
757,OULAD_TEST_0757,0,0.085,0.4807,0.3129,0.0885,0.085,LOW,F1_login_count,19.0,F6_inactive_days,15.5,F4_num_submitted,14.0,10,F1 login count (19.0%) and F6 inactive days (15.5%)
758,OULAD_TEST_0758,1,0.7608,0.3651,0.6622,0.6782,0.7608,HIGH,F1_login_count,19.4,F4_num_submitted,14.5,F6_inactive_days,14.0,11,F1 login count (19.4%) and F4 num submitted (14.5%)
759,OULAD_TEST_0759,1,0.9905,0.3877,0.8485,0.9059,0.9905,HIGH,F1_login_count,18.6,F6_inactive_days,13.7,F4_num_submitted,12.7,13,F1 login count (18.6%) and F6 inactive days (13.7%)
760,OULAD_TEST_0760,0,0.0476,0.4069,0.127,0.0769,0.0476,LOW,F1_login_count,22.0,F5_on_time_rate,14.0,F6_inactive_days,11.3,5,F1 login count (22.0%) and F5 on time rate (14.0%)
761,OULAD_TEST_0761,0,0.1707,0.4772,0.433,0.2768,0.1707,LOW,F1_login_count,22.1,F5_on_time_rate,16.1,F13_weeks_since_active,12.5,6,F1 login count (22.1%) and F5 on time rate (16.1%)
762,OULAD_TEST_0762,0,0.2261,0.4903,0.3247,0.2095,0.2261,LOW,F1_login_count,25.7,F5_on_time_rate,15.3,F6_inactive_days,9.9,7,F1 login count (25.7%) and F5 on time rate (15.3%)
763,OULAD_TEST_0763,1,0.7187,0.6276,0.6432,0.5895,0.7187,HIGH,F1_login_count,20.6,F6_inactive_days,11.7,F5_on_time_rate,11.0,8,F1 login count (20.6%) and F6 inactive days (11.7%)
764,OULAD_TEST_0764,0,0.8727,0.7143,0.6489,0.7749,0.8727,HIGH,F1_login_count,19.2,F4_num_submitted,16.0,F6_inactive_days,15.9,13,F1 login count (19.2%) and F4 num submitted (16.0%)
765,OULAD_TEST_0765,1,0.5565,0.3196,0.318,0.7537,0.5565,MEDIUM,F1_login_count,20.3,F6_inactive_days,11.8,F4_num_submitted,10.5,17,F1 login count (20.3%) and F6 inactive days (11.8%)
766,OULAD_TEST_0766,0,0.2069,0.3657,0.2548,0.5129,0.2069,LOW,F1_login_count,25.2,F6_inactive_days,13.8,F4_num_submitted,13.5,13,F1 login count (25.2%) and F6 inactive days (13.8%)
767,OULAD_TEST_0767,0,0.6951,0.7816,0.6567,0.483,0.6951,MEDIUM,F1_login_count,17.2,F6_inactive_days,16.2,F4_num_submitted,15.8,10,F1 login count (17.2%) and F6 inactive days (16.2%)
768,OULAD_TEST_0768,0,0.2414,0.4932,0.4369,0.4359,0.2414,LOW,F1_login_count,15.8,F5_on_time_rate,14.8,F6_inactive_days,12.5,9,F1 login count (15.8%) and F5 on time rate (14.8%)
769,OULAD_TEST_0769,0,0.1664,0.4096,0.239,0.5535,0.1664,LOW,F1_login_count,18.1,F6_inactive_days,15.0,F4_num_submitted,14.1,14,F1 login count (18.1%) and F6 inactive days (15.0%)
770,OULAD_TEST_0770,1,0.9915,0.805,0.8069,0.9484,0.9915,HIGH,F1_login_count,22.3,F13_weeks_since_active,12.9,F6_inactive_days,12.5,13,F1 login count (22.3%) and F13 weeks since active (12.9%)
771,OULAD_TEST_0771,0,0.8903,0.6588,0.7673,0.8632,0.8903,HIGH,F1_login_count,19.8,F6_inactive_days,13.6,F4_num_submitted,13.4,13,F1 login count (19.8%) and F6 inactive days (13.6%)
772,OULAD_TEST_0772,1,0.6671,0.7105,0.5944,0.6207,0.6671,MEDIUM,F1_login_count,15.2,F6_inactive_days,14.6,F4_num_submitted,14.1,16,F1 login count (15.2%) and F6 inactive days (14.6%)
773,OULAD_TEST_0773,0,0.5622,0.6419,0.536,0.5648,0.5622,MEDIUM,F1_login_count,14.0,F6_inactive_days,13.2,F4_num_submitted,12.9,13,F1 login count (14.0%) and F6 inactive days (13.2%)
774,OULAD_TEST_0774,1,0.7377,0.4671,0.7739,0.6801,0.7377,HIGH,F6_inactive_days,17.0,F4_num_submitted,16.2,F1_login_count,14.5,15,F6 inactive days (17.0%) and F4 num submitted (16.2%)
775,OULAD_TEST_0775,0,0.4449,0.5183,0.4216,0.4713,0.4449,MEDIUM,F1_login_count,28.8,F5_on_time_rate,16.9,F2_vle_clicks,9.9,5,F1 login count (28.8%) and F5 on time rate (16.9%)
776,OULAD_TEST_0776,0,0.2167,0.3969,0.2361,0.3226,0.2167,LOW,F1_login_count,19.1,F6_inactive_days,12.2,F4_num_submitted,12.0,7,F1 login count (19.1%) and F6 inactive days (12.2%)
777,OULAD_TEST_0777,0,0.1724,0.4665,0.307,0.3168,0.1724,LOW,F1_login_count,20.0,F5_on_time_rate,12.0,F4_num_submitted,11.2,5,F1 login count (20.0%) and F5 on time rate (12.0%)
778,OULAD_TEST_0778,0,0.8869,0.5516,0.7426,0.7431,0.8869,HIGH,F1_login_count,17.3,F6_inactive_days,15.4,F4_num_submitted,15.4,9,F1 login count (17.3%) and F6 inactive days (15.4%)
779,OULAD_TEST_0779,0,0.8656,0.8269,0.6235,0.6636,0.8656,HIGH,F1_login_count,21.5,F6_inactive_days,10.8,F5_on_time_rate,10.5,10,F1 login count (21.5%) and F6 inactive days (10.8%)
780,OULAD_TEST_0780,0,0.0574,0.3168,0.3743,0.3475,0.0574,LOW,F13_weeks_since_active,13.2,F4_num_submitted,11.6,F6_inactive_days,9.7,14,F13 weeks since active (13.2%) and F4 num submitted (11.6%)
781,OULAD_TEST_0781,1,0.9976,0.8487,0.8831,0.9321,0.9976,HIGH,F1_login_count,22.3,F4_num_submitted,12.7,F6_inactive_days,12.1,6,F1 login count (22.3%) and F4 num submitted (12.7%)
782,OULAD_TEST_0782,0,0.1032,0.5847,0.1429,0.0789,0.1032,LOW,F4_num_submitted,16.0,F6_inactive_days,16.0,F13_weeks_since_active,11.1,8,F4 num submitted (16.0%) and F6 inactive days (16.0%)
783,OULAD_TEST_0783,0,0.3112,0.4309,0.4633,0.4668,0.3112,LOW,F1_login_count,16.3,F13_weeks_since_active,14.0,F5_on_time_rate,13.7,7,F1 login count (16.3%) and F13 weeks since active (14.0%)
784,OULAD_TEST_0784,0,0.4352,0.547,0.5624,0.6712,0.4352,MEDIUM,F1_login_count,27.3,F5_on_time_rate,14.2,F6_inactive_days,11.6,6,F1 login count (27.3%) and F5 on time rate (14.2%)
785,OULAD_TEST_0785,0,0.4469,0.8435,0.8892,0.8812,0.4469,MEDIUM,F1_login_count,17.4,F4_num_submitted,15.4,F6_inactive_days,15.3,9,F1 login count (17.4%) and F4 num submitted (15.4%)
786,OULAD_TEST_0786,0,0.381,0.3899,0.3067,0.2623,0.381,LOW,F1_login_count,15.3,F6_inactive_days,14.1,F4_num_submitted,13.2,16,F1 login count (15.3%) and F6 inactive days (14.1%)
787,OULAD_TEST_0787,0,0.2182,0.626,0.5097,0.4474,0.2182,LOW,F1_login_count,18.9,F5_on_time_rate,14.1,F6_inactive_days,12.7,8,F1 login count (18.9%) and F5 on time rate (14.1%)
788,OULAD_TEST_0788,1,0.8506,0.8443,0.7723,0.6882,0.8506,HIGH,F1_login_count,21.8,F5_on_time_rate,13.7,F4_num_submitted,11.5,5,F1 login count (21.8%) and F5 on time rate (13.7%)
789,OULAD_TEST_0789,0,0.2965,0.6301,0.5352,0.5199,0.2965,LOW,F1_login_count,15.5,F5_on_time_rate,13.3,F13_weeks_since_active,13.2,12,F1 login count (15.5%) and F5 on time rate (13.3%)
790,OULAD_TEST_0790,1,0.5314,0.4814,0.7555,0.6535,0.5314,MEDIUM,F1_login_count,23.2,F5_on_time_rate,14.5,F6_inactive_days,11.3,8,F1 login count (23.2%) and F5 on time rate (14.5%)
791,OULAD_TEST_0791,0,0.6271,0.8134,0.7094,0.836,0.6271,MEDIUM,F1_login_count,16.4,F5_on_time_rate,14.1,F4_num_submitted,13.5,14,F1 login count (16.4%) and F5 on time rate (14.1%)
792,OULAD_TEST_0792,0,0.2641,0.3163,0.4526,0.5902,0.2641,LOW,F1_login_count,23.7,F5_on_time_rate,14.2,F6_inactive_days,11.9,13,F1 login count (23.7%) and F5 on time rate (14.2%)
793,OULAD_TEST_0793,0,0.4134,0.468,0.2989,0.2188,0.4134,MEDIUM,F1_login_count,19.3,F4_num_submitted,11.2,F6_inactive_days,11.0,5,F1 login count (19.3%) and F4 num submitted (11.2%)
794,OULAD_TEST_0794,0,0.4769,0.2233,0.1416,0.2712,0.4769,MEDIUM,F1_login_count,21.9,F5_on_time_rate,11.8,F6_inactive_days,11.6,16,F1 login count (21.9%) and F5 on time rate (11.8%)
795,OULAD_TEST_0795,0,0.164,0.3858,0.2717,0.4009,0.164,LOW,F1_login_count,20.3,F6_inactive_days,14.8,F4_num_submitted,13.9,13,F1 login count (20.3%) and F6 inactive days (14.8%)
796,OULAD_TEST_0796,0,0.191,0.6199,0.4174,0.4224,0.191,LOW,F1_login_count,15.4,F13_weeks_since_active,13.1,F4_num_submitted,10.7,9,F1 login count (15.4%) and F13 weeks since active (13.1%)
797,OULAD_TEST_0797,0,0.5161,0.659,0.616,0.5548,0.5161,MEDIUM,F1_login_count,25.4,F5_on_time_rate,14.1,F6_inactive_days,10.8,7,F1 login count (25.4%) and F5 on time rate (14.1%)
798,OULAD_TEST_0798,1,0.7915,0.7396,0.7862,0.5466,0.7915,HIGH,F1_login_count,21.5,F6_inactive_days,14.2,F4_num_submitted,13.9,16,F1 login count (21.5%) and F6 inactive days (14.2%)
799,OULAD_TEST_0799,0,0.4585,0.4737,0.4494,0.4187,0.4585,MEDIUM,F6_inactive_days,16.9,F4_num_submitted,15.6,F1_login_count,13.1,13,F6 inactive days (16.9%) and F4 num submitted (15.6%)
800,OULAD_TEST_0800,0,0.2498,0.5515,0.5676,0.5085,0.2498,LOW,F1_login_count,23.5,F5_on_time_rate,16.0,F6_inactive_days,10.1,8,F1 login count (23.5%) and F5 on time rate (16.0%)
801,OULAD_TEST_0801,0,0.1042,0.3734,0.1518,0.1844,0.1042,LOW,F1_login_count,21.4,F6_inactive_days,15.5,F4_num_submitted,15.2,1,F1 login count (21.4%) and F6 inactive days (15.5%)
802,OULAD_TEST_0802,1,0.9791,0.6455,0.9217,0.9423,0.9791,HIGH,F1_login_count,23.1,F5_on_time_rate,13.3,F13_weeks_since_active,8.2,15,F1 login count (23.1%) and F5 on time rate (13.3%)
803,OULAD_TEST_0803,0,0.1299,0.3609,0.2317,0.0994,0.1299,LOW,F1_login_count,22.5,F6_inactive_days,13.0,F4_num_submitted,13.0,17,F1 login count (22.5%) and F6 inactive days (13.0%)
804,OULAD_TEST_0804,0,0.766,0.4207,0.3551,0.4951,0.766,HIGH,F4_num_submitted,16.9,F6_inactive_days,16.8,F1_login_count,16.7,17,F4 num submitted (16.9%) and F6 inactive days (16.8%)
805,OULAD_TEST_0805,0,0.7644,0.8686,0.7895,0.8034,0.7644,HIGH,F1_login_count,23.4,F5_on_time_rate,13.0,F6_inactive_days,12.3,8,F1 login count (23.4%) and F5 on time rate (13.0%)
806,OULAD_TEST_0806,0,0.0321,0.3101,0.2341,0.0895,0.0321,LOW,F1_login_count,16.5,F6_inactive_days,15.1,F4_num_submitted,14.7,1,F1 login count (16.5%) and F6 inactive days (15.1%)
807,OULAD_TEST_0807,1,0.8915,0.7739,0.8965,0.9168,0.8915,HIGH,F1_login_count,24.1,F5_on_time_rate,13.4,F13_weeks_since_active,9.5,14,F1 login count (24.1%) and F5 on time rate (13.4%)
808,OULAD_TEST_0808,0,0.0534,0.2847,0.1788,0.0418,0.0534,LOW,F1_login_count,20.8,F4_num_submitted,14.3,F6_inactive_days,14.1,8,F1 login count (20.8%) and F4 num submitted (14.3%)
809,OULAD_TEST_0809,0,0.1627,0.5181,0.5179,0.4978,0.1627,LOW,F13_weeks_since_active,16.3,F6_inactive_days,12.7,F4_num_submitted,12.4,15,F13 weeks since active (16.3%) and F6 inactive days (12.7%)
810,OULAD_TEST_0810,0,0.2579,0.5075,0.3935,0.3552,0.2579,LOW,F1_login_count,21.1,F5_on_time_rate,14.3,F6_inactive_days,9.7,8,F1 login count (21.1%) and F5 on time rate (14.3%)
811,OULAD_TEST_0811,1,0.9959,0.4895,0.7809,0.6962,0.9959,HIGH,F1_login_count,23.5,F5_on_time_rate,13.2,F13_weeks_since_active,13.0,9,F1 login count (23.5%) and F5 on time rate (13.2%)
812,OULAD_TEST_0812,0,0.0481,0.2499,0.2352,0.1229,0.0481,LOW,F1_login_count,13.3,F13_weeks_since_active,11.7,F5_on_time_rate,11.5,1,F1 login count (13.3%) and F13 weeks since active (11.7%)
813,OULAD_TEST_0813,0,0.1289,0.5099,0.3764,0.36,0.1289,LOW,F6_inactive_days,16.1,F4_num_submitted,15.9,F13_weeks_since_active,12.3,16,F6 inactive days (16.1%) and F4 num submitted (15.9%)
814,OULAD_TEST_0814,1,0.9977,0.5036,0.5096,0.8692,0.9977,HIGH,F1_login_count,27.6,F5_on_time_rate,13.4,F6_inactive_days,12.3,13,F1 login count (27.6%) and F5 on time rate (13.4%)
815,OULAD_TEST_0815,0,0.0186,0.2583,0.1032,0.0532,0.0186,LOW,F1_login_count,21.1,F5_on_time_rate,11.7,F6_inactive_days,10.6,8,F1 login count (21.1%) and F5 on time rate (11.7%)
816,OULAD_TEST_0816,0,0.5643,0.6569,0.6313,0.5712,0.5643,MEDIUM,F1_login_count,18.4,F13_weeks_since_active,13.0,F5_on_time_rate,12.4,9,F1 login count (18.4%) and F13 weeks since active (13.0%)
817,OULAD_TEST_0817,0,0.262,0.455,0.4385,0.3794,0.262,LOW,F1_login_count,21.8,F5_on_time_rate,16.2,F13_weeks_since_active,12.9,6,F1 login count (21.8%) and F5 on time rate (16.2%)
818,OULAD_TEST_0818,1,0.6,0.5786,0.7361,0.8029,0.6,MEDIUM,F1_login_count,23.5,F5_on_time_rate,13.3,F6_inactive_days,10.8,9,F1 login count (23.5%) and F5 on time rate (13.3%)
819,OULAD_TEST_0819,0,0.3023,0.4993,0.4657,0.459,0.3023,LOW,F13_weeks_since_active,13.8,F4_num_submitted,13.0,F6_inactive_days,12.8,7,F13 weeks since active (13.8%) and F4 num submitted (13.0%)
820,OULAD_TEST_0820,0,0.2315,0.4227,0.4255,0.3786,0.2315,LOW,F1_login_count,20.3,F4_num_submitted,13.9,F5_on_time_rate,13.5,17,F1 login count (20.3%) and F4 num submitted (13.9%)
821,OULAD_TEST_0821,1,0.9938,0.5072,0.5805,0.9048,0.9938,HIGH,F1_login_count,20.9,F6_inactive_days,13.2,F4_num_submitted,12.4,17,F1 login count (20.9%) and F6 inactive days (13.2%)
822,OULAD_TEST_0822,0,0.4578,0.5865,0.4298,0.3115,0.4578,MEDIUM,F1_login_count,24.9,F5_on_time_rate,16.8,F6_inactive_days,10.6,8,F1 login count (24.9%) and F5 on time rate (16.8%)
823,OULAD_TEST_0823,1,0.518,0.4315,0.535,0.571,0.518,MEDIUM,F1_login_count,18.3,F5_on_time_rate,12.0,F6_inactive_days,10.7,17,F1 login count (18.3%) and F5 on time rate (12.0%)
824,OULAD_TEST_0824,0,0.1668,0.4348,0.3804,0.2945,0.1668,LOW,F1_login_count,16.9,F13_weeks_since_active,15.9,F5_on_time_rate,14.8,5,F1 login count (16.9%) and F13 weeks since active (15.9%)
825,OULAD_TEST_0825,0,0.6518,0.3487,0.8632,0.597,0.6518,MEDIUM,F1_login_count,19.9,F6_inactive_days,15.5,F4_num_submitted,14.5,13,F1 login count (19.9%) and F6 inactive days (15.5%)
826,OULAD_TEST_0826,0,0.1191,0.4014,0.2311,0.2497,0.1191,LOW,F4_num_submitted,15.9,F6_inactive_days,15.6,F1_login_count,12.8,1,F4 num submitted (15.9%) and F6 inactive days (15.6%)
827,OULAD_TEST_0827,0,0.2501,0.6244,0.6125,0.4062,0.2501,LOW,F1_login_count,24.0,F5_on_time_rate,13.9,F13_weeks_since_active,11.2,5,F1 login count (24.0%) and F5 on time rate (13.9%)
828,OULAD_TEST_0828,0,0.098,0.2231,0.4122,0.434,0.098,LOW,F4_num_submitted,14.8,F6_inactive_days,14.7,F5_on_time_rate,12.2,13,F4 num submitted (14.8%) and F6 inactive days (14.7%)
829,OULAD_TEST_0829,0,0.5177,0.6009,0.31,0.518,0.5177,MEDIUM,F1_login_count,25.3,F6_inactive_days,12.7,F4_num_submitted,12.1,5,F1 login count (25.3%) and F6 inactive days (12.7%)
830,OULAD_TEST_0830,1,0.98,0.5963,0.6987,0.6041,0.98,HIGH,F1_login_count,19.7,F4_num_submitted,14.2,F6_inactive_days,13.4,17,F1 login count (19.7%) and F4 num submitted (14.2%)
831,OULAD_TEST_0831,0,0.8327,0.7346,0.7294,0.7617,0.8327,HIGH,F1_login_count,20.6,F5_on_time_rate,13.5,F4_num_submitted,11.6,5,F1 login count (20.6%) and F5 on time rate (13.5%)
832,OULAD_TEST_0832,1,0.9998,0.949,0.9866,0.99,0.9998,HIGH,F1_login_count,21.0,F4_num_submitted,15.0,F6_inactive_days,13.9,15,F1 login count (21.0%) and F4 num submitted (15.0%)
833,OULAD_TEST_0833,1,0.2179,0.4896,0.1635,0.3406,0.2179,LOW,F1_login_count,20.6,F6_inactive_days,12.2,F4_num_submitted,11.3,17,F1 login count (20.6%) and F6 inactive days (12.2%)
834,OULAD_TEST_0834,0,0.1002,0.26,0.1299,0.2419,0.1002,LOW,F1_login_count,12.9,F4_num_submitted,11.5,F6_inactive_days,11.4,1,F1 login count (12.9%) and F4 num submitted (11.5%)
835,OULAD_TEST_0835,0,0.7484,0.614,0.539,0.5762,0.7484,HIGH,F1_login_count,24.5,F5_on_time_rate,14.2,F6_inactive_days,10.8,8,F1 login count (24.5%) and F5 on time rate (14.2%)
836,OULAD_TEST_0836,1,0.9975,0.6377,0.6104,0.6343,0.9975,HIGH,F1_login_count,23.5,F5_on_time_rate,14.2,F4_num_submitted,12.8,17,F1 login count (23.5%) and F5 on time rate (14.2%)
837,OULAD_TEST_0837,1,0.4968,0.4735,0.6425,0.6138,0.4968,MEDIUM,F1_login_count,20.5,F6_inactive_days,12.6,F5_on_time_rate,12.3,12,F1 login count (20.5%) and F6 inactive days (12.6%)
838,OULAD_TEST_0838,0,0.0212,0.2539,0.1442,0.0435,0.0212,LOW,F6_inactive_days,13.0,F1_login_count,12.9,F4_num_submitted,12.0,1,F6 inactive days (13.0%) and F1 login count (12.9%)
839,OULAD_TEST_0839,0,0.4759,0.3659,0.7138,0.3901,0.4759,MEDIUM,F1_login_count,19.8,F6_inactive_days,11.4,F4_num_submitted,10.8,14,F1 login count (19.8%) and F6 inactive days (11.4%)
840,OULAD_TEST_0840,0,0.1066,0.3974,0.1546,0.163,0.1066,LOW,F1_login_count,23.4,F6_inactive_days,12.8,F4_num_submitted,12.2,1,F1 login count (23.4%) and F6 inactive days (12.8%)
841,OULAD_TEST_0841,0,0.0563,0.3034,0.1701,0.0812,0.0563,LOW,F1_login_count,17.2,F6_inactive_days,15.9,F4_num_submitted,15.2,1,F1 login count (17.2%) and F6 inactive days (15.9%)
842,OULAD_TEST_0842,0,0.0852,0.4271,0.4987,0.5062,0.0852,LOW,F1_login_count,20.0,F6_inactive_days,14.7,F4_num_submitted,14.3,13,F1 login count (20.0%) and F6 inactive days (14.7%)
843,OULAD_TEST_0843,1,0.7903,0.3898,0.4136,0.4795,0.7903,HIGH,F1_login_count,22.3,F4_num_submitted,12.4,F5_on_time_rate,12.4,8,F1 login count (22.3%) and F4 num submitted (12.4%)
844,OULAD_TEST_0844,1,0.9809,0.5201,0.5231,0.5411,0.9809,HIGH,F1_login_count,24.1,F4_num_submitted,11.3,F5_on_time_rate,11.2,9,F1 login count (24.1%) and F4 num submitted (11.3%)
845,OULAD_TEST_0845,1,0.5223,0.6396,0.444,0.4745,0.5223,MEDIUM,F1_login_count,21.0,F5_on_time_rate,12.1,F4_num_submitted,11.6,5,F1 login count (21.0%) and F5 on time rate (12.1%)
846,OULAD_TEST_0846,0,0.3815,0.6169,0.6564,0.6242,0.3815,LOW,F1_login_count,14.1,F4_num_submitted,13.3,F6_inactive_days,12.7,17,F1 login count (14.1%) and F4 num submitted (13.3%)
847,OULAD_TEST_0847,0,0.417,0.397,0.8484,0.73,0.417,MEDIUM,F1_login_count,16.9,F5_on_time_rate,13.3,F6_inactive_days,12.5,14,F1 login count (16.9%) and F5 on time rate (13.3%)
848,OULAD_TEST_0848,1,0.9995,0.3205,0.539,0.8944,0.9995,HIGH,F1_login_count,21.2,F5_on_time_rate,14.5,F4_num_submitted,13.6,15,F1 login count (21.2%) and F5 on time rate (14.5%)
849,OULAD_TEST_0849,0,0.4597,0.7674,0.5212,0.316,0.4597,MEDIUM,F1_login_count,20.9,F5_on_time_rate,11.5,F13_weeks_since_active,10.9,9,F1 login count (20.9%) and F5 on time rate (11.5%)
850,OULAD_TEST_0850,0,0.0385,0.4972,0.1514,0.1315,0.0385,LOW,F6_inactive_days,16.2,F4_num_submitted,15.4,F5_on_time_rate,9.5,4,F6 inactive days (16.2%) and F4 num submitted (15.4%)
851,OULAD_TEST_0851,1,0.6452,0.5359,0.6014,0.6754,0.6452,MEDIUM,F4_num_submitted,17.2,F6_inactive_days,17.1,F1_login_count,16.3,12,F4 num submitted (17.2%) and F6 inactive days (17.1%)
852,OULAD_TEST_0852,1,0.8836,0.6452,0.5391,0.6378,0.8836,HIGH,F1_login_count,24.4,F5_on_time_rate,12.8,F4_num_submitted,11.2,8,F1 login count (24.4%) and F5 on time rate (12.8%)
853,OULAD_TEST_0853,0,0.2382,0.4932,0.4136,0.4652,0.2382,LOW,F13_weeks_since_active,16.4,F1_login_count,14.9,F5_on_time_rate,11.8,7,F13 weeks since active (16.4%) and F1 login count (14.9%)
854,OULAD_TEST_0854,0,0.0624,0.3705,0.2538,0.2464,0.0624,LOW,F13_weeks_since_active,13.4,F1_login_count,12.8,F6_inactive_days,12.2,7,F13 weeks since active (13.4%) and F1 login count (12.8%)
855,OULAD_TEST_0855,1,0.7669,0.7045,0.8566,0.8515,0.7669,HIGH,F1_login_count,18.8,F6_inactive_days,10.4,F5_on_time_rate,9.0,11,F1 login count (18.8%) and F6 inactive days (10.4%)
856,OULAD_TEST_0856,0,0.085,0.552,0.3158,0.1447,0.085,LOW,F1_login_count,19.8,F13_weeks_since_active,11.4,F6_inactive_days,11.1,6,F1 login count (19.8%) and F13 weeks since active (11.4%)
857,OULAD_TEST_0857,1,0.9831,0.6888,0.8147,0.8242,0.9831,HIGH,F1_login_count,20.3,F4_num_submitted,14.8,F6_inactive_days,14.3,9,F1 login count (20.3%) and F4 num submitted (14.8%)
858,OULAD_TEST_0858,0,0.0805,0.3192,0.203,0.3288,0.0805,LOW,F1_login_count,14.7,F5_on_time_rate,13.1,F6_inactive_days,12.4,1,F1 login count (14.7%) and F5 on time rate (13.1%)
859,OULAD_TEST_0859,0,0.0648,0.4349,0.1754,0.2233,0.0648,LOW,F1_login_count,23.7,F6_inactive_days,13.0,F5_on_time_rate,12.3,7,F1 login count (23.7%) and F6 inactive days (13.0%)
860,OULAD_TEST_0860,1,0.4487,0.3752,0.6945,0.6303,0.4487,MEDIUM,F1_login_count,19.9,F5_on_time_rate,13.7,F6_inactive_days,12.1,14,F1 login count (19.9%) and F5 on time rate (13.7%)
861,OULAD_TEST_0861,0,0.4406,0.5984,0.5013,0.5593,0.4406,MEDIUM,F1_login_count,28.1,F5_on_time_rate,15.0,F6_inactive_days,10.6,7,F1 login count (28.1%) and F5 on time rate (15.0%)
862,OULAD_TEST_0862,0,0.2835,0.4437,0.4072,0.3105,0.2835,LOW,F1_login_count,17.7,F13_weeks_since_active,16.4,F5_on_time_rate,14.5,6,F1 login count (17.7%) and F13 weeks since active (16.4%)
863,OULAD_TEST_0863,0,0.5425,0.6821,0.8449,0.87,0.5425,MEDIUM,F1_login_count,20.5,F6_inactive_days,13.4,F4_num_submitted,12.1,8,F1 login count (20.5%) and F6 inactive days (13.4%)
864,OULAD_TEST_0864,0,0.0879,0.3982,0.1829,0.1443,0.0879,LOW,F1_login_count,22.3,F6_inactive_days,13.9,F4_num_submitted,13.5,7,F1 login count (22.3%) and F6 inactive days (13.9%)
865,OULAD_TEST_0865,0,0.3085,0.485,0.4446,0.4008,0.3085,LOW,F1_login_count,18.9,F13_weeks_since_active,16.0,F5_on_time_rate,15.0,6,F1 login count (18.9%) and F13 weeks since active (16.0%)
866,OULAD_TEST_0866,1,0.8119,0.6942,0.5561,0.6568,0.8119,HIGH,F1_login_count,19.0,F6_inactive_days,13.0,F4_num_submitted,12.6,5,F1 login count (19.0%) and F6 inactive days (13.0%)
867,OULAD_TEST_0867,0,0.1488,0.4494,0.2732,0.284,0.1488,LOW,F1_login_count,21.3,F5_on_time_rate,13.9,F13_weeks_since_active,10.6,6,F1 login count (21.3%) and F5 on time rate (13.9%)
868,OULAD_TEST_0868,0,0.9887,0.6687,0.6031,0.6929,0.9887,HIGH,F1_login_count,23.5,F5_on_time_rate,14.4,F6_inactive_days,10.1,17,F1 login count (23.5%) and F5 on time rate (14.4%)
869,OULAD_TEST_0869,0,0.0757,0.5431,0.2843,0.1282,0.0757,LOW,F5_on_time_rate,13.0,F6_inactive_days,12.7,F4_num_submitted,12.6,8,F5 on time rate (13.0%) and F6 inactive days (12.7%)
870,OULAD_TEST_0870,1,0.5515,0.5612,0.5735,0.5752,0.5515,MEDIUM,F1_login_count,19.6,F4_num_submitted,14.7,F6_inactive_days,14.4,9,F1 login count (19.6%) and F4 num submitted (14.7%)
871,OULAD_TEST_0871,0,0.2969,0.4772,0.4247,0.3494,0.2969,LOW,F1_login_count,18.0,F13_weeks_since_active,15.3,F5_on_time_rate,13.8,6,F1 login count (18.0%) and F13 weeks since active (15.3%)
872,OULAD_TEST_0872,0,0.0292,0.3903,0.1277,0.0834,0.0292,LOW,F1_login_count,15.1,F13_weeks_since_active,12.3,F6_inactive_days,11.6,1,F1 login count (15.1%) and F13 weeks since active (12.3%)
873,OULAD_TEST_0873,0,0.2278,0.3029,0.2473,0.1919,0.2278,LOW,F1_login_count,19.1,F6_inactive_days,14.0,F4_num_submitted,13.6,1,F1 login count (19.1%) and F6 inactive days (14.0%)
874,OULAD_TEST_0874,0,0.2771,0.3846,0.6446,0.5785,0.2771,LOW,F1_login_count,23.9,F6_inactive_days,12.3,F5_on_time_rate,12.2,13,F1 login count (23.9%) and F6 inactive days (12.3%)
875,OULAD_TEST_0875,0,0.4205,0.731,0.5939,0.5648,0.4205,MEDIUM,F1_login_count,21.4,F5_on_time_rate,11.3,F6_inactive_days,11.2,9,F1 login count (21.4%) and F5 on time rate (11.3%)
876,OULAD_TEST_0876,0,0.1823,0.4606,0.7924,0.6851,0.1823,LOW,F6_inactive_days,14.9,F4_num_submitted,14.7,F13_weeks_since_active,13.3,15,F6 inactive days (14.9%) and F4 num submitted (14.7%)
877,OULAD_TEST_0877,1,0.8323,0.4977,0.4224,0.3816,0.8323,HIGH,F1_login_count,24.3,F5_on_time_rate,11.8,F6_inactive_days,9.8,6,F1 login count (24.3%) and F5 on time rate (11.8%)
878,OULAD_TEST_0878,0,0.2123,0.2727,0.129,0.0588,0.2123,LOW,F1_login_count,21.8,F6_inactive_days,13.2,F4_num_submitted,12.8,8,F1 login count (21.8%) and F6 inactive days (13.2%)
879,OULAD_TEST_0879,1,0.9111,0.8284,0.8381,0.8812,0.9111,HIGH,F1_login_count,15.8,F4_num_submitted,14.2,F6_inactive_days,13.8,11,F1 login count (15.8%) and F4 num submitted (14.2%)
880,OULAD_TEST_0880,0,0.0745,0.4009,0.3648,0.2034,0.0745,LOW,F1_login_count,16.4,F4_num_submitted,12.2,F6_inactive_days,11.8,12,F1 login count (16.4%) and F4 num submitted (12.2%)
881,OULAD_TEST_0881,0,0.6217,0.4243,0.2917,0.2325,0.6217,MEDIUM,F1_login_count,17.5,F4_num_submitted,16.7,F6_inactive_days,16.7,17,F1 login count (17.5%) and F4 num submitted (16.7%)
882,OULAD_TEST_0882,1,0.9966,0.6957,0.9667,0.9606,0.9966,HIGH,F1_login_count,19.2,F6_inactive_days,13.8,F4_num_submitted,13.6,8,F1 login count (19.2%) and F6 inactive days (13.8%)
883,OULAD_TEST_0883,1,0.9978,0.6117,0.6924,0.7634,0.9978,HIGH,F1_login_count,24.3,F5_on_time_rate,13.4,F4_num_submitted,11.6,17,F1 login count (24.3%) and F5 on time rate (13.4%)
884,OULAD_TEST_0884,0,0.0351,0.3319,0.1068,0.0851,0.0351,LOW,F1_login_count,17.2,F13_weeks_since_active,11.5,F5_on_time_rate,9.3,3,F1 login count (17.2%) and F13 weeks since active (11.5%)
885,OULAD_TEST_0885,1,0.8467,0.8949,0.9733,0.9222,0.8467,HIGH,F1_login_count,17.6,F6_inactive_days,13.2,F4_num_submitted,12.5,13,F1 login count (17.6%) and F6 inactive days (13.2%)
886,OULAD_TEST_0886,0,0.5127,0.5074,0.4682,0.3267,0.5127,MEDIUM,F1_login_count,17.8,F4_num_submitted,15.5,F6_inactive_days,15.3,17,F1 login count (17.8%) and F4 num submitted (15.5%)
887,OULAD_TEST_0887,0,0.4331,0.4577,0.4727,0.5156,0.4331,MEDIUM,F1_login_count,27.0,F5_on_time_rate,15.0,F6_inactive_days,10.2,7,F1 login count (27.0%) and F5 on time rate (15.0%)
888,OULAD_TEST_0888,1,0.482,0.5075,0.4222,0.4643,0.482,MEDIUM,F1_login_count,20.0,F5_on_time_rate,13.0,F4_num_submitted,11.0,17,F1 login count (20.0%) and F5 on time rate (13.0%)
889,OULAD_TEST_0889,0,0.0343,0.2439,0.1165,0.1135,0.0343,LOW,F7_score_change,10.9,F13_weeks_since_active,10.5,F11_max_score,10.2,1,F7 score change (10.9%) and F13 weeks since active (10.5%)
890,OULAD_TEST_0890,1,0.9008,0.6461,0.7489,0.803,0.9008,HIGH,F1_login_count,20.5,F4_num_submitted,14.9,F6_inactive_days,14.2,9,F1 login count (20.5%) and F4 num submitted (14.9%)
891,OULAD_TEST_0891,1,0.9996,0.4801,0.9125,0.9455,0.9996,HIGH,F1_login_count,22.2,F13_weeks_since_active,12.1,F6_inactive_days,11.3,13,F1 login count (22.2%) and F13 weeks since active (12.1%)
892,OULAD_TEST_0892,0,0.6307,0.3757,0.7042,0.818,0.6307,MEDIUM,F1_login_count,19.2,F6_inactive_days,13.0,F5_on_time_rate,12.3,15,F1 login count (19.2%) and F6 inactive days (13.0%)
893,OULAD_TEST_0893,0,0.1842,0.418,0.2452,0.1976,0.1842,LOW,F1_login_count,23.8,F5_on_time_rate,15.3,F6_inactive_days,10.7,6,F1 login count (23.8%) and F5 on time rate (15.3%)
894,OULAD_TEST_0894,0,0.4154,0.5742,0.4722,0.5411,0.4154,MEDIUM,F1_login_count,16.3,F6_inactive_days,15.2,F4_num_submitted,14.7,17,F1 login count (16.3%) and F6 inactive days (15.2%)
895,OULAD_TEST_0895,0,0.0482,0.2512,0.2236,0.0993,0.0482,LOW,F1_login_count,13.1,F4_num_submitted,12.1,F13_weeks_since_active,11.6,1,F1 login count (13.1%) and F4 num submitted (12.1%)
896,OULAD_TEST_0896,1,0.9984,0.9189,0.9381,0.9499,0.9984,HIGH,F1_login_count,22.4,F4_num_submitted,13.1,F6_inactive_days,12.5,5,F1 login count (22.4%) and F4 num submitted (13.1%)
897,OULAD_TEST_0897,0,0.5426,0.4111,0.2739,0.5862,0.5426,MEDIUM,F1_login_count,21.0,F6_inactive_days,12.9,F4_num_submitted,11.8,15,F1 login count (21.0%) and F6 inactive days (12.9%)
898,OULAD_TEST_0898,0,0.0897,0.3062,0.3228,0.192,0.0897,LOW,F1_login_count,21.0,F6_inactive_days,11.2,F4_num_submitted,10.7,9,F1 login count (21.0%) and F6 inactive days (11.2%)
899,OULAD_TEST_0899,0,0.2653,0.2123,0.5078,0.3794,0.2653,LOW,F6_inactive_days,17.0,F4_num_submitted,16.2,F5_on_time_rate,13.1,15,F6 inactive days (17.0%) and F4 num submitted (16.2%)
900,OULAD_TEST_0900,0,0.1399,0.4872,0.3024,0.3074,0.1399,LOW,F1_login_count,19.5,F6_inactive_days,15.0,F4_num_submitted,14.8,9,F1 login count (19.5%) and F6 inactive days (15.0%)
901,OULAD_TEST_0901,0,0.0187,0.3481,0.1219,0.0494,0.0187,LOW,F6_inactive_days,15.6,F4_num_submitted,13.0,F7_score_change,10.7,1,F6 inactive days (15.6%) and F4 num submitted (13.0%)
902,OULAD_TEST_0902,0,0.0729,0.4057,0.3381,0.2031,0.0729,LOW,F1_login_count,18.4,F4_num_submitted,12.8,F5_on_time_rate,12.2,2,F1 login count (18.4%) and F4 num submitted (12.8%)
903,OULAD_TEST_0903,0,0.1096,0.3139,0.135,0.1046,0.1096,LOW,F1_login_count,23.2,F6_inactive_days,12.0,F5_on_time_rate,11.6,8,F1 login count (23.2%) and F6 inactive days (12.0%)
904,OULAD_TEST_0904,0,0.0648,0.3986,0.1356,0.1091,0.0648,LOW,F1_login_count,23.6,F6_inactive_days,14.0,F4_num_submitted,13.7,6,F1 login count (23.6%) and F6 inactive days (14.0%)
905,OULAD_TEST_0905,0,0.7841,0.2695,0.1485,0.3297,0.7841,HIGH,F1_login_count,21.4,F5_on_time_rate,12.0,F4_num_submitted,11.4,17,F1 login count (21.4%) and F5 on time rate (12.0%)
906,OULAD_TEST_0906,0,0.9362,0.3349,0.2556,0.3631,0.9362,HIGH,F1_login_count,18.7,F6_inactive_days,13.0,F4_num_submitted,12.4,17,F1 login count (18.7%) and F6 inactive days (13.0%)
907,OULAD_TEST_0907,0,0.0229,0.2578,0.1395,0.0358,0.0229,LOW,F6_inactive_days,12.5,F4_num_submitted,12.2,F13_weeks_since_active,11.4,1,F6 inactive days (12.5%) and F4 num submitted (12.2%)
908,OULAD_TEST_0908,0,0.2886,0.2544,0.492,0.4331,0.2886,LOW,F6_inactive_days,16.0,F4_num_submitted,16.0,F5_on_time_rate,13.1,1,F6 inactive days (16.0%) and F4 num submitted (16.0%)
909,OULAD_TEST_0909,0,0.0241,0.1851,0.0859,0.0546,0.0241,LOW,F1_login_count,17.7,F6_inactive_days,16.3,F4_num_submitted,15.3,1,F1 login count (17.7%) and F6 inactive days (16.3%)
910,OULAD_TEST_0910,0,0.0793,0.6045,0.2909,0.2911,0.0793,LOW,F1_login_count,20.0,F13_weeks_since_active,13.6,F5_on_time_rate,13.0,8,F1 login count (20.0%) and F13 weeks since active (13.6%)
911,OULAD_TEST_0911,0,0.4761,0.6344,0.3417,0.4156,0.4761,MEDIUM,F1_login_count,17.1,F6_inactive_days,13.3,F5_on_time_rate,12.5,9,F1 login count (17.1%) and F6 inactive days (13.3%)
912,OULAD_TEST_0912,0,0.6912,0.5305,0.7158,0.6559,0.6912,MEDIUM,F1_login_count,23.7,F5_on_time_rate,15.0,F6_inactive_days,10.5,6,F1 login count (23.7%) and F5 on time rate (15.0%)
913,OULAD_TEST_0913,1,0.9917,0.8324,0.8322,0.8306,0.9917,HIGH,F1_login_count,24.1,F5_on_time_rate,12.4,F13_weeks_since_active,10.8,8,F1 login count (24.1%) and F5 on time rate (12.4%)
914,OULAD_TEST_0914,0,0.0548,0.3208,0.289,0.0873,0.0548,LOW,F1_login_count,14.0,F13_weeks_since_active,13.7,F5_on_time_rate,10.8,1,F1 login count (14.0%) and F13 weeks since active (13.7%)
915,OULAD_TEST_0915,1,0.6552,0.3916,0.5252,0.6598,0.6552,MEDIUM,F1_login_count,16.8,F6_inactive_days,11.7,F4_num_submitted,11.2,13,F1 login count (16.8%) and F6 inactive days (11.7%)
916,OULAD_TEST_0916,0,0.1702,0.4986,0.6539,0.3077,0.1702,LOW,F1_login_count,20.7,F5_on_time_rate,11.6,F13_weeks_since_active,10.7,9,F1 login count (20.7%) and F5 on time rate (11.6%)
917,OULAD_TEST_0917,0,0.7993,0.4949,0.5875,0.6419,0.7993,HIGH,F1_login_count,19.8,F4_num_submitted,15.2,F6_inactive_days,14.7,13,F1 login count (19.8%) and F4 num submitted (15.2%)
918,OULAD_TEST_0918,0,0.1471,0.3227,0.4622,0.4726,0.1471,LOW,F13_weeks_since_active,13.5,F4_num_submitted,13.2,F6_inactive_days,12.7,7,F13 weeks since active (13.5%) and F4 num submitted (13.2%)
919,OULAD_TEST_0919,0,0.1385,0.4693,0.35,0.3554,0.1385,LOW,F1_login_count,24.8,F5_on_time_rate,15.0,F6_inactive_days,11.9,6,F1 login count (24.8%) and F5 on time rate (15.0%)
920,OULAD_TEST_0920,0,0.2497,0.7805,0.6359,0.3447,0.2497,LOW,F1_login_count,17.3,F4_num_submitted,12.3,F6_inactive_days,11.6,12,F1 login count (17.3%) and F4 num submitted (12.3%)
921,OULAD_TEST_0921,0,0.0758,0.3553,0.3119,0.3668,0.0758,LOW,F4_num_submitted,13.3,F6_inactive_days,13.2,F13_weeks_since_active,12.6,1,F4 num submitted (13.3%) and F6 inactive days (13.2%)
922,OULAD_TEST_0922,1,0.0721,0.3901,0.2883,0.1815,0.0721,LOW,F4_num_submitted,13.5,F13_weeks_since_active,12.3,F6_inactive_days,12.0,7,F4 num submitted (13.5%) and F13 weeks since active (12.3%)
923,OULAD_TEST_0923,1,0.9782,0.3555,0.1706,0.2174,0.9782,HIGH,F1_login_count,22.8,F5_on_time_rate,14.2,F6_inactive_days,13.7,17,F1 login count (22.8%) and F5 on time rate (14.2%)
924,OULAD_TEST_0924,0,0.0546,0.484,0.2452,0.1105,0.0546,LOW,F1_login_count,18.5,F13_weeks_since_active,12.0,F5_on_time_rate,11.9,8,F1 login count (18.5%) and F13 weeks since active (12.0%)
925,OULAD_TEST_0925,0,0.133,0.4694,0.2667,0.2197,0.133,LOW,F1_login_count,13.4,F13_weeks_since_active,13.0,F4_num_submitted,12.2,6,F1 login count (13.4%) and F13 weeks since active (13.0%)
926,OULAD_TEST_0926,1,0.106,0.4679,0.3796,0.2146,0.106,LOW,F1_login_count,22.1,F5_on_time_rate,13.3,F13_weeks_since_active,12.7,6,F1 login count (22.1%) and F5 on time rate (13.3%)
927,OULAD_TEST_0927,0,0.4629,0.5095,0.599,0.5942,0.4629,MEDIUM,F1_login_count,26.3,F5_on_time_rate,16.6,F2_vle_clicks,10.3,6,F1 login count (26.3%) and F5 on time rate (16.6%)
928,OULAD_TEST_0928,0,0.1808,0.3709,0.3664,0.2319,0.1808,LOW,F1_login_count,16.5,F6_inactive_days,12.1,F4_num_submitted,10.8,16,F1 login count (16.5%) and F6 inactive days (12.1%)
929,OULAD_TEST_0929,0,0.0863,0.3944,0.1391,0.1059,0.0863,LOW,F1_login_count,21.3,F6_inactive_days,13.0,F4_num_submitted,12.6,2,F1 login count (21.3%) and F6 inactive days (13.0%)
930,OULAD_TEST_0930,1,0.5681,0.5086,0.6573,0.5534,0.5681,MEDIUM,F1_login_count,23.4,F5_on_time_rate,15.9,F13_weeks_since_active,10.1,6,F1 login count (23.4%) and F5 on time rate (15.9%)
931,OULAD_TEST_0931,0,0.1299,0.4599,0.3055,0.3786,0.1299,LOW,F1_login_count,19.2,F6_inactive_days,13.6,F4_num_submitted,13.2,12,F1 login count (19.2%) and F6 inactive days (13.6%)
932,OULAD_TEST_0932,0,0.1551,0.4664,0.4554,0.3081,0.1551,LOW,F1_login_count,19.0,F5_on_time_rate,16.2,F6_inactive_days,12.1,8,F1 login count (19.0%) and F5 on time rate (16.2%)
933,OULAD_TEST_0933,0,0.0949,0.4823,0.2982,0.3579,0.0949,LOW,F1_login_count,20.1,F5_on_time_rate,14.1,F6_inactive_days,13.3,8,F1 login count (20.1%) and F5 on time rate (14.1%)
934,OULAD_TEST_0934,1,0.9992,0.7047,0.9192,0.9179,0.9992,HIGH,F1_login_count,25.8,F5_on_time_rate,13.2,F13_weeks_since_active,11.4,8,F1 login count (25.8%) and F5 on time rate (13.2%)
935,OULAD_TEST_0935,0,0.7974,0.5866,0.7508,0.6836,0.7974,HIGH,F4_num_submitted,16.7,F6_inactive_days,16.1,F1_login_count,15.2,17,F4 num submitted (16.7%) and F6 inactive days (16.1%)
936,OULAD_TEST_0936,0,0.1005,0.5997,0.3047,0.2269,0.1005,LOW,F1_login_count,20.0,F13_weeks_since_active,13.1,F5_on_time_rate,12.6,8,F1 login count (20.0%) and F13 weeks since active (13.1%)
937,OULAD_TEST_0937,0,0.0918,0.283,0.1453,0.1558,0.0918,LOW,F1_login_count,15.3,F5_on_time_rate,11.3,F13_weeks_since_active,11.0,2,F1 login count (15.3%) and F5 on time rate (11.3%)
938,OULAD_TEST_0938,0,0.3736,0.514,0.5424,0.4059,0.3736,LOW,F1_login_count,17.7,F6_inactive_days,14.1,F4_num_submitted,13.2,11,F1 login count (17.7%) and F6 inactive days (14.1%)
939,OULAD_TEST_0939,0,0.0858,0.4507,0.538,0.2712,0.0858,LOW,F4_num_submitted,13.8,F13_weeks_since_active,13.7,F6_inactive_days,12.9,7,F4 num submitted (13.8%) and F13 weeks since active (13.7%)
940,OULAD_TEST_0940,0,0.6595,0.4073,0.7165,0.4903,0.6595,MEDIUM,F1_login_count,21.8,F5_on_time_rate,13.7,F6_inactive_days,7.6,16,F1 login count (21.8%) and F5 on time rate (13.7%)
941,OULAD_TEST_0941,1,0.9908,0.7947,0.7858,0.9431,0.9908,HIGH,F1_login_count,19.4,F13_weeks_since_active,12.8,F6_inactive_days,12.1,11,F1 login count (19.4%) and F13 weeks since active (12.8%)
942,OULAD_TEST_0942,0,0.2782,0.3064,0.4135,0.5431,0.2782,LOW,F1_login_count,15.9,F6_inactive_days,13.1,F5_on_time_rate,12.8,13,F1 login count (15.9%) and F6 inactive days (13.1%)
943,OULAD_TEST_0943,1,0.9991,0.7137,0.9334,0.9131,0.9991,HIGH,F1_login_count,26.0,F5_on_time_rate,13.4,F13_weeks_since_active,11.5,8,F1 login count (26.0%) and F5 on time rate (13.4%)
944,OULAD_TEST_0944,0,0.1507,0.2238,0.177,0.2378,0.1507,LOW,F1_login_count,16.1,F6_inactive_days,13.4,F4_num_submitted,13.4,1,F1 login count (16.1%) and F6 inactive days (13.4%)
945,OULAD_TEST_0945,0,0.5984,0.4651,0.5937,0.5739,0.5984,MEDIUM,F1_login_count,20.3,F5_on_time_rate,10.3,F13_weeks_since_active,9.3,17,F1 login count (20.3%) and F5 on time rate (10.3%)
946,OULAD_TEST_0946,0,0.1942,0.3222,0.3735,0.2497,0.1942,LOW,F1_login_count,17.5,F5_on_time_rate,13.0,F6_inactive_days,12.6,1,F1 login count (17.5%) and F5 on time rate (13.0%)
947,OULAD_TEST_0947,1,0.9986,0.8347,0.8361,0.9586,0.9986,HIGH,F1_login_count,19.4,F6_inactive_days,12.9,F4_num_submitted,11.8,11,F1 login count (19.4%) and F6 inactive days (12.9%)
948,OULAD_TEST_0948,0,0.3873,0.3023,0.3253,0.3219,0.3873,LOW,F1_login_count,24.5,F5_on_time_rate,12.8,F4_num_submitted,11.9,8,F1 login count (24.5%) and F5 on time rate (12.8%)
949,OULAD_TEST_0949,0,0.3088,0.4397,0.6742,0.6633,0.3088,LOW,F1_login_count,25.2,F5_on_time_rate,13.6,F6_inactive_days,10.4,12,F1 login count (25.2%) and F5 on time rate (13.6%)
950,OULAD_TEST_0950,1,0.9985,0.7482,0.8303,0.869,0.9985,HIGH,F1_login_count,24.8,F5_on_time_rate,14.3,F4_num_submitted,12.4,14,F1 login count (24.8%) and F5 on time rate (14.3%)
951,OULAD_TEST_0951,0,0.3491,0.2243,0.1131,0.1976,0.3491,LOW,F6_inactive_days,17.8,F4_num_submitted,17.0,F1_login_count,16.5,17,F6 inactive days (17.8%) and F4 num submitted (17.0%)
952,OULAD_TEST_0952,1,0.4955,0.3865,0.5335,0.5111,0.4955,MEDIUM,F1_login_count,21.4,F6_inactive_days,13.9,F4_num_submitted,13.4,14,F1 login count (21.4%) and F6 inactive days (13.9%)
953,OULAD_TEST_0953,0,0.5667,0.746,0.8198,0.7008,0.5667,MEDIUM,F4_num_submitted,14.4,F6_inactive_days,13.6,F5_on_time_rate,13.4,12,F4 num submitted (14.4%) and F6 inactive days (13.6%)
954,OULAD_TEST_0954,1,0.9985,0.6542,0.8627,0.8629,0.9985,HIGH,F1_login_count,25.6,F5_on_time_rate,13.6,F13_weeks_since_active,12.5,8,F1 login count (25.6%) and F5 on time rate (13.6%)
955,OULAD_TEST_0955,0,0.1385,0.4698,0.2283,0.1697,0.1385,LOW,F1_login_count,20.6,F5_on_time_rate,12.2,F6_inactive_days,10.2,4,F1 login count (20.6%) and F5 on time rate (12.2%)
956,OULAD_TEST_0956,0,0.4683,0.4953,0.835,0.6424,0.4683,MEDIUM,F1_login_count,19.0,F6_inactive_days,14.7,F4_num_submitted,12.8,11,F1 login count (19.0%) and F6 inactive days (14.7%)
957,OULAD_TEST_0957,0,0.3811,0.6015,0.3579,0.3223,0.3811,LOW,F1_login_count,16.3,F13_weeks_since_active,12.4,F4_num_submitted,11.3,8,F1 login count (16.3%) and F13 weeks since active (12.4%)
958,OULAD_TEST_0958,1,0.9995,0.5104,0.4973,0.9207,0.9995,HIGH,F1_login_count,23.5,F4_num_submitted,14.4,F6_inactive_days,13.7,17,F1 login count (23.5%) and F4 num submitted (14.4%)
959,OULAD_TEST_0959,0,0.2127,0.4348,0.4267,0.3184,0.2127,LOW,F1_login_count,21.4,F6_inactive_days,13.3,F4_num_submitted,12.5,11,F1 login count (21.4%) and F6 inactive days (13.3%)
960,OULAD_TEST_0960,1,0.4897,0.6857,0.7408,0.7391,0.4897,MEDIUM,F5_on_time_rate,14.1,F1_login_count,13.9,F4_num_submitted,13.6,14,F5 on time rate (14.1%) and F1 login count (13.9%)
961,OULAD_TEST_0961,0,0.0879,0.3322,0.272,0.1001,0.0879,LOW,F1_login_count,16.1,F6_inactive_days,16.0,F4_num_submitted,14.7,1,F1 login count (16.1%) and F6 inactive days (16.0%)
962,OULAD_TEST_0962,0,0.0602,0.3831,0.2655,0.0594,0.0602,LOW,F1_login_count,21.7,F6_inactive_days,12.5,F4_num_submitted,12.1,9,F1 login count (21.7%) and F6 inactive days (12.5%)
963,OULAD_TEST_0963,0,0.359,0.4087,0.3822,0.4242,0.359,LOW,F1_login_count,15.7,F5_on_time_rate,12.5,F6_inactive_days,12.1,17,F1 login count (15.7%) and F5 on time rate (12.5%)
964,OULAD_TEST_0964,1,0.9291,0.5195,0.6734,0.7384,0.9291,HIGH,F1_login_count,21.7,F6_inactive_days,12.2,F13_weeks_since_active,11.3,13,F1 login count (21.7%) and F6 inactive days (12.2%)
965,OULAD_TEST_0965,1,0.5118,0.6139,0.5327,0.6918,0.5118,MEDIUM,F1_login_count,20.8,F6_inactive_days,13.6,F4_num_submitted,13.6,14,F1 login count (20.8%) and F6 inactive days (13.6%)
966,OULAD_TEST_0966,0,0.4669,0.4908,0.5745,0.5803,0.4669,MEDIUM,F1_login_count,23.6,F5_on_time_rate,13.8,F13_weeks_since_active,11.9,17,F1 login count (23.6%) and F5 on time rate (13.8%)
967,OULAD_TEST_0967,1,0.8467,0.413,0.6196,0.662,0.8467,HIGH,F1_login_count,20.8,F6_inactive_days,11.8,F5_on_time_rate,10.4,15,F1 login count (20.8%) and F6 inactive days (11.8%)
968,OULAD_TEST_0968,0,0.4966,0.4092,0.3438,0.5602,0.4966,MEDIUM,F1_login_count,27.8,F5_on_time_rate,14.1,F6_inactive_days,11.7,16,F1 login count (27.8%) and F5 on time rate (14.1%)
969,OULAD_TEST_0969,1,0.9986,0.7651,0.8585,0.9507,0.9986,HIGH,F4_num_submitted,18.3,F6_inactive_days,17.5,F1_login_count,16.9,17,F4 num submitted (18.3%) and F6 inactive days (17.5%)
970,OULAD_TEST_0970,0,0.0547,0.2928,0.2373,0.054,0.0547,LOW,F1_login_count,21.8,F5_on_time_rate,12.1,F6_inactive_days,10.1,1,F1 login count (21.8%) and F5 on time rate (12.1%)
971,OULAD_TEST_0971,0,0.1998,0.3072,0.3497,0.1918,0.1998,LOW,F4_num_submitted,15.2,F6_inactive_days,14.2,F5_on_time_rate,12.7,1,F4 num submitted (15.2%) and F6 inactive days (14.2%)
972,OULAD_TEST_0972,0,0.0969,0.4099,0.2512,0.1949,0.0969,LOW,F1_login_count,24.1,F5_on_time_rate,15.3,F6_inactive_days,10.2,6,F1 login count (24.1%) and F5 on time rate (15.3%)
973,OULAD_TEST_0973,0,0.5078,0.4155,0.4688,0.4713,0.5078,MEDIUM,F1_login_count,18.6,F6_inactive_days,11.0,F4_num_submitted,11.0,17,F1 login count (18.6%) and F6 inactive days (11.0%)
974,OULAD_TEST_0974,0,0.3165,0.6275,0.6282,0.5707,0.3165,LOW,F1_login_count,22.9,F5_on_time_rate,14.8,F6_inactive_days,11.2,8,F1 login count (22.9%) and F5 on time rate (14.8%)
975,OULAD_TEST_0975,1,0.591,0.6062,0.6117,0.5848,0.591,MEDIUM,F1_login_count,18.6,F13_weeks_since_active,14.0,F5_on_time_rate,11.2,5,F1 login count (18.6%) and F13 weeks since active (14.0%)
976,OULAD_TEST_0976,1,0.718,0.426,0.5037,0.6805,0.718,HIGH,F1_login_count,22.2,F6_inactive_days,13.2,F4_num_submitted,12.3,15,F1 login count (22.2%) and F6 inactive days (13.2%)
977,OULAD_TEST_0977,0,0.0761,0.4398,0.3735,0.3386,0.0761,LOW,F1_login_count,20.0,F13_weeks_since_active,12.6,F5_on_time_rate,12.5,7,F1 login count (20.0%) and F13 weeks since active (12.6%)
978,OULAD_TEST_0978,0,0.5453,0.584,0.6557,0.6621,0.5453,MEDIUM,F1_login_count,24.4,F5_on_time_rate,12.3,F6_inactive_days,11.3,8,F1 login count (24.4%) and F5 on time rate (12.3%)
979,OULAD_TEST_0979,0,0.1082,0.4209,0.5365,0.3256,0.1082,LOW,F1_login_count,15.3,F13_weeks_since_active,14.8,F5_on_time_rate,11.5,7,F1 login count (15.3%) and F13 weeks since active (14.8%)
980,OULAD_TEST_0980,0,0.201,0.3952,0.5261,0.4936,0.201,LOW,F6_inactive_days,15.3,F4_num_submitted,14.9,F13_weeks_since_active,14.7,17,F6 inactive days (15.3%) and F4 num submitted (14.9%)
981,OULAD_TEST_0981,1,0.3401,0.6959,0.4816,0.4619,0.3401,LOW,F13_weeks_since_active,16.5,F1_login_count,12.6,F4_num_submitted,11.6,5,F13 weeks since active (16.5%) and F1 login count (12.6%)
982,OULAD_TEST_0982,1,0.9973,0.4487,0.5164,0.5437,0.9973,HIGH,F1_login_count,26.6,F5_on_time_rate,13.0,F6_inactive_days,10.9,17,F1 login count (26.6%) and F5 on time rate (13.0%)
983,OULAD_TEST_0983,1,0.8533,0.8624,0.9273,0.9049,0.8533,HIGH,F1_login_count,17.0,F4_num_submitted,15.1,F6_inactive_days,14.5,9,F1 login count (17.0%) and F4 num submitted (15.1%)
984,OULAD_TEST_0984,1,0.3835,0.4624,0.4946,0.4198,0.3835,LOW,F1_login_count,24.3,F5_on_time_rate,14.5,F6_inactive_days,10.5,7,F1 login count (24.3%) and F5 on time rate (14.5%)
985,OULAD_TEST_0985,0,0.2243,0.5212,0.3449,0.3703,0.2243,LOW,F1_login_count,26.9,F5_on_time_rate,14.7,F6_inactive_days,11.5,6,F1 login count (26.9%) and F5 on time rate (14.7%)
986,OULAD_TEST_0986,0,0.2734,0.4055,0.2965,0.3674,0.2734,LOW,F1_login_count,19.7,F13_weeks_since_active,14.3,F5_on_time_rate,13.3,8,F1 login count (19.7%) and F13 weeks since active (14.3%)
987,OULAD_TEST_0987,1,0.5923,0.5703,0.5823,0.653,0.5923,MEDIUM,F1_login_count,14.8,F6_inactive_days,13.4,F4_num_submitted,12.8,14,F1 login count (14.8%) and F6 inactive days (13.4%)
988,OULAD_TEST_0988,0,0.3091,0.5332,0.5018,0.2751,0.3091,LOW,F1_login_count,18.2,F6_inactive_days,14.1,F4_num_submitted,13.2,11,F1 login count (18.2%) and F6 inactive days (14.1%)
989,OULAD_TEST_0989,0,0.4812,0.4128,0.6065,0.6741,0.4812,MEDIUM,F6_inactive_days,16.4,F4_num_submitted,15.7,F1_login_count,14.6,14,F6 inactive days (16.4%) and F4 num submitted (15.7%)
990,OULAD_TEST_0990,1,0.9998,0.7222,0.9216,0.989,0.9998,HIGH,F1_login_count,21.8,F4_num_submitted,15.8,F6_inactive_days,14.8,14,F1 login count (21.8%) and F4 num submitted (15.8%)
991,OULAD_TEST_0991,0,0.1552,0.5689,0.4435,0.2423,0.1552,LOW,F13_weeks_since_active,14.1,F1_login_count,13.8,F7_score_change,11.2,5,F13 weeks since active (14.1%) and F1 login count (13.8%)
992,OULAD_TEST_0992,1,0.9908,0.5931,0.7912,0.8372,0.9908,HIGH,F1_login_count,18.1,F4_num_submitted,15.6,F6_inactive_days,14.5,17,F1 login count (18.1%) and F4 num submitted (15.6%)
993,OULAD_TEST_0993,1,0.5846,0.6898,0.7105,0.609,0.5846,MEDIUM,F1_login_count,25.4,F5_on_time_rate,14.0,F13_weeks_since_active,10.2,5,F1 login count (25.4%) and F5 on time rate (14.0%)
994,OULAD_TEST_0994,0,0.1997,0.418,0.2571,0.2505,0.1997,LOW,F1_login_count,26.0,F5_on_time_rate,13.3,F6_inactive_days,11.7,7,F1 login count (26.0%) and F5 on time rate (13.3%)
995,OULAD_TEST_0995,0,0.7799,0.2894,0.3472,0.7034,0.7799,HIGH,F1_login_count,17.8,F6_inactive_days,13.8,F4_num_submitted,13.4,15,F1 login count (17.8%) and F6 inactive days (13.8%)
996,OULAD_TEST_0996,0,0.4475,0.5655,0.4152,0.2684,0.4475,MEDIUM,F1_login_count,18.3,F6_inactive_days,14.4,F4_num_submitted,13.5,16,F1 login count (18.3%) and F6 inactive days (14.4%)
997,OULAD_TEST_0997,0,0.0646,0.2856,0.1571,0.1666,0.0646,LOW,F6_inactive_days,15.3,F4_num_submitted,14.7,F1_login_count,14.2,2,F6 inactive days (15.3%) and F4 num submitted (14.7%)
998,OULAD_TEST_0998,1,0.4417,0.2905,0.59,0.7101,0.4417,MEDIUM,F1_login_count,18.3,F6_inactive_days,15.1,F4_num_submitted,14.4,13,F1 login count (18.3%) and F6 inactive days (15.1%)
999,OULAD_TEST_0999,1,0.5546,0.455,0.57,0.5107,0.5546,MEDIUM,F1_login_count,21.8,F5_on_time_rate,13.9,F6_inactive_days,10.8,6,F1 login count (21.8%) and F5 on time rate (13.9%)
1000,OULAD_TEST_1000,0,0.571,0.7367,0.6623,0.6288,0.571,MEDIUM,F1_login_count,18.8,F6_inactive_days,12.8,F4_num_submitted,12.0,7,F1 login count (18.8%) and F6 inactive days (12.8%)
1001,OULAD_TEST_1001,1,0.9806,0.7319,0.6104,0.4069,0.9806,HIGH,F1_login_count,17.6,F6_inactive_days,16.1,F4_num_submitted,16.1,11,F1 login count (17.6%) and F6 inactive days (16.1%)
1002,OULAD_TEST_1002,1,0.9886,0.596,0.5249,0.5637,0.9886,HIGH,F1_login_count,20.4,F4_num_submitted,13.9,F6_inactive_days,13.9,8,F1 login count (20.4%) and F4 num submitted (13.9%)
1003,OULAD_TEST_1003,0,0.0966,0.2985,0.1023,0.1814,0.0966,LOW,F6_inactive_days,16.3,F4_num_submitted,15.7,F1_login_count,15.5,2,F6 inactive days (16.3%) and F4 num submitted (15.7%)
1004,OULAD_TEST_1004,0,0.1546,0.4517,0.3232,0.4247,0.1546,LOW,F1_login_count,25.4,F5_on_time_rate,14.0,F6_inactive_days,11.5,7,F1 login count (25.4%) and F5 on time rate (14.0%)
1005,OULAD_TEST_1005,0,0.1247,0.433,0.4153,0.3251,0.1247,LOW,F4_num_submitted,14.5,F1_login_count,14.2,F6_inactive_days,13.5,17,F4 num submitted (14.5%) and F1 login count (14.2%)
1006,OULAD_TEST_1006,0,0.3546,0.5185,0.4547,0.4316,0.3546,LOW,F1_login_count,18.8,F13_weeks_since_active,16.2,F5_on_time_rate,14.5,5,F1 login count (18.8%) and F13 weeks since active (16.2%)
1007,OULAD_TEST_1007,0,0.1983,0.5493,0.4574,0.3716,0.1983,LOW,F1_login_count,13.8,F13_weeks_since_active,13.8,F4_num_submitted,10.3,8,F1 login count (13.8%) and F13 weeks since active (13.8%)
1008,OULAD_TEST_1008,0,0.0543,0.3198,0.318,0.1727,0.0543,LOW,F1_login_count,19.4,F5_on_time_rate,14.4,F6_inactive_days,11.3,14,F1 login count (19.4%) and F5 on time rate (14.4%)
1009,OULAD_TEST_1009,0,0.0923,0.4767,0.3179,0.199,0.0923,LOW,F13_weeks_since_active,15.9,F4_num_submitted,12.3,F6_inactive_days,11.3,7,F13 weeks since active (15.9%) and F4 num submitted (12.3%)
1010,OULAD_TEST_1010,0,0.5101,0.6098,0.6299,0.7434,0.5101,MEDIUM,F1_login_count,18.2,F6_inactive_days,11.3,F5_on_time_rate,10.7,17,F1 login count (18.2%) and F6 inactive days (11.3%)
1011,OULAD_TEST_1011,0,0.2468,0.4022,0.4397,0.3063,0.2468,LOW,F1_login_count,27.0,F5_on_time_rate,14.9,F6_inactive_days,10.7,9,F1 login count (27.0%) and F5 on time rate (14.9%)
1012,OULAD_TEST_1012,0,0.1501,0.6567,0.2778,0.1799,0.1501,LOW,F1_login_count,14.4,F13_weeks_since_active,11.3,F4_num_submitted,10.1,9,F1 login count (14.4%) and F13 weeks since active (11.3%)
1013,OULAD_TEST_1013,1,0.7733,0.8749,0.8891,0.7622,0.7733,HIGH,F4_num_submitted,17.1,F6_inactive_days,16.1,F1_login_count,15.0,12,F4 num submitted (17.1%) and F6 inactive days (16.1%)
1014,OULAD_TEST_1014,0,0.6056,0.4836,0.4502,0.4367,0.6056,MEDIUM,F1_login_count,17.3,F6_inactive_days,14.7,F4_num_submitted,14.1,16,F1 login count (17.3%) and F6 inactive days (14.7%)
1015,OULAD_TEST_1015,0,0.186,0.6394,0.7197,0.5121,0.186,LOW,F6_inactive_days,15.4,F4_num_submitted,15.2,F13_weeks_since_active,13.9,8,F6 inactive days (15.4%) and F4 num submitted (15.2%)
1016,OULAD_TEST_1016,0,0.0567,0.3417,0.2361,0.105,0.0567,LOW,F1_login_count,17.0,F6_inactive_days,16.5,F4_num_submitted,14.8,10,F1 login count (17.0%) and F6 inactive days (16.5%)
1017,OULAD_TEST_1017,0,0.251,0.5377,0.2637,0.1814,0.251,LOW,F1_login_count,25.0,F5_on_time_rate,15.7,F4_num_submitted,11.0,8,F1 login count (25.0%) and F5 on time rate (15.7%)
1018,OULAD_TEST_1018,1,0.8984,0.8513,0.7853,0.6339,0.8984,HIGH,F6_inactive_days,17.2,F4_num_submitted,17.0,F1_login_count,17.0,5,F6 inactive days (17.2%) and F4 num submitted (17.0%)
1019,OULAD_TEST_1019,1,0.9865,0.492,0.3422,0.437,0.9865,HIGH,F1_login_count,26.4,F5_on_time_rate,12.6,F4_num_submitted,9.5,17,F1 login count (26.4%) and F5 on time rate (12.6%)
1020,OULAD_TEST_1020,1,0.6117,0.6071,0.5839,0.5492,0.6117,MEDIUM,F1_login_count,23.2,F5_on_time_rate,12.4,F6_inactive_days,10.6,8,F1 login count (23.2%) and F5 on time rate (12.4%)
1021,OULAD_TEST_1021,0,0.1231,0.4107,0.3341,0.2488,0.1231,LOW,F1_login_count,21.7,F6_inactive_days,12.5,F4_num_submitted,10.4,9,F1 login count (21.7%) and F6 inactive days (12.5%)
1022,OULAD_TEST_1022,0,0.72,0.71,0.6446,0.6445,0.72,HIGH,F1_login_count,20.7,F4_num_submitted,15.3,F6_inactive_days,14.8,8,F1 login count (20.7%) and F4 num submitted (15.3%)
1023,OULAD_TEST_1023,1,0.5224,0.4707,0.596,0.5693,0.5224,MEDIUM,F1_login_count,19.1,F6_inactive_days,11.3,F5_on_time_rate,9.6,16,F1 login count (19.1%) and F6 inactive days (11.3%)
1024,OULAD_TEST_1024,1,0.5171,0.4256,0.4963,0.5201,0.5171,MEDIUM,F1_login_count,16.8,F6_inactive_days,12.8,F4_num_submitted,12.3,16,F1 login count (16.8%) and F6 inactive days (12.8%)
1025,OULAD_TEST_1025,1,0.5406,0.7032,0.7243,0.6467,0.5406,MEDIUM,F1_login_count,22.0,F6_inactive_days,13.5,F4_num_submitted,12.4,9,F1 login count (22.0%) and F6 inactive days (13.5%)
1026,OULAD_TEST_1026,0,0.4038,0.5314,0.2768,0.4691,0.4038,MEDIUM,F1_login_count,25.5,F5_on_time_rate,14.4,F6_inactive_days,11.6,7,F1 login count (25.5%) and F5 on time rate (14.4%)
1027,OULAD_TEST_1027,0,0.1122,0.3666,0.2708,0.2328,0.1122,LOW,F1_login_count,16.1,F13_weeks_since_active,12.0,F5_on_time_rate,9.8,5,F1 login count (16.1%) and F13 weeks since active (12.0%)
1028,OULAD_TEST_1028,0,0.038,0.3062,0.2113,0.056,0.038,LOW,F1_login_count,19.7,F4_num_submitted,13.1,F6_inactive_days,12.8,1,F1 login count (19.7%) and F4 num submitted (13.1%)
1029,OULAD_TEST_1029,0,0.3684,0.4667,0.5159,0.4851,0.3684,LOW,F1_login_count,24.0,F5_on_time_rate,16.1,F6_inactive_days,11.6,9,F1 login count (24.0%) and F5 on time rate (16.1%)
1030,OULAD_TEST_1030,0,0.1101,0.2244,0.1152,0.1156,0.1101,LOW,F1_login_count,21.9,F5_on_time_rate,15.0,F6_inactive_days,13.0,15,F1 login count (21.9%) and F5 on time rate (15.0%)
1031,OULAD_TEST_1031,0,0.0567,0.4955,0.1223,0.1023,0.0567,LOW,F4_num_submitted,14.9,F6_inactive_days,14.7,F1_login_count,10.8,5,F4 num submitted (14.9%) and F6 inactive days (14.7%)
1032,OULAD_TEST_1032,1,0.5902,0.651,0.4192,0.4314,0.5902,MEDIUM,F1_login_count,16.9,F6_inactive_days,14.1,F4_num_submitted,13.0,6,F1 login count (16.9%) and F6 inactive days (14.1%)
1033,OULAD_TEST_1033,1,0.8768,0.2797,0.5414,0.8396,0.8768,HIGH,F1_login_count,17.4,F4_num_submitted,14.6,F6_inactive_days,13.6,11,F1 login count (17.4%) and F4 num submitted (14.6%)
1034,OULAD_TEST_1034,0,0.1045,0.4081,0.1111,0.1136,0.1045,LOW,F6_inactive_days,15.9,F4_num_submitted,15.7,F1_login_count,13.1,1,F6 inactive days (15.9%) and F4 num submitted (15.7%)
1035,OULAD_TEST_1035,1,0.6172,0.5385,0.705,0.6785,0.6172,MEDIUM,F1_login_count,24.7,F5_on_time_rate,14.8,F6_inactive_days,9.4,6,F1 login count (24.7%) and F5 on time rate (14.8%)
1036,OULAD_TEST_1036,1,0.9968,0.7834,0.892,0.9193,0.9968,HIGH,F1_login_count,21.3,F4_num_submitted,13.5,F6_inactive_days,13.1,6,F1 login count (21.3%) and F4 num submitted (13.5%)
1037,OULAD_TEST_1037,0,0.3304,0.5189,0.4527,0.4833,0.3304,LOW,F1_login_count,17.1,F13_weeks_since_active,13.6,F5_on_time_rate,13.3,9,F1 login count (17.1%) and F13 weeks since active (13.6%)
1038,OULAD_TEST_1038,0,0.1399,0.4114,0.2182,0.1036,0.1399,LOW,F6_inactive_days,13.0,F4_num_submitted,12.7,F5_on_time_rate,10.3,3,F6 inactive days (13.0%) and F4 num submitted (12.7%)
1039,OULAD_TEST_1039,0,0.3859,0.4171,0.3387,0.6524,0.3859,LOW,F1_login_count,18.5,F6_inactive_days,12.5,F4_num_submitted,11.5,12,F1 login count (18.5%) and F6 inactive days (12.5%)
1040,OULAD_TEST_1040,0,0.189,0.3846,0.4684,0.4571,0.189,LOW,F1_login_count,18.2,F6_inactive_days,11.6,F13_weeks_since_active,10.4,14,F1 login count (18.2%) and F6 inactive days (11.6%)
1041,OULAD_TEST_1041,1,0.9973,0.4675,0.4687,0.5852,0.9973,HIGH,F1_login_count,24.5,F5_on_time_rate,14.9,F6_inactive_days,12.5,17,F1 login count (24.5%) and F5 on time rate (14.9%)
1042,OULAD_TEST_1042,0,0.5523,0.3736,0.6729,0.8139,0.5523,MEDIUM,F1_login_count,22.7,F6_inactive_days,14.2,F4_num_submitted,13.5,13,F1 login count (22.7%) and F6 inactive days (14.2%)
1043,OULAD_TEST_1043,1,0.4362,0.5176,0.6149,0.5726,0.4362,MEDIUM,F1_login_count,19.9,F5_on_time_rate,13.2,F13_weeks_since_active,12.6,17,F1 login count (19.9%) and F5 on time rate (13.2%)
1044,OULAD_TEST_1044,0,0.3658,0.4261,0.3288,0.4068,0.3658,LOW,F1_login_count,23.1,F5_on_time_rate,13.3,F6_inactive_days,12.4,7,F1 login count (23.1%) and F5 on time rate (13.3%)
1045,OULAD_TEST_1045,0,0.0983,0.618,0.6682,0.4139,0.0983,LOW,F4_num_submitted,14.0,F1_login_count,13.9,F6_inactive_days,12.7,7,F4 num submitted (14.0%) and F1 login count (13.9%)
1046,OULAD_TEST_1046,1,0.071,0.3257,0.0815,0.102,0.071,LOW,F1_login_count,16.2,F6_inactive_days,15.6,F4_num_submitted,15.5,1,F1 login count (16.2%) and F6 inactive days (15.6%)
1047,OULAD_TEST_1047,0,0.3988,0.4827,0.5376,0.5177,0.3988,LOW,F1_login_count,23.5,F5_on_time_rate,16.4,F6_inactive_days,8.3,7,F1 login count (23.5%) and F5 on time rate (16.4%)
1048,OULAD_TEST_1048,1,0.4866,0.5334,0.7936,0.8815,0.4866,MEDIUM,F1_login_count,21.5,F5_on_time_rate,15.3,F6_inactive_days,12.6,9,F1 login count (21.5%) and F5 on time rate (15.3%)
1049,OULAD_TEST_1049,0,0.4452,0.2563,0.195,0.3658,0.4452,MEDIUM,F5_on_time_rate,12.9,F1_login_count,12.7,F6_inactive_days,12.0,16,F5 on time rate (12.9%) and F1 login count (12.7%)
1050,OULAD_TEST_1050,0,0.2052,0.4498,0.4601,0.4582,0.2052,LOW,F5_on_time_rate,15.4,F6_inactive_days,13.9,F4_num_submitted,13.4,16,F5 on time rate (15.4%) and F6 inactive days (13.9%)
1051,OULAD_TEST_1051,0,0.0238,0.2201,0.1082,0.0496,0.0238,LOW,F13_weeks_since_active,12.2,F1_login_count,11.4,F4_num_submitted,10.5,1,F13 weeks since active (12.2%) and F1 login count (11.4%)
1052,OULAD_TEST_1052,1,0.4892,0.4754,0.6702,0.6072,0.4892,MEDIUM,F6_inactive_days,16.1,F4_num_submitted,15.9,F1_login_count,15.4,16,F6 inactive days (16.1%) and F4 num submitted (15.9%)
1053,OULAD_TEST_1053,0,0.2546,0.2622,0.3003,0.1528,0.2546,LOW,F1_login_count,26.2,F5_on_time_rate,11.8,F6_inactive_days,11.1,8,F1 login count (26.2%) and F5 on time rate (11.8%)
1054,OULAD_TEST_1054,0,0.5855,0.3745,0.3451,0.5865,0.5855,MEDIUM,F1_login_count,20.3,F6_inactive_days,11.3,F4_num_submitted,11.3,17,F1 login count (20.3%) and F6 inactive days (11.3%)
1055,OULAD_TEST_1055,0,0.1676,0.6016,0.2338,0.3935,0.1676,LOW,F1_login_count,15.1,F5_on_time_rate,10.3,F13_weeks_since_active,10.2,15,F1 login count (15.1%) and F5 on time rate (10.3%)
1056,OULAD_TEST_1056,1,0.7791,0.6612,0.8946,0.932,0.7791,HIGH,F1_login_count,18.9,F6_inactive_days,13.6,F4_num_submitted,13.5,15,F1 login count (18.9%) and F6 inactive days (13.6%)
1057,OULAD_TEST_1057,1,0.9997,0.856,0.8851,0.9833,0.9997,HIGH,F1_login_count,25.7,F5_on_time_rate,13.6,F4_num_submitted,12.5,13,F1 login count (25.7%) and F5 on time rate (13.6%)
1058,OULAD_TEST_1058,1,0.9422,0.7866,0.5742,0.7318,0.9422,HIGH,F1_login_count,20.9,F4_num_submitted,12.3,F5_on_time_rate,12.2,12,F1 login count (20.9%) and F4 num submitted (12.3%)
1059,OULAD_TEST_1059,0,0.2261,0.3359,0.2395,0.4756,0.2261,LOW,F1_login_count,18.9,F6_inactive_days,14.8,F4_num_submitted,14.3,13,F1 login count (18.9%) and F6 inactive days (14.8%)
1060,OULAD_TEST_1060,0,0.0375,0.3555,0.1436,0.1246,0.0375,LOW,F1_login_count,16.0,F6_inactive_days,12.4,F4_num_submitted,12.0,1,F1 login count (16.0%) and F6 inactive days (12.4%)
1061,OULAD_TEST_1061,1,0.9045,0.4296,0.4375,0.2731,0.9045,HIGH,F1_login_count,18.2,F6_inactive_days,14.9,F4_num_submitted,13.4,17,F1 login count (18.2%) and F6 inactive days (14.9%)
1062,OULAD_TEST_1062,1,0.7367,0.5114,0.4464,0.4038,0.7367,HIGH,F1_login_count,21.4,F5_on_time_rate,12.8,F13_weeks_since_active,12.5,6,F1 login count (21.4%) and F5 on time rate (12.8%)
1063,OULAD_TEST_1063,1,0.8399,0.8333,0.826,0.8418,0.8399,HIGH,F1_login_count,21.8,F5_on_time_rate,12.4,F4_num_submitted,9.8,11,F1 login count (21.8%) and F5 on time rate (12.4%)
1064,OULAD_TEST_1064,0,0.4457,0.5673,0.6676,0.8004,0.4457,MEDIUM,F1_login_count,29.1,F5_on_time_rate,15.3,F6_inactive_days,9.6,8,F1 login count (29.1%) and F5 on time rate (15.3%)
1065,OULAD_TEST_1065,0,0.0947,0.2649,0.1626,0.0447,0.0947,LOW,F1_login_count,22.3,F6_inactive_days,12.9,F4_num_submitted,12.9,8,F1 login count (22.3%) and F6 inactive days (12.9%)
1066,OULAD_TEST_1066,0,0.2838,0.4122,0.4754,0.3316,0.2838,LOW,F1_login_count,20.9,F6_inactive_days,13.3,F4_num_submitted,12.5,9,F1 login count (20.9%) and F6 inactive days (13.3%)
1067,OULAD_TEST_1067,1,0.3607,0.3786,0.4057,0.4189,0.3607,LOW,F1_login_count,24.3,F5_on_time_rate,14.5,F6_inactive_days,12.8,16,F1 login count (24.3%) and F5 on time rate (14.5%)
1068,OULAD_TEST_1068,1,0.7567,0.8042,0.9038,0.8954,0.7567,HIGH,F1_login_count,16.7,F6_inactive_days,12.2,F4_num_submitted,11.9,13,F1 login count (16.7%) and F6 inactive days (12.2%)
1069,OULAD_TEST_1069,0,0.038,0.2042,0.084,0.1048,0.038,LOW,F6_inactive_days,14.3,F1_login_count,13.8,F4_num_submitted,12.6,1,F6 inactive days (14.3%) and F1 login count (13.8%)
1070,OULAD_TEST_1070,0,0.2035,0.3543,0.2307,0.2567,0.2035,LOW,F1_login_count,21.7,F6_inactive_days,13.6,F4_num_submitted,12.9,1,F1 login count (21.7%) and F6 inactive days (13.6%)
1071,OULAD_TEST_1071,0,0.0457,0.2786,0.311,0.2606,0.0457,LOW,F4_num_submitted,13.6,F13_weeks_since_active,13.2,F6_inactive_days,13.1,1,F4 num submitted (13.6%) and F13 weeks since active (13.2%)
1072,OULAD_TEST_1072,0,0.3673,0.3861,0.338,0.3848,0.3673,LOW,F1_login_count,16.3,F6_inactive_days,14.9,F4_num_submitted,14.3,16,F1 login count (16.3%) and F6 inactive days (14.9%)
1073,OULAD_TEST_1073,0,0.1495,0.3743,0.701,0.6531,0.1495,LOW,F1_login_count,16.1,F5_on_time_rate,12.1,F6_inactive_days,11.3,14,F1 login count (16.1%) and F5 on time rate (12.1%)
1074,OULAD_TEST_1074,1,0.9916,0.3958,0.642,0.528,0.9916,HIGH,F1_login_count,24.3,F5_on_time_rate,14.5,F6_inactive_days,12.0,14,F1 login count (24.3%) and F5 on time rate (14.5%)
1075,OULAD_TEST_1075,0,0.2747,0.5806,0.5628,0.4203,0.2747,LOW,F1_login_count,20.5,F5_on_time_rate,12.3,F13_weeks_since_active,11.5,13,F1 login count (20.5%) and F5 on time rate (12.3%)
1076,OULAD_TEST_1076,0,0.3539,0.514,0.4995,0.432,0.3539,LOW,F6_inactive_days,15.0,F4_num_submitted,14.8,F13_weeks_since_active,13.6,6,F6 inactive days (15.0%) and F4 num submitted (14.8%)
1077,OULAD_TEST_1077,0,0.1932,0.5464,0.4439,0.3853,0.1932,LOW,F1_login_count,29.4,F5_on_time_rate,18.0,F2_vle_clicks,9.6,7,F1 login count (29.4%) and F5 on time rate (18.0%)
1078,OULAD_TEST_1078,0,0.2011,0.5473,0.5054,0.5054,0.2011,LOW,F1_login_count,24.2,F5_on_time_rate,15.0,F6_inactive_days,12.2,4,F1 login count (24.2%) and F5 on time rate (15.0%)
1079,OULAD_TEST_1079,0,0.1221,0.3211,0.3171,0.3341,0.1221,LOW,F1_login_count,24.8,F5_on_time_rate,13.3,F6_inactive_days,12.6,14,F1 login count (24.8%) and F5 on time rate (13.3%)
1080,OULAD_TEST_1080,0,0.0998,0.2456,0.1718,0.5037,0.0998,LOW,F1_login_count,13.4,F5_on_time_rate,13.0,F4_num_submitted,11.8,16,F1 login count (13.4%) and F5 on time rate (13.0%)
1081,OULAD_TEST_1081,0,0.052,0.3103,0.219,0.2332,0.052,LOW,F4_num_submitted,15.3,F6_inactive_days,15.3,F13_weeks_since_active,10.9,1,F4 num submitted (15.3%) and F6 inactive days (15.3%)
1082,OULAD_TEST_1082,0,0.0247,0.3872,0.143,0.0825,0.0247,LOW,F1_login_count,18.3,F6_inactive_days,16.8,F4_num_submitted,15.3,6,F1 login count (18.3%) and F6 inactive days (16.8%)
1083,OULAD_TEST_1083,1,0.983,0.7196,0.603,0.7914,0.983,HIGH,F4_num_submitted,16.8,F1_login_count,16.5,F6_inactive_days,16.5,13,F4 num submitted (16.8%) and F1 login count (16.5%)
1084,OULAD_TEST_1084,0,0.3439,0.6439,0.5493,0.4664,0.3439,LOW,F6_inactive_days,16.6,F4_num_submitted,16.5,F1_login_count,14.0,12,F6 inactive days (16.6%) and F4 num submitted (16.5%)
1085,OULAD_TEST_1085,0,0.5435,0.524,0.6023,0.6553,0.5435,MEDIUM,F1_login_count,14.7,F5_on_time_rate,11.6,F6_inactive_days,10.6,13,F1 login count (14.7%) and F5 on time rate (11.6%)
1086,OULAD_TEST_1086,1,0.4239,0.5034,0.6449,0.6079,0.4239,MEDIUM,F1_login_count,21.1,F5_on_time_rate,13.3,F4_num_submitted,12.9,17,F1 login count (21.1%) and F5 on time rate (13.3%)
1087,OULAD_TEST_1087,0,0.7301,0.6005,0.4502,0.5151,0.7301,HIGH,F1_login_count,24.8,F5_on_time_rate,13.5,F4_num_submitted,11.1,8,F1 login count (24.8%) and F5 on time rate (13.5%)
1088,OULAD_TEST_1088,1,0.9993,0.8159,0.8761,0.9136,0.9993,HIGH,F1_login_count,25.2,F5_on_time_rate,13.7,F4_num_submitted,12.7,7,F1 login count (25.2%) and F5 on time rate (13.7%)
1089,OULAD_TEST_1089,0,0.0256,0.5019,0.1539,0.0943,0.0256,LOW,F1_login_count,18.3,F6_inactive_days,11.7,F4_num_submitted,11.0,4,F1 login count (18.3%) and F6 inactive days (11.7%)
1090,OULAD_TEST_1090,1,0.9991,0.8754,0.96,0.9776,0.9991,HIGH,F1_login_count,20.1,F6_inactive_days,14.2,F4_num_submitted,13.0,17,F1 login count (20.1%) and F6 inactive days (14.2%)
1091,OULAD_TEST_1091,0,0.1366,0.4561,0.1915,0.2499,0.1366,LOW,F1_login_count,23.8,F5_on_time_rate,14.5,F6_inactive_days,12.5,5,F1 login count (23.8%) and F5 on time rate (14.5%)
1092,OULAD_TEST_1092,0,0.1458,0.4389,0.2155,0.1467,0.1458,LOW,F1_login_count,19.2,F6_inactive_days,10.8,F5_on_time_rate,10.0,6,F1 login count (19.2%) and F6 inactive days (10.8%)
1093,OULAD_TEST_1093,0,0.4866,0.8414,0.8459,0.8773,0.4866,MEDIUM,F1_login_count,15.2,F5_on_time_rate,13.0,F4_num_submitted,11.4,11,F1 login count (15.2%) and F5 on time rate (13.0%)
1094,OULAD_TEST_1094,0,0.1065,0.3371,0.1955,0.0807,0.1065,LOW,F1_login_count,16.0,F6_inactive_days,13.7,F4_num_submitted,13.3,1,F1 login count (16.0%) and F6 inactive days (13.7%)
1095,OULAD_TEST_1095,1,0.545,0.5382,0.3957,0.4716,0.545,MEDIUM,F1_login_count,25.8,F5_on_time_rate,15.0,F4_num_submitted,10.8,6,F1 login count (25.8%) and F5 on time rate (15.0%)
1096,OULAD_TEST_1096,1,0.6111,0.5731,0.4927,0.6035,0.6111,MEDIUM,F1_login_count,25.8,F5_on_time_rate,13.2,F4_num_submitted,11.0,6,F1 login count (25.8%) and F5 on time rate (13.2%)
1097,OULAD_TEST_1097,0,0.3271,0.5582,0.3451,0.1938,0.3271,LOW,F1_login_count,21.5,F6_inactive_days,10.8,F4_num_submitted,10.3,9,F1 login count (21.5%) and F6 inactive days (10.8%)
1098,OULAD_TEST_1098,0,0.1683,0.2825,0.0785,0.0485,0.1683,LOW,F1_login_count,16.4,F6_inactive_days,15.1,F4_num_submitted,14.5,1,F1 login count (16.4%) and F6 inactive days (15.1%)
1099,OULAD_TEST_1099,1,0.9849,0.8105,0.7558,0.7754,0.9849,HIGH,F1_login_count,26.1,F5_on_time_rate,13.7,F13_weeks_since_active,11.5,5,F1 login count (26.1%) and F5 on time rate (13.7%)
1100,OULAD_TEST_1100,0,0.1705,0.4896,0.4201,0.127,0.1705,LOW,F1_login_count,18.3,F6_inactive_days,14.6,F4_num_submitted,12.7,11,F1 login count (18.3%) and F6 inactive days (14.6%)
1101,OULAD_TEST_1101,0,0.1145,0.3284,0.3211,0.1289,0.1145,LOW,F4_num_submitted,14.8,F6_inactive_days,14.4,F1_login_count,13.7,1,F4 num submitted (14.8%) and F6 inactive days (14.4%)
1102,OULAD_TEST_1102,0,0.4485,0.501,0.4919,0.4863,0.4485,MEDIUM,F1_login_count,23.9,F5_on_time_rate,15.6,F6_inactive_days,8.9,5,F1 login count (23.9%) and F5 on time rate (15.6%)
1103,OULAD_TEST_1103,1,0.9995,0.3871,0.69,0.8576,0.9995,HIGH,F1_login_count,19.4,F4_num_submitted,16.0,F6_inactive_days,15.7,15,F1 login count (19.4%) and F4 num submitted (16.0%)
1104,OULAD_TEST_1104,0,0.2207,0.3969,0.3936,0.4415,0.2207,LOW,F6_inactive_days,15.3,F1_login_count,15.0,F4_num_submitted,14.6,13,F6 inactive days (15.3%) and F1 login count (15.0%)
1105,OULAD_TEST_1105,0,0.0549,0.4287,0.3389,0.1535,0.0549,LOW,F1_login_count,13.2,F6_inactive_days,11.7,F4_num_submitted,11.5,2,F1 login count (13.2%) and F6 inactive days (11.7%)
1106,OULAD_TEST_1106,0,0.025,0.2372,0.1382,0.0654,0.025,LOW,F1_login_count,19.0,F6_inactive_days,12.7,F4_num_submitted,12.5,9,F1 login count (19.0%) and F6 inactive days (12.7%)
1107,OULAD_TEST_1107,0,0.9828,0.4229,0.4634,0.6343,0.9828,HIGH,F1_login_count,27.0,F5_on_time_rate,13.4,F6_inactive_days,10.9,14,F1 login count (27.0%) and F5 on time rate (13.4%)
1108,OULAD_TEST_1108,0,0.4034,0.536,0.4575,0.3644,0.4034,MEDIUM,F1_login_count,18.5,F5_on_time_rate,15.0,F6_inactive_days,12.6,8,F1 login count (18.5%) and F5 on time rate (15.0%)
1109,OULAD_TEST_1109,1,0.9731,0.3915,0.5623,0.528,0.9731,HIGH,F1_login_count,19.7,F4_num_submitted,13.8,F6_inactive_days,13.2,17,F1 login count (19.7%) and F4 num submitted (13.8%)
1110,OULAD_TEST_1110,1,0.6882,0.3484,0.592,0.5086,0.6882,MEDIUM,F1_login_count,20.0,F6_inactive_days,13.0,F4_num_submitted,12.0,14,F1 login count (20.0%) and F6 inactive days (13.0%)
1111,OULAD_TEST_1111,1,0.6945,0.5305,0.4493,0.765,0.6945,MEDIUM,F1_login_count,23.3,F5_on_time_rate,17.2,F2_vle_clicks,9.3,11,F1 login count (23.3%) and F5 on time rate (17.2%)
1112,OULAD_TEST_1112,1,0.5596,0.5649,0.4852,0.5116,0.5596,MEDIUM,F1_login_count,20.6,F5_on_time_rate,13.2,F6_inactive_days,12.9,9,F1 login count (20.6%) and F5 on time rate (13.2%)
1113,OULAD_TEST_1113,0,0.5377,0.4258,0.2644,0.3686,0.5377,MEDIUM,F1_login_count,27.3,F5_on_time_rate,13.2,F6_inactive_days,9.8,7,F1 login count (27.3%) and F5 on time rate (13.2%)
1114,OULAD_TEST_1114,1,0.3043,0.6685,0.4962,0.4816,0.3043,LOW,F1_login_count,18.3,F6_inactive_days,13.7,F5_on_time_rate,13.4,8,F1 login count (18.3%) and F6 inactive days (13.7%)
1115,OULAD_TEST_1115,0,0.037,0.2476,0.1301,0.0643,0.037,LOW,F1_login_count,15.4,F4_num_submitted,14.6,F6_inactive_days,14.4,2,F1 login count (15.4%) and F4 num submitted (14.6%)
1116,OULAD_TEST_1116,0,0.1891,0.5894,0.455,0.4496,0.1891,LOW,F1_login_count,18.1,F6_inactive_days,16.1,F4_num_submitted,15.7,9,F1 login count (18.1%) and F6 inactive days (16.1%)
1117,OULAD_TEST_1117,0,0.6669,0.7181,0.8553,0.7403,0.6669,MEDIUM,F1_login_count,21.1,F5_on_time_rate,13.9,F13_weeks_since_active,12.2,16,F1 login count (21.1%) and F5 on time rate (13.9%)
1118,OULAD_TEST_1118,1,0.2787,0.4027,0.4691,0.3992,0.2787,LOW,F1_login_count,19.1,F13_weeks_since_active,15.6,F5_on_time_rate,12.7,7,F1 login count (19.1%) and F13 weeks since active (15.6%)
1119,OULAD_TEST_1119,1,0.4743,0.6555,0.5331,0.3592,0.4743,MEDIUM,F1_login_count,19.5,F6_inactive_days,15.1,F4_num_submitted,14.9,8,F1 login count (19.5%) and F6 inactive days (15.1%)
1120,OULAD_TEST_1120,0,0.1882,0.3998,0.4034,0.1647,0.1882,LOW,F1_login_count,14.3,F4_num_submitted,13.8,F6_inactive_days,13.5,7,F1 login count (14.3%) and F4 num submitted (13.8%)
1121,OULAD_TEST_1121,0,0.2829,0.4505,0.5219,0.3296,0.2829,LOW,F1_login_count,19.4,F6_inactive_days,13.9,F4_num_submitted,12.7,11,F1 login count (19.4%) and F6 inactive days (13.9%)
1122,OULAD_TEST_1122,1,0.5268,0.6262,0.489,0.6094,0.5268,MEDIUM,F1_login_count,20.9,F4_num_submitted,14.3,F6_inactive_days,14.3,13,F1 login count (20.9%) and F4 num submitted (14.3%)
1123,OULAD_TEST_1123,1,0.3439,0.5372,0.5752,0.4925,0.3439,LOW,F1_login_count,20.4,F5_on_time_rate,11.7,F6_inactive_days,11.6,6,F1 login count (20.4%) and F5 on time rate (11.7%)
1124,OULAD_TEST_1124,0,0.1999,0.3945,0.2027,0.2563,0.1999,LOW,F1_login_count,24.0,F6_inactive_days,14.1,F4_num_submitted,13.6,5,F1 login count (24.0%) and F6 inactive days (14.1%)
1125,OULAD_TEST_1125,0,0.6917,0.9016,0.8285,0.7805,0.6917,MEDIUM,F1_login_count,13.3,F13_weeks_since_active,11.9,F5_on_time_rate,11.4,5,F1 login count (13.3%) and F13 weeks since active (11.9%)
1126,OULAD_TEST_1126,0,0.0497,0.2602,0.1582,0.0972,0.0497,LOW,F1_login_count,20.0,F6_inactive_days,13.5,F5_on_time_rate,12.8,2,F1 login count (20.0%) and F6 inactive days (13.5%)
1127,OULAD_TEST_1127,0,0.1752,0.5713,0.3329,0.3398,0.1752,LOW,F1_login_count,14.4,F6_inactive_days,11.7,F13_weeks_since_active,11.2,5,F1 login count (14.4%) and F6 inactive days (11.7%)
1128,OULAD_TEST_1128,0,0.0583,0.3521,0.1654,0.0788,0.0583,LOW,F6_inactive_days,13.3,F1_login_count,13.1,F4_num_submitted,12.9,1,F6 inactive days (13.3%) and F1 login count (13.1%)
1129,OULAD_TEST_1129,0,0.172,0.6195,0.6291,0.4688,0.172,LOW,F1_login_count,20.0,F5_on_time_rate,12.5,F6_inactive_days,12.0,8,F1 login count (20.0%) and F5 on time rate (12.5%)
1130,OULAD_TEST_1130,1,0.759,0.7855,0.7804,0.682,0.759,HIGH,F1_login_count,15.6,F6_inactive_days,15.3,F4_num_submitted,14.9,13,F1 login count (15.6%) and F6 inactive days (15.3%)
1131,OULAD_TEST_1131,0,0.1251,0.466,0.3402,0.1674,0.1251,LOW,F1_login_count,20.1,F6_inactive_days,15.3,F4_num_submitted,14.0,11,F1 login count (20.1%) and F6 inactive days (15.3%)
1132,OULAD_TEST_1132,0,0.036,0.1645,0.1492,0.0981,0.036,LOW,F4_num_submitted,15.1,F6_inactive_days,13.9,F1_login_count,12.7,1,F4 num submitted (15.1%) and F6 inactive days (13.9%)
1133,OULAD_TEST_1133,0,0.5861,0.3551,0.5067,0.3838,0.5861,MEDIUM,F1_login_count,21.9,F5_on_time_rate,11.7,F6_inactive_days,10.6,17,F1 login count (21.9%) and F5 on time rate (11.7%)
1134,OULAD_TEST_1134,0,0.0421,0.413,0.1579,0.0935,0.0421,LOW,F6_inactive_days,17.6,F4_num_submitted,16.7,F1_login_count,12.0,1,F6 inactive days (17.6%) and F4 num submitted (16.7%)
1135,OULAD_TEST_1135,1,0.9829,0.5627,0.6303,0.6819,0.9829,HIGH,F1_login_count,25.1,F5_on_time_rate,15.3,F6_inactive_days,8.8,17,F1 login count (25.1%) and F5 on time rate (15.3%)
1136,OULAD_TEST_1136,1,0.2609,0.5214,0.4263,0.3301,0.2609,LOW,F1_login_count,19.8,F5_on_time_rate,15.4,F13_weeks_since_active,14.9,5,F1 login count (19.8%) and F5 on time rate (15.4%)
1137,OULAD_TEST_1137,0,0.1417,0.3725,0.2788,0.289,0.1417,LOW,F1_login_count,25.1,F6_inactive_days,13.4,F4_num_submitted,12.3,7,F1 login count (25.1%) and F6 inactive days (13.4%)
1138,OULAD_TEST_1138,0,0.0814,0.2297,0.2821,0.1721,0.0814,LOW,F6_inactive_days,17.2,F4_num_submitted,17.1,F13_weeks_since_active,11.3,1,F6 inactive days (17.2%) and F4 num submitted (17.1%)
1139,OULAD_TEST_1139,1,0.9964,0.4154,0.4615,0.5927,0.9964,HIGH,F1_login_count,24.5,F5_on_time_rate,14.5,F6_inactive_days,11.9,17,F1 login count (24.5%) and F5 on time rate (14.5%)
1140,OULAD_TEST_1140,1,0.9977,0.5597,0.8396,0.8612,0.9977,HIGH,F1_login_count,26.0,F5_on_time_rate,14.5,F13_weeks_since_active,11.9,15,F1 login count (26.0%) and F5 on time rate (14.5%)
1141,OULAD_TEST_1141,0,0.8117,0.701,0.8299,0.7193,0.8117,HIGH,F1_login_count,21.0,F5_on_time_rate,12.7,F6_inactive_days,12.2,11,F1 login count (21.0%) and F5 on time rate (12.7%)
1142,OULAD_TEST_1142,0,0.0252,0.2648,0.0895,0.0559,0.0252,LOW,F1_login_count,19.2,F13_weeks_since_active,14.0,F4_num_submitted,9.1,1,F1 login count (19.2%) and F13 weeks since active (14.0%)
1143,OULAD_TEST_1143,1,0.679,0.4138,0.6127,0.6112,0.679,MEDIUM,F1_login_count,17.4,F4_num_submitted,14.8,F6_inactive_days,14.4,17,F1 login count (17.4%) and F4 num submitted (14.8%)
1144,OULAD_TEST_1144,0,0.0862,0.2841,0.1383,0.1111,0.0862,LOW,F1_login_count,16.6,F6_inactive_days,13.2,F4_num_submitted,12.0,1,F1 login count (16.6%) and F6 inactive days (13.2%)
1145,OULAD_TEST_1145,0,0.1185,0.3859,0.1753,0.2647,0.1185,LOW,F1_login_count,18.4,F6_inactive_days,14.5,F4_num_submitted,13.8,1,F1 login count (18.4%) and F6 inactive days (14.5%)
1146,OULAD_TEST_1146,0,0.1644,0.3191,0.1564,0.1156,0.1644,LOW,F1_login_count,22.4,F5_on_time_rate,13.7,F6_inactive_days,13.5,17,F1 login count (22.4%) and F5 on time rate (13.7%)
1147,OULAD_TEST_1147,1,0.8264,0.6267,0.6808,0.7588,0.8264,HIGH,F1_login_count,19.4,F4_num_submitted,13.7,F6_inactive_days,13.1,17,F1 login count (19.4%) and F4 num submitted (13.7%)
1148,OULAD_TEST_1148,0,0.489,0.578,0.5579,0.6216,0.489,MEDIUM,F1_login_count,16.6,F5_on_time_rate,13.5,F6_inactive_days,11.9,15,F1 login count (16.6%) and F5 on time rate (13.5%)
1149,OULAD_TEST_1149,0,0.1126,0.4028,0.2206,0.0987,0.1126,LOW,F1_login_count,13.4,F13_weeks_since_active,11.2,F6_inactive_days,10.4,2,F1 login count (13.4%) and F13 weeks since active (11.2%)
1150,OULAD_TEST_1150,0,0.3959,0.542,0.3739,0.3571,0.3959,LOW,F1_login_count,25.6,F5_on_time_rate,13.8,F6_inactive_days,10.7,6,F1 login count (25.6%) and F5 on time rate (13.8%)
1151,OULAD_TEST_1151,0,0.1264,0.5005,0.1592,0.2167,0.1264,LOW,F1_login_count,23.3,F6_inactive_days,12.1,F5_on_time_rate,11.3,5,F1 login count (23.3%) and F6 inactive days (12.1%)
1152,OULAD_TEST_1152,1,0.5295,0.3614,0.6142,0.5798,0.5295,MEDIUM,F1_login_count,20.6,F6_inactive_days,14.5,F4_num_submitted,13.7,15,F1 login count (20.6%) and F6 inactive days (14.5%)
1153,OULAD_TEST_1153,0,0.5194,0.5262,0.4731,0.488,0.5194,MEDIUM,F1_login_count,21.3,F5_on_time_rate,14.6,F4_num_submitted,12.1,12,F1 login count (21.3%) and F5 on time rate (14.6%)
1154,OULAD_TEST_1154,0,0.349,0.4721,0.6489,0.8725,0.349,LOW,F1_login_count,19.3,F6_inactive_days,12.0,F4_num_submitted,11.5,11,F1 login count (19.3%) and F6 inactive days (12.0%)
1155,OULAD_TEST_1155,1,0.7811,0.7055,0.6308,0.6513,0.7811,HIGH,F1_login_count,19.7,F6_inactive_days,12.7,F4_num_submitted,12.3,7,F1 login count (19.7%) and F6 inactive days (12.7%)
1156,OULAD_TEST_1156,0,0.4194,0.5269,0.4949,0.3586,0.4194,MEDIUM,F1_login_count,22.0,F5_on_time_rate,13.5,F13_weeks_since_active,10.7,6,F1 login count (22.0%) and F5 on time rate (13.5%)
1157,OULAD_TEST_1157,0,0.0931,0.3118,0.3708,0.2897,0.0931,LOW,F1_login_count,14.3,F6_inactive_days,14.2,F4_num_submitted,13.6,1,F1 login count (14.3%) and F6 inactive days (14.2%)
1158,OULAD_TEST_1158,0,0.4217,0.8072,0.7104,0.5453,0.4217,MEDIUM,F4_num_submitted,15.4,F6_inactive_days,14.4,F5_on_time_rate,13.7,5,F4 num submitted (15.4%) and F6 inactive days (14.4%)
1159,OULAD_TEST_1159,1,0.8101,0.628,0.8218,0.734,0.8101,HIGH,F1_login_count,18.6,F4_num_submitted,14.3,F6_inactive_days,13.6,17,F1 login count (18.6%) and F4 num submitted (14.3%)
1160,OULAD_TEST_1160,1,0.9978,0.5367,0.5753,0.8379,0.9978,HIGH,F1_login_count,28.5,F5_on_time_rate,14.3,F6_inactive_days,11.0,13,F1 login count (28.5%) and F5 on time rate (14.3%)
1161,OULAD_TEST_1161,0,0.3404,0.5711,0.5379,0.3877,0.3404,LOW,F1_login_count,23.8,F5_on_time_rate,14.8,F6_inactive_days,9.6,7,F1 login count (23.8%) and F5 on time rate (14.8%)
1162,OULAD_TEST_1162,0,0.222,0.45,0.5026,0.4394,0.222,LOW,F6_inactive_days,13.7,F4_num_submitted,13.7,F13_weeks_since_active,13.5,10,F6 inactive days (13.7%) and F4 num submitted (13.7%)
1163,OULAD_TEST_1163,0,0.0576,0.2976,0.1286,0.0962,0.0576,LOW,F1_login_count,19.9,F6_inactive_days,12.1,F4_num_submitted,11.7,8,F1 login count (19.9%) and F6 inactive days (12.1%)
1164,OULAD_TEST_1164,0,0.1379,0.3373,0.1389,0.2267,0.1379,LOW,F1_login_count,22.6,F6_inactive_days,14.9,F4_num_submitted,14.1,1,F1 login count (22.6%) and F6 inactive days (14.9%)
1165,OULAD_TEST_1165,0,0.0704,0.3794,0.1915,0.1188,0.0704,LOW,F1_login_count,17.3,F4_num_submitted,14.0,F6_inactive_days,13.8,1,F1 login count (17.3%) and F4 num submitted (14.0%)
1166,OULAD_TEST_1166,0,0.0945,0.2906,0.2026,0.0859,0.0945,LOW,F1_login_count,18.8,F4_num_submitted,14.3,F6_inactive_days,13.8,1,F1 login count (18.8%) and F4 num submitted (14.3%)
1167,OULAD_TEST_1167,1,0.7135,0.4798,0.4839,0.4975,0.7135,HIGH,F1_login_count,20.2,F6_inactive_days,12.9,F4_num_submitted,12.4,17,F1 login count (20.2%) and F6 inactive days (12.9%)
1168,OULAD_TEST_1168,0,0.2056,0.4325,0.5549,0.2134,0.2056,LOW,F1_login_count,22.1,F5_on_time_rate,12.0,F6_inactive_days,11.6,9,F1 login count (22.1%) and F5 on time rate (12.0%)
1169,OULAD_TEST_1169,1,0.8829,0.3437,0.4999,0.5265,0.8829,HIGH,F1_login_count,21.3,F6_inactive_days,13.3,F4_num_submitted,12.8,17,F1 login count (21.3%) and F6 inactive days (13.3%)
1170,OULAD_TEST_1170,0,0.1988,0.445,0.2728,0.3206,0.1988,LOW,F1_login_count,18.7,F6_inactive_days,13.1,F4_num_submitted,12.7,4,F1 login count (18.7%) and F6 inactive days (13.1%)
1171,OULAD_TEST_1171,0,0.2622,0.2713,0.3969,0.3772,0.2622,LOW,F1_login_count,21.9,F6_inactive_days,14.0,F5_on_time_rate,13.2,15,F1 login count (21.9%) and F6 inactive days (14.0%)
1172,OULAD_TEST_1172,0,0.3946,0.4737,0.2546,0.1859,0.3946,LOW,F1_login_count,25.2,F5_on_time_rate,16.0,F6_inactive_days,9.6,6,F1 login count (25.2%) and F5 on time rate (16.0%)
1173,OULAD_TEST_1173,0,0.5668,0.3587,0.6167,0.4193,0.5668,MEDIUM,F1_login_count,21.6,F5_on_time_rate,11.7,F6_inactive_days,11.3,17,F1 login count (21.6%) and F5 on time rate (11.7%)
1174,OULAD_TEST_1174,0,0.6179,0.5665,0.6997,0.7666,0.6179,MEDIUM,F1_login_count,18.0,F6_inactive_days,13.6,F4_num_submitted,13.2,9,F1 login count (18.0%) and F6 inactive days (13.6%)
1175,OULAD_TEST_1175,0,0.4155,0.4713,0.3973,0.3788,0.4155,MEDIUM,F1_login_count,17.8,F13_weeks_since_active,16.4,F5_on_time_rate,14.3,5,F1 login count (17.8%) and F13 weeks since active (16.4%)
1176,OULAD_TEST_1176,1,0.9966,0.7084,0.922,0.9743,0.9966,HIGH,F1_login_count,22.8,F6_inactive_days,12.5,F4_num_submitted,12.4,6,F1 login count (22.8%) and F6 inactive days (12.5%)
1177,OULAD_TEST_1177,0,0.023,0.2798,0.1427,0.1543,0.023,LOW,F6_inactive_days,17.2,F1_login_count,17.1,F4_num_submitted,16.1,1,F6 inactive days (17.2%) and F1 login count (17.1%)
1178,OULAD_TEST_1178,0,0.0261,0.2432,0.1367,0.0763,0.0261,LOW,F6_inactive_days,14.2,F4_num_submitted,14.0,F1_login_count,12.7,1,F6 inactive days (14.2%) and F4 num submitted (14.0%)
1179,OULAD_TEST_1179,1,0.4645,0.3766,0.2415,0.1277,0.4645,MEDIUM,F1_login_count,22.8,F13_weeks_since_active,11.9,F5_on_time_rate,11.7,8,F1 login count (22.8%) and F13 weeks since active (11.9%)
1180,OULAD_TEST_1180,0,0.4948,0.5636,0.5172,0.5809,0.4948,MEDIUM,F1_login_count,24.9,F5_on_time_rate,16.3,F6_inactive_days,11.4,8,F1 login count (24.9%) and F5 on time rate (16.3%)
1181,OULAD_TEST_1181,0,0.0859,0.3853,0.2403,0.1192,0.0859,LOW,F4_num_submitted,14.0,F6_inactive_days,12.8,F13_weeks_since_active,11.8,1,F4 num submitted (14.0%) and F6 inactive days (12.8%)
1182,OULAD_TEST_1182,0,0.2387,0.6327,0.374,0.3795,0.2387,LOW,F1_login_count,21.1,F5_on_time_rate,17.3,F6_inactive_days,11.2,9,F1 login count (21.1%) and F5 on time rate (17.3%)
1183,OULAD_TEST_1183,0,0.089,0.4307,0.3325,0.1444,0.089,LOW,F1_login_count,14.4,F6_inactive_days,12.1,F4_num_submitted,11.2,7,F1 login count (14.4%) and F6 inactive days (12.1%)
1184,OULAD_TEST_1184,1,0.3782,0.3226,0.4526,0.3344,0.3782,LOW,F1_login_count,22.4,F5_on_time_rate,12.8,F6_inactive_days,12.7,12,F1 login count (22.4%) and F5 on time rate (12.8%)
1185,OULAD_TEST_1185,1,0.9617,0.7314,0.9017,0.98,0.9617,HIGH,F1_login_count,20.3,F4_num_submitted,15.1,F6_inactive_days,14.1,12,F1 login count (20.3%) and F4 num submitted (15.1%)
1186,OULAD_TEST_1186,0,0.0829,0.4013,0.1516,0.0923,0.0829,LOW,F4_num_submitted,12.6,F13_weeks_since_active,12.3,F6_inactive_days,11.5,7,F4 num submitted (12.6%) and F13 weeks since active (12.3%)
1187,OULAD_TEST_1187,1,0.5103,0.3862,0.3424,0.4448,0.5103,MEDIUM,F1_login_count,18.4,F6_inactive_days,15.3,F4_num_submitted,14.5,17,F1 login count (18.4%) and F6 inactive days (15.3%)
1188,OULAD_TEST_1188,0,0.2521,0.3465,0.5669,0.3214,0.2521,LOW,F1_login_count,16.8,F5_on_time_rate,13.5,F13_weeks_since_active,12.1,17,F1 login count (16.8%) and F5 on time rate (13.5%)
1189,OULAD_TEST_1189,1,0.997,0.7167,0.8105,0.7348,0.997,HIGH,F1_login_count,26.4,F5_on_time_rate,14.3,F13_weeks_since_active,12.1,8,F1 login count (26.4%) and F5 on time rate (14.3%)
1190,OULAD_TEST_1190,1,0.9876,0.6897,0.6677,0.7242,0.9876,HIGH,F1_login_count,22.6,F5_on_time_rate,15.3,F6_inactive_days,9.4,7,F1 login count (22.6%) and F5 on time rate (15.3%)
1191,OULAD_TEST_1191,1,0.5271,0.5985,0.6395,0.6339,0.5271,MEDIUM,F1_login_count,15.7,F4_num_submitted,14.9,F6_inactive_days,14.8,14,F1 login count (15.7%) and F4 num submitted (14.9%)
1192,OULAD_TEST_1192,0,0.264,0.5331,0.3666,0.364,0.264,LOW,F1_login_count,26.3,F5_on_time_rate,15.6,F6_inactive_days,10.0,8,F1 login count (26.3%) and F5 on time rate (15.6%)
1193,OULAD_TEST_1193,1,0.6308,0.7704,0.7681,0.7188,0.6308,MEDIUM,F1_login_count,26.4,F5_on_time_rate,12.6,F6_inactive_days,9.7,11,F1 login count (26.4%) and F5 on time rate (12.6%)
1194,OULAD_TEST_1194,1,0.6077,0.6252,0.8297,0.6316,0.6077,MEDIUM,F1_login_count,20.2,F6_inactive_days,12.4,F4_num_submitted,11.2,11,F1 login count (20.2%) and F6 inactive days (12.4%)
1195,OULAD_TEST_1195,0,0.0783,0.4225,0.1984,0.2377,0.0783,LOW,F1_login_count,17.8,F6_inactive_days,11.0,F4_num_submitted,11.0,6,F1 login count (17.8%) and F6 inactive days (11.0%)
1196,OULAD_TEST_1196,1,0.4243,0.4701,0.3708,0.3064,0.4243,MEDIUM,F1_login_count,25.1,F5_on_time_rate,12.5,F4_num_submitted,10.5,6,F1 login count (25.1%) and F5 on time rate (12.5%)
1197,OULAD_TEST_1197,0,0.0646,0.4227,0.2808,0.1726,0.0646,LOW,F1_login_count,19.9,F5_on_time_rate,13.3,F6_inactive_days,11.9,6,F1 login count (19.9%) and F5 on time rate (13.3%)
1198,OULAD_TEST_1198,1,0.7207,0.3171,0.4089,0.494,0.7207,HIGH,F1_login_count,21.8,F4_num_submitted,12.7,F5_on_time_rate,12.3,15,F1 login count (21.8%) and F4 num submitted (12.7%)
1199,OULAD_TEST_1199,0,0.5052,0.3418,0.2123,0.3287,0.5052,MEDIUM,F1_login_count,23.3,F5_on_time_rate,12.2,F4_num_submitted,12.1,9,F1 login count (23.3%) and F5 on time rate (12.2%)
1200,OULAD_TEST_1200,0,0.2264,0.3132,0.0969,0.158,0.2264,LOW,F1_login_count,22.7,F6_inactive_days,14.5,F4_num_submitted,14.0,2,F1 login count (22.7%) and F6 inactive days (14.5%)
1201,OULAD_TEST_1201,1,0.9903,0.6736,0.6856,0.9574,0.9903,HIGH,F1_login_count,25.0,F4_num_submitted,12.4,F5_on_time_rate,12.3,13,F1 login count (25.0%) and F4 num submitted (12.4%)
1202,OULAD_TEST_1202,0,0.1443,0.4854,0.6107,0.3591,0.1443,LOW,F1_login_count,18.9,F5_on_time_rate,11.9,F6_inactive_days,11.2,13,F1 login count (18.9%) and F5 on time rate (11.9%)
1203,OULAD_TEST_1203,1,0.7552,0.5256,0.453,0.5616,0.7552,HIGH,F1_login_count,20.8,F5_on_time_rate,14.8,F6_inactive_days,12.5,11,F1 login count (20.8%) and F5 on time rate (14.8%)
1204,OULAD_TEST_1204,0,0.3546,0.3037,0.3382,0.2672,0.3546,LOW,F1_login_count,23.0,F5_on_time_rate,14.8,F6_inactive_days,12.2,10,F1 login count (23.0%) and F5 on time rate (14.8%)
1205,OULAD_TEST_1205,0,0.0673,0.4226,0.853,0.8269,0.0673,LOW,F1_login_count,16.8,F6_inactive_days,13.9,F4_num_submitted,12.7,15,F1 login count (16.8%) and F6 inactive days (13.9%)
1206,OULAD_TEST_1206,1,0.3438,0.6061,0.5422,0.4856,0.3438,LOW,F1_login_count,26.8,F5_on_time_rate,15.8,F6_inactive_days,10.3,7,F1 login count (26.8%) and F5 on time rate (15.8%)
1207,OULAD_TEST_1207,0,0.0749,0.4563,0.2604,0.1858,0.0749,LOW,F1_login_count,16.2,F13_weeks_since_active,12.6,F4_num_submitted,10.4,5,F1 login count (16.2%) and F13 weeks since active (12.6%)
1208,OULAD_TEST_1208,1,0.9857,0.6723,0.8644,0.8553,0.9857,HIGH,F1_login_count,21.4,F4_num_submitted,13.3,F6_inactive_days,12.7,5,F1 login count (21.4%) and F4 num submitted (13.3%)
1209,OULAD_TEST_1209,0,0.0283,0.161,0.1061,0.1014,0.0283,LOW,F6_inactive_days,14.0,F4_num_submitted,13.6,F13_weeks_since_active,9.6,1,F6 inactive days (14.0%) and F4 num submitted (13.6%)
1210,OULAD_TEST_1210,0,0.46,0.5037,0.5339,0.5639,0.46,MEDIUM,F1_login_count,15.6,F6_inactive_days,12.1,F13_weeks_since_active,11.0,13,F1 login count (15.6%) and F6 inactive days (12.1%)
1211,OULAD_TEST_1211,0,0.4625,0.7921,0.5365,0.6238,0.4625,MEDIUM,F1_login_count,19.4,F6_inactive_days,12.6,F4_num_submitted,11.3,9,F1 login count (19.4%) and F6 inactive days (12.6%)
1212,OULAD_TEST_1212,1,0.9969,0.5345,0.6904,0.717,0.9969,HIGH,F1_login_count,23.3,F4_num_submitted,12.8,F5_on_time_rate,12.7,17,F1 login count (23.3%) and F4 num submitted (12.8%)
1213,OULAD_TEST_1213,0,0.2877,0.2311,0.1997,0.1472,0.2877,LOW,F1_login_count,20.9,F6_inactive_days,13.3,F4_num_submitted,12.5,17,F1 login count (20.9%) and F6 inactive days (13.3%)
1214,OULAD_TEST_1214,0,0.104,0.4959,0.1832,0.2045,0.104,LOW,F1_login_count,19.0,F6_inactive_days,12.0,F4_num_submitted,11.4,9,F1 login count (19.0%) and F6 inactive days (12.0%)
1215,OULAD_TEST_1215,0,0.086,0.3887,0.2377,0.1563,0.086,LOW,F1_login_count,23.3,F6_inactive_days,12.9,F5_on_time_rate,12.9,7,F1 login count (23.3%) and F6 inactive days (12.9%)
1216,OULAD_TEST_1216,0,0.5952,0.5012,0.8181,0.8049,0.5952,MEDIUM,F6_inactive_days,15.2,F4_num_submitted,14.8,F1_login_count,14.1,15,F6 inactive days (15.2%) and F4 num submitted (14.8%)
1217,OULAD_TEST_1217,0,0.8281,0.746,0.664,0.9452,0.8281,HIGH,F1_login_count,27.0,F5_on_time_rate,14.7,F13_weeks_since_active,9.5,13,F1 login count (27.0%) and F5 on time rate (14.7%)
1218,OULAD_TEST_1218,0,0.5496,0.4759,0.5698,0.7738,0.5496,MEDIUM,F1_login_count,21.3,F4_num_submitted,13.5,F6_inactive_days,13.5,14,F1 login count (21.3%) and F4 num submitted (13.5%)
1219,OULAD_TEST_1219,0,0.785,0.8443,0.8813,0.8998,0.785,HIGH,F1_login_count,24.0,F5_on_time_rate,15.5,F13_weeks_since_active,8.5,14,F1 login count (24.0%) and F5 on time rate (15.5%)
1220,OULAD_TEST_1220,0,0.2486,0.3839,0.5626,0.3363,0.2486,LOW,F13_weeks_since_active,13.9,F5_on_time_rate,13.2,F1_login_count,12.7,7,F13 weeks since active (13.9%) and F5 on time rate (13.2%)
1221,OULAD_TEST_1221,1,0.9914,0.5202,0.7407,0.8227,0.9914,HIGH,F1_login_count,28.7,F5_on_time_rate,16.3,F2_vle_clicks,9.6,11,F1 login count (28.7%) and F5 on time rate (16.3%)
1222,OULAD_TEST_1222,0,0.2296,0.4182,0.529,0.4063,0.2296,LOW,F1_login_count,20.1,F6_inactive_days,15.0,F4_num_submitted,13.7,13,F1 login count (20.1%) and F6 inactive days (15.0%)
1223,OULAD_TEST_1223,0,0.026,0.2899,0.123,0.0983,0.026,LOW,F1_login_count,19.4,F6_inactive_days,15.2,F4_num_submitted,14.1,1,F1 login count (19.4%) and F6 inactive days (15.2%)
1224,OULAD_TEST_1224,0,0.578,0.752,0.8238,0.636,0.578,MEDIUM,F1_login_count,19.5,F5_on_time_rate,13.9,F4_num_submitted,11.6,5,F1 login count (19.5%) and F5 on time rate (13.9%)
1225,OULAD_TEST_1225,1,0.3974,0.5819,0.4491,0.4094,0.3974,LOW,F1_login_count,21.0,F5_on_time_rate,12.8,F13_weeks_since_active,11.9,9,F1 login count (21.0%) and F5 on time rate (12.8%)
1226,OULAD_TEST_1226,0,0.0351,0.2418,0.0846,0.041,0.0351,LOW,F1_login_count,19.1,F6_inactive_days,12.7,F4_num_submitted,11.8,1,F1 login count (19.1%) and F6 inactive days (12.7%)
1227,OULAD_TEST_1227,0,0.0347,0.2063,0.0994,0.1456,0.0347,LOW,F6_inactive_days,16.2,F4_num_submitted,15.5,F5_on_time_rate,10.8,2,F6 inactive days (16.2%) and F4 num submitted (15.5%)
1228,OULAD_TEST_1228,1,0.8503,0.372,0.2798,0.8007,0.8503,HIGH,F1_login_count,25.2,F6_inactive_days,13.6,F4_num_submitted,13.3,12,F1 login count (25.2%) and F6 inactive days (13.6%)
1229,OULAD_TEST_1229,0,0.147,0.4051,0.1882,0.098,0.147,LOW,F1_login_count,24.3,F6_inactive_days,11.6,F5_on_time_rate,11.2,8,F1 login count (24.3%) and F6 inactive days (11.6%)
1230,OULAD_TEST_1230,0,0.2152,0.4659,0.3859,0.5137,0.2152,LOW,F1_login_count,28.0,F5_on_time_rate,14.8,F6_inactive_days,10.7,7,F1 login count (28.0%) and F5 on time rate (14.8%)
1231,OULAD_TEST_1231,0,0.0192,0.2893,0.1302,0.0505,0.0192,LOW,F6_inactive_days,13.4,F4_num_submitted,12.6,F7_score_change,11.1,2,F6 inactive days (13.4%) and F4 num submitted (12.6%)
1232,OULAD_TEST_1232,0,0.0138,0.16,0.1057,0.0354,0.0138,LOW,F1_login_count,12.8,F13_weeks_since_active,11.9,F6_inactive_days,11.5,1,F1 login count (12.8%) and F13 weeks since active (11.9%)
1233,OULAD_TEST_1233,0,0.2121,0.3848,0.5863,0.4596,0.2121,LOW,F1_login_count,25.3,F5_on_time_rate,14.8,F6_inactive_days,9.7,10,F1 login count (25.3%) and F5 on time rate (14.8%)
1234,OULAD_TEST_1234,0,0.3416,0.6091,0.4937,0.4489,0.3416,LOW,F1_login_count,14.9,F13_weeks_since_active,13.8,F4_num_submitted,12.2,9,F1 login count (14.9%) and F13 weeks since active (13.8%)
1235,OULAD_TEST_1235,0,0.1828,0.3966,0.2982,0.2371,0.1828,LOW,F1_login_count,23.7,F6_inactive_days,13.9,F4_num_submitted,13.3,17,F1 login count (23.7%) and F6 inactive days (13.9%)
1236,OULAD_TEST_1236,0,0.0703,0.4134,0.2985,0.1758,0.0703,LOW,F1_login_count,20.2,F6_inactive_days,11.9,F4_num_submitted,10.3,9,F1 login count (20.2%) and F6 inactive days (11.9%)
1237,OULAD_TEST_1237,0,0.0192,0.4705,0.3151,0.1304,0.0192,LOW,F13_weeks_since_active,17.0,F1_login_count,15.7,F7_score_change,9.8,6,F13 weeks since active (17.0%) and F1 login count (15.7%)
1238,OULAD_TEST_1238,0,0.0936,0.3967,0.3031,0.0763,0.0936,LOW,F1_login_count,17.6,F6_inactive_days,11.1,F4_num_submitted,9.9,5,F1 login count (17.6%) and F6 inactive days (11.1%)
1239,OULAD_TEST_1239,0,0.1538,0.469,0.3072,0.3105,0.1538,LOW,F13_weeks_since_active,13.6,F1_login_count,13.3,F4_num_submitted,11.3,9,F13 weeks since active (13.6%) and F1 login count (13.3%)
1240,OULAD_TEST_1240,0,0.1809,0.3083,0.1865,0.2389,0.1809,LOW,F13_weeks_since_active,16.3,F1_login_count,13.8,F4_num_submitted,10.9,8,F13 weeks since active (16.3%) and F1 login count (13.8%)
1241,OULAD_TEST_1241,0,0.1034,0.6078,0.3215,0.1823,0.1034,LOW,F1_login_count,21.6,F6_inactive_days,14.7,F4_num_submitted,14.3,8,F1 login count (21.6%) and F6 inactive days (14.7%)
1242,OULAD_TEST_1242,1,0.41,0.4208,0.3035,0.2852,0.41,MEDIUM,F6_inactive_days,17.8,F4_num_submitted,17.0,F1_login_count,14.4,17,F6 inactive days (17.8%) and F4 num submitted (17.0%)
1243,OULAD_TEST_1243,1,0.3399,0.2483,0.194,0.3422,0.3399,LOW,F6_inactive_days,15.7,F4_num_submitted,15.5,F5_on_time_rate,13.2,17,F6 inactive days (15.7%) and F4 num submitted (15.5%)
1244,OULAD_TEST_1244,0,0.0638,0.3039,0.196,0.1295,0.0638,LOW,F1_login_count,15.1,F4_num_submitted,14.9,F6_inactive_days,13.9,1,F1 login count (15.1%) and F4 num submitted (14.9%)
1245,OULAD_TEST_1245,0,0.5617,0.4056,0.4456,0.5385,0.5617,MEDIUM,F1_login_count,18.2,F6_inactive_days,14.7,F4_num_submitted,14.0,16,F1 login count (18.2%) and F6 inactive days (14.7%)
1246,OULAD_TEST_1246,1,0.9534,0.2762,0.4275,0.314,0.9534,HIGH,F6_inactive_days,15.5,F1_login_count,15.4,F4_num_submitted,14.6,17,F6 inactive days (15.5%) and F1 login count (15.4%)
1247,OULAD_TEST_1247,0,0.229,0.4016,0.2839,0.2613,0.229,LOW,F1_login_count,20.4,F5_on_time_rate,12.1,F13_weeks_since_active,10.1,5,F1 login count (20.4%) and F5 on time rate (12.1%)
1248,OULAD_TEST_1248,1,0.5806,0.5441,0.7086,0.6472,0.5806,MEDIUM,F1_login_count,15.8,F13_weeks_since_active,12.6,F6_inactive_days,12.2,14,F1 login count (15.8%) and F13 weeks since active (12.6%)
1249,OULAD_TEST_1249,0,0.0443,0.2985,0.1938,0.251,0.0443,LOW,F1_login_count,13.1,F4_num_submitted,12.6,F5_on_time_rate,12.5,1,F1 login count (13.1%) and F4 num submitted (12.6%)
1250,OULAD_TEST_1250,1,0.1593,0.4046,0.3627,0.1846,0.1593,LOW,F1_login_count,23.4,F5_on_time_rate,12.8,F4_num_submitted,11.7,5,F1 login count (23.4%) and F5 on time rate (12.8%)
1251,OULAD_TEST_1251,0,0.0942,0.3489,0.2775,0.1297,0.0942,LOW,F1_login_count,18.2,F6_inactive_days,14.9,F4_num_submitted,14.2,1,F1 login count (18.2%) and F6 inactive days (14.9%)
1252,OULAD_TEST_1252,0,0.5515,0.6493,0.4111,0.3452,0.5515,MEDIUM,F1_login_count,21.7,F6_inactive_days,12.6,F5_on_time_rate,11.9,8,F1 login count (21.7%) and F6 inactive days (12.6%)
1253,OULAD_TEST_1253,1,0.5658,0.6735,0.5791,0.6078,0.5658,MEDIUM,F1_login_count,21.9,F5_on_time_rate,12.3,F6_inactive_days,11.5,8,F1 login count (21.9%) and F5 on time rate (12.3%)
1254,OULAD_TEST_1254,0,0.601,0.492,0.5606,0.5025,0.601,MEDIUM,F1_login_count,23.3,F5_on_time_rate,15.5,F6_inactive_days,10.3,6,F1 login count (23.3%) and F5 on time rate (15.5%)
1255,OULAD_TEST_1255,1,0.4733,0.5622,0.5386,0.4999,0.4733,MEDIUM,F1_login_count,23.1,F5_on_time_rate,13.5,F13_weeks_since_active,10.6,9,F1 login count (23.1%) and F5 on time rate (13.5%)
1256,OULAD_TEST_1256,1,0.8329,0.6869,0.7763,0.8621,0.8329,HIGH,F4_num_submitted,16.1,F6_inactive_days,15.9,F1_login_count,15.8,9,F4 num submitted (16.1%) and F6 inactive days (15.9%)
1257,OULAD_TEST_1257,1,0.491,0.2206,0.1408,0.0747,0.491,MEDIUM,F1_login_count,21.0,F6_inactive_days,13.5,F4_num_submitted,12.9,17,F1 login count (21.0%) and F6 inactive days (13.5%)
1258,OULAD_TEST_1258,0,0.0451,0.3102,0.1901,0.271,0.0451,LOW,F1_login_count,16.0,F6_inactive_days,15.2,F4_num_submitted,14.4,1,F1 login count (16.0%) and F6 inactive days (15.2%)
1259,OULAD_TEST_1259,0,0.1149,0.2207,0.3262,0.2391,0.1149,LOW,F13_weeks_since_active,15.0,F6_inactive_days,11.9,F4_num_submitted,11.9,8,F13 weeks since active (15.0%) and F6 inactive days (11.9%)
1260,OULAD_TEST_1260,0,0.1117,0.4179,0.2814,0.1965,0.1117,LOW,F1_login_count,18.2,F5_on_time_rate,13.9,F6_inactive_days,11.3,6,F1 login count (18.2%) and F5 on time rate (13.9%)
1261,OULAD_TEST_1261,0,0.1566,0.407,0.2244,0.2647,0.1566,LOW,F1_login_count,24.2,F5_on_time_rate,14.8,F6_inactive_days,12.4,6,F1 login count (24.2%) and F5 on time rate (14.8%)
1262,OULAD_TEST_1262,0,0.2597,0.3229,0.1679,0.5286,0.2597,LOW,F1_login_count,24.7,F6_inactive_days,13.7,F5_on_time_rate,13.4,13,F1 login count (24.7%) and F6 inactive days (13.7%)
1263,OULAD_TEST_1263,0,0.0347,0.1885,0.1594,0.138,0.0347,LOW,F7_score_change,10.8,F13_weeks_since_active,10.3,F5_on_time_rate,10.2,1,F7 score change (10.8%) and F13 weeks since active (10.3%)
1264,OULAD_TEST_1264,0,0.0548,0.41,0.1293,0.1828,0.0548,LOW,F6_inactive_days,15.4,F4_num_submitted,14.7,F1_login_count,13.4,1,F6 inactive days (15.4%) and F4 num submitted (14.7%)
1265,OULAD_TEST_1265,0,0.4806,0.4372,0.3847,0.2809,0.4806,MEDIUM,F1_login_count,16.1,F6_inactive_days,14.6,F4_num_submitted,14.5,12,F1 login count (16.1%) and F6 inactive days (14.6%)
1266,OULAD_TEST_1266,0,0.4049,0.5305,0.4564,0.6465,0.4049,MEDIUM,F1_login_count,15.4,F5_on_time_rate,15.4,F13_weeks_since_active,13.9,11,F1 login count (15.4%) and F5 on time rate (15.4%)
1267,OULAD_TEST_1267,0,0.1884,0.6413,0.2606,0.1232,0.1884,LOW,F1_login_count,15.9,F6_inactive_days,14.6,F4_num_submitted,14.2,8,F1 login count (15.9%) and F6 inactive days (14.6%)
1268,OULAD_TEST_1268,0,0.0159,0.3171,0.3394,0.1218,0.0159,LOW,F4_num_submitted,14.6,F6_inactive_days,13.3,F1_login_count,11.5,2,F4 num submitted (14.6%) and F6 inactive days (13.3%)
1269,OULAD_TEST_1269,0,0.2069,0.4888,0.4941,0.4221,0.2069,LOW,F1_login_count,18.5,F13_weeks_since_active,12.7,F5_on_time_rate,12.3,7,F1 login count (18.5%) and F13 weeks since active (12.7%)
1270,OULAD_TEST_1270,0,0.4174,0.6507,0.7093,0.7006,0.4174,MEDIUM,F1_login_count,18.8,F5_on_time_rate,13.7,F13_weeks_since_active,12.7,9,F1 login count (18.8%) and F5 on time rate (13.7%)
1271,OULAD_TEST_1271,0,0.2851,0.7597,0.5026,0.4237,0.2851,LOW,F6_inactive_days,13.8,F1_login_count,13.7,F4_num_submitted,13.2,8,F6 inactive days (13.8%) and F1 login count (13.7%)
1272,OULAD_TEST_1272,1,0.5372,0.4247,0.428,0.5021,0.5372,MEDIUM,F1_login_count,16.6,F6_inactive_days,15.7,F4_num_submitted,14.7,17,F1 login count (16.6%) and F6 inactive days (15.7%)
1273,OULAD_TEST_1273,0,0.5967,0.6881,0.5336,0.6079,0.5967,MEDIUM,F1_login_count,16.2,F6_inactive_days,13.3,F4_num_submitted,13.0,13,F1 login count (16.2%) and F6 inactive days (13.3%)
1274,OULAD_TEST_1274,0,0.1523,0.4132,0.3221,0.2742,0.1523,LOW,F1_login_count,21.1,F5_on_time_rate,13.1,F6_inactive_days,12.0,6,F1 login count (21.1%) and F5 on time rate (13.1%)
1275,OULAD_TEST_1275,1,0.9354,0.5406,0.5289,0.7907,0.9354,HIGH,F1_login_count,20.1,F4_num_submitted,12.9,F6_inactive_days,12.6,17,F1 login count (20.1%) and F4 num submitted (12.9%)
1276,OULAD_TEST_1276,0,0.1638,0.374,0.485,0.5399,0.1638,LOW,F1_login_count,23.8,F6_inactive_days,14.0,F4_num_submitted,13.2,12,F1 login count (23.8%) and F6 inactive days (14.0%)
1277,OULAD_TEST_1277,0,0.1357,0.4424,0.2664,0.1935,0.1357,LOW,F1_login_count,26.0,F5_on_time_rate,15.0,F6_inactive_days,10.8,10,F1 login count (26.0%) and F5 on time rate (15.0%)
1278,OULAD_TEST_1278,1,0.314,0.281,0.2943,0.6467,0.314,LOW,F1_login_count,19.1,F6_inactive_days,12.9,F4_num_submitted,12.0,8,F1 login count (19.1%) and F6 inactive days (12.9%)
1279,OULAD_TEST_1279,1,0.2968,0.2903,0.4896,0.2226,0.2968,LOW,F1_login_count,13.7,F5_on_time_rate,13.1,F6_inactive_days,13.0,1,F1 login count (13.7%) and F5 on time rate (13.1%)
1280,OULAD_TEST_1280,0,0.2902,0.4895,0.4115,0.3535,0.2902,LOW,F1_login_count,19.3,F5_on_time_rate,15.6,F13_weeks_since_active,15.0,5,F1 login count (19.3%) and F5 on time rate (15.6%)
1281,OULAD_TEST_1281,0,0.3228,0.778,0.5318,0.4626,0.3228,LOW,F1_login_count,16.7,F13_weeks_since_active,13.8,F4_num_submitted,11.4,5,F1 login count (16.7%) and F13 weeks since active (13.8%)
1282,OULAD_TEST_1282,0,0.1368,0.6096,0.3418,0.2635,0.1368,LOW,F1_login_count,15.8,F13_weeks_since_active,11.9,F6_inactive_days,9.8,4,F1 login count (15.8%) and F13 weeks since active (11.9%)
1283,OULAD_TEST_1283,1,0.7652,0.6325,0.656,0.6857,0.7652,HIGH,F1_login_count,25.1,F5_on_time_rate,13.8,F13_weeks_since_active,12.3,8,F1 login count (25.1%) and F5 on time rate (13.8%)
1284,OULAD_TEST_1284,1,0.9981,0.3831,0.2831,0.5145,0.9981,HIGH,F1_login_count,25.5,F6_inactive_days,12.2,F4_num_submitted,11.9,17,F1 login count (25.5%) and F6 inactive days (12.2%)
1285,OULAD_TEST_1285,0,0.0871,0.4431,0.1957,0.1132,0.0871,LOW,F1_login_count,20.8,F5_on_time_rate,12.7,F13_weeks_since_active,12.4,7,F1 login count (20.8%) and F5 on time rate (12.7%)
1286,OULAD_TEST_1286,0,0.0466,0.2482,0.2581,0.1971,0.0466,LOW,F1_login_count,16.5,F6_inactive_days,12.0,F4_num_submitted,10.8,9,F1 login count (16.5%) and F6 inactive days (12.0%)
1287,OULAD_TEST_1287,0,0.0332,0.2304,0.0366,0.0372,0.0332,LOW,F1_login_count,21.3,F5_on_time_rate,10.7,F13_weeks_since_active,10.2,2,F1 login count (21.3%) and F5 on time rate (10.7%)
1288,OULAD_TEST_1288,1,0.2052,0.4049,0.3395,0.2729,0.2052,LOW,F1_login_count,15.3,F13_weeks_since_active,15.1,F6_inactive_days,11.0,5,F1 login count (15.3%) and F13 weeks since active (15.1%)
1289,OULAD_TEST_1289,1,0.5611,0.5111,0.6196,0.4892,0.5611,MEDIUM,F1_login_count,22.0,F5_on_time_rate,14.0,F6_inactive_days,11.9,16,F1 login count (22.0%) and F5 on time rate (14.0%)
1290,OULAD_TEST_1290,0,0.4316,0.4695,0.6264,0.7223,0.4316,MEDIUM,F1_login_count,25.3,F5_on_time_rate,13.5,F6_inactive_days,10.9,13,F1 login count (25.3%) and F5 on time rate (13.5%)
1291,OULAD_TEST_1291,1,0.8147,0.7653,0.7551,0.8273,0.8147,HIGH,F6_inactive_days,16.6,F4_num_submitted,16.2,F1_login_count,14.3,13,F6 inactive days (16.6%) and F4 num submitted (16.2%)
1292,OULAD_TEST_1292,0,0.2832,0.6423,0.4093,0.3115,0.2832,LOW,F6_inactive_days,16.4,F4_num_submitted,16.2,F1_login_count,11.8,12,F6 inactive days (16.4%) and F4 num submitted (16.2%)
1293,OULAD_TEST_1293,1,0.1466,0.4598,0.1639,0.1521,0.1466,LOW,F1_login_count,22.8,F6_inactive_days,13.8,F4_num_submitted,13.6,4,F1 login count (22.8%) and F6 inactive days (13.8%)
1294,OULAD_TEST_1294,1,0.9036,0.2343,0.445,0.6524,0.9036,HIGH,F1_login_count,19.7,F4_num_submitted,13.2,F6_inactive_days,12.7,16,F1 login count (19.7%) and F4 num submitted (13.2%)
1295,OULAD_TEST_1295,0,0.0765,0.3817,0.2165,0.1137,0.0765,LOW,F1_login_count,17.2,F13_weeks_since_active,11.3,F5_on_time_rate,9.5,5,F1 login count (17.2%) and F13 weeks since active (11.3%)
1296,OULAD_TEST_1296,0,0.3924,0.5466,0.4322,0.497,0.3924,LOW,F13_weeks_since_active,13.7,F1_login_count,13.6,F4_num_submitted,12.8,17,F13 weeks since active (13.7%) and F1 login count (13.6%)
1297,OULAD_TEST_1297,0,0.048,0.3578,0.3051,0.0712,0.048,LOW,F1_login_count,19.5,F6_inactive_days,13.7,F4_num_submitted,12.7,1,F1 login count (19.5%) and F6 inactive days (13.7%)
1298,OULAD_TEST_1298,0,0.2874,0.4862,0.5933,0.6478,0.2874,LOW,F6_inactive_days,17.1,F4_num_submitted,16.4,F5_on_time_rate,12.2,15,F6 inactive days (17.1%) and F4 num submitted (16.4%)
1299,OULAD_TEST_1299,0,0.243,0.5417,0.45,0.4379,0.243,LOW,F13_weeks_since_active,15.6,F6_inactive_days,14.1,F4_num_submitted,13.8,6,F13 weeks since active (15.6%) and F6 inactive days (14.1%)
1300,OULAD_TEST_1300,0,0.4237,0.7207,0.687,0.6391,0.4237,MEDIUM,F1_login_count,22.7,F5_on_time_rate,15.2,F6_inactive_days,13.0,9,F1 login count (22.7%) and F5 on time rate (15.2%)
1301,OULAD_TEST_1301,0,0.0364,0.2074,0.1166,0.0503,0.0364,LOW,F1_login_count,16.6,F5_on_time_rate,10.6,F6_inactive_days,9.9,1,F1 login count (16.6%) and F5 on time rate (10.6%)
1302,OULAD_TEST_1302,0,0.7083,0.5369,0.5125,0.6637,0.7083,HIGH,F6_inactive_days,14.6,F4_num_submitted,13.7,F1_login_count,12.9,13,F6 inactive days (14.6%) and F4 num submitted (13.7%)
1303,OULAD_TEST_1303,0,0.6903,0.6741,0.7501,0.6326,0.6903,MEDIUM,F1_login_count,20.0,F4_num_submitted,13.0,F6_inactive_days,12.5,17,F1 login count (20.0%) and F4 num submitted (13.0%)
1304,OULAD_TEST_1304,1,0.4888,0.4295,0.4055,0.5244,0.4888,MEDIUM,F1_login_count,16.9,F5_on_time_rate,15.6,F6_inactive_days,14.4,9,F1 login count (16.9%) and F5 on time rate (15.6%)
1305,OULAD_TEST_1305,0,0.1374,0.5801,0.4565,0.4115,0.1374,LOW,F1_login_count,27.8,F5_on_time_rate,17.9,F6_inactive_days,9.2,7,F1 login count (27.8%) and F5 on time rate (17.9%)
1306,OULAD_TEST_1306,0,0.5351,0.5175,0.5745,0.5764,0.5351,MEDIUM,F1_login_count,25.8,F5_on_time_rate,14.1,F6_inactive_days,9.0,6,F1 login count (25.8%) and F5 on time rate (14.1%)
1307,OULAD_TEST_1307,1,0.1136,0.3916,0.4546,0.3069,0.1136,LOW,F13_weeks_since_active,12.2,F7_score_change,11.5,F11_max_score,10.6,7,F13 weeks since active (12.2%) and F7 score change (11.5%)
1308,OULAD_TEST_1308,0,0.1663,0.4768,0.3914,0.2483,0.1663,LOW,F1_login_count,18.2,F5_on_time_rate,14.6,F13_weeks_since_active,14.2,5,F1 login count (18.2%) and F5 on time rate (14.6%)
1309,OULAD_TEST_1309,0,0.2103,0.4701,0.5068,0.5084,0.2103,LOW,F4_num_submitted,15.2,F1_login_count,15.1,F6_inactive_days,15.0,13,F4 num submitted (15.2%) and F1 login count (15.1%)
1310,OULAD_TEST_1310,1,0.9974,0.4153,0.1958,0.5667,0.9974,HIGH,F1_login_count,26.0,F5_on_time_rate,13.3,F13_weeks_since_active,8.9,16,F1 login count (26.0%) and F5 on time rate (13.3%)
1311,OULAD_TEST_1311,0,0.0457,0.2717,0.1641,0.0818,0.0457,LOW,F1_login_count,16.3,F4_num_submitted,13.5,F6_inactive_days,12.4,1,F1 login count (16.3%) and F4 num submitted (13.5%)
1312,OULAD_TEST_1312,0,0.176,0.5767,0.4887,0.4208,0.176,LOW,F13_weeks_since_active,15.4,F6_inactive_days,10.7,F1_login_count,10.6,8,F13 weeks since active (15.4%) and F6 inactive days (10.7%)
1313,OULAD_TEST_1313,0,0.1016,0.476,0.1636,0.1113,0.1016,LOW,F1_login_count,23.5,F5_on_time_rate,13.9,F6_inactive_days,11.8,5,F1 login count (23.5%) and F5 on time rate (13.9%)
1314,OULAD_TEST_1314,0,0.3476,0.5069,0.4366,0.3092,0.3476,LOW,F1_login_count,18.0,F13_weeks_since_active,16.4,F5_on_time_rate,13.8,5,F1 login count (18.0%) and F13 weeks since active (16.4%)
1315,OULAD_TEST_1315,0,0.5097,0.6208,0.4998,0.5138,0.5097,MEDIUM,F1_login_count,20.4,F5_on_time_rate,13.2,F6_inactive_days,12.2,6,F1 login count (20.4%) and F5 on time rate (13.2%)
1316,OULAD_TEST_1316,1,0.9999,0.8431,0.9642,0.9886,0.9999,HIGH,F1_login_count,26.5,F5_on_time_rate,14.1,F4_num_submitted,11.3,13,F1 login count (26.5%) and F5 on time rate (14.1%)
1317,OULAD_TEST_1317,0,0.2528,0.6588,0.471,0.4983,0.2528,LOW,F1_login_count,17.9,F13_weeks_since_active,13.7,F6_inactive_days,11.3,5,F1 login count (17.9%) and F13 weeks since active (13.7%)
1318,OULAD_TEST_1318,1,0.8232,0.461,0.7773,0.7777,0.8232,HIGH,F1_login_count,22.1,F5_on_time_rate,12.9,F6_inactive_days,9.7,15,F1 login count (22.1%) and F5 on time rate (12.9%)
1319,OULAD_TEST_1319,1,0.9952,0.5648,0.4297,0.8397,0.9952,HIGH,F1_login_count,27.2,F5_on_time_rate,15.2,F4_num_submitted,9.5,9,F1 login count (27.2%) and F5 on time rate (15.2%)
1320,OULAD_TEST_1320,1,0.7001,0.4046,0.432,0.2842,0.7001,HIGH,F1_login_count,22.6,F6_inactive_days,10.4,F5_on_time_rate,10.1,17,F1 login count (22.6%) and F6 inactive days (10.4%)
1321,OULAD_TEST_1321,0,0.3242,0.4091,0.3453,0.4215,0.3242,LOW,F1_login_count,28.4,F5_on_time_rate,14.7,F6_inactive_days,10.5,9,F1 login count (28.4%) and F5 on time rate (14.7%)
1322,OULAD_TEST_1322,0,0.4255,0.4501,0.4888,0.4738,0.4255,MEDIUM,F1_login_count,16.6,F6_inactive_days,15.4,F4_num_submitted,15.2,17,F1 login count (16.6%) and F6 inactive days (15.4%)
1323,OULAD_TEST_1323,1,0.3707,0.7053,0.6611,0.2633,0.3707,LOW,F1_login_count,23.1,F5_on_time_rate,12.5,F13_weeks_since_active,10.7,9,F1 login count (23.1%) and F5 on time rate (12.5%)
1324,OULAD_TEST_1324,0,0.1221,0.2788,0.151,0.3277,0.1221,LOW,F1_login_count,22.6,F6_inactive_days,14.5,F4_num_submitted,14.1,13,F1 login count (22.6%) and F6 inactive days (14.5%)
1325,OULAD_TEST_1325,1,0.4213,0.4904,0.5387,0.507,0.4213,MEDIUM,F1_login_count,23.7,F6_inactive_days,12.8,F5_on_time_rate,12.4,8,F1 login count (23.7%) and F6 inactive days (12.8%)
1326,OULAD_TEST_1326,0,0.1479,0.3154,0.1841,0.1986,0.1479,LOW,F4_num_submitted,12.3,F1_login_count,12.3,F5_on_time_rate,11.9,17,F4 num submitted (12.3%) and F1 login count (12.3%)
1327,OULAD_TEST_1327,0,0.0496,0.3648,0.2015,0.092,0.0496,LOW,F1_login_count,24.0,F6_inactive_days,13.0,F4_num_submitted,12.1,8,F1 login count (24.0%) and F6 inactive days (13.0%)
1328,OULAD_TEST_1328,0,0.1576,0.2092,0.392,0.4154,0.1576,LOW,F1_login_count,13.5,F4_num_submitted,12.9,F6_inactive_days,12.9,7,F1 login count (13.5%) and F4 num submitted (12.9%)
1329,OULAD_TEST_1329,0,0.4232,0.6112,0.4874,0.5106,0.4232,MEDIUM,F1_login_count,16.9,F4_num_submitted,15.8,F6_inactive_days,15.7,12,F1 login count (16.9%) and F4 num submitted (15.8%)
1330,OULAD_TEST_1330,0,0.1136,0.4863,0.4102,0.1277,0.1136,LOW,F1_login_count,19.4,F6_inactive_days,14.2,F4_num_submitted,13.3,11,F1 login count (19.4%) and F6 inactive days (14.2%)
1331,OULAD_TEST_1331,0,0.1681,0.5079,0.4359,0.364,0.1681,LOW,F1_login_count,17.5,F5_on_time_rate,12.7,F6_inactive_days,11.8,8,F1 login count (17.5%) and F5 on time rate (12.7%)
1332,OULAD_TEST_1332,1,0.4702,0.6629,0.5735,0.5566,0.4702,MEDIUM,F4_num_submitted,16.6,F1_login_count,16.3,F6_inactive_days,16.2,13,F4 num submitted (16.6%) and F1 login count (16.3%)
1333,OULAD_TEST_1333,0,0.2361,0.3865,0.0916,0.1038,0.2361,LOW,F1_login_count,22.9,F6_inactive_days,13.2,F5_on_time_rate,12.8,17,F1 login count (22.9%) and F6 inactive days (13.2%)
1334,OULAD_TEST_1334,0,0.1181,0.3533,0.4973,0.3547,0.1181,LOW,F6_inactive_days,13.9,F4_num_submitted,13.3,F1_login_count,12.8,13,F6 inactive days (13.9%) and F4 num submitted (13.3%)
1335,OULAD_TEST_1335,1,0.1739,0.4644,0.3091,0.3804,0.1739,LOW,F1_login_count,17.3,F5_on_time_rate,15.1,F6_inactive_days,14.5,9,F1 login count (17.3%) and F5 on time rate (15.1%)
1336,OULAD_TEST_1336,0,0.4798,0.3767,0.5556,0.4338,0.4798,MEDIUM,F1_login_count,23.8,F5_on_time_rate,14.4,F6_inactive_days,10.7,10,F1 login count (23.8%) and F5 on time rate (14.4%)
1337,OULAD_TEST_1337,1,0.997,0.923,0.7996,0.715,0.997,HIGH,F1_login_count,22.2,F4_num_submitted,13.5,F6_inactive_days,12.4,5,F1 login count (22.2%) and F4 num submitted (13.5%)
1338,OULAD_TEST_1338,0,0.2121,0.6802,0.3993,0.4096,0.2121,LOW,F1_login_count,25.7,F5_on_time_rate,15.1,F6_inactive_days,11.7,6,F1 login count (25.7%) and F5 on time rate (15.1%)
1339,OULAD_TEST_1339,1,0.4337,0.4889,0.5677,0.5678,0.4337,MEDIUM,F1_login_count,27.5,F5_on_time_rate,17.2,F2_vle_clicks,10.6,7,F1 login count (27.5%) and F5 on time rate (17.2%)
1340,OULAD_TEST_1340,1,0.9779,0.612,0.6277,0.934,0.9779,HIGH,F1_login_count,23.3,F13_weeks_since_active,12.6,F6_inactive_days,11.8,12,F1 login count (23.3%) and F13 weeks since active (12.6%)
1341,OULAD_TEST_1341,1,0.976,0.4434,0.4091,0.4003,0.976,HIGH,F1_login_count,24.6,F5_on_time_rate,12.7,F13_weeks_since_active,10.4,7,F1 login count (24.6%) and F5 on time rate (12.7%)
1342,OULAD_TEST_1342,0,0.0586,0.3669,0.2573,0.1344,0.0586,LOW,F1_login_count,16.9,F13_weeks_since_active,12.0,F5_on_time_rate,11.3,2,F1 login count (16.9%) and F13 weeks since active (12.0%)
1343,OULAD_TEST_1343,0,0.5028,0.641,0.591,0.5678,0.5028,MEDIUM,F1_login_count,24.8,F5_on_time_rate,15.9,F6_inactive_days,11.1,8,F1 login count (24.8%) and F5 on time rate (15.9%)
1344,OULAD_TEST_1344,1,0.9422,0.3201,0.3494,0.4898,0.9422,HIGH,F1_login_count,20.9,F6_inactive_days,12.8,F4_num_submitted,12.8,17,F1 login count (20.9%) and F6 inactive days (12.8%)
1345,OULAD_TEST_1345,0,0.0523,0.1866,0.1279,0.1009,0.0523,LOW,F6_inactive_days,15.4,F1_login_count,14.8,F4_num_submitted,14.6,1,F6 inactive days (15.4%) and F1 login count (14.8%)
1346,OULAD_TEST_1346,0,0.2504,0.5961,0.4651,0.4015,0.2504,LOW,F1_login_count,18.8,F5_on_time_rate,14.0,F6_inactive_days,12.3,8,F1 login count (18.8%) and F5 on time rate (14.0%)
1347,OULAD_TEST_1347,0,0.1879,0.521,0.3097,0.2401,0.1879,LOW,F1_login_count,18.5,F13_weeks_since_active,11.9,F5_on_time_rate,11.3,4,F1 login count (18.5%) and F13 weeks since active (11.9%)
1348,OULAD_TEST_1348,1,0.9973,0.3963,0.5799,0.7685,0.9973,HIGH,F1_login_count,26.2,F5_on_time_rate,13.7,F6_inactive_days,13.2,14,F1 login count (26.2%) and F5 on time rate (13.7%)
1349,OULAD_TEST_1349,1,0.2924,0.3387,0.6901,0.5247,0.2924,LOW,F6_inactive_days,14.1,F4_num_submitted,13.5,F13_weeks_since_active,12.3,17,F6 inactive days (14.1%) and F4 num submitted (13.5%)
1350,OULAD_TEST_1350,0,0.4233,0.5585,0.5394,0.5565,0.4233,MEDIUM,F1_login_count,21.6,F6_inactive_days,14.8,F4_num_submitted,14.3,16,F1 login count (21.6%) and F6 inactive days (14.8%)
1351,OULAD_TEST_1351,1,0.5599,0.3897,0.5775,0.5347,0.5599,MEDIUM,F1_login_count,20.8,F6_inactive_days,14.1,F4_num_submitted,13.0,14,F1 login count (20.8%) and F6 inactive days (14.1%)
1352,OULAD_TEST_1352,0,0.1551,0.7557,0.6294,0.3554,0.1551,LOW,F1_login_count,21.1,F6_inactive_days,10.9,F13_weeks_since_active,10.1,9,F1 login count (21.1%) and F6 inactive days (10.9%)
1353,OULAD_TEST_1353,0,0.137,0.4638,0.2634,0.2265,0.137,LOW,F1_login_count,25.8,F5_on_time_rate,15.5,F6_inactive_days,10.0,7,F1 login count (25.8%) and F5 on time rate (15.5%)
1354,OULAD_TEST_1354,1,0.9325,0.8446,0.9171,0.9483,0.9325,HIGH,F1_login_count,18.0,F4_num_submitted,15.2,F6_inactive_days,15.1,11,F1 login count (18.0%) and F4 num submitted (15.2%)
1355,OULAD_TEST_1355,0,0.454,0.5187,0.5367,0.5373,0.454,MEDIUM,F1_login_count,28.2,F5_on_time_rate,17.9,F2_vle_clicks,10.5,5,F1 login count (28.2%) and F5 on time rate (17.9%)
1356,OULAD_TEST_1356,1,0.16,0.4107,0.2122,0.199,0.16,LOW,F1_login_count,23.0,F6_inactive_days,13.6,F4_num_submitted,13.4,4,F1 login count (23.0%) and F6 inactive days (13.6%)
1357,OULAD_TEST_1357,1,0.998,0.4073,0.6784,0.8981,0.998,HIGH,F1_login_count,27.0,F5_on_time_rate,14.3,F6_inactive_days,10.3,12,F1 login count (27.0%) and F5 on time rate (14.3%)
1358,OULAD_TEST_1358,1,0.9651,0.6222,0.7181,0.7314,0.9651,HIGH,F1_login_count,22.9,F5_on_time_rate,11.7,F6_inactive_days,10.3,5,F1 login count (22.9%) and F5 on time rate (11.7%)
1359,OULAD_TEST_1359,0,0.1531,0.4169,0.2034,0.1505,0.1531,LOW,F1_login_count,23.0,F5_on_time_rate,13.1,F4_num_submitted,11.6,17,F1 login count (23.0%) and F5 on time rate (13.1%)
1360,OULAD_TEST_1360,0,0.227,0.337,0.3248,0.3054,0.227,LOW,F1_login_count,24.9,F5_on_time_rate,14.6,F6_inactive_days,12.1,14,F1 login count (24.9%) and F5 on time rate (14.6%)
1361,OULAD_TEST_1361,0,0.6739,0.6446,0.8995,0.8467,0.6739,MEDIUM,F1_login_count,22.1,F6_inactive_days,11.9,F5_on_time_rate,11.6,13,F1 login count (22.1%) and F6 inactive days (11.9%)
1362,OULAD_TEST_1362,1,0.7096,0.5761,0.5969,0.5364,0.7096,HIGH,F1_login_count,23.1,F6_inactive_days,10.3,F5_on_time_rate,10.1,17,F1 login count (23.1%) and F6 inactive days (10.3%)
1363,OULAD_TEST_1363,0,0.1827,0.4173,0.2262,0.123,0.1827,LOW,F1_login_count,14.1,F13_weeks_since_active,12.0,F4_num_submitted,11.1,7,F1 login count (14.1%) and F13 weeks since active (12.0%)
1364,OULAD_TEST_1364,1,0.3399,0.2891,0.3979,0.1755,0.3399,LOW,F1_login_count,13.3,F6_inactive_days,13.2,F4_num_submitted,13.1,1,F1 login count (13.3%) and F6 inactive days (13.2%)
1365,OULAD_TEST_1365,1,0.9965,0.7478,0.7064,0.8383,0.9965,HIGH,F1_login_count,24.8,F5_on_time_rate,11.8,F4_num_submitted,11.2,17,F1 login count (24.8%) and F5 on time rate (11.8%)
1366,OULAD_TEST_1366,0,0.0623,0.3533,0.2661,0.1011,0.0623,LOW,F1_login_count,19.1,F6_inactive_days,15.3,F4_num_submitted,14.1,1,F1 login count (19.1%) and F6 inactive days (15.3%)
1367,OULAD_TEST_1367,1,0.6903,0.8311,0.9173,0.9013,0.6903,MEDIUM,F1_login_count,18.7,F6_inactive_days,12.6,F4_num_submitted,11.7,11,F1 login count (18.7%) and F6 inactive days (12.6%)
1368,OULAD_TEST_1368,0,0.0174,0.1843,0.074,0.0463,0.0174,LOW,F13_weeks_since_active,12.5,F1_login_count,11.8,F7_score_change,10.8,1,F13 weeks since active (12.5%) and F1 login count (11.8%)
1369,OULAD_TEST_1369,0,0.4792,0.4275,0.6483,0.666,0.4792,MEDIUM,F1_login_count,19.3,F5_on_time_rate,13.6,F4_num_submitted,12.1,17,F1 login count (19.3%) and F5 on time rate (13.6%)
1370,OULAD_TEST_1370,1,0.2758,0.3536,0.4533,0.277,0.2758,LOW,F1_login_count,18.8,F13_weeks_since_active,11.8,F5_on_time_rate,9.6,15,F1 login count (18.8%) and F13 weeks since active (11.8%)
1371,OULAD_TEST_1371,1,0.8924,0.5359,0.7399,0.5253,0.8924,HIGH,F4_num_submitted,17.8,F6_inactive_days,17.6,F1_login_count,14.6,17,F4 num submitted (17.8%) and F6 inactive days (17.6%)
1372,OULAD_TEST_1372,0,0.1135,0.4544,0.4602,0.1476,0.1135,LOW,F1_login_count,24.7,F5_on_time_rate,13.2,F4_num_submitted,11.1,5,F1 login count (24.7%) and F5 on time rate (13.2%)
1373,OULAD_TEST_1373,1,0.2282,0.3171,0.1324,0.3064,0.2282,LOW,F1_login_count,17.3,F5_on_time_rate,13.0,F6_inactive_days,11.8,15,F1 login count (17.3%) and F5 on time rate (13.0%)
1374,OULAD_TEST_1374,0,0.5043,0.7397,0.7994,0.4306,0.5043,MEDIUM,F1_login_count,16.4,F6_inactive_days,11.4,F4_num_submitted,10.2,16,F1 login count (16.4%) and F6 inactive days (11.4%)
1375,OULAD_TEST_1375,0,0.1775,0.3547,0.3567,0.2941,0.1775,LOW,F1_login_count,16.9,F13_weeks_since_active,13.1,F5_on_time_rate,11.5,7,F1 login count (16.9%) and F13 weeks since active (13.1%)
1376,OULAD_TEST_1376,1,0.6266,0.4469,0.601,0.562,0.6266,MEDIUM,F1_login_count,22.1,F5_on_time_rate,13.3,F6_inactive_days,10.8,14,F1 login count (22.1%) and F5 on time rate (13.3%)
1377,OULAD_TEST_1377,0,0.7348,0.5119,0.747,0.7263,0.7348,HIGH,F1_login_count,17.6,F4_num_submitted,12.6,F6_inactive_days,12.5,17,F1 login count (17.6%) and F4 num submitted (12.6%)
1378,OULAD_TEST_1378,0,0.587,0.472,0.4869,0.5536,0.587,MEDIUM,F1_login_count,18.2,F4_num_submitted,13.3,F6_inactive_days,13.2,17,F1 login count (18.2%) and F4 num submitted (13.3%)
1379,OULAD_TEST_1379,0,0.2033,0.4084,0.315,0.3339,0.2033,LOW,F1_login_count,24.2,F5_on_time_rate,15.8,F6_inactive_days,9.5,7,F1 login count (24.2%) and F5 on time rate (15.8%)
1380,OULAD_TEST_1380,0,0.5308,0.647,0.7164,0.7932,0.5308,MEDIUM,F1_login_count,17.1,F6_inactive_days,14.5,F4_num_submitted,14.1,9,F1 login count (17.1%) and F6 inactive days (14.5%)
1381,OULAD_TEST_1381,0,0.6129,0.6109,0.5739,0.6599,0.6129,MEDIUM,F1_login_count,19.4,F4_num_submitted,14.0,F6_inactive_days,13.5,17,F1 login count (19.4%) and F4 num submitted (14.0%)
1382,OULAD_TEST_1382,0,0.2076,0.459,0.5329,0.4438,0.2076,LOW,F1_login_count,16.3,F6_inactive_days,13.3,F13_weeks_since_active,12.8,9,F1 login count (16.3%) and F6 inactive days (13.3%)
1383,OULAD_TEST_1383,1,0.9998,0.7523,0.9238,0.9784,0.9998,HIGH,F1_login_count,26.9,F5_on_time_rate,13.5,F4_num_submitted,10.2,13,F1 login count (26.9%) and F5 on time rate (13.5%)
1384,OULAD_TEST_1384,0,0.2164,0.415,0.5774,0.4546,0.2164,LOW,F6_inactive_days,14.0,F4_num_submitted,13.8,F1_login_count,13.6,14,F6 inactive days (14.0%) and F4 num submitted (13.8%)
1385,OULAD_TEST_1385,1,0.9867,0.525,0.6158,0.8947,0.9867,HIGH,F1_login_count,24.7,F4_num_submitted,12.9,F6_inactive_days,12.8,14,F1 login count (24.7%) and F4 num submitted (12.9%)
1386,OULAD_TEST_1386,0,0.1077,0.3899,0.172,0.1548,0.1077,LOW,F1_login_count,21.4,F6_inactive_days,13.2,F4_num_submitted,13.1,5,F1 login count (21.4%) and F6 inactive days (13.2%)
1387,OULAD_TEST_1387,0,0.5088,0.5472,0.4079,0.3612,0.5088,MEDIUM,F1_login_count,17.9,F6_inactive_days,12.2,F4_num_submitted,12.1,8,F1 login count (17.9%) and F6 inactive days (12.2%)
1388,OULAD_TEST_1388,0,0.0719,0.2928,0.1197,0.0886,0.0719,LOW,F1_login_count,18.7,F4_num_submitted,15.6,F6_inactive_days,15.6,1,F1 login count (18.7%) and F4 num submitted (15.6%)
1389,OULAD_TEST_1389,0,0.0902,0.2791,0.1704,0.0506,0.0902,LOW,F1_login_count,21.3,F6_inactive_days,13.2,F4_num_submitted,13.1,1,F1 login count (21.3%) and F6 inactive days (13.2%)
1390,OULAD_TEST_1390,0,0.3434,0.576,0.625,0.695,0.3434,LOW,F1_login_count,24.6,F6_inactive_days,13.1,F5_on_time_rate,12.7,6,F1 login count (24.6%) and F6 inactive days (13.1%)
1391,OULAD_TEST_1391,0,0.0729,0.2504,0.1126,0.0587,0.0729,LOW,F1_login_count,20.3,F6_inactive_days,13.9,F4_num_submitted,13.8,1,F1 login count (20.3%) and F6 inactive days (13.9%)
1392,OULAD_TEST_1392,0,0.5772,0.6263,0.8114,0.6704,0.5772,MEDIUM,F1_login_count,20.3,F5_on_time_rate,13.7,F13_weeks_since_active,11.9,14,F1 login count (20.3%) and F5 on time rate (13.7%)
1393,OULAD_TEST_1393,0,0.1323,0.3779,0.4924,0.3466,0.1323,LOW,F1_login_count,21.4,F5_on_time_rate,13.4,F13_weeks_since_active,10.0,14,F1 login count (21.4%) and F5 on time rate (13.4%)
1394,OULAD_TEST_1394,0,0.1715,0.5888,0.3574,0.3183,0.1715,LOW,F1_login_count,17.2,F13_weeks_since_active,13.6,F4_num_submitted,10.1,8,F1 login count (17.2%) and F13 weeks since active (13.6%)
1395,OULAD_TEST_1395,0,0.9202,0.677,0.8451,0.8623,0.9202,HIGH,F1_login_count,23.2,F5_on_time_rate,13.9,F4_num_submitted,8.7,14,F1 login count (23.2%) and F5 on time rate (13.9%)
1396,OULAD_TEST_1396,1,0.9897,0.4453,0.7498,0.7856,0.9897,HIGH,F1_login_count,28.3,F5_on_time_rate,15.7,F6_inactive_days,8.8,16,F1 login count (28.3%) and F5 on time rate (15.7%)
1397,OULAD_TEST_1397,0,0.4421,0.2388,0.4139,0.4857,0.4421,MEDIUM,F1_login_count,22.3,F5_on_time_rate,13.8,F6_inactive_days,12.9,12,F1 login count (22.3%) and F5 on time rate (13.8%)
1398,OULAD_TEST_1398,0,0.3384,0.4632,0.5035,0.2937,0.3384,LOW,F1_login_count,18.3,F13_weeks_since_active,16.7,F5_on_time_rate,10.1,6,F1 login count (18.3%) and F13 weeks since active (16.7%)
1399,OULAD_TEST_1399,1,0.3343,0.4496,0.6736,0.4995,0.3343,LOW,F1_login_count,16.9,F4_num_submitted,14.1,F6_inactive_days,13.4,14,F1 login count (16.9%) and F4 num submitted (14.1%)
1400,OULAD_TEST_1400,0,0.0325,0.2467,0.1385,0.1796,0.0325,LOW,F1_login_count,17.4,F6_inactive_days,13.5,F5_on_time_rate,12.9,1,F1 login count (17.4%) and F6 inactive days (13.5%)
1401,OULAD_TEST_1401,0,0.3229,0.4294,0.3804,0.4137,0.3229,LOW,F1_login_count,17.8,F13_weeks_since_active,15.9,F5_on_time_rate,13.0,8,F1 login count (17.8%) and F13 weeks since active (15.9%)
1402,OULAD_TEST_1402,1,0.7062,0.3623,0.3023,0.4577,0.7062,HIGH,F1_login_count,19.5,F4_num_submitted,16.6,F6_inactive_days,16.5,17,F1 login count (19.5%) and F4 num submitted (16.6%)
1403,OULAD_TEST_1403,0,0.2719,0.3616,0.5164,0.3578,0.2719,LOW,F1_login_count,22.2,F5_on_time_rate,13.5,F4_num_submitted,11.6,17,F1 login count (22.2%) and F5 on time rate (13.5%)
1404,OULAD_TEST_1404,1,0.379,0.6849,0.5669,0.8374,0.379,LOW,F1_login_count,24.0,F6_inactive_days,12.7,F4_num_submitted,12.2,13,F1 login count (24.0%) and F6 inactive days (12.7%)
1405,OULAD_TEST_1405,0,0.1455,0.2453,0.3625,0.4629,0.1455,LOW,F1_login_count,21.1,F5_on_time_rate,14.7,F6_inactive_days,13.6,13,F1 login count (21.1%) and F5 on time rate (14.7%)
1406,OULAD_TEST_1406,0,0.156,0.5628,0.3113,0.3356,0.156,LOW,F1_login_count,22.7,F5_on_time_rate,13.2,F13_weeks_since_active,11.8,8,F1 login count (22.7%) and F5 on time rate (13.2%)
1407,OULAD_TEST_1407,1,0.9951,0.3592,0.6952,0.7189,0.9951,HIGH,F1_login_count,29.2,F5_on_time_rate,15.0,F13_weeks_since_active,10.2,10,F1 login count (29.2%) and F5 on time rate (15.0%)
1408,OULAD_TEST_1408,1,0.9925,0.6052,0.5382,0.8802,0.9925,HIGH,F1_login_count,19.7,F4_num_submitted,15.9,F6_inactive_days,15.1,17,F1 login count (19.7%) and F4 num submitted (15.9%)
1409,OULAD_TEST_1409,0,0.6188,0.3693,0.2575,0.1195,0.6188,MEDIUM,F1_login_count,25.7,F5_on_time_rate,11.2,F6_inactive_days,10.7,8,F1 login count (25.7%) and F5 on time rate (11.2%)
1410,OULAD_TEST_1410,1,0.539,0.4832,0.8537,0.8352,0.539,MEDIUM,F1_login_count,19.0,F13_weeks_since_active,14.9,F5_on_time_rate,12.2,15,F1 login count (19.0%) and F13 weeks since active (14.9%)
1411,OULAD_TEST_1411,0,0.1037,0.3006,0.0675,0.0688,0.1037,LOW,F6_inactive_days,12.7,F4_num_submitted,12.6,F5_on_time_rate,11.7,1,F6 inactive days (12.7%) and F4 num submitted (12.6%)
1412,OULAD_TEST_1412,1,0.8676,0.5212,0.8447,0.6578,0.8676,HIGH,F1_login_count,19.6,F4_num_submitted,14.5,F6_inactive_days,14.0,6,F1 login count (19.6%) and F4 num submitted (14.5%)
1413,OULAD_TEST_1413,0,0.191,0.3434,0.2637,0.2403,0.191,LOW,F1_login_count,24.9,F6_inactive_days,13.9,F5_on_time_rate,13.9,15,F1 login count (24.9%) and F6 inactive days (13.9%)
1414,OULAD_TEST_1414,0,0.1049,0.4112,0.3142,0.1753,0.1049,LOW,F1_login_count,17.4,F4_num_submitted,13.7,F6_inactive_days,13.5,1,F1 login count (17.4%) and F4 num submitted (13.7%)
1415,OULAD_TEST_1415,0,0.5467,0.4601,0.5956,0.7258,0.5467,MEDIUM,F1_login_count,23.7,F6_inactive_days,11.9,F4_num_submitted,11.8,12,F1 login count (23.7%) and F6 inactive days (11.9%)
1416,OULAD_TEST_1416,1,0.954,0.6525,0.8085,0.897,0.954,HIGH,F4_num_submitted,16.9,F1_login_count,16.3,F6_inactive_days,16.3,17,F4 num submitted (16.9%) and F1 login count (16.3%)
1417,OULAD_TEST_1417,1,0.9991,0.4584,0.4821,0.384,0.9991,HIGH,F6_inactive_days,18.3,F4_num_submitted,18.0,F1_login_count,15.6,17,F6 inactive days (18.3%) and F4 num submitted (18.0%)
1418,OULAD_TEST_1418,1,0.5961,0.3942,0.6423,0.3832,0.5961,MEDIUM,F6_inactive_days,15.4,F4_num_submitted,14.1,F1_login_count,12.6,17,F6 inactive days (15.4%) and F4 num submitted (14.1%)
1419,OULAD_TEST_1419,0,0.0438,0.2623,0.1177,0.0827,0.0438,LOW,F6_inactive_days,18.1,F4_num_submitted,17.5,F1_login_count,12.9,1,F6 inactive days (18.1%) and F4 num submitted (17.5%)
1420,OULAD_TEST_1420,0,0.2875,0.5083,0.4508,0.3856,0.2875,LOW,F1_login_count,19.2,F13_weeks_since_active,15.7,F5_on_time_rate,15.4,6,F1 login count (19.2%) and F13 weeks since active (15.7%)
1421,OULAD_TEST_1421,0,0.2253,0.4073,0.3543,0.4026,0.2253,LOW,F6_inactive_days,15.0,F4_num_submitted,14.7,F5_on_time_rate,14.5,9,F6 inactive days (15.0%) and F4 num submitted (14.7%)
1422,OULAD_TEST_1422,0,0.2346,0.4575,0.3602,0.3478,0.2346,LOW,F1_login_count,16.7,F5_on_time_rate,12.6,F13_weeks_since_active,12.0,7,F1 login count (16.7%) and F5 on time rate (12.6%)
1423,OULAD_TEST_1423,1,0.71,0.6995,0.6489,0.7982,0.71,HIGH,F1_login_count,23.3,F5_on_time_rate,13.0,F6_inactive_days,8.7,12,F1 login count (23.3%) and F5 on time rate (13.0%)
1424,OULAD_TEST_1424,1,0.6968,0.6713,0.8263,0.8506,0.6968,MEDIUM,F1_login_count,27.7,F5_on_time_rate,15.4,F6_inactive_days,10.1,15,F1 login count (27.7%) and F5 on time rate (15.4%)
1425,OULAD_TEST_1425,0,0.2339,0.5,0.2745,0.2813,0.2339,LOW,F1_login_count,19.8,F5_on_time_rate,12.6,F4_num_submitted,9.5,17,F1 login count (19.8%) and F5 on time rate (12.6%)
1426,OULAD_TEST_1426,0,0.3566,0.6517,0.6591,0.5674,0.3566,LOW,F1_login_count,18.1,F6_inactive_days,14.1,F4_num_submitted,13.8,11,F1 login count (18.1%) and F6 inactive days (14.1%)
1427,OULAD_TEST_1427,0,0.1098,0.2721,0.1604,0.2342,0.1098,LOW,F1_login_count,17.2,F6_inactive_days,13.6,F4_num_submitted,13.3,7,F1 login count (17.2%) and F6 inactive days (13.6%)
1428,OULAD_TEST_1428,1,0.1165,0.3912,0.3465,0.312,0.1165,LOW,F1_login_count,15.5,F13_weeks_since_active,14.9,F5_on_time_rate,11.0,7,F1 login count (15.5%) and F13 weeks since active (14.9%)
1429,OULAD_TEST_1429,1,0.5177,0.4816,0.5927,0.5951,0.5177,MEDIUM,F1_login_count,24.0,F5_on_time_rate,10.8,F6_inactive_days,10.2,6,F1 login count (24.0%) and F5 on time rate (10.8%)
1430,OULAD_TEST_1430,0,0.0323,0.2212,0.207,0.0624,0.0323,LOW,F6_inactive_days,17.0,F4_num_submitted,15.3,F1_login_count,15.0,1,F6 inactive days (17.0%) and F4 num submitted (15.3%)
1431,OULAD_TEST_1431,0,0.0918,0.2063,0.4559,0.3606,0.0918,LOW,F4_num_submitted,15.2,F6_inactive_days,14.2,F5_on_time_rate,12.8,1,F4 num submitted (15.2%) and F6 inactive days (14.2%)
1432,OULAD_TEST_1432,1,0.9964,0.581,0.4521,0.5277,0.9964,HIGH,F1_login_count,26.8,F5_on_time_rate,15.2,F6_inactive_days,10.5,17,F1 login count (26.8%) and F5 on time rate (15.2%)
1433,OULAD_TEST_1433,0,0.2361,0.7526,0.5407,0.4926,0.2361,LOW,F1_login_count,24.4,F5_on_time_rate,16.8,F13_weeks_since_active,15.0,5,F1 login count (24.4%) and F5 on time rate (16.8%)
1434,OULAD_TEST_1434,0,0.0111,0.1604,0.07,0.0402,0.0111,LOW,F6_inactive_days,19.1,F4_num_submitted,17.2,F1_login_count,12.9,1,F6 inactive days (19.1%) and F4 num submitted (17.2%)
1435,OULAD_TEST_1435,0,0.1706,0.4759,0.3103,0.2896,0.1706,LOW,F1_login_count,24.2,F5_on_time_rate,14.9,F6_inactive_days,10.2,8,F1 login count (24.2%) and F5 on time rate (14.9%)
1436,OULAD_TEST_1436,0,0.3102,0.2209,0.2182,0.2335,0.3102,LOW,F5_on_time_rate,14.8,F4_num_submitted,14.3,F6_inactive_days,13.8,17,F5 on time rate (14.8%) and F4 num submitted (14.3%)
1437,OULAD_TEST_1437,1,0.9978,0.4615,0.6026,0.5598,0.9978,HIGH,F1_login_count,23.4,F5_on_time_rate,15.0,F6_inactive_days,12.7,17,F1 login count (23.4%) and F5 on time rate (15.0%)
1438,OULAD_TEST_1438,0,0.4146,0.561,0.613,0.5958,0.4146,MEDIUM,F1_login_count,24.7,F5_on_time_rate,13.7,F6_inactive_days,12.1,8,F1 login count (24.7%) and F5 on time rate (13.7%)
1439,OULAD_TEST_1439,1,0.9998,0.8096,0.9138,0.9834,0.9998,HIGH,F1_login_count,20.1,F4_num_submitted,16.4,F6_inactive_days,15.4,15,F1 login count (20.1%) and F4 num submitted (16.4%)
1440,OULAD_TEST_1440,0,0.157,0.3395,0.4602,0.36,0.157,LOW,F6_inactive_days,14.2,F1_login_count,14.0,F5_on_time_rate,13.5,16,F6 inactive days (14.2%) and F1 login count (14.0%)
1441,OULAD_TEST_1441,1,0.9989,0.7848,0.9191,0.9352,0.9989,HIGH,F1_login_count,18.1,F4_num_submitted,15.4,F6_inactive_days,14.1,10,F1 login count (18.1%) and F4 num submitted (15.4%)
1442,OULAD_TEST_1442,1,0.2703,0.5336,0.4549,0.3033,0.2703,LOW,F1_login_count,18.3,F6_inactive_days,14.6,F4_num_submitted,13.8,11,F1 login count (18.3%) and F6 inactive days (14.6%)
1443,OULAD_TEST_1443,0,0.0343,0.3685,0.0922,0.0657,0.0343,LOW,F1_login_count,20.1,F6_inactive_days,14.7,F4_num_submitted,13.5,16,F1 login count (20.1%) and F6 inactive days (14.7%)
1444,OULAD_TEST_1444,0,0.0559,0.2078,0.1209,0.1261,0.0559,LOW,F1_login_count,17.0,F6_inactive_days,14.3,F4_num_submitted,13.1,1,F1 login count (17.0%) and F6 inactive days (14.3%)
1445,OULAD_TEST_1445,0,0.7083,0.4945,0.4431,0.556,0.7083,HIGH,F1_login_count,20.7,F5_on_time_rate,15.3,F6_inactive_days,12.2,11,F1 login count (20.7%) and F5 on time rate (15.3%)
1446,OULAD_TEST_1446,1,0.8343,0.8385,0.9396,0.9245,0.8343,HIGH,F1_login_count,20.0,F5_on_time_rate,13.3,F4_num_submitted,12.8,14,F1 login count (20.0%) and F5 on time rate (13.3%)
1447,OULAD_TEST_1447,1,0.7979,0.6346,0.7653,0.7183,0.7979,HIGH,F1_login_count,17.1,F6_inactive_days,15.7,F4_num_submitted,15.6,9,F1 login count (17.1%) and F6 inactive days (15.7%)
1448,OULAD_TEST_1448,1,0.9933,0.4042,0.4776,0.5556,0.9933,HIGH,F1_login_count,25.5,F5_on_time_rate,14.8,F6_inactive_days,10.2,14,F1 login count (25.5%) and F5 on time rate (14.8%)
1449,OULAD_TEST_1449,1,0.1145,0.2737,0.2174,0.2245,0.1145,LOW,F1_login_count,21.9,F6_inactive_days,12.3,F4_num_submitted,10.8,1,F1 login count (21.9%) and F6 inactive days (12.3%)
1450,OULAD_TEST_1450,0,0.1388,0.436,0.1738,0.2218,0.1388,LOW,F1_login_count,22.5,F5_on_time_rate,13.6,F6_inactive_days,10.2,6,F1 login count (22.5%) and F5 on time rate (13.6%)
1451,OULAD_TEST_1451,0,0.0841,0.3027,0.1136,0.0875,0.0841,LOW,F6_inactive_days,15.7,F4_num_submitted,15.5,F1_login_count,13.5,1,F6 inactive days (15.7%) and F4 num submitted (15.5%)
1452,OULAD_TEST_1452,1,0.3853,0.5326,0.364,0.3653,0.3853,LOW,F1_login_count,19.6,F4_num_submitted,11.5,F5_on_time_rate,10.9,13,F1 login count (19.6%) and F4 num submitted (11.5%)
1453,OULAD_TEST_1453,0,0.8926,0.627,0.6553,0.7994,0.8926,HIGH,F1_login_count,21.7,F13_weeks_since_active,12.7,F5_on_time_rate,10.9,12,F1 login count (21.7%) and F13 weeks since active (12.7%)
1454,OULAD_TEST_1454,0,0.2407,0.4469,0.3931,0.2853,0.2407,LOW,F1_login_count,22.0,F5_on_time_rate,16.0,F13_weeks_since_active,12.5,6,F1 login count (22.0%) and F5 on time rate (16.0%)
1455,OULAD_TEST_1455,0,0.4147,0.5205,0.4766,0.5685,0.4147,MEDIUM,F1_login_count,26.1,F5_on_time_rate,15.7,F6_inactive_days,10.8,8,F1 login count (26.1%) and F5 on time rate (15.7%)
1456,OULAD_TEST_1456,0,0.065,0.4269,0.1463,0.1032,0.065,LOW,F1_login_count,15.2,F6_inactive_days,14.7,F4_num_submitted,13.2,9,F1 login count (15.2%) and F6 inactive days (14.7%)
1457,OULAD_TEST_1457,0,0.4923,0.3962,0.4122,0.6059,0.4923,MEDIUM,F6_inactive_days,15.5,F4_num_submitted,15.2,F1_login_count,13.8,17,F6 inactive days (15.5%) and F4 num submitted (15.2%)
1458,OULAD_TEST_1458,1,0.0242,0.577,0.1265,0.0529,0.0242,LOW,F6_inactive_days,18.8,F4_num_submitted,16.9,F1_login_count,12.8,8,F6 inactive days (18.8%) and F4 num submitted (16.9%)
1459,OULAD_TEST_1459,0,0.0302,0.358,0.0818,0.0358,0.0302,LOW,F1_login_count,19.5,F6_inactive_days,12.3,F4_num_submitted,11.1,2,F1 login count (19.5%) and F6 inactive days (12.3%)
1460,OULAD_TEST_1460,0,0.1751,0.3375,0.3933,0.4944,0.1751,LOW,F13_weeks_since_active,15.3,F1_login_count,13.2,F5_on_time_rate,10.5,15,F13 weeks since active (15.3%) and F1 login count (13.2%)
1461,OULAD_TEST_1461,1,0.1677,0.3986,0.307,0.2673,0.1677,LOW,F1_login_count,20.5,F6_inactive_days,12.4,F5_on_time_rate,12.1,2,F1 login count (20.5%) and F6 inactive days (12.4%)
1462,OULAD_TEST_1462,1,0.1143,0.5181,0.4378,0.4341,0.1143,LOW,F13_weeks_since_active,16.9,F1_login_count,12.0,F4_num_submitted,11.7,5,F13 weeks since active (16.9%) and F1 login count (12.0%)
1463,OULAD_TEST_1463,0,0.0641,0.365,0.402,0.2439,0.0641,LOW,F6_inactive_days,14.8,F4_num_submitted,14.5,F13_weeks_since_active,10.8,1,F6 inactive days (14.8%) and F4 num submitted (14.5%)
1464,OULAD_TEST_1464,0,0.5407,0.5323,0.2036,0.2043,0.5407,MEDIUM,F1_login_count,26.2,F6_inactive_days,13.0,F4_num_submitted,12.6,5,F1 login count (26.2%) and F6 inactive days (13.0%)
1465,OULAD_TEST_1465,0,0.257,0.6044,0.396,0.2699,0.257,LOW,F1_login_count,15.8,F13_weeks_since_active,12.5,F5_on_time_rate,11.3,8,F1 login count (15.8%) and F13 weeks since active (12.5%)
1466,OULAD_TEST_1466,1,0.9991,0.6283,0.7185,0.8065,0.9991,HIGH,F1_login_count,25.3,F5_on_time_rate,14.7,F4_num_submitted,11.4,17,F1 login count (25.3%) and F5 on time rate (14.7%)
1467,OULAD_TEST_1467,0,0.4436,0.5415,0.5003,0.339,0.4436,MEDIUM,F1_login_count,20.8,F6_inactive_days,11.8,F5_on_time_rate,9.8,16,F1 login count (20.8%) and F6 inactive days (11.8%)
1468,OULAD_TEST_1468,0,0.585,0.5655,0.7147,0.7631,0.585,MEDIUM,F1_login_count,24.6,F5_on_time_rate,11.8,F4_num_submitted,11.5,8,F1 login count (24.6%) and F5 on time rate (11.8%)
1469,OULAD_TEST_1469,0,0.4626,0.5237,0.678,0.6105,0.4626,MEDIUM,F13_weeks_since_active,17.1,F1_login_count,15.8,F5_on_time_rate,11.3,6,F13 weeks since active (17.1%) and F1 login count (15.8%)
1470,OULAD_TEST_1470,0,0.112,0.6723,0.3579,0.3017,0.112,LOW,F1_login_count,17.2,F13_weeks_since_active,12.0,F7_score_change,9.6,4,F1 login count (17.2%) and F13 weeks since active (12.0%)
1471,OULAD_TEST_1471,0,0.3118,0.4632,0.4142,0.4017,0.3118,LOW,F13_weeks_since_active,17.3,F1_login_count,14.5,F5_on_time_rate,12.3,11,F13 weeks since active (17.3%) and F1 login count (14.5%)
1472,OULAD_TEST_1472,0,0.0487,0.422,0.2341,0.1472,0.0487,LOW,F6_inactive_days,16.8,F4_num_submitted,16.3,F1_login_count,15.7,8,F6 inactive days (16.8%) and F4 num submitted (16.3%)
1473,OULAD_TEST_1473,0,0.8637,0.6523,0.8624,0.8522,0.8637,HIGH,F1_login_count,19.9,F6_inactive_days,11.8,F4_num_submitted,11.6,11,F1 login count (19.9%) and F6 inactive days (11.8%)
1474,OULAD_TEST_1474,0,0.2661,0.4119,0.3757,0.283,0.2661,LOW,F1_login_count,18.5,F6_inactive_days,15.7,F4_num_submitted,14.1,13,F1 login count (18.5%) and F6 inactive days (15.7%)
1475,OULAD_TEST_1475,0,0.4921,0.5685,0.8569,0.705,0.4921,MEDIUM,F1_login_count,21.7,F5_on_time_rate,12.9,F6_inactive_days,12.4,8,F1 login count (21.7%) and F5 on time rate (12.9%)
1476,OULAD_TEST_1476,0,0.082,0.2861,0.243,0.1322,0.082,LOW,F1_login_count,12.8,F13_weeks_since_active,12.0,F7_score_change,10.0,1,F1 login count (12.8%) and F13 weeks since active (12.0%)
1477,OULAD_TEST_1477,1,0.5695,0.3327,0.2594,0.4615,0.5695,MEDIUM,F1_login_count,14.0,F6_inactive_days,14.0,F4_num_submitted,12.6,13,F1 login count (14.0%) and F6 inactive days (14.0%)
1478,OULAD_TEST_1478,0,0.0389,0.3987,0.1359,0.054,0.0389,LOW,F1_login_count,16.7,F6_inactive_days,11.9,F4_num_submitted,10.5,1,F1 login count (16.7%) and F6 inactive days (11.9%)
1479,OULAD_TEST_1479,1,0.0299,0.2751,0.2221,0.1291,0.0299,LOW,F6_inactive_days,15.4,F1_login_count,15.2,F4_num_submitted,14.2,8,F6 inactive days (15.4%) and F1 login count (15.2%)
1480,OULAD_TEST_1480,0,0.8211,0.7184,0.611,0.5202,0.8211,HIGH,F1_login_count,23.0,F5_on_time_rate,12.3,F6_inactive_days,10.9,5,F1 login count (23.0%) and F5 on time rate (12.3%)
1481,OULAD_TEST_1481,0,0.5563,0.6333,0.6752,0.6946,0.5563,MEDIUM,F1_login_count,24.1,F5_on_time_rate,13.2,F6_inactive_days,11.8,9,F1 login count (24.1%) and F5 on time rate (13.2%)
1482,OULAD_TEST_1482,0,0.1636,0.5779,0.3178,0.2132,0.1636,LOW,F1_login_count,22.8,F5_on_time_rate,13.2,F13_weeks_since_active,10.6,8,F1 login count (22.8%) and F5 on time rate (13.2%)
1483,OULAD_TEST_1483,0,0.0387,0.3419,0.0671,0.0536,0.0387,LOW,F1_login_count,18.5,F6_inactive_days,12.3,F4_num_submitted,11.3,1,F1 login count (18.5%) and F6 inactive days (12.3%)
1484,OULAD_TEST_1484,0,0.0559,0.3677,0.1112,0.1625,0.0559,LOW,F1_login_count,22.3,F6_inactive_days,14.0,F4_num_submitted,13.5,5,F1 login count (22.3%) and F6 inactive days (14.0%)
1485,OULAD_TEST_1485,0,0.0236,0.2086,0.0555,0.043,0.0236,LOW,F1_login_count,18.4,F6_inactive_days,11.5,F4_num_submitted,10.7,1,F1 login count (18.4%) and F6 inactive days (11.5%)
1486,OULAD_TEST_1486,0,0.0191,0.2421,0.2066,0.0922,0.0191,LOW,F1_login_count,15.5,F5_on_time_rate,14.0,F6_inactive_days,12.7,1,F1 login count (15.5%) and F5 on time rate (14.0%)
1487,OULAD_TEST_1487,0,0.0618,0.4825,0.2256,0.1111,0.0618,LOW,F1_login_count,21.6,F6_inactive_days,13.1,F4_num_submitted,12.6,5,F1 login count (21.6%) and F6 inactive days (13.1%)
1488,OULAD_TEST_1488,0,0.5292,0.4495,0.4077,0.5988,0.5292,MEDIUM,F1_login_count,21.3,F6_inactive_days,13.8,F4_num_submitted,12.8,16,F1 login count (21.3%) and F6 inactive days (13.8%)
1489,OULAD_TEST_1489,1,0.856,0.6994,0.78,0.8067,0.856,HIGH,F1_login_count,14.6,F6_inactive_days,13.7,F4_num_submitted,12.8,13,F1 login count (14.6%) and F6 inactive days (13.7%)
1490,OULAD_TEST_1490,1,0.8946,0.5726,0.5287,0.5489,0.8946,HIGH,F1_login_count,22.3,F5_on_time_rate,12.8,F6_inactive_days,12.4,8,F1 login count (22.3%) and F5 on time rate (12.8%)
1491,OULAD_TEST_1491,0,0.1032,0.3452,0.235,0.1187,0.1032,LOW,F1_login_count,23.4,F6_inactive_days,13.5,F4_num_submitted,12.9,9,F1 login count (23.4%) and F6 inactive days (13.5%)
1492,OULAD_TEST_1492,1,0.0431,0.369,0.1579,0.1835,0.0431,LOW,F1_login_count,18.0,F6_inactive_days,12.8,F4_num_submitted,11.6,2,F1 login count (18.0%) and F6 inactive days (12.8%)
1493,OULAD_TEST_1493,0,0.0896,0.5088,0.4057,0.2315,0.0896,LOW,F13_weeks_since_active,12.7,F7_score_change,11.1,F1_login_count,10.7,6,F13 weeks since active (12.7%) and F7 score change (11.1%)
1494,OULAD_TEST_1494,0,0.0721,0.2609,0.2069,0.2146,0.0721,LOW,F13_weeks_since_active,12.3,F4_num_submitted,12.1,F5_on_time_rate,11.4,7,F13 weeks since active (12.3%) and F4 num submitted (12.1%)
1495,OULAD_TEST_1495,1,0.9818,0.6942,0.9101,0.964,0.9818,HIGH,F1_login_count,17.7,F4_num_submitted,15.3,F6_inactive_days,14.4,17,F1 login count (17.7%) and F4 num submitted (15.3%)
1496,OULAD_TEST_1496,1,0.9926,0.3895,0.5495,0.5054,0.9926,HIGH,F1_login_count,25.2,F6_inactive_days,12.5,F4_num_submitted,12.3,17,F1 login count (25.2%) and F6 inactive days (12.5%)
1497,OULAD_TEST_1497,0,0.1638,0.3776,0.2942,0.3266,0.1638,LOW,F13_weeks_since_active,13.7,F4_num_submitted,12.6,F6_inactive_days,12.4,7,F13 weeks since active (13.7%) and F4 num submitted (12.6%)
1498,OULAD_TEST_1498,0,0.2993,0.5577,0.5013,0.4447,0.2993,LOW,F13_weeks_since_active,15.9,F1_login_count,12.9,F5_on_time_rate,12.3,6,F13 weeks since active (15.9%) and F1 login count (12.9%)
1499,OULAD_TEST_1499,0,0.1333,0.455,0.4745,0.4667,0.1333,LOW,F6_inactive_days,17.7,F4_num_submitted,17.0,F1_login_count,13.7,16,F6 inactive days (17.7%) and F4 num submitted (17.0%)
1500,OULAD_TEST_1500,1,0.9992,0.5115,0.7807,0.9315,0.9992,HIGH,F1_login_count,29.0,F5_on_time_rate,15.2,F4_num_submitted,9.7,13,F1 login count (29.0%) and F5 on time rate (15.2%)
1501,OULAD_TEST_1501,1,0.9881,0.68,0.7178,0.7597,0.9881,HIGH,F1_login_count,24.3,F5_on_time_rate,15.7,F6_inactive_days,8.6,7,F1 login count (24.3%) and F5 on time rate (15.7%)
1502,OULAD_TEST_1502,1,0.9995,0.7153,0.9706,0.9523,0.9995,HIGH,F1_login_count,19.7,F4_num_submitted,15.8,F6_inactive_days,14.9,15,F1 login count (19.7%) and F4 num submitted (15.8%)
1503,OULAD_TEST_1503,0,0.0713,0.3825,0.2428,0.1127,0.0713,LOW,F1_login_count,21.9,F6_inactive_days,13.8,F4_num_submitted,13.8,2,F1 login count (21.9%) and F6 inactive days (13.8%)
1504,OULAD_TEST_1504,0,0.1057,0.4318,0.3019,0.3469,0.1057,LOW,F1_login_count,19.7,F6_inactive_days,10.3,F5_on_time_rate,9.1,4,F1 login count (19.7%) and F6 inactive days (10.3%)
1505,OULAD_TEST_1505,0,0.5099,0.5175,0.521,0.7082,0.5099,MEDIUM,F1_login_count,23.7,F6_inactive_days,14.2,F4_num_submitted,13.2,15,F1 login count (23.7%) and F6 inactive days (14.2%)
1506,OULAD_TEST_1506,0,0.4217,0.4785,0.2692,0.3334,0.4217,MEDIUM,F1_login_count,19.1,F4_num_submitted,15.5,F6_inactive_days,15.5,15,F1 login count (19.1%) and F4 num submitted (15.5%)
1507,OULAD_TEST_1507,0,0.3861,0.4882,0.6437,0.7186,0.3861,LOW,F1_login_count,24.0,F5_on_time_rate,14.7,F13_weeks_since_active,12.4,14,F1 login count (24.0%) and F5 on time rate (14.7%)
1508,OULAD_TEST_1508,1,0.3073,0.2501,0.3718,0.3024,0.3073,LOW,F1_login_count,19.5,F4_num_submitted,14.4,F6_inactive_days,14.2,7,F1 login count (19.5%) and F4 num submitted (14.4%)
1509,OULAD_TEST_1509,1,0.3508,0.4262,0.3578,0.3879,0.3508,LOW,F1_login_count,15.8,F5_on_time_rate,15.3,F6_inactive_days,14.4,9,F1 login count (15.8%) and F5 on time rate (15.3%)
1510,OULAD_TEST_1510,0,0.0219,0.4765,0.2158,0.1007,0.0219,LOW,F13_weeks_since_active,15.8,F1_login_count,13.7,F7_score_change,10.2,7,F13 weeks since active (15.8%) and F1 login count (13.7%)
1511,OULAD_TEST_1511,0,0.1798,0.3517,0.2066,0.37,0.1798,LOW,F1_login_count,26.2,F5_on_time_rate,13.6,F6_inactive_days,12.6,14,F1 login count (26.2%) and F5 on time rate (13.6%)
1512,OULAD_TEST_1512,1,0.9654,0.412,0.6319,0.7333,0.9654,HIGH,F6_inactive_days,16.0,F4_num_submitted,15.9,F1_login_count,15.4,14,F6 inactive days (16.0%) and F4 num submitted (15.9%)
1513,OULAD_TEST_1513,0,0.2727,0.3487,0.2598,0.1274,0.2727,LOW,F1_login_count,24.4,F5_on_time_rate,11.5,F6_inactive_days,11.4,8,F1 login count (24.4%) and F5 on time rate (11.5%)
1514,OULAD_TEST_1514,0,0.3217,0.4971,0.6082,0.5775,0.3217,LOW,F1_login_count,22.3,F5_on_time_rate,13.5,F6_inactive_days,11.9,9,F1 login count (22.3%) and F5 on time rate (13.5%)
1515,OULAD_TEST_1515,0,0.0435,0.3748,0.0991,0.0462,0.0435,LOW,F1_login_count,20.0,F6_inactive_days,13.1,F4_num_submitted,12.2,1,F1 login count (20.0%) and F6 inactive days (13.1%)
1516,OULAD_TEST_1516,0,0.4437,0.6915,0.6458,0.5985,0.4437,MEDIUM,F1_login_count,21.1,F5_on_time_rate,16.4,F6_inactive_days,9.8,9,F1 login count (21.1%) and F5 on time rate (16.4%)
1517,OULAD_TEST_1517,0,0.3012,0.8251,0.7748,0.616,0.3012,LOW,F1_login_count,20.9,F5_on_time_rate,13.7,F6_inactive_days,12.4,11,F1 login count (20.9%) and F5 on time rate (13.7%)
1518,OULAD_TEST_1518,0,0.1038,0.4942,0.2037,0.1107,0.1038,LOW,F1_login_count,22.5,F5_on_time_rate,14.7,F6_inactive_days,11.7,8,F1 login count (22.5%) and F5 on time rate (14.7%)
1519,OULAD_TEST_1519,1,0.818,0.5912,0.8872,0.9176,0.818,HIGH,F1_login_count,22.3,F5_on_time_rate,13.6,F6_inactive_days,11.0,15,F1 login count (22.3%) and F5 on time rate (13.6%)
1520,OULAD_TEST_1520,0,0.0524,0.3259,0.2207,0.1617,0.0524,LOW,F6_inactive_days,15.7,F4_num_submitted,15.6,F5_on_time_rate,11.0,1,F6 inactive days (15.7%) and F4 num submitted (15.6%)
1521,OULAD_TEST_1521,0,0.1574,0.5084,0.4189,0.3357,0.1574,LOW,F1_login_count,16.9,F13_weeks_since_active,16.9,F5_on_time_rate,13.0,6,F1 login count (16.9%) and F13 weeks since active (16.9%)
1522,OULAD_TEST_1522,0,0.1703,0.3663,0.4909,0.5598,0.1703,LOW,F5_on_time_rate,12.9,F4_num_submitted,12.6,F13_weeks_since_active,12.0,17,F5 on time rate (12.9%) and F4 num submitted (12.6%)
1523,OULAD_TEST_1523,0,0.3751,0.5434,0.494,0.3714,0.3751,LOW,F6_inactive_days,15.2,F4_num_submitted,14.3,F1_login_count,12.4,1,F6 inactive days (15.2%) and F4 num submitted (14.3%)
1524,OULAD_TEST_1524,0,0.1964,0.4362,0.2357,0.2613,0.1964,LOW,F1_login_count,22.2,F5_on_time_rate,14.4,F6_inactive_days,11.5,6,F1 login count (22.2%) and F5 on time rate (14.4%)
1525,OULAD_TEST_1525,0,0.0485,0.471,0.1438,0.0813,0.0485,LOW,F1_login_count,20.1,F6_inactive_days,13.6,F4_num_submitted,13.2,7,F1 login count (20.1%) and F6 inactive days (13.6%)
1526,OULAD_TEST_1526,0,0.0591,0.4656,0.241,0.1241,0.0591,LOW,F1_login_count,21.9,F5_on_time_rate,11.9,F13_weeks_since_active,10.4,6,F1 login count (21.9%) and F5 on time rate (11.9%)
1527,OULAD_TEST_1527,0,0.0795,0.2686,0.3174,0.1513,0.0795,LOW,F4_num_submitted,14.3,F6_inactive_days,14.2,F5_on_time_rate,13.2,14,F4 num submitted (14.3%) and F6 inactive days (14.2%)
1528,OULAD_TEST_1528,1,0.9846,0.534,0.6042,0.6247,0.9846,HIGH,F1_login_count,26.8,F5_on_time_rate,14.9,F13_weeks_since_active,9.0,8,F1 login count (26.8%) and F5 on time rate (14.9%)
1529,OULAD_TEST_1529,0,0.0669,0.1687,0.199,0.2684,0.0669,LOW,F4_num_submitted,11.8,F5_on_time_rate,11.4,F6_inactive_days,10.2,1,F4 num submitted (11.8%) and F5 on time rate (11.4%)
1530,OULAD_TEST_1530,0,0.7855,0.4753,0.737,0.8408,0.7855,HIGH,F1_login_count,23.8,F5_on_time_rate,13.6,F13_weeks_since_active,12.0,8,F1 login count (23.8%) and F5 on time rate (13.6%)
1531,OULAD_TEST_1531,1,0.9996,0.6339,0.9138,0.9631,0.9996,HIGH,F1_login_count,17.5,F4_num_submitted,16.3,F6_inactive_days,15.1,15,F1 login count (17.5%) and F4 num submitted (16.3%)
1532,OULAD_TEST_1532,0,0.0836,0.2956,0.4117,0.1642,0.0836,LOW,F1_login_count,16.2,F6_inactive_days,13.1,F4_num_submitted,11.6,1,F1 login count (16.2%) and F6 inactive days (13.1%)
1533,OULAD_TEST_1533,0,0.3696,0.5006,0.2748,0.2978,0.3696,LOW,F1_login_count,26.4,F5_on_time_rate,16.2,F6_inactive_days,8.8,5,F1 login count (26.4%) and F5 on time rate (16.2%)
1534,OULAD_TEST_1534,0,0.1467,0.2975,0.5055,0.3154,0.1467,LOW,F6_inactive_days,15.1,F4_num_submitted,14.4,F1_login_count,13.9,13,F6 inactive days (15.1%) and F4 num submitted (14.4%)
1535,OULAD_TEST_1535,1,0.4907,0.3666,0.1722,0.1712,0.4907,MEDIUM,F1_login_count,20.2,F6_inactive_days,13.9,F4_num_submitted,12.6,17,F1 login count (20.2%) and F6 inactive days (13.9%)
1536,OULAD_TEST_1536,1,0.9984,0.5845,0.5908,0.8976,0.9984,HIGH,F1_login_count,28.5,F5_on_time_rate,14.5,F4_num_submitted,11.1,13,F1 login count (28.5%) and F5 on time rate (14.5%)
1537,OULAD_TEST_1537,0,0.0818,0.5768,0.291,0.1892,0.0818,LOW,F4_num_submitted,15.0,F6_inactive_days,14.8,F1_login_count,13.7,8,F4 num submitted (15.0%) and F6 inactive days (14.8%)
1538,OULAD_TEST_1538,0,0.4804,0.4936,0.5989,0.4673,0.4804,MEDIUM,F1_login_count,17.2,F6_inactive_days,13.2,F4_num_submitted,12.2,9,F1 login count (17.2%) and F6 inactive days (13.2%)
1539,OULAD_TEST_1539,0,0.2109,0.4755,0.4486,0.4632,0.2109,LOW,F1_login_count,23.5,F5_on_time_rate,15.2,F6_inactive_days,9.0,13,F1 login count (23.5%) and F5 on time rate (15.2%)
1540,OULAD_TEST_1540,0,0.2122,0.267,0.4334,0.3978,0.2122,LOW,F1_login_count,20.4,F5_on_time_rate,14.6,F6_inactive_days,13.3,14,F1 login count (20.4%) and F5 on time rate (14.6%)
1541,OULAD_TEST_1541,1,0.9703,0.8577,0.8949,0.9261,0.9703,HIGH,F1_login_count,19.2,F6_inactive_days,15.6,F4_num_submitted,15.5,5,F1 login count (19.2%) and F6 inactive days (15.6%)
1542,OULAD_TEST_1542,0,0.3749,0.4371,0.4823,0.3717,0.3749,LOW,F4_num_submitted,13.7,F6_inactive_days,13.7,F1_login_count,13.5,17,F4 num submitted (13.7%) and F6 inactive days (13.7%)
1543,OULAD_TEST_1543,1,0.9095,0.5133,0.5033,0.5545,0.9095,HIGH,F1_login_count,20.9,F6_inactive_days,12.9,F4_num_submitted,12.7,7,F1 login count (20.9%) and F6 inactive days (12.9%)
1544,OULAD_TEST_1544,1,0.9991,0.6292,0.8212,0.901,0.9991,HIGH,F1_login_count,27.1,F5_on_time_rate,14.2,F13_weeks_since_active,9.4,17,F1 login count (27.1%) and F5 on time rate (14.2%)
1545,OULAD_TEST_1545,1,0.7591,0.4989,0.6464,0.6838,0.7591,HIGH,F1_login_count,24.2,F5_on_time_rate,12.3,F6_inactive_days,10.6,16,F1 login count (24.2%) and F5 on time rate (12.3%)
1546,OULAD_TEST_1546,1,0.4448,0.7181,0.6177,0.5227,0.4448,MEDIUM,F1_login_count,18.0,F5_on_time_rate,13.7,F6_inactive_days,13.2,8,F1 login count (18.0%) and F5 on time rate (13.7%)
1547,OULAD_TEST_1547,1,0.9593,0.5562,0.4523,0.364,0.9593,HIGH,F1_login_count,18.8,F6_inactive_days,16.5,F4_num_submitted,16.3,17,F1 login count (18.8%) and F6 inactive days (16.5%)
1548,OULAD_TEST_1548,0,0.6966,0.6367,0.6556,0.7233,0.6966,MEDIUM,F1_login_count,17.4,F6_inactive_days,16.0,F4_num_submitted,15.8,12,F1 login count (17.4%) and F6 inactive days (16.0%)
1549,OULAD_TEST_1549,0,0.1676,0.6054,0.4338,0.5563,0.1676,LOW,F1_login_count,17.1,F6_inactive_days,14.7,F4_num_submitted,14.4,12,F1 login count (17.1%) and F6 inactive days (14.7%)
1550,OULAD_TEST_1550,1,0.8606,0.5369,0.7671,0.8645,0.8606,HIGH,F1_login_count,24.2,F5_on_time_rate,14.6,F4_num_submitted,10.2,14,F1 login count (24.2%) and F5 on time rate (14.6%)
1551,OULAD_TEST_1551,0,0.5172,0.5898,0.5568,0.6485,0.5172,MEDIUM,F1_login_count,25.2,F5_on_time_rate,15.1,F6_inactive_days,12.6,16,F1 login count (25.2%) and F5 on time rate (15.1%)
1552,OULAD_TEST_1552,0,0.0341,0.3394,0.1496,0.2443,0.0341,LOW,F1_login_count,20.0,F6_inactive_days,16.0,F4_num_submitted,15.0,1,F1 login count (20.0%) and F6 inactive days (16.0%)
1553,OULAD_TEST_1553,0,0.7213,0.5879,0.6919,0.6742,0.7213,HIGH,F1_login_count,15.7,F6_inactive_days,13.0,F4_num_submitted,12.6,9,F1 login count (15.7%) and F6 inactive days (13.0%)
1554,OULAD_TEST_1554,0,0.0296,0.2467,0.1171,0.1595,0.0296,LOW,F1_login_count,17.0,F6_inactive_days,14.2,F4_num_submitted,13.1,1,F1 login count (17.0%) and F6 inactive days (14.2%)
1555,OULAD_TEST_1555,0,0.0808,0.4605,0.2305,0.1619,0.0808,LOW,F1_login_count,16.2,F4_num_submitted,14.0,F6_inactive_days,13.6,5,F1 login count (16.2%) and F4 num submitted (14.0%)
1556,OULAD_TEST_1556,0,0.4525,0.5421,0.6836,0.4828,0.4525,MEDIUM,F1_login_count,16.8,F5_on_time_rate,13.9,F6_inactive_days,13.3,8,F1 login count (16.8%) and F5 on time rate (13.9%)
1557,OULAD_TEST_1557,1,0.6162,0.6919,0.7897,0.8088,0.6162,MEDIUM,F1_login_count,20.9,F5_on_time_rate,13.4,F13_weeks_since_active,10.6,9,F1 login count (20.9%) and F5 on time rate (13.4%)
1558,OULAD_TEST_1558,1,0.4351,0.342,0.5487,0.4136,0.4351,MEDIUM,F1_login_count,17.5,F6_inactive_days,16.5,F4_num_submitted,15.7,15,F1 login count (17.5%) and F6 inactive days (16.5%)
1559,OULAD_TEST_1559,0,0.6127,0.6203,0.8008,0.7886,0.6127,MEDIUM,F1_login_count,17.4,F4_num_submitted,15.7,F6_inactive_days,15.6,14,F1 login count (17.4%) and F4 num submitted (15.7%)
1560,OULAD_TEST_1560,0,0.062,0.3194,0.1193,0.1141,0.062,LOW,F1_login_count,20.5,F5_on_time_rate,13.2,F4_num_submitted,12.4,2,F1 login count (20.5%) and F5 on time rate (13.2%)
1561,OULAD_TEST_1561,0,0.3799,0.5798,0.6521,0.7185,0.3799,LOW,F1_login_count,26.0,F5_on_time_rate,13.3,F6_inactive_days,12.4,7,F1 login count (26.0%) and F5 on time rate (13.3%)
1562,OULAD_TEST_1562,0,0.3022,0.3955,0.3103,0.1457,0.3022,LOW,F1_login_count,20.9,F6_inactive_days,15.2,F4_num_submitted,14.2,11,F1 login count (20.9%) and F6 inactive days (15.2%)
1563,OULAD_TEST_1563,1,0.9473,0.4278,0.624,0.7266,0.9473,HIGH,F1_login_count,19.9,F6_inactive_days,13.6,F4_num_submitted,12.0,15,F1 login count (19.9%) and F6 inactive days (13.6%)
1564,OULAD_TEST_1564,1,0.9878,0.3941,0.8234,0.8886,0.9878,HIGH,F1_login_count,17.5,F6_inactive_days,12.1,F13_weeks_since_active,10.8,15,F1 login count (17.5%) and F6 inactive days (12.1%)
1565,OULAD_TEST_1565,0,0.3395,0.3583,0.3344,0.3463,0.3395,LOW,F1_login_count,17.8,F6_inactive_days,15.8,F4_num_submitted,14.3,13,F1 login count (17.8%) and F6 inactive days (15.8%)
1566,OULAD_TEST_1566,0,0.486,0.7693,0.8293,0.8356,0.486,MEDIUM,F1_login_count,25.7,F5_on_time_rate,15.8,F2_vle_clicks,10.4,7,F1 login count (25.7%) and F5 on time rate (15.8%)
1567,OULAD_TEST_1567,1,0.9764,0.6197,0.9356,0.9668,0.9764,HIGH,F1_login_count,19.6,F4_num_submitted,14.5,F6_inactive_days,13.7,11,F1 login count (19.6%) and F4 num submitted (14.5%)
1568,OULAD_TEST_1568,0,0.7398,0.6696,0.688,0.8559,0.7398,HIGH,F1_login_count,23.2,F5_on_time_rate,12.9,F10_min_score,8.5,12,F1 login count (23.2%) and F5 on time rate (12.9%)
1569,OULAD_TEST_1569,0,0.3973,0.673,0.7432,0.5424,0.3973,LOW,F1_login_count,19.1,F13_weeks_since_active,11.6,F6_inactive_days,10.9,11,F1 login count (19.1%) and F13 weeks since active (11.6%)
1570,OULAD_TEST_1570,0,0.1909,0.482,0.3413,0.328,0.1909,LOW,F1_login_count,24.0,F5_on_time_rate,15.7,F6_inactive_days,10.6,8,F1 login count (24.0%) and F5 on time rate (15.7%)
1571,OULAD_TEST_1571,1,0.4879,0.6223,0.547,0.3202,0.4879,MEDIUM,F1_login_count,17.2,F6_inactive_days,13.9,F4_num_submitted,13.4,11,F1 login count (17.2%) and F6 inactive days (13.9%)
1572,OULAD_TEST_1572,0,0.7291,0.5938,0.6971,0.7406,0.7291,HIGH,F1_login_count,20.7,F5_on_time_rate,9.9,F13_weeks_since_active,9.3,17,F1 login count (20.7%) and F5 on time rate (9.9%)
1573,OULAD_TEST_1573,0,0.3897,0.5684,0.7422,0.6942,0.3897,LOW,F1_login_count,24.6,F5_on_time_rate,14.0,F6_inactive_days,10.8,8,F1 login count (24.6%) and F5 on time rate (14.0%)
1574,OULAD_TEST_1574,0,0.2289,0.4891,0.4141,0.3741,0.2289,LOW,F1_login_count,21.3,F5_on_time_rate,16.1,F13_weeks_since_active,14.1,5,F1 login count (21.3%) and F5 on time rate (16.1%)
1575,OULAD_TEST_1575,0,0.099,0.416,0.4431,0.3539,0.099,LOW,F13_weeks_since_active,14.8,F4_num_submitted,14.5,F6_inactive_days,14.3,14,F13 weeks since active (14.8%) and F4 num submitted (14.5%)
1576,OULAD_TEST_1576,0,0.0338,0.3555,0.2399,0.117,0.0338,LOW,F1_login_count,20.0,F5_on_time_rate,13.1,F13_weeks_since_active,10.6,8,F1 login count (20.0%) and F5 on time rate (13.1%)
1577,OULAD_TEST_1577,0,0.6877,0.7175,0.6346,0.6773,0.6877,MEDIUM,F1_login_count,21.9,F5_on_time_rate,11.8,F13_weeks_since_active,10.7,11,F1 login count (21.9%) and F5 on time rate (11.8%)
1578,OULAD_TEST_1578,1,0.2337,0.3992,0.5101,0.3894,0.2337,LOW,F5_on_time_rate,13.5,F6_inactive_days,12.9,F4_num_submitted,12.5,17,F5 on time rate (13.5%) and F6 inactive days (12.9%)
1579,OULAD_TEST_1579,0,0.2489,0.4901,0.5016,0.4199,0.2489,LOW,F6_inactive_days,16.9,F1_login_count,16.9,F4_num_submitted,16.7,7,F6 inactive days (16.9%) and F1 login count (16.9%)
1580,OULAD_TEST_1580,0,0.0934,0.2508,0.2022,0.1615,0.0934,LOW,F1_login_count,18.2,F4_num_submitted,13.0,F6_inactive_days,12.7,16,F1 login count (18.2%) and F4 num submitted (13.0%)
1581,OULAD_TEST_1581,0,0.4214,0.4707,0.2386,0.328,0.4214,MEDIUM,F1_login_count,19.1,F4_num_submitted,12.6,F5_on_time_rate,12.5,7,F1 login count (19.1%) and F4 num submitted (12.6%)
1582,OULAD_TEST_1582,1,0.9844,0.7825,0.9434,0.9733,0.9844,HIGH,F1_login_count,18.1,F6_inactive_days,13.0,F4_num_submitted,12.5,15,F1 login count (18.1%) and F6 inactive days (13.0%)
1583,OULAD_TEST_1583,1,0.9989,0.2478,0.2818,0.5237,0.9989,HIGH,F1_login_count,24.7,F5_on_time_rate,14.3,F6_inactive_days,12.5,17,F1 login count (24.7%) and F5 on time rate (14.3%)
1584,OULAD_TEST_1584,0,0.5116,0.5109,0.7235,0.7304,0.5116,MEDIUM,F1_login_count,23.4,F5_on_time_rate,13.3,F6_inactive_days,11.4,8,F1 login count (23.4%) and F5 on time rate (13.3%)
1585,OULAD_TEST_1585,0,0.0495,0.2999,0.0926,0.1345,0.0495,LOW,F1_login_count,19.1,F6_inactive_days,15.8,F4_num_submitted,14.6,16,F1 login count (19.1%) and F6 inactive days (15.8%)
1586,OULAD_TEST_1586,0,0.0438,0.2742,0.229,0.1012,0.0438,LOW,F1_login_count,17.5,F4_num_submitted,13.9,F6_inactive_days,13.1,8,F1 login count (17.5%) and F4 num submitted (13.9%)
1587,OULAD_TEST_1587,1,0.5161,0.4697,0.6484,0.6203,0.5161,MEDIUM,F1_login_count,26.3,F5_on_time_rate,14.8,F13_weeks_since_active,10.6,17,F1 login count (26.3%) and F5 on time rate (14.8%)
1588,OULAD_TEST_1588,1,0.9829,0.6937,0.5397,0.4824,0.9829,HIGH,F1_login_count,24.7,F5_on_time_rate,13.3,F4_num_submitted,10.6,8,F1 login count (24.7%) and F5 on time rate (13.3%)
1589,OULAD_TEST_1589,1,0.3858,0.8714,0.8533,0.742,0.3858,LOW,F1_login_count,16.1,F5_on_time_rate,13.1,F4_num_submitted,11.4,9,F1 login count (16.1%) and F5 on time rate (13.1%)
1590,OULAD_TEST_1590,0,0.2982,0.3128,0.4908,0.586,0.2982,LOW,F1_login_count,23.5,F5_on_time_rate,14.6,F6_inactive_days,10.6,13,F1 login count (23.5%) and F5 on time rate (14.6%)
1591,OULAD_TEST_1591,1,0.9982,0.8246,0.8173,0.8729,0.9982,HIGH,F1_login_count,26.0,F5_on_time_rate,13.9,F4_num_submitted,10.4,16,F1 login count (26.0%) and F5 on time rate (13.9%)
1592,OULAD_TEST_1592,0,0.2042,0.352,0.2841,0.2865,0.2042,LOW,F1_login_count,22.6,F5_on_time_rate,15.0,F6_inactive_days,9.9,14,F1 login count (22.6%) and F5 on time rate (15.0%)
1593,OULAD_TEST_1593,1,0.833,0.7537,0.7696,0.8233,0.833,HIGH,F1_login_count,18.9,F4_num_submitted,13.5,F6_inactive_days,13.4,7,F1 login count (18.9%) and F4 num submitted (13.5%)
1594,OULAD_TEST_1594,0,0.2678,0.6315,0.61,0.5021,0.2678,LOW,F13_weeks_since_active,16.3,F1_login_count,15.2,F4_num_submitted,9.3,14,F13 weeks since active (16.3%) and F1 login count (15.2%)
1595,OULAD_TEST_1595,0,0.1049,0.434,0.2905,0.3242,0.1049,LOW,F1_login_count,24.1,F5_on_time_rate,15.9,F6_inactive_days,11.9,9,F1 login count (24.1%) and F5 on time rate (15.9%)
1596,OULAD_TEST_1596,1,0.8677,0.4861,0.6119,0.6702,0.8677,HIGH,F1_login_count,20.5,F4_num_submitted,13.4,F6_inactive_days,12.8,16,F1 login count (20.5%) and F4 num submitted (13.4%)
1597,OULAD_TEST_1597,0,0.3909,0.5107,0.4014,0.4131,0.3909,LOW,F6_inactive_days,15.9,F4_num_submitted,15.2,F1_login_count,14.6,8,F6 inactive days (15.9%) and F4 num submitted (15.2%)
1598,OULAD_TEST_1598,0,0.4399,0.3856,0.3806,0.6229,0.4399,MEDIUM,F1_login_count,23.9,F6_inactive_days,13.4,F4_num_submitted,12.8,12,F1 login count (23.9%) and F6 inactive days (13.4%)
1599,OULAD_TEST_1599,0,0.3393,0.6295,0.6476,0.4033,0.3393,LOW,F6_inactive_days,14.3,F1_login_count,14.2,F4_num_submitted,12.0,9,F6 inactive days (14.3%) and F1 login count (14.2%)
1600,OULAD_TEST_1600,1,0.9962,0.6408,0.5688,0.8061,0.9962,HIGH,F1_login_count,27.4,F5_on_time_rate,16.4,F6_inactive_days,9.5,9,F1 login count (27.4%) and F5 on time rate (16.4%)
1601,OULAD_TEST_1601,1,0.9975,0.2571,0.2271,0.0818,0.9975,HIGH,F1_login_count,23.9,F6_inactive_days,13.4,F5_on_time_rate,13.3,17,F1 login count (23.9%) and F6 inactive days (13.4%)
1602,OULAD_TEST_1602,1,0.9568,0.5536,0.5594,0.682,0.9568,HIGH,F1_login_count,19.3,F5_on_time_rate,12.5,F4_num_submitted,11.7,14,F1 login count (19.3%) and F5 on time rate (12.5%)
1603,OULAD_TEST_1603,0,0.0535,0.3244,0.1822,0.1664,0.0535,LOW,F1_login_count,18.4,F6_inactive_days,13.2,F5_on_time_rate,12.5,1,F1 login count (18.4%) and F6 inactive days (13.2%)
1604,OULAD_TEST_1604,0,0.9177,0.4114,0.7477,0.781,0.9177,HIGH,F1_login_count,16.8,F6_inactive_days,13.6,F4_num_submitted,12.6,16,F1 login count (16.8%) and F6 inactive days (13.6%)
1605,OULAD_TEST_1605,0,0.6577,0.7395,0.6883,0.7751,0.6577,MEDIUM,F1_login_count,16.3,F6_inactive_days,13.1,F4_num_submitted,12.8,9,F1 login count (16.3%) and F6 inactive days (13.1%)
1606,OULAD_TEST_1606,0,0.3438,0.3279,0.4029,0.3865,0.3438,LOW,F1_login_count,22.7,F6_inactive_days,13.6,F4_num_submitted,12.9,12,F1 login count (22.7%) and F6 inactive days (13.6%)
1607,OULAD_TEST_1607,1,0.8175,0.7645,0.8718,0.7166,0.8175,HIGH,F1_login_count,20.6,F6_inactive_days,13.0,F4_num_submitted,13.0,11,F1 login count (20.6%) and F6 inactive days (13.0%)
1608,OULAD_TEST_1608,0,0.2208,0.587,0.4491,0.415,0.2208,LOW,F1_login_count,27.8,F5_on_time_rate,15.1,F6_inactive_days,10.8,7,F1 login count (27.8%) and F5 on time rate (15.1%)
1609,OULAD_TEST_1609,0,0.2986,0.4301,0.4196,0.3062,0.2986,LOW,F1_login_count,17.5,F6_inactive_days,15.2,F4_num_submitted,13.6,11,F1 login count (17.5%) and F6 inactive days (15.2%)
1610,OULAD_TEST_1610,1,0.9901,0.5894,0.5029,0.6058,0.9901,HIGH,F1_login_count,26.7,F5_on_time_rate,15.3,F2_vle_clicks,8.4,9,F1 login count (26.7%) and F5 on time rate (15.3%)
1611,OULAD_TEST_1611,0,0.4111,0.4771,0.5697,0.4817,0.4111,MEDIUM,F1_login_count,19.6,F5_on_time_rate,12.7,F13_weeks_since_active,11.9,17,F1 login count (19.6%) and F5 on time rate (12.7%)
1612,OULAD_TEST_1612,0,0.6549,0.3639,0.4517,0.6764,0.6549,MEDIUM,F1_login_count,17.8,F4_num_submitted,14.6,F6_inactive_days,14.6,16,F1 login count (17.8%) and F4 num submitted (14.6%)
1613,OULAD_TEST_1613,0,0.2734,0.4282,0.4197,0.4055,0.2734,LOW,F1_login_count,25.4,F5_on_time_rate,14.8,F6_inactive_days,9.9,7,F1 login count (25.4%) and F5 on time rate (14.8%)
1614,OULAD_TEST_1614,1,0.9923,0.2506,0.2982,0.155,0.9923,HIGH,F1_login_count,19.7,F6_inactive_days,15.7,F4_num_submitted,15.1,17,F1 login count (19.7%) and F6 inactive days (15.7%)
1615,OULAD_TEST_1615,1,0.9992,0.4552,0.8554,0.8393,0.9992,HIGH,F1_login_count,26.6,F5_on_time_rate,15.0,F13_weeks_since_active,9.0,17,F1 login count (26.6%) and F5 on time rate (15.0%)
1616,OULAD_TEST_1616,0,0.1012,0.5283,0.3637,0.3447,0.1012,LOW,F13_weeks_since_active,16.3,F4_num_submitted,13.1,F6_inactive_days,12.0,6,F13 weeks since active (16.3%) and F4 num submitted (13.1%)
1617,OULAD_TEST_1617,0,0.3665,0.5569,0.4557,0.4939,0.3665,LOW,F1_login_count,17.0,F13_weeks_since_active,16.9,F5_on_time_rate,12.1,6,F1 login count (17.0%) and F13 weeks since active (16.9%)
1618,OULAD_TEST_1618,0,0.5686,0.5196,0.588,0.6138,0.5686,MEDIUM,F1_login_count,27.8,F5_on_time_rate,14.4,F6_inactive_days,10.0,5,F1 login count (27.8%) and F5 on time rate (14.4%)
1619,OULAD_TEST_1619,0,0.27,0.4419,0.401,0.289,0.27,LOW,F1_login_count,23.5,F5_on_time_rate,12.4,F6_inactive_days,12.0,7,F1 login count (23.5%) and F5 on time rate (12.4%)
1620,OULAD_TEST_1620,0,0.2546,0.5722,0.4705,0.5876,0.2546,LOW,F6_inactive_days,16.7,F4_num_submitted,16.5,F5_on_time_rate,11.8,4,F6 inactive days (16.7%) and F4 num submitted (16.5%)
1621,OULAD_TEST_1621,0,0.1347,0.3124,0.307,0.3991,0.1347,LOW,F1_login_count,20.9,F5_on_time_rate,13.8,F6_inactive_days,13.4,1,F1 login count (20.9%) and F5 on time rate (13.8%)
1622,OULAD_TEST_1622,0,0.35,0.413,0.4974,0.4398,0.35,LOW,F1_login_count,13.1,F13_weeks_since_active,11.7,F5_on_time_rate,11.1,13,F1 login count (13.1%) and F13 weeks since active (11.7%)
1623,OULAD_TEST_1623,0,0.327,0.3778,0.3429,0.3918,0.327,LOW,F1_login_count,20.5,F5_on_time_rate,12.6,F13_weeks_since_active,11.7,8,F1 login count (20.5%) and F5 on time rate (12.6%)
1624,OULAD_TEST_1624,0,0.3778,0.3593,0.1809,0.0852,0.3778,LOW,F1_login_count,18.2,F6_inactive_days,12.0,F4_num_submitted,11.9,2,F1 login count (18.2%) and F6 inactive days (12.0%)
1625,OULAD_TEST_1625,0,0.0702,0.4067,0.5287,0.2854,0.0702,LOW,F1_login_count,23.7,F5_on_time_rate,14.3,F6_inactive_days,10.5,7,F1 login count (23.7%) and F5 on time rate (14.3%)
1626,OULAD_TEST_1626,1,0.2284,0.4639,0.2066,0.203,0.2284,LOW,F1_login_count,15.9,F4_num_submitted,14.6,F6_inactive_days,14.5,1,F1 login count (15.9%) and F4 num submitted (14.6%)
1627,OULAD_TEST_1627,0,0.1193,0.3451,0.2527,0.1873,0.1193,LOW,F5_on_time_rate,11.3,F6_inactive_days,11.1,F4_num_submitted,10.4,1,F5 on time rate (11.3%) and F6 inactive days (11.1%)
1628,OULAD_TEST_1628,0,0.3959,0.5264,0.396,0.4248,0.3959,LOW,F1_login_count,16.3,F4_num_submitted,12.1,F6_inactive_days,11.8,8,F1 login count (16.3%) and F4 num submitted (12.1%)
1629,OULAD_TEST_1629,0,0.1579,0.4688,0.5643,0.4027,0.1579,LOW,F13_weeks_since_active,14.6,F1_login_count,13.0,F7_score_change,10.3,7,F13 weeks since active (14.6%) and F1 login count (13.0%)
1630,OULAD_TEST_1630,1,0.9995,0.4067,0.4267,0.953,0.9995,HIGH,F1_login_count,25.5,F4_num_submitted,13.7,F6_inactive_days,13.6,17,F1 login count (25.5%) and F4 num submitted (13.7%)
1631,OULAD_TEST_1631,1,0.5544,0.6471,0.6268,0.5133,0.5544,MEDIUM,F1_login_count,21.5,F6_inactive_days,11.7,F4_num_submitted,10.5,11,F1 login count (21.5%) and F6 inactive days (11.7%)
1632,OULAD_TEST_1632,0,0.2469,0.5572,0.5706,0.532,0.2469,LOW,F1_login_count,21.0,F13_weeks_since_active,16.5,F5_on_time_rate,14.3,5,F1 login count (21.0%) and F13 weeks since active (16.5%)
1633,OULAD_TEST_1633,0,0.3301,0.651,0.5576,0.4175,0.3301,LOW,F1_login_count,17.1,F6_inactive_days,13.9,F4_num_submitted,13.9,8,F1 login count (17.1%) and F6 inactive days (13.9%)
1634,OULAD_TEST_1634,0,0.0961,0.3435,0.2142,0.1972,0.0961,LOW,F6_inactive_days,15.5,F4_num_submitted,15.0,F5_on_time_rate,11.7,1,F6 inactive days (15.5%) and F4 num submitted (15.0%)
1635,OULAD_TEST_1635,0,0.3243,0.4663,0.28,0.4661,0.3243,LOW,F1_login_count,18.9,F6_inactive_days,13.3,F4_num_submitted,13.0,17,F1 login count (18.9%) and F6 inactive days (13.3%)
1636,OULAD_TEST_1636,0,0.0659,0.3434,0.3734,0.3427,0.0659,LOW,F6_inactive_days,15.2,F4_num_submitted,15.0,F5_on_time_rate,10.8,1,F6 inactive days (15.2%) and F4 num submitted (15.0%)
1637,OULAD_TEST_1637,0,0.2038,0.2709,0.154,0.0911,0.2038,LOW,F1_login_count,15.2,F4_num_submitted,13.5,F6_inactive_days,12.9,1,F1 login count (15.2%) and F4 num submitted (13.5%)
1638,OULAD_TEST_1638,1,0.9267,0.8062,0.5966,0.681,0.9267,HIGH,F1_login_count,24.0,F5_on_time_rate,14.8,F4_num_submitted,11.7,9,F1 login count (24.0%) and F5 on time rate (14.8%)
1639,OULAD_TEST_1639,0,0.5609,0.4241,0.6167,0.5216,0.5609,MEDIUM,F1_login_count,21.1,F6_inactive_days,14.3,F4_num_submitted,13.2,17,F1 login count (21.1%) and F6 inactive days (14.3%)
1640,OULAD_TEST_1640,1,0.6255,0.7609,0.7806,0.9286,0.6255,MEDIUM,F1_login_count,19.3,F5_on_time_rate,11.3,F6_inactive_days,9.0,16,F1 login count (19.3%) and F5 on time rate (11.3%)
1641,OULAD_TEST_1641,0,0.0828,0.2744,0.1593,0.08,0.0828,LOW,F1_login_count,18.9,F6_inactive_days,15.1,F4_num_submitted,13.9,2,F1 login count (18.9%) and F6 inactive days (15.1%)
1642,OULAD_TEST_1642,1,0.9841,0.5044,0.6753,0.6569,0.9841,HIGH,F1_login_count,28.1,F5_on_time_rate,15.8,F6_inactive_days,9.4,7,F1 login count (28.1%) and F5 on time rate (15.8%)
1643,OULAD_TEST_1643,0,0.1321,0.3471,0.4279,0.2532,0.1321,LOW,F6_inactive_days,14.9,F4_num_submitted,14.2,F13_weeks_since_active,10.8,2,F6 inactive days (14.9%) and F4 num submitted (14.2%)
1644,OULAD_TEST_1644,0,0.5368,0.5214,0.8509,0.755,0.5368,MEDIUM,F6_inactive_days,17.3,F4_num_submitted,16.8,F1_login_count,15.0,9,F6 inactive days (17.3%) and F4 num submitted (16.8%)
1645,OULAD_TEST_1645,0,0.0411,0.3543,0.2103,0.1038,0.0411,LOW,F4_num_submitted,13.9,F6_inactive_days,13.2,F13_weeks_since_active,12.2,1,F4 num submitted (13.9%) and F6 inactive days (13.2%)
1646,OULAD_TEST_1646,0,0.0464,0.3186,0.1811,0.058,0.0464,LOW,F1_login_count,22.1,F6_inactive_days,12.4,F4_num_submitted,11.9,8,F1 login count (22.1%) and F6 inactive days (12.4%)
1647,OULAD_TEST_1647,1,0.5184,0.3923,0.625,0.6819,0.5184,MEDIUM,F1_login_count,16.1,F6_inactive_days,15.9,F4_num_submitted,15.3,16,F1 login count (16.1%) and F6 inactive days (15.9%)
1648,OULAD_TEST_1648,1,0.4682,0.3159,0.6114,0.631,0.4682,MEDIUM,F1_login_count,23.3,F5_on_time_rate,14.3,F6_inactive_days,9.3,11,F1 login count (23.3%) and F5 on time rate (14.3%)
1649,OULAD_TEST_1649,1,0.9385,0.3198,0.3794,0.4195,0.9385,HIGH,F4_num_submitted,16.6,F1_login_count,16.6,F6_inactive_days,16.4,17,F4 num submitted (16.6%) and F1 login count (16.6%)
1650,OULAD_TEST_1650,1,0.8737,0.7972,0.7944,0.8351,0.8737,HIGH,F1_login_count,23.5,F5_on_time_rate,12.3,F13_weeks_since_active,9.9,11,F1 login count (23.5%) and F5 on time rate (12.3%)
1651,OULAD_TEST_1651,0,0.0666,0.3493,0.2213,0.1586,0.0666,LOW,F1_login_count,15.8,F6_inactive_days,15.2,F4_num_submitted,14.3,1,F1 login count (15.8%) and F6 inactive days (15.2%)
1652,OULAD_TEST_1652,1,0.998,0.6119,0.5426,0.7311,0.998,HIGH,F1_login_count,24.3,F5_on_time_rate,14.4,F6_inactive_days,12.2,17,F1 login count (24.3%) and F5 on time rate (14.4%)
1653,OULAD_TEST_1653,0,0.7145,0.5715,0.6565,0.7973,0.7145,HIGH,F1_login_count,18.4,F6_inactive_days,14.3,F4_num_submitted,14.2,9,F1 login count (18.4%) and F6 inactive days (14.3%)
1654,OULAD_TEST_1654,0,0.0146,0.3095,0.1029,0.0481,0.0146,LOW,F1_login_count,15.6,F6_inactive_days,13.0,F4_num_submitted,12.5,1,F1 login count (15.6%) and F6 inactive days (13.0%)
1655,OULAD_TEST_1655,0,0.7828,0.8391,0.7407,0.7091,0.7828,HIGH,F1_login_count,22.8,F5_on_time_rate,15.0,F13_weeks_since_active,11.8,5,F1 login count (22.8%) and F5 on time rate (15.0%)
1656,OULAD_TEST_1656,0,0.7847,0.5757,0.6527,0.7936,0.7847,HIGH,F1_login_count,20.1,F4_num_submitted,12.4,F6_inactive_days,12.0,17,F1 login count (20.1%) and F4 num submitted (12.4%)
1657,OULAD_TEST_1657,1,0.4187,0.6043,0.5944,0.4448,0.4187,MEDIUM,F1_login_count,25.1,F5_on_time_rate,13.2,F6_inactive_days,11.8,7,F1 login count (25.1%) and F5 on time rate (13.2%)
1658,OULAD_TEST_1658,0,0.1454,0.4487,0.4147,0.2402,0.1454,LOW,F1_login_count,16.5,F13_weeks_since_active,13.4,F5_on_time_rate,12.4,6,F1 login count (16.5%) and F13 weeks since active (13.4%)
1659,OULAD_TEST_1659,0,0.176,0.5187,0.3693,0.1714,0.176,LOW,F1_login_count,18.3,F13_weeks_since_active,14.5,F5_on_time_rate,10.7,7,F1 login count (18.3%) and F13 weeks since active (14.5%)
1660,OULAD_TEST_1660,0,0.5943,0.4554,0.4509,0.4927,0.5943,MEDIUM,F1_login_count,16.7,F6_inactive_days,12.3,F4_num_submitted,12.1,9,F1 login count (16.7%) and F6 inactive days (12.3%)
1661,OULAD_TEST_1661,0,0.2153,0.6138,0.3715,0.4768,0.2153,LOW,F1_login_count,21.7,F6_inactive_days,12.6,F4_num_submitted,10.2,4,F1 login count (21.7%) and F6 inactive days (12.6%)
1662,OULAD_TEST_1662,1,0.9967,0.3544,0.7301,0.7774,0.9967,HIGH,F1_login_count,23.8,F5_on_time_rate,13.9,F6_inactive_days,12.8,15,F1 login count (23.8%) and F5 on time rate (13.9%)
1663,OULAD_TEST_1663,0,0.053,0.295,0.1619,0.1204,0.053,LOW,F4_num_submitted,12.3,F6_inactive_days,12.1,F1_login_count,11.8,1,F4 num submitted (12.3%) and F6 inactive days (12.1%)
1664,OULAD_TEST_1664,0,0.1378,0.511,0.2757,0.4799,0.1378,LOW,F1_login_count,28.3,F5_on_time_rate,15.0,F6_inactive_days,10.9,14,F1 login count (28.3%) and F5 on time rate (15.0%)
1665,OULAD_TEST_1665,0,0.1218,0.4813,0.2117,0.2312,0.1218,LOW,F1_login_count,23.8,F6_inactive_days,13.4,F4_num_submitted,13.3,5,F1 login count (23.8%) and F6 inactive days (13.4%)
1666,OULAD_TEST_1666,1,0.9905,0.8719,0.7721,0.9226,0.9905,HIGH,F1_login_count,20.0,F4_num_submitted,13.6,F6_inactive_days,13.2,9,F1 login count (20.0%) and F4 num submitted (13.6%)
1667,OULAD_TEST_1667,1,0.5914,0.5543,0.7619,0.8447,0.5914,MEDIUM,F1_login_count,26.1,F5_on_time_rate,15.9,F6_inactive_days,10.1,9,F1 login count (26.1%) and F5 on time rate (15.9%)
1668,OULAD_TEST_1668,0,0.0358,0.2958,0.0961,0.0395,0.0358,LOW,F1_login_count,17.2,F6_inactive_days,12.7,F4_num_submitted,11.2,1,F1 login count (17.2%) and F6 inactive days (12.7%)
1669,OULAD_TEST_1669,0,0.4903,0.5271,0.4324,0.3777,0.4903,MEDIUM,F1_login_count,18.3,F5_on_time_rate,14.3,F13_weeks_since_active,13.7,5,F1 login count (18.3%) and F5 on time rate (14.3%)
1670,OULAD_TEST_1670,0,0.06,0.5171,0.2573,0.1515,0.06,LOW,F4_num_submitted,14.7,F6_inactive_days,14.3,F13_weeks_since_active,13.5,6,F4 num submitted (14.7%) and F6 inactive days (14.3%)
1671,OULAD_TEST_1671,0,0.2657,0.5105,0.3422,0.3342,0.2657,LOW,F1_login_count,20.9,F13_weeks_since_active,14.6,F5_on_time_rate,12.6,6,F1 login count (20.9%) and F13 weeks since active (14.6%)
1672,OULAD_TEST_1672,0,0.0291,0.3103,0.3689,0.1224,0.0291,LOW,F1_login_count,18.7,F4_num_submitted,12.2,F6_inactive_days,12.1,9,F1 login count (18.7%) and F4 num submitted (12.2%)
1673,OULAD_TEST_1673,0,0.1272,0.2995,0.2096,0.306,0.1272,LOW,F1_login_count,17.7,F6_inactive_days,14.7,F4_num_submitted,14.3,2,F1 login count (17.7%) and F6 inactive days (14.7%)
1674,OULAD_TEST_1674,1,0.2793,0.6968,0.7857,0.624,0.2793,LOW,F1_login_count,17.3,F6_inactive_days,14.6,F4_num_submitted,14.0,9,F1 login count (17.3%) and F6 inactive days (14.6%)
1675,OULAD_TEST_1675,1,0.5481,0.4419,0.5732,0.6325,0.5481,MEDIUM,F1_login_count,21.0,F6_inactive_days,13.2,F4_num_submitted,13.1,16,F1 login count (21.0%) and F6 inactive days (13.2%)
1676,OULAD_TEST_1676,0,0.145,0.3255,0.2581,0.2288,0.145,LOW,F1_login_count,15.6,F13_weeks_since_active,13.4,F7_score_change,9.7,3,F1 login count (15.6%) and F13 weeks since active (13.4%)
1677,OULAD_TEST_1677,0,0.5115,0.6774,0.847,0.8184,0.5115,MEDIUM,F1_login_count,14.5,F6_inactive_days,14.4,F4_num_submitted,13.3,8,F1 login count (14.5%) and F6 inactive days (14.4%)
1678,OULAD_TEST_1678,0,0.1804,0.5522,0.3189,0.2969,0.1804,LOW,F1_login_count,25.7,F5_on_time_rate,14.9,F6_inactive_days,10.4,6,F1 login count (25.7%) and F5 on time rate (14.9%)
1679,OULAD_TEST_1679,0,0.5847,0.7413,0.4696,0.6594,0.5847,MEDIUM,F4_num_submitted,14.5,F6_inactive_days,13.4,F1_login_count,13.2,17,F4 num submitted (14.5%) and F6 inactive days (13.4%)
1680,OULAD_TEST_1680,1,0.9924,0.6985,0.7567,0.8011,0.9924,HIGH,F1_login_count,26.5,F5_on_time_rate,14.5,F13_weeks_since_active,10.3,9,F1 login count (26.5%) and F5 on time rate (14.5%)
1681,OULAD_TEST_1681,0,0.1979,0.3167,0.2888,0.3725,0.1979,LOW,F1_login_count,24.3,F5_on_time_rate,14.5,F6_inactive_days,11.2,14,F1 login count (24.3%) and F5 on time rate (14.5%)
1682,OULAD_TEST_1682,0,0.491,0.5906,0.4686,0.5519,0.491,MEDIUM,F1_login_count,23.5,F5_on_time_rate,15.5,F6_inactive_days,12.2,8,F1 login count (23.5%) and F5 on time rate (15.5%)
1683,OULAD_TEST_1683,0,0.0584,0.3819,0.1245,0.0679,0.0584,LOW,F1_login_count,22.9,F6_inactive_days,13.6,F4_num_submitted,13.6,2,F1 login count (22.9%) and F6 inactive days (13.6%)
1684,OULAD_TEST_1684,0,0.0253,0.21,0.1154,0.091,0.0253,LOW,F6_inactive_days,15.9,F4_num_submitted,15.3,F5_on_time_rate,10.0,2,F6 inactive days (15.9%) and F4 num submitted (15.3%)
1685,OULAD_TEST_1685,0,0.1434,0.3878,0.3236,0.4287,0.1434,LOW,F1_login_count,20.6,F6_inactive_days,15.1,F4_num_submitted,14.6,13,F1 login count (20.6%) and F6 inactive days (15.1%)
1686,OULAD_TEST_1686,1,0.9925,0.6331,0.4774,0.5713,0.9925,HIGH,F1_login_count,27.2,F5_on_time_rate,13.3,F6_inactive_days,10.2,17,F1 login count (27.2%) and F5 on time rate (13.3%)
1687,OULAD_TEST_1687,1,0.68,0.3365,0.7263,0.7963,0.68,MEDIUM,F1_login_count,19.7,F5_on_time_rate,10.4,F6_inactive_days,9.8,16,F1 login count (19.7%) and F5 on time rate (10.4%)
1688,OULAD_TEST_1688,0,0.5616,0.2924,0.5132,0.3993,0.5616,MEDIUM,F1_login_count,23.4,F4_num_submitted,12.6,F6_inactive_days,12.3,8,F1 login count (23.4%) and F4 num submitted (12.6%)
1689,OULAD_TEST_1689,0,0.2796,0.6615,0.4523,0.2873,0.2796,LOW,F1_login_count,16.3,F6_inactive_days,15.2,F4_num_submitted,14.4,13,F1 login count (16.3%) and F6 inactive days (15.2%)
1690,OULAD_TEST_1690,1,0.6781,0.4548,0.6446,0.7519,0.6781,MEDIUM,F1_login_count,24.3,F5_on_time_rate,12.2,F6_inactive_days,11.5,14,F1 login count (24.3%) and F5 on time rate (12.2%)
1691,OULAD_TEST_1691,1,0.9519,0.3068,0.6099,0.5634,0.9519,HIGH,F1_login_count,25.5,F5_on_time_rate,12.8,F6_inactive_days,10.8,17,F1 login count (25.5%) and F5 on time rate (12.8%)
1692,OULAD_TEST_1692,0,0.3782,0.5112,0.4573,0.4315,0.3782,LOW,F1_login_count,21.4,F5_on_time_rate,14.5,F6_inactive_days,10.0,13,F1 login count (21.4%) and F5 on time rate (14.5%)
1693,OULAD_TEST_1693,1,0.9982,0.3905,0.502,0.7939,0.9982,HIGH,F1_login_count,26.4,F5_on_time_rate,15.0,F6_inactive_days,10.7,17,F1 login count (26.4%) and F5 on time rate (15.0%)
1694,OULAD_TEST_1694,1,0.6821,0.6421,0.5829,0.5622,0.6821,MEDIUM,F4_num_submitted,17.2,F6_inactive_days,16.9,F1_login_count,15.8,16,F4 num submitted (17.2%) and F6 inactive days (16.9%)
1695,OULAD_TEST_1695,0,0.1025,0.4588,0.143,0.2793,0.1025,LOW,F1_login_count,23.2,F6_inactive_days,14.7,F4_num_submitted,14.0,4,F1 login count (23.2%) and F6 inactive days (14.7%)
1696,OULAD_TEST_1696,0,0.2864,0.3088,0.4245,0.3602,0.2864,LOW,F1_login_count,16.2,F13_weeks_since_active,15.0,F5_on_time_rate,12.7,8,F1 login count (16.2%) and F13 weeks since active (15.0%)
1697,OULAD_TEST_1697,0,0.1997,0.3056,0.3056,0.0803,0.1997,LOW,F1_login_count,19.7,F6_inactive_days,12.5,F4_num_submitted,10.8,1,F1 login count (19.7%) and F6 inactive days (12.5%)
1698,OULAD_TEST_1698,0,0.0646,0.3588,0.2418,0.1822,0.0646,LOW,F1_login_count,23.8,F6_inactive_days,13.0,F5_on_time_rate,12.9,5,F1 login count (23.8%) and F6 inactive days (13.0%)
1699,OULAD_TEST_1699,0,0.1149,0.4956,0.3463,0.1159,0.1149,LOW,F1_login_count,18.9,F6_inactive_days,14.3,F4_num_submitted,13.1,11,F1 login count (18.9%) and F6 inactive days (14.3%)
1700,OULAD_TEST_1700,1,0.8245,0.7746,0.7043,0.5872,0.8245,HIGH,F1_login_count,16.1,F6_inactive_days,15.0,F4_num_submitted,14.5,15,F1 login count (16.1%) and F6 inactive days (15.0%)
1701,OULAD_TEST_1701,0,0.0906,0.4671,0.1602,0.2061,0.0906,LOW,F1_login_count,23.5,F5_on_time_rate,14.7,F6_inactive_days,11.6,6,F1 login count (23.5%) and F5 on time rate (14.7%)
1702,OULAD_TEST_1702,0,0.2295,0.2818,0.3116,0.2769,0.2295,LOW,F6_inactive_days,14.8,F4_num_submitted,14.2,F5_on_time_rate,12.5,1,F6 inactive days (14.8%) and F4 num submitted (14.2%)
1703,OULAD_TEST_1703,1,0.9917,0.5421,0.4402,0.5367,0.9917,HIGH,F1_login_count,27.1,F5_on_time_rate,13.2,F6_inactive_days,10.7,17,F1 login count (27.1%) and F5 on time rate (13.2%)
1704,OULAD_TEST_1704,0,0.4254,0.4938,0.5282,0.6873,0.4254,MEDIUM,F1_login_count,20.2,F5_on_time_rate,12.3,F13_weeks_since_active,10.7,15,F1 login count (20.2%) and F5 on time rate (12.3%)
1705,OULAD_TEST_1705,0,0.7468,0.5922,0.7975,0.7938,0.7468,HIGH,F1_login_count,15.4,F6_inactive_days,12.6,F5_on_time_rate,12.0,12,F1 login count (15.4%) and F6 inactive days (12.6%)
1706,OULAD_TEST_1706,1,0.5773,0.475,0.5627,0.598,0.5773,MEDIUM,F1_login_count,14.3,F6_inactive_days,13.7,F4_num_submitted,13.3,13,F1 login count (14.3%) and F6 inactive days (13.7%)
1707,OULAD_TEST_1707,0,0.52,0.2299,0.5117,0.7488,0.52,MEDIUM,F1_login_count,21.5,F5_on_time_rate,13.9,F6_inactive_days,12.6,15,F1 login count (21.5%) and F5 on time rate (13.9%)
1708,OULAD_TEST_1708,0,0.1142,0.3469,0.2144,0.0751,0.1142,LOW,F1_login_count,19.8,F6_inactive_days,13.0,F4_num_submitted,11.6,6,F1 login count (19.8%) and F6 inactive days (13.0%)
1709,OULAD_TEST_1709,0,0.6509,0.5691,0.7501,0.8406,0.6509,MEDIUM,F1_login_count,21.0,F6_inactive_days,13.7,F4_num_submitted,13.5,12,F1 login count (21.0%) and F6 inactive days (13.7%)
1710,OULAD_TEST_1710,1,0.7557,0.4391,0.7441,0.636,0.7557,HIGH,F1_login_count,19.6,F4_num_submitted,13.6,F6_inactive_days,13.3,6,F1 login count (19.6%) and F4 num submitted (13.6%)
1711,OULAD_TEST_1711,0,0.1522,0.5305,0.4483,0.3004,0.1522,LOW,F1_login_count,16.6,F13_weeks_since_active,15.9,F5_on_time_rate,13.3,5,F1 login count (16.6%) and F13 weeks since active (15.9%)
1712,OULAD_TEST_1712,1,0.9951,0.4267,0.7605,0.7921,0.9951,HIGH,F1_login_count,27.2,F5_on_time_rate,15.5,F6_inactive_days,10.4,14,F1 login count (27.2%) and F5 on time rate (15.5%)
1713,OULAD_TEST_1713,0,0.3504,0.4606,0.4085,0.3936,0.3504,LOW,F1_login_count,18.2,F5_on_time_rate,16.2,F13_weeks_since_active,13.4,11,F1 login count (18.2%) and F5 on time rate (16.2%)
1714,OULAD_TEST_1714,0,0.0604,0.3645,0.1245,0.0649,0.0604,LOW,F1_login_count,21.0,F6_inactive_days,14.8,F4_num_submitted,14.0,2,F1 login count (21.0%) and F6 inactive days (14.8%)
1715,OULAD_TEST_1715,0,0.5758,0.419,0.4211,0.3253,0.5758,MEDIUM,F1_login_count,22.8,F6_inactive_days,11.0,F4_num_submitted,10.9,17,F1 login count (22.8%) and F6 inactive days (11.0%)
1716,OULAD_TEST_1716,0,0.1798,0.3019,0.3071,0.1805,0.1798,LOW,F1_login_count,13.7,F6_inactive_days,13.1,F4_num_submitted,12.9,1,F1 login count (13.7%) and F6 inactive days (13.1%)
1717,OULAD_TEST_1717,0,0.2406,0.514,0.2388,0.3509,0.2406,LOW,F1_login_count,26.0,F5_on_time_rate,14.7,F6_inactive_days,11.6,6,F1 login count (26.0%) and F5 on time rate (14.7%)
1718,OULAD_TEST_1718,0,0.0301,0.3221,0.0747,0.0652,0.0301,LOW,F1_login_count,16.2,F6_inactive_days,15.3,F4_num_submitted,13.6,1,F1 login count (16.2%) and F6 inactive days (15.3%)
1719,OULAD_TEST_1719,0,0.0255,0.2393,0.1249,0.056,0.0255,LOW,F1_login_count,17.3,F6_inactive_days,13.7,F4_num_submitted,12.1,1,F1 login count (17.3%) and F6 inactive days (13.7%)
1720,OULAD_TEST_1720,0,0.0495,0.5515,0.2655,0.1279,0.0495,LOW,F1_login_count,20.4,F6_inactive_days,15.8,F4_num_submitted,15.6,8,F1 login count (20.4%) and F6 inactive days (15.8%)
1721,OULAD_TEST_1721,0,0.231,0.5735,0.3449,0.3099,0.231,LOW,F1_login_count,16.8,F6_inactive_days,12.5,F4_num_submitted,11.6,16,F1 login count (16.8%) and F6 inactive days (12.5%)
1722,OULAD_TEST_1722,0,0.0504,0.4215,0.1771,0.1003,0.0504,LOW,F1_login_count,13.8,F6_inactive_days,12.1,F4_num_submitted,11.6,5,F1 login count (13.8%) and F6 inactive days (12.1%)
1723,OULAD_TEST_1723,1,0.7043,0.5265,0.4322,0.3107,0.7043,HIGH,F1_login_count,24.0,F5_on_time_rate,12.5,F4_num_submitted,11.7,5,F1 login count (24.0%) and F5 on time rate (12.5%)
1724,OULAD_TEST_1724,0,0.2684,0.679,0.4651,0.7116,0.2684,LOW,F1_login_count,17.9,F6_inactive_days,12.9,F4_num_submitted,12.1,12,F1 login count (17.9%) and F6 inactive days (12.9%)
1725,OULAD_TEST_1725,0,0.0966,0.1831,0.1094,0.1224,0.0966,LOW,F4_num_submitted,13.6,F1_login_count,13.4,F5_on_time_rate,12.9,1,F4 num submitted (13.6%) and F1 login count (13.4%)
1726,OULAD_TEST_1726,0,0.0399,0.3591,0.2642,0.095,0.0399,LOW,F1_login_count,13.5,F4_num_submitted,13.1,F6_inactive_days,13.0,2,F1 login count (13.5%) and F4 num submitted (13.1%)
1727,OULAD_TEST_1727,0,0.0724,0.2468,0.1582,0.0711,0.0724,LOW,F1_login_count,13.6,F6_inactive_days,12.8,F5_on_time_rate,11.9,1,F1 login count (13.6%) and F6 inactive days (12.8%)
1728,OULAD_TEST_1728,0,0.9852,0.6829,0.817,0.8542,0.9852,HIGH,F1_login_count,18.8,F4_num_submitted,14.3,F6_inactive_days,14.3,9,F1 login count (18.8%) and F4 num submitted (14.3%)
1729,OULAD_TEST_1729,1,0.9961,0.8211,0.8163,0.8409,0.9961,HIGH,F1_login_count,25.2,F5_on_time_rate,12.3,F13_weeks_since_active,11.8,5,F1 login count (25.2%) and F5 on time rate (12.3%)
1730,OULAD_TEST_1730,1,0.3362,0.5036,0.4239,0.3858,0.3362,LOW,F1_login_count,21.0,F5_on_time_rate,16.7,F13_weeks_since_active,14.1,5,F1 login count (21.0%) and F5 on time rate (16.7%)
1731,OULAD_TEST_1731,1,0.0394,0.4248,0.3514,0.2766,0.0394,LOW,F1_login_count,17.1,F6_inactive_days,12.1,F5_on_time_rate,11.8,8,F1 login count (17.1%) and F6 inactive days (12.1%)
1732,OULAD_TEST_1732,0,0.0354,0.4924,0.2359,0.0979,0.0354,LOW,F6_inactive_days,16.4,F1_login_count,14.2,F4_num_submitted,14.0,10,F6 inactive days (16.4%) and F1 login count (14.2%)
1733,OULAD_TEST_1733,1,0.081,0.3256,0.4798,0.3102,0.081,LOW,F1_login_count,20.6,F6_inactive_days,15.1,F4_num_submitted,14.6,13,F1 login count (20.6%) and F6 inactive days (15.1%)
1734,OULAD_TEST_1734,0,0.0517,0.4478,0.1993,0.1566,0.0517,LOW,F1_login_count,19.1,F6_inactive_days,12.3,F13_weeks_since_active,11.0,6,F1 login count (19.1%) and F6 inactive days (12.3%)
1735,OULAD_TEST_1735,0,0.5403,0.7867,0.7751,0.7188,0.5403,MEDIUM,F1_login_count,19.5,F6_inactive_days,13.4,F4_num_submitted,13.2,10,F1 login count (19.5%) and F6 inactive days (13.4%)
1736,OULAD_TEST_1736,1,0.3553,0.7813,0.7794,0.6535,0.3553,LOW,F5_on_time_rate,12.3,F6_inactive_days,11.8,F4_num_submitted,10.4,13,F5 on time rate (12.3%) and F6 inactive days (11.8%)
1737,OULAD_TEST_1737,0,0.3584,0.6853,0.685,0.5388,0.3584,LOW,F6_inactive_days,13.3,F1_login_count,13.3,F4_num_submitted,12.8,15,F6 inactive days (13.3%) and F1 login count (13.3%)
1738,OULAD_TEST_1738,0,0.1478,0.598,0.3889,0.3739,0.1478,LOW,F1_login_count,19.5,F5_on_time_rate,14.7,F6_inactive_days,13.4,8,F1 login count (19.5%) and F5 on time rate (14.7%)
1739,OULAD_TEST_1739,1,0.9958,0.3499,0.6856,0.7466,0.9958,HIGH,F1_login_count,29.8,F5_on_time_rate,14.9,F13_weeks_since_active,8.9,11,F1 login count (29.8%) and F5 on time rate (14.9%)
1740,OULAD_TEST_1740,0,0.6692,0.3707,0.6009,0.4446,0.6692,MEDIUM,F1_login_count,17.1,F4_num_submitted,16.5,F6_inactive_days,16.0,17,F1 login count (17.1%) and F4 num submitted (16.5%)
1741,OULAD_TEST_1741,0,0.0664,0.4655,0.1645,0.1005,0.0664,LOW,F1_login_count,21.2,F6_inactive_days,13.5,F5_on_time_rate,13.1,7,F1 login count (21.2%) and F6 inactive days (13.5%)
1742,OULAD_TEST_1742,0,0.0642,0.3333,0.3218,0.1436,0.0642,LOW,F1_login_count,23.2,F5_on_time_rate,12.7,F4_num_submitted,11.2,8,F1 login count (23.2%) and F5 on time rate (12.7%)
1743,OULAD_TEST_1743,0,0.1501,0.3005,0.2678,0.3582,0.1501,LOW,F1_login_count,15.1,F13_weeks_since_active,10.8,F6_inactive_days,9.7,9,F1 login count (15.1%) and F13 weeks since active (10.8%)
1744,OULAD_TEST_1744,0,0.3954,0.7146,0.6199,0.4295,0.3954,LOW,F1_login_count,17.2,F6_inactive_days,13.3,F4_num_submitted,11.5,5,F1 login count (17.2%) and F6 inactive days (13.3%)
1745,OULAD_TEST_1745,0,0.5109,0.5168,0.7273,0.7772,0.5109,MEDIUM,F6_inactive_days,14.6,F4_num_submitted,14.0,F13_weeks_since_active,12.7,14,F6 inactive days (14.6%) and F4 num submitted (14.0%)
1746,OULAD_TEST_1746,0,0.3166,0.3769,0.4253,0.3299,0.3166,LOW,F1_login_count,21.7,F5_on_time_rate,11.4,F6_inactive_days,11.0,9,F1 login count (21.7%) and F5 on time rate (11.4%)
1747,OULAD_TEST_1747,0,0.0693,0.5328,0.2449,0.1478,0.0693,LOW,F1_login_count,18.3,F13_weeks_since_active,11.4,F4_num_submitted,10.7,4,F1 login count (18.3%) and F13 weeks since active (11.4%)
1748,OULAD_TEST_1748,1,0.8911,0.7735,0.7206,0.7295,0.8911,HIGH,F1_login_count,25.9,F5_on_time_rate,13.2,F4_num_submitted,9.9,5,F1 login count (25.9%) and F5 on time rate (13.2%)
1749,OULAD_TEST_1749,0,0.0382,0.2993,0.1803,0.1166,0.0382,LOW,F1_login_count,22.6,F5_on_time_rate,12.4,F6_inactive_days,12.3,9,F1 login count (22.6%) and F5 on time rate (12.4%)
1750,OULAD_TEST_1750,0,0.1037,0.4713,0.3288,0.2714,0.1037,LOW,F1_login_count,16.9,F4_num_submitted,12.9,F6_inactive_days,12.9,6,F1 login count (16.9%) and F4 num submitted (12.9%)
1751,OULAD_TEST_1751,0,0.2452,0.3297,0.3493,0.6762,0.2452,LOW,F1_login_count,19.6,F5_on_time_rate,15.1,F6_inactive_days,13.1,13,F1 login count (19.6%) and F5 on time rate (15.1%)
1752,OULAD_TEST_1752,0,0.9476,0.6072,0.7468,0.8172,0.9476,HIGH,F1_login_count,23.0,F5_on_time_rate,12.4,F13_weeks_since_active,12.3,17,F1 login count (23.0%) and F5 on time rate (12.4%)
1753,OULAD_TEST_1753,1,0.5261,0.4707,0.7021,0.6557,0.5261,MEDIUM,F1_login_count,19.9,F5_on_time_rate,13.7,F6_inactive_days,11.3,6,F1 login count (19.9%) and F5 on time rate (13.7%)
1754,OULAD_TEST_1754,0,0.1007,0.3358,0.1506,0.0576,0.1007,LOW,F1_login_count,23.1,F6_inactive_days,12.8,F4_num_submitted,12.5,8,F1 login count (23.1%) and F6 inactive days (12.8%)
1755,OULAD_TEST_1755,0,0.1086,0.3924,0.244,0.2383,0.1086,LOW,F1_login_count,23.7,F5_on_time_rate,14.2,F6_inactive_days,12.4,10,F1 login count (23.7%) and F5 on time rate (14.2%)
1756,OULAD_TEST_1756,1,0.9942,0.6406,0.9238,0.9863,0.9942,HIGH,F1_login_count,23.2,F6_inactive_days,11.4,F4_num_submitted,11.3,16,F1 login count (23.2%) and F6 inactive days (11.4%)
1757,OULAD_TEST_1757,1,0.9757,0.5041,0.2841,0.1034,0.9757,HIGH,F1_login_count,26.0,F5_on_time_rate,13.7,F6_inactive_days,9.1,7,F1 login count (26.0%) and F5 on time rate (13.7%)
1758,OULAD_TEST_1758,0,0.3118,0.505,0.4708,0.4021,0.3118,LOW,F1_login_count,21.4,F5_on_time_rate,13.9,F13_weeks_since_active,13.2,6,F1 login count (21.4%) and F5 on time rate (13.9%)
1759,OULAD_TEST_1759,1,0.2403,0.3902,0.283,0.2684,0.2403,LOW,F1_login_count,24.1,F5_on_time_rate,14.3,F6_inactive_days,12.0,5,F1 login count (24.1%) and F5 on time rate (14.3%)
1760,OULAD_TEST_1760,0,0.25,0.5005,0.6249,0.7398,0.25,LOW,F1_login_count,14.1,F13_weeks_since_active,11.7,F6_inactive_days,11.4,12,F1 login count (14.1%) and F13 weeks since active (11.7%)
1761,OULAD_TEST_1761,0,0.5705,0.6419,0.6182,0.629,0.5705,MEDIUM,F1_login_count,24.5,F5_on_time_rate,15.0,F6_inactive_days,10.3,7,F1 login count (24.5%) and F5 on time rate (15.0%)
1762,OULAD_TEST_1762,0,0.1375,0.3766,0.3243,0.4342,0.1375,LOW,F1_login_count,26.3,F5_on_time_rate,13.5,F6_inactive_days,12.5,9,F1 login count (26.3%) and F5 on time rate (13.5%)
1763,OULAD_TEST_1763,1,0.4834,0.451,0.5371,0.492,0.4834,MEDIUM,F1_login_count,20.4,F5_on_time_rate,14.4,F4_num_submitted,11.3,6,F1 login count (20.4%) and F5 on time rate (14.4%)
1764,OULAD_TEST_1764,0,0.0385,0.2905,0.3018,0.1451,0.0385,LOW,F4_num_submitted,14.7,F6_inactive_days,14.4,F1_login_count,13.2,2,F4 num submitted (14.7%) and F6 inactive days (14.4%)
1765,OULAD_TEST_1765,0,0.1382,0.3063,0.3752,0.2561,0.1382,LOW,F1_login_count,20.8,F6_inactive_days,13.1,F5_on_time_rate,12.8,1,F1 login count (20.8%) and F6 inactive days (13.1%)
1766,OULAD_TEST_1766,1,0.8256,0.3716,0.7471,0.9475,0.8256,HIGH,F1_login_count,26.7,F6_inactive_days,13.2,F4_num_submitted,12.9,13,F1 login count (26.7%) and F6 inactive days (13.2%)
1767,OULAD_TEST_1767,0,0.5081,0.7127,0.6159,0.5256,0.5081,MEDIUM,F1_login_count,22.0,F6_inactive_days,12.3,F4_num_submitted,10.4,9,F1 login count (22.0%) and F6 inactive days (12.3%)
1768,OULAD_TEST_1768,0,0.0436,0.3647,0.2166,0.0887,0.0436,LOW,F1_login_count,19.0,F6_inactive_days,14.3,F4_num_submitted,13.4,1,F1 login count (19.0%) and F6 inactive days (14.3%)
1769,OULAD_TEST_1769,1,0.7043,0.7018,0.8539,0.6397,0.7043,HIGH,F1_login_count,16.8,F4_num_submitted,15.2,F6_inactive_days,14.9,17,F1 login count (16.8%) and F4 num submitted (15.2%)
1770,OULAD_TEST_1770,1,0.9992,0.3139,0.6005,0.9599,0.9992,HIGH,F1_login_count,21.3,F5_on_time_rate,14.7,F4_num_submitted,14.4,13,F1 login count (21.3%) and F5 on time rate (14.7%)
1771,OULAD_TEST_1771,1,0.4914,0.3864,0.8062,0.7597,0.4914,MEDIUM,F1_login_count,20.6,F6_inactive_days,12.0,F5_on_time_rate,10.9,11,F1 login count (20.6%) and F6 inactive days (12.0%)
1772,OULAD_TEST_1772,0,0.0941,0.1681,0.13,0.0953,0.0941,LOW,F5_on_time_rate,12.8,F4_num_submitted,11.5,F6_inactive_days,11.2,1,F5 on time rate (12.8%) and F4 num submitted (11.5%)
1773,OULAD_TEST_1773,0,0.1175,0.3502,0.3932,0.3439,0.1175,LOW,F1_login_count,21.0,F6_inactive_days,12.8,F4_num_submitted,12.5,9,F1 login count (21.0%) and F6 inactive days (12.8%)
1774,OULAD_TEST_1774,0,0.1611,0.4852,0.2743,0.2351,0.1611,LOW,F1_login_count,24.8,F5_on_time_rate,14.7,F6_inactive_days,10.8,6,F1 login count (24.8%) and F5 on time rate (14.7%)
1775,OULAD_TEST_1775,1,0.9991,0.6903,0.9161,0.9728,0.9991,HIGH,F1_login_count,24.3,F4_num_submitted,13.1,F5_on_time_rate,13.0,14,F1 login count (24.3%) and F4 num submitted (13.1%)
1776,OULAD_TEST_1776,0,0.0562,0.4903,0.3241,0.1561,0.0562,LOW,F1_login_count,15.0,F6_inactive_days,14.0,F4_num_submitted,14.0,8,F1 login count (15.0%) and F6 inactive days (14.0%)
1777,OULAD_TEST_1777,1,0.1546,0.3406,0.3105,0.2608,0.1546,LOW,F1_login_count,20.3,F6_inactive_days,15.4,F4_num_submitted,14.3,11,F1 login count (20.3%) and F6 inactive days (15.4%)
1778,OULAD_TEST_1778,0,0.3625,0.485,0.4154,0.4398,0.3625,LOW,F1_login_count,16.7,F5_on_time_rate,15.5,F13_weeks_since_active,14.7,11,F1 login count (16.7%) and F5 on time rate (15.5%)
1779,OULAD_TEST_1779,0,0.7909,0.3659,0.3206,0.3799,0.7909,HIGH,F1_login_count,22.4,F5_on_time_rate,12.0,F4_num_submitted,11.9,8,F1 login count (22.4%) and F5 on time rate (12.0%)
1780,OULAD_TEST_1780,0,0.0484,0.454,0.2192,0.1318,0.0484,LOW,F1_login_count,15.3,F6_inactive_days,14.0,F4_num_submitted,13.2,7,F1 login count (15.3%) and F6 inactive days (14.0%)
1781,OULAD_TEST_1781,1,0.6711,0.4373,0.4082,0.4014,0.6711,MEDIUM,F1_login_count,21.2,F5_on_time_rate,13.4,F6_inactive_days,12.8,8,F1 login count (21.2%) and F5 on time rate (13.4%)
1782,OULAD_TEST_1782,0,0.3824,0.4169,0.5797,0.5195,0.3824,LOW,F1_login_count,22.1,F6_inactive_days,12.3,F5_on_time_rate,12.0,14,F1 login count (22.1%) and F6 inactive days (12.3%)
1783,OULAD_TEST_1783,0,0.0693,0.5182,0.2064,0.2071,0.0693,LOW,F1_login_count,13.3,F13_weeks_since_active,12.7,F4_num_submitted,11.4,5,F1 login count (13.3%) and F13 weeks since active (12.7%)
1784,OULAD_TEST_1784,0,0.2248,0.7082,0.7535,0.5179,0.2248,LOW,F1_login_count,15.9,F4_num_submitted,13.4,F6_inactive_days,13.2,8,F1 login count (15.9%) and F4 num submitted (13.4%)
1785,OULAD_TEST_1785,0,0.8147,0.7514,0.9349,0.8978,0.8147,HIGH,F1_login_count,18.9,F6_inactive_days,10.3,F4_num_submitted,9.5,11,F1 login count (18.9%) and F6 inactive days (10.3%)
1786,OULAD_TEST_1786,0,0.1602,0.6304,0.5241,0.6784,0.1602,LOW,F1_login_count,16.9,F6_inactive_days,16.7,F4_num_submitted,15.7,9,F1 login count (16.9%) and F6 inactive days (16.7%)
1787,OULAD_TEST_1787,0,0.0227,0.199,0.1117,0.0754,0.0227,LOW,F1_login_count,15.7,F6_inactive_days,12.7,F4_num_submitted,11.6,1,F1 login count (15.7%) and F6 inactive days (12.7%)
1788,OULAD_TEST_1788,0,0.5369,0.4366,0.5872,0.5511,0.5369,MEDIUM,F1_login_count,16.7,F6_inactive_days,13.6,F4_num_submitted,12.4,13,F1 login count (16.7%) and F6 inactive days (13.6%)
1789,OULAD_TEST_1789,0,0.8453,0.6677,0.8936,0.8788,0.8453,HIGH,F1_login_count,17.1,F4_num_submitted,16.9,F6_inactive_days,16.5,12,F1 login count (17.1%) and F4 num submitted (16.9%)
1790,OULAD_TEST_1790,0,0.3399,0.5789,0.3934,0.3498,0.3399,LOW,F1_login_count,15.8,F4_num_submitted,14.6,F6_inactive_days,14.4,6,F1 login count (15.8%) and F4 num submitted (14.6%)
1791,OULAD_TEST_1791,0,0.2633,0.5327,0.3732,0.5177,0.2633,LOW,F1_login_count,16.4,F6_inactive_days,15.1,F4_num_submitted,14.7,16,F1 login count (16.4%) and F6 inactive days (15.1%)
1792,OULAD_TEST_1792,0,0.3177,0.3094,0.5011,0.3973,0.3177,LOW,F1_login_count,17.6,F6_inactive_days,15.9,F4_num_submitted,15.5,13,F1 login count (17.6%) and F6 inactive days (15.9%)
1793,OULAD_TEST_1793,1,0.9031,0.8294,0.9623,0.9683,0.9031,HIGH,F1_login_count,19.2,F6_inactive_days,12.5,F4_num_submitted,12.0,11,F1 login count (19.2%) and F6 inactive days (12.5%)
1794,OULAD_TEST_1794,0,0.1191,0.3493,0.1642,0.0587,0.1191,LOW,F1_login_count,16.7,F4_num_submitted,12.4,F6_inactive_days,12.4,2,F1 login count (16.7%) and F4 num submitted (12.4%)
1795,OULAD_TEST_1795,1,0.9998,0.7781,0.9456,0.9681,0.9998,HIGH,F1_login_count,22.9,F5_on_time_rate,13.1,F4_num_submitted,12.9,13,F1 login count (22.9%) and F5 on time rate (13.1%)
1796,OULAD_TEST_1796,0,0.0422,0.3056,0.1899,0.0519,0.0422,LOW,F6_inactive_days,15.4,F4_num_submitted,14.9,F1_login_count,14.6,2,F6 inactive days (15.4%) and F4 num submitted (14.9%)
1797,OULAD_TEST_1797,1,0.653,0.4974,0.657,0.7404,0.653,MEDIUM,F1_login_count,20.5,F6_inactive_days,10.2,F4_num_submitted,8.8,16,F1 login count (20.5%) and F6 inactive days (10.2%)
1798,OULAD_TEST_1798,0,0.4213,0.4291,0.2643,0.4577,0.4213,MEDIUM,F1_login_count,17.8,F6_inactive_days,12.8,F4_num_submitted,12.4,16,F1 login count (17.8%) and F6 inactive days (12.8%)
1799,OULAD_TEST_1799,0,0.0541,0.4421,0.1196,0.1078,0.0541,LOW,F1_login_count,18.9,F6_inactive_days,11.8,F4_num_submitted,11.0,4,F1 login count (18.9%) and F6 inactive days (11.8%)
1800,OULAD_TEST_1800,1,0.9945,0.6786,0.7861,0.7978,0.9945,HIGH,F1_login_count,22.3,F4_num_submitted,13.4,F6_inactive_days,13.3,8,F1 login count (22.3%) and F4 num submitted (13.4%)
1801,OULAD_TEST_1801,0,0.2379,0.5178,0.4357,0.369,0.2379,LOW,F1_login_count,17.9,F13_weeks_since_active,16.3,F5_on_time_rate,13.9,5,F1 login count (17.9%) and F13 weeks since active (16.3%)
1802,OULAD_TEST_1802,0,0.0936,0.3823,0.3574,0.2282,0.0936,LOW,F4_num_submitted,14.4,F1_login_count,14.0,F6_inactive_days,14.0,7,F4 num submitted (14.4%) and F1 login count (14.0%)
1803,OULAD_TEST_1803,0,0.1285,0.6621,0.267,0.2323,0.1285,LOW,F1_login_count,15.5,F5_on_time_rate,15.2,F6_inactive_days,11.2,9,F1 login count (15.5%) and F5 on time rate (15.2%)
1804,OULAD_TEST_1804,0,0.3532,0.6917,0.6895,0.6438,0.3532,LOW,F13_weeks_since_active,15.4,F1_login_count,14.1,F5_on_time_rate,13.6,14,F13 weeks since active (15.4%) and F1 login count (14.1%)
1805,OULAD_TEST_1805,0,0.5043,0.5109,0.5804,0.4912,0.5043,MEDIUM,F1_login_count,21.8,F5_on_time_rate,13.7,F6_inactive_days,12.1,7,F1 login count (21.8%) and F5 on time rate (13.7%)
1806,OULAD_TEST_1806,0,0.4892,0.8251,0.647,0.6143,0.4892,MEDIUM,F1_login_count,17.0,F5_on_time_rate,14.2,F13_weeks_since_active,13.1,5,F1 login count (17.0%) and F5 on time rate (14.2%)
1807,OULAD_TEST_1807,0,0.2125,0.7519,0.3486,0.3479,0.2125,LOW,F6_inactive_days,17.0,F4_num_submitted,16.6,F13_weeks_since_active,12.1,5,F6 inactive days (17.0%) and F4 num submitted (16.6%)
1808,OULAD_TEST_1808,1,0.3533,0.337,0.8245,0.8629,0.3533,LOW,F1_login_count,21.3,F5_on_time_rate,12.2,F6_inactive_days,11.1,13,F1 login count (21.3%) and F5 on time rate (12.2%)
1809,OULAD_TEST_1809,1,0.8719,0.7169,0.8248,0.8076,0.8719,HIGH,F1_login_count,17.5,F5_on_time_rate,14.1,F6_inactive_days,13.3,5,F1 login count (17.5%) and F5 on time rate (14.1%)
1810,OULAD_TEST_1810,0,0.12,0.4997,0.5261,0.2444,0.12,LOW,F1_login_count,15.8,F13_weeks_since_active,14.1,F7_score_change,10.2,7,F1 login count (15.8%) and F13 weeks since active (14.1%)
1811,OULAD_TEST_1811,0,0.5229,0.6991,0.6643,0.6782,0.5229,MEDIUM,F1_login_count,17.5,F6_inactive_days,15.1,F4_num_submitted,14.6,11,F1 login count (17.5%) and F6 inactive days (15.1%)
1812,OULAD_TEST_1812,1,0.6271,0.3334,0.2859,0.7707,0.6271,MEDIUM,F1_login_count,17.9,F5_on_time_rate,14.5,F4_num_submitted,12.6,17,F1 login count (17.9%) and F5 on time rate (14.5%)
1813,OULAD_TEST_1813,1,0.782,0.8742,0.9207,0.8795,0.782,HIGH,F1_login_count,16.9,F6_inactive_days,13.6,F4_num_submitted,13.6,13,F1 login count (16.9%) and F6 inactive days (13.6%)
1814,OULAD_TEST_1814,1,0.5656,0.4326,0.6117,0.5959,0.5656,MEDIUM,F1_login_count,19.5,F6_inactive_days,13.0,F4_num_submitted,12.5,12,F1 login count (19.5%) and F6 inactive days (13.0%)
1815,OULAD_TEST_1815,0,0.1009,0.2238,0.1728,0.275,0.1009,LOW,F6_inactive_days,18.2,F4_num_submitted,17.5,F5_on_time_rate,12.3,15,F6 inactive days (18.2%) and F4 num submitted (17.5%)
1816,OULAD_TEST_1816,0,0.186,0.4335,0.2376,0.2825,0.186,LOW,F1_login_count,20.0,F5_on_time_rate,12.9,F13_weeks_since_active,12.3,8,F1 login count (20.0%) and F5 on time rate (12.9%)
1817,OULAD_TEST_1817,1,0.9802,0.485,0.6998,0.6431,0.9802,HIGH,F1_login_count,27.3,F5_on_time_rate,13.4,F13_weeks_since_active,8.8,17,F1 login count (27.3%) and F5 on time rate (13.4%)
1818,OULAD_TEST_1818,1,0.933,0.8424,0.9483,0.956,0.933,HIGH,F1_login_count,24.6,F5_on_time_rate,12.0,F13_weeks_since_active,11.2,17,F1 login count (24.6%) and F5 on time rate (12.0%)
1819,OULAD_TEST_1819,1,0.6167,0.7509,0.7463,0.6483,0.6167,MEDIUM,F1_login_count,25.2,F6_inactive_days,10.9,F5_on_time_rate,10.9,11,F1 login count (25.2%) and F6 inactive days (10.9%)
1820,OULAD_TEST_1820,0,0.3627,0.2572,0.6083,0.3458,0.3627,LOW,F1_login_count,17.0,F5_on_time_rate,15.3,F6_inactive_days,9.4,14,F1 login count (17.0%) and F5 on time rate (15.3%)
1821,OULAD_TEST_1821,0,0.0549,0.3897,0.2575,0.4227,0.0549,LOW,F1_login_count,17.5,F6_inactive_days,16.0,F4_num_submitted,15.5,13,F1 login count (17.5%) and F6 inactive days (16.0%)
1822,OULAD_TEST_1822,0,0.1664,0.479,0.6224,0.5152,0.1664,LOW,F1_login_count,17.5,F13_weeks_since_active,14.4,F5_on_time_rate,12.0,5,F1 login count (17.5%) and F13 weeks since active (14.4%)
1823,OULAD_TEST_1823,1,0.9111,0.576,0.5826,0.798,0.9111,HIGH,F1_login_count,21.5,F13_weeks_since_active,13.3,F5_on_time_rate,10.5,12,F1 login count (21.5%) and F13 weeks since active (13.3%)
1824,OULAD_TEST_1824,0,0.6865,0.4767,0.2189,0.1497,0.6865,MEDIUM,F1_login_count,22.3,F6_inactive_days,15.4,F4_num_submitted,15.4,17,F1 login count (22.3%) and F6 inactive days (15.4%)
1825,OULAD_TEST_1825,0,0.5273,0.3824,0.6447,0.7589,0.5273,MEDIUM,F1_login_count,19.1,F5_on_time_rate,14.7,F4_num_submitted,13.6,16,F1 login count (19.1%) and F5 on time rate (14.7%)
1826,OULAD_TEST_1826,0,0.4839,0.3251,0.5534,0.3986,0.4839,MEDIUM,F1_login_count,20.7,F6_inactive_days,13.1,F4_num_submitted,12.5,12,F1 login count (20.7%) and F6 inactive days (13.1%)
1827,OULAD_TEST_1827,1,0.4308,0.3002,0.5778,0.3279,0.4308,MEDIUM,F1_login_count,17.6,F6_inactive_days,14.2,F4_num_submitted,13.5,17,F1 login count (17.6%) and F6 inactive days (14.2%)
1828,OULAD_TEST_1828,0,0.0309,0.4211,0.2995,0.0791,0.0309,LOW,F1_login_count,19.1,F6_inactive_days,15.1,F4_num_submitted,14.0,1,F1 login count (19.1%) and F6 inactive days (15.1%)
1829,OULAD_TEST_1829,1,0.8565,0.4769,0.5723,0.4887,0.8565,HIGH,F1_login_count,21.7,F6_inactive_days,12.2,F4_num_submitted,11.2,7,F1 login count (21.7%) and F6 inactive days (12.2%)
1830,OULAD_TEST_1830,0,0.1652,0.4114,0.5017,0.4469,0.1652,LOW,F6_inactive_days,17.6,F4_num_submitted,17.2,F5_on_time_rate,11.6,16,F6 inactive days (17.6%) and F4 num submitted (17.2%)
1831,OULAD_TEST_1831,1,0.7766,0.5141,0.4475,0.5903,0.7766,HIGH,F1_login_count,20.3,F5_on_time_rate,14.4,F6_inactive_days,12.4,11,F1 login count (20.3%) and F5 on time rate (14.4%)
1832,OULAD_TEST_1832,0,0.1443,0.4378,0.3344,0.2263,0.1443,LOW,F1_login_count,13.4,F13_weeks_since_active,12.1,F4_num_submitted,10.7,4,F1 login count (13.4%) and F13 weeks since active (12.1%)
1833,OULAD_TEST_1833,1,0.4767,0.3828,0.3915,0.4624,0.4767,MEDIUM,F1_login_count,17.6,F5_on_time_rate,11.8,F4_num_submitted,11.0,16,F1 login count (17.6%) and F5 on time rate (11.8%)
1834,OULAD_TEST_1834,1,0.3088,0.4658,0.4431,0.416,0.3088,LOW,F1_login_count,20.4,F5_on_time_rate,16.0,F13_weeks_since_active,15.2,11,F1 login count (20.4%) and F5 on time rate (16.0%)
1835,OULAD_TEST_1835,0,0.0527,0.2759,0.1743,0.0875,0.0527,LOW,F1_login_count,16.9,F5_on_time_rate,13.7,F6_inactive_days,10.5,2,F1 login count (16.9%) and F5 on time rate (13.7%)
1836,OULAD_TEST_1836,0,0.5056,0.6073,0.45,0.4521,0.5056,MEDIUM,F1_login_count,15.6,F6_inactive_days,12.4,F4_num_submitted,12.2,4,F1 login count (15.6%) and F6 inactive days (12.4%)
1837,OULAD_TEST_1837,1,0.0779,0.2316,0.178,0.1023,0.0779,LOW,F1_login_count,17.3,F6_inactive_days,17.0,F4_num_submitted,16.5,1,F1 login count (17.3%) and F6 inactive days (17.0%)
1838,OULAD_TEST_1838,0,0.115,0.4156,0.2948,0.1905,0.115,LOW,F1_login_count,17.9,F6_inactive_days,13.8,F4_num_submitted,12.8,11,F1 login count (17.9%) and F6 inactive days (13.8%)
1839,OULAD_TEST_1839,0,0.0287,0.3339,0.1943,0.0957,0.0287,LOW,F6_inactive_days,13.3,F4_num_submitted,12.4,F1_login_count,11.9,2,F6 inactive days (13.3%) and F4 num submitted (12.4%)
1840,OULAD_TEST_1840,0,0.0272,0.3159,0.2145,0.1904,0.0272,LOW,F1_login_count,17.1,F13_weeks_since_active,11.2,F6_inactive_days,9.9,1,F1 login count (17.1%) and F13 weeks since active (11.2%)
1841,OULAD_TEST_1841,0,0.3799,0.4723,0.5394,0.5533,0.3799,LOW,F1_login_count,24.2,F5_on_time_rate,14.9,F4_num_submitted,11.4,12,F1 login count (24.2%) and F5 on time rate (14.9%)
1842,OULAD_TEST_1842,0,0.1007,0.3559,0.1502,0.1238,0.1007,LOW,F4_num_submitted,14.2,F6_inactive_days,14.1,F13_weeks_since_active,12.2,14,F4 num submitted (14.2%) and F6 inactive days (14.1%)
1843,OULAD_TEST_1843,0,0.1321,0.55,0.3113,0.3801,0.1321,LOW,F13_weeks_since_active,17.0,F1_login_count,14.2,F5_on_time_rate,10.8,7,F13 weeks since active (17.0%) and F1 login count (14.2%)
1844,OULAD_TEST_1844,1,0.9969,0.7333,0.771,0.9387,0.9969,HIGH,F1_login_count,17.5,F4_num_submitted,17.2,F6_inactive_days,16.5,17,F1 login count (17.5%) and F4 num submitted (17.2%)
1845,OULAD_TEST_1845,0,0.6194,0.6342,0.7268,0.5086,0.6194,MEDIUM,F1_login_count,15.6,F6_inactive_days,14.6,F4_num_submitted,14.3,14,F1 login count (15.6%) and F6 inactive days (14.6%)
1846,OULAD_TEST_1846,0,0.3467,0.2207,0.378,0.4823,0.3467,LOW,F1_login_count,21.6,F5_on_time_rate,16.2,F6_inactive_days,12.7,17,F1 login count (21.6%) and F5 on time rate (16.2%)
1847,OULAD_TEST_1847,0,0.3033,0.5034,0.5115,0.4639,0.3033,LOW,F1_login_count,27.1,F5_on_time_rate,17.3,F2_vle_clicks,10.2,5,F1 login count (27.1%) and F5 on time rate (17.3%)
1848,OULAD_TEST_1848,0,0.5086,0.569,0.4292,0.5696,0.5086,MEDIUM,F1_login_count,22.1,F5_on_time_rate,12.2,F6_inactive_days,10.5,17,F1 login count (22.1%) and F5 on time rate (12.2%)
1849,OULAD_TEST_1849,1,0.6869,0.6656,0.6896,0.6572,0.6869,MEDIUM,F1_login_count,14.3,F5_on_time_rate,13.5,F4_num_submitted,13.4,13,F1 login count (14.3%) and F5 on time rate (13.5%)
1850,OULAD_TEST_1850,0,0.3985,0.5532,0.4322,0.5031,0.3985,LOW,F1_login_count,15.4,F5_on_time_rate,12.0,F13_weeks_since_active,11.2,15,F1 login count (15.4%) and F5 on time rate (12.0%)
1851,OULAD_TEST_1851,1,0.9967,0.8232,0.9607,0.9655,0.9967,HIGH,F1_login_count,21.5,F4_num_submitted,13.6,F5_on_time_rate,12.5,12,F1 login count (21.5%) and F4 num submitted (13.6%)
1852,OULAD_TEST_1852,0,0.4066,0.682,0.6301,0.7537,0.4066,MEDIUM,F1_login_count,25.9,F5_on_time_rate,13.2,F6_inactive_days,12.4,7,F1 login count (25.9%) and F5 on time rate (13.2%)
1853,OULAD_TEST_1853,0,0.2116,0.6161,0.3128,0.2034,0.2116,LOW,F1_login_count,19.7,F13_weeks_since_active,12.4,F5_on_time_rate,9.4,9,F1 login count (19.7%) and F13 weeks since active (12.4%)
1854,OULAD_TEST_1854,0,0.0977,0.4123,0.2824,0.2861,0.0977,LOW,F1_login_count,17.5,F6_inactive_days,12.1,F5_on_time_rate,11.9,7,F1 login count (17.5%) and F6 inactive days (12.1%)
1855,OULAD_TEST_1855,1,0.4219,0.4834,0.463,0.3206,0.4219,MEDIUM,F1_login_count,16.3,F5_on_time_rate,14.7,F6_inactive_days,14.2,9,F1 login count (16.3%) and F5 on time rate (14.7%)
1856,OULAD_TEST_1856,0,0.0978,0.4882,0.2156,0.2472,0.0978,LOW,F1_login_count,19.7,F6_inactive_days,11.8,F4_num_submitted,11.4,7,F1 login count (19.7%) and F6 inactive days (11.8%)
1857,OULAD_TEST_1857,1,0.8733,0.4809,0.5107,0.3207,0.8733,HIGH,F1_login_count,18.3,F4_num_submitted,15.7,F6_inactive_days,15.6,11,F1 login count (18.3%) and F4 num submitted (15.7%)
1858,OULAD_TEST_1858,1,0.4207,0.5855,0.3631,0.3951,0.4207,MEDIUM,F1_login_count,19.0,F5_on_time_rate,15.1,F6_inactive_days,11.3,8,F1 login count (19.0%) and F5 on time rate (15.1%)
1859,OULAD_TEST_1859,0,0.0609,0.3133,0.1819,0.0867,0.0609,LOW,F4_num_submitted,15.8,F6_inactive_days,15.4,F5_on_time_rate,11.3,8,F4 num submitted (15.8%) and F6 inactive days (15.4%)
1860,OULAD_TEST_1860,0,0.2839,0.3347,0.4473,0.3671,0.2839,LOW,F6_inactive_days,14.2,F4_num_submitted,13.7,F1_login_count,12.8,1,F6 inactive days (14.2%) and F4 num submitted (13.7%)
1861,OULAD_TEST_1861,0,0.3172,0.6505,0.5107,0.4339,0.3172,LOW,F1_login_count,20.5,F5_on_time_rate,12.5,F13_weeks_since_active,12.3,8,F1 login count (20.5%) and F5 on time rate (12.5%)
1862,OULAD_TEST_1862,1,0.3286,0.6035,0.5504,0.5923,0.3286,LOW,F1_login_count,22.5,F6_inactive_days,13.1,F5_on_time_rate,12.8,13,F1 login count (22.5%) and F6 inactive days (13.1%)
1863,OULAD_TEST_1863,0,0.169,0.4185,0.1173,0.1512,0.169,LOW,F1_login_count,18.9,F5_on_time_rate,12.6,F13_weeks_since_active,11.1,7,F1 login count (18.9%) and F5 on time rate (12.6%)
1864,OULAD_TEST_1864,0,0.6352,0.4134,0.5,0.4199,0.6352,MEDIUM,F1_login_count,18.8,F6_inactive_days,13.6,F13_weeks_since_active,12.9,5,F1 login count (18.8%) and F6 inactive days (13.6%)
1865,OULAD_TEST_1865,1,0.9727,0.8166,0.9094,0.9304,0.9727,HIGH,F1_login_count,22.1,F5_on_time_rate,11.5,F6_inactive_days,10.8,13,F1 login count (22.1%) and F5 on time rate (11.5%)
1866,OULAD_TEST_1866,0,0.0654,0.5454,0.2023,0.1262,0.0654,LOW,F1_login_count,23.7,F5_on_time_rate,14.3,F6_inactive_days,10.5,5,F1 login count (23.7%) and F5 on time rate (14.3%)
1867,OULAD_TEST_1867,0,0.4762,0.464,0.5358,0.649,0.4762,MEDIUM,F1_login_count,18.0,F5_on_time_rate,14.6,F6_inactive_days,13.2,9,F1 login count (18.0%) and F5 on time rate (14.6%)
1868,OULAD_TEST_1868,0,0.0162,0.2492,0.2389,0.047,0.0162,LOW,F1_login_count,16.5,F13_weeks_since_active,13.5,F4_num_submitted,10.7,1,F1 login count (16.5%) and F13 weeks since active (13.5%)
1869,OULAD_TEST_1869,1,0.9849,0.7507,0.9324,0.6495,0.9849,HIGH,F1_login_count,20.2,F4_num_submitted,15.0,F6_inactive_days,14.8,17,F1 login count (20.2%) and F4 num submitted (15.0%)
1870,OULAD_TEST_1870,0,0.5533,0.708,0.5902,0.4916,0.5533,MEDIUM,F1_login_count,24.7,F5_on_time_rate,14.2,F6_inactive_days,10.2,8,F1 login count (24.7%) and F5 on time rate (14.2%)
1871,OULAD_TEST_1871,0,0.1925,0.3975,0.299,0.2282,0.1925,LOW,F1_login_count,23.4,F5_on_time_rate,13.9,F6_inactive_days,12.0,8,F1 login count (23.4%) and F5 on time rate (13.9%)
1872,OULAD_TEST_1872,1,0.9632,0.5237,0.9296,0.8553,0.9632,HIGH,F1_login_count,18.5,F4_num_submitted,14.6,F6_inactive_days,14.0,6,F1 login count (18.5%) and F4 num submitted (14.6%)
1873,OULAD_TEST_1873,0,0.8417,0.6905,0.7477,0.7374,0.8417,HIGH,F1_login_count,17.6,F4_num_submitted,14.8,F6_inactive_days,14.7,7,F1 login count (17.6%) and F4 num submitted (14.8%)
1874,OULAD_TEST_1874,1,0.0756,0.4248,0.1886,0.1748,0.0756,LOW,F1_login_count,10.7,F5_on_time_rate,10.5,F7_score_change,9.5,2,F1 login count (10.7%) and F5 on time rate (10.5%)
1875,OULAD_TEST_1875,0,0.3957,0.4348,0.2545,0.2455,0.3957,LOW,F1_login_count,15.2,F4_num_submitted,12.7,F6_inactive_days,12.6,7,F1 login count (15.2%) and F4 num submitted (12.7%)
1876,OULAD_TEST_1876,1,0.231,0.3571,0.1651,0.1374,0.231,LOW,F1_login_count,20.8,F6_inactive_days,14.1,F4_num_submitted,13.9,17,F1 login count (20.8%) and F6 inactive days (14.1%)
1877,OULAD_TEST_1877,1,0.816,0.5947,0.6481,0.5347,0.816,HIGH,F1_login_count,21.4,F4_num_submitted,13.9,F6_inactive_days,13.7,17,F1 login count (21.4%) and F4 num submitted (13.9%)
1878,OULAD_TEST_1878,0,0.3051,0.5329,0.2854,0.232,0.3051,LOW,F1_login_count,24.4,F5_on_time_rate,15.5,F4_num_submitted,12.4,8,F1 login count (24.4%) and F5 on time rate (15.5%)
1879,OULAD_TEST_1879,0,0.5487,0.4741,0.2554,0.3249,0.5487,MEDIUM,F1_login_count,25.3,F6_inactive_days,13.1,F4_num_submitted,12.8,17,F1 login count (25.3%) and F6 inactive days (13.1%)
1880,OULAD_TEST_1880,0,0.0318,0.2504,0.1394,0.1722,0.0318,LOW,F1_login_count,17.0,F6_inactive_days,13.6,F4_num_submitted,12.8,1,F1 login count (17.0%) and F6 inactive days (13.6%)
1881,OULAD_TEST_1881,0,0.0242,0.3214,0.1099,0.093,0.0242,LOW,F4_num_submitted,13.5,F13_weeks_since_active,13.0,F6_inactive_days,12.4,1,F4 num submitted (13.5%) and F13 weeks since active (13.0%)
1882,OULAD_TEST_1882,0,0.2749,0.5257,0.3274,0.3181,0.2749,LOW,F1_login_count,26.5,F5_on_time_rate,14.1,F6_inactive_days,11.1,6,F1 login count (26.5%) and F5 on time rate (14.1%)
1883,OULAD_TEST_1883,0,0.0849,0.3149,0.1577,0.0657,0.0849,LOW,F1_login_count,17.6,F4_num_submitted,15.5,F6_inactive_days,15.2,1,F1 login count (17.6%) and F4 num submitted (15.5%)
1884,OULAD_TEST_1884,0,0.3558,0.3645,0.3728,0.4627,0.3558,LOW,F1_login_count,20.5,F5_on_time_rate,15.0,F6_inactive_days,11.3,14,F1 login count (20.5%) and F5 on time rate (15.0%)
1885,OULAD_TEST_1885,1,0.9462,0.7573,0.893,0.9277,0.9462,HIGH,F1_login_count,17.8,F5_on_time_rate,13.7,F4_num_submitted,13.6,12,F1 login count (17.8%) and F5 on time rate (13.7%)
1886,OULAD_TEST_1886,0,0.4845,0.4322,0.2241,0.4666,0.4845,MEDIUM,F1_login_count,26.1,F5_on_time_rate,14.1,F6_inactive_days,10.9,16,F1 login count (26.1%) and F5 on time rate (14.1%)
1887,OULAD_TEST_1887,0,0.0455,0.3833,0.1188,0.2138,0.0455,LOW,F6_inactive_days,14.4,F4_num_submitted,14.1,F5_on_time_rate,10.2,1,F6 inactive days (14.4%) and F4 num submitted (14.1%)
1888,OULAD_TEST_1888,0,0.1258,0.4217,0.4897,0.3271,0.1258,LOW,F1_login_count,20.3,F13_weeks_since_active,13.8,F5_on_time_rate,13.3,7,F1 login count (20.3%) and F13 weeks since active (13.8%)
1889,OULAD_TEST_1889,0,0.5479,0.4764,0.516,0.5856,0.5479,MEDIUM,F1_login_count,20.8,F6_inactive_days,13.4,F4_num_submitted,12.3,6,F1 login count (20.8%) and F6 inactive days (13.4%)
1890,OULAD_TEST_1890,0,0.5045,0.3632,0.1972,0.399,0.5045,MEDIUM,F1_login_count,18.5,F4_num_submitted,16.4,F6_inactive_days,16.0,17,F1 login count (18.5%) and F4 num submitted (16.4%)
1891,OULAD_TEST_1891,0,0.2041,0.4826,0.443,0.3545,0.2041,LOW,F1_login_count,18.9,F13_weeks_since_active,15.2,F5_on_time_rate,15.0,6,F1 login count (18.9%) and F13 weeks since active (15.2%)
1892,OULAD_TEST_1892,1,0.1832,0.5611,0.3113,0.3233,0.1832,LOW,F1_login_count,19.6,F5_on_time_rate,12.8,F6_inactive_days,10.9,4,F1 login count (19.6%) and F5 on time rate (12.8%)
1893,OULAD_TEST_1893,0,0.1413,0.3604,0.137,0.1412,0.1413,LOW,F1_login_count,21.1,F6_inactive_days,15.5,F4_num_submitted,15.2,2,F1 login count (21.1%) and F6 inactive days (15.5%)
1894,OULAD_TEST_1894,0,0.1298,0.3379,0.1851,0.2012,0.1298,LOW,F1_login_count,16.7,F5_on_time_rate,13.7,F6_inactive_days,13.1,1,F1 login count (16.7%) and F5 on time rate (13.7%)
1895,OULAD_TEST_1895,1,0.4069,0.5833,0.5008,0.2463,0.4069,MEDIUM,F1_login_count,20.5,F6_inactive_days,13.9,F4_num_submitted,13.1,11,F1 login count (20.5%) and F6 inactive days (13.9%)
1896,OULAD_TEST_1896,1,0.5823,0.6715,0.4445,0.4778,0.5823,MEDIUM,F1_login_count,20.9,F6_inactive_days,13.4,F4_num_submitted,12.8,9,F1 login count (20.9%) and F6 inactive days (13.4%)
1897,OULAD_TEST_1897,0,0.5436,0.5515,0.465,0.4513,0.5436,MEDIUM,F1_login_count,19.4,F6_inactive_days,12.5,F4_num_submitted,11.2,16,F1 login count (19.4%) and F6 inactive days (12.5%)
1898,OULAD_TEST_1898,0,0.0833,0.4148,0.2066,0.1666,0.0833,LOW,F1_login_count,23.6,F6_inactive_days,14.1,F4_num_submitted,13.6,5,F1 login count (23.6%) and F6 inactive days (14.1%)
1899,OULAD_TEST_1899,0,0.6126,0.6036,0.6578,0.3829,0.6126,MEDIUM,F1_login_count,23.9,F6_inactive_days,12.3,F4_num_submitted,10.7,9,F1 login count (23.9%) and F6 inactive days (12.3%)
1900,OULAD_TEST_1900,1,0.8966,0.4287,0.6566,0.9224,0.8966,HIGH,F1_login_count,21.6,F4_num_submitted,14.4,F6_inactive_days,13.9,13,F1 login count (21.6%) and F4 num submitted (14.4%)
1901,OULAD_TEST_1901,1,0.6857,0.5889,0.6695,0.5639,0.6857,MEDIUM,F1_login_count,17.6,F6_inactive_days,13.9,F4_num_submitted,13.0,13,F1 login count (17.6%) and F6 inactive days (13.9%)
1902,OULAD_TEST_1902,0,0.3463,0.3649,0.3431,0.3662,0.3463,LOW,F1_login_count,20.4,F6_inactive_days,12.7,F5_on_time_rate,12.6,7,F1 login count (20.4%) and F6 inactive days (12.7%)
1903,OULAD_TEST_1903,0,0.0638,0.2573,0.2115,0.2556,0.0638,LOW,F6_inactive_days,16.2,F4_num_submitted,15.9,F5_on_time_rate,11.2,1,F6 inactive days (16.2%) and F4 num submitted (15.9%)
1904,OULAD_TEST_1904,0,0.3721,0.5419,0.3029,0.3346,0.3721,LOW,F1_login_count,24.0,F5_on_time_rate,14.4,F4_num_submitted,13.7,8,F1 login count (24.0%) and F5 on time rate (14.4%)
1905,OULAD_TEST_1905,0,0.3529,0.6554,0.4498,0.3889,0.3529,LOW,F1_login_count,16.3,F13_weeks_since_active,16.1,F5_on_time_rate,12.2,5,F1 login count (16.3%) and F13 weeks since active (16.1%)
1906,OULAD_TEST_1906,1,0.5917,0.7273,0.7613,0.6735,0.5917,MEDIUM,F1_login_count,20.4,F5_on_time_rate,12.3,F13_weeks_since_active,9.5,5,F1 login count (20.4%) and F5 on time rate (12.3%)
1907,OULAD_TEST_1907,0,0.0843,0.4953,0.3707,0.2902,0.0843,LOW,F6_inactive_days,13.0,F4_num_submitted,13.0,F13_weeks_since_active,12.4,7,F6 inactive days (13.0%) and F4 num submitted (13.0%)
1908,OULAD_TEST_1908,0,0.0486,0.3418,0.2334,0.1293,0.0486,LOW,F4_num_submitted,12.5,F13_weeks_since_active,12.0,F6_inactive_days,10.8,1,F4 num submitted (12.5%) and F13 weeks since active (12.0%)
1909,OULAD_TEST_1909,0,0.5207,0.3506,0.6465,0.7912,0.5207,MEDIUM,F1_login_count,25.6,F5_on_time_rate,12.3,F6_inactive_days,11.9,13,F1 login count (25.6%) and F5 on time rate (12.3%)
1910,OULAD_TEST_1910,0,0.1335,0.4392,0.367,0.1711,0.1335,LOW,F1_login_count,18.8,F6_inactive_days,14.0,F4_num_submitted,13.2,6,F1 login count (18.8%) and F6 inactive days (14.0%)
1911,OULAD_TEST_1911,1,0.678,0.3026,0.3401,0.4464,0.678,MEDIUM,F1_login_count,23.7,F5_on_time_rate,13.4,F4_num_submitted,11.1,8,F1 login count (23.7%) and F5 on time rate (13.4%)
1912,OULAD_TEST_1912,0,0.061,0.2014,0.0633,0.0353,0.061,LOW,F1_login_count,14.7,F6_inactive_days,11.6,F4_num_submitted,11.1,1,F1 login count (14.7%) and F6 inactive days (11.6%)
1913,OULAD_TEST_1913,0,0.1741,0.8469,0.84,0.5648,0.1741,LOW,F6_inactive_days,16.2,F4_num_submitted,15.8,F1_login_count,13.0,8,F6 inactive days (16.2%) and F4 num submitted (15.8%)
1914,OULAD_TEST_1914,1,0.9982,0.339,0.3724,0.2631,0.9982,HIGH,F1_login_count,20.4,F6_inactive_days,15.0,F4_num_submitted,14.5,17,F1 login count (20.4%) and F6 inactive days (15.0%)
1915,OULAD_TEST_1915,1,0.9916,0.4648,0.2684,0.3298,0.9916,HIGH,F1_login_count,27.5,F5_on_time_rate,13.0,F6_inactive_days,10.5,17,F1 login count (27.5%) and F5 on time rate (13.0%)
1916,OULAD_TEST_1916,0,0.2973,0.3873,0.6804,0.7109,0.2973,LOW,F1_login_count,17.0,F6_inactive_days,14.9,F4_num_submitted,14.1,16,F1 login count (17.0%) and F6 inactive days (14.9%)
1917,OULAD_TEST_1917,0,0.5654,0.2111,0.0922,0.1455,0.5654,MEDIUM,F1_login_count,18.0,F6_inactive_days,13.3,F4_num_submitted,13.1,17,F1 login count (18.0%) and F6 inactive days (13.3%)
1918,OULAD_TEST_1918,0,0.3249,0.5273,0.4293,0.5084,0.3249,LOW,F1_login_count,16.0,F5_on_time_rate,15.6,F13_weeks_since_active,14.2,11,F1 login count (16.0%) and F5 on time rate (15.6%)
1919,OULAD_TEST_1919,1,0.9238,0.389,0.1372,0.0888,0.9238,HIGH,F1_login_count,21.8,F5_on_time_rate,13.7,F6_inactive_days,13.6,17,F1 login count (21.8%) and F5 on time rate (13.7%)
1920,OULAD_TEST_1920,1,0.6002,0.4061,0.5749,0.6209,0.6002,MEDIUM,F1_login_count,19.0,F5_on_time_rate,12.8,F4_num_submitted,12.2,17,F1 login count (19.0%) and F5 on time rate (12.8%)
1921,OULAD_TEST_1921,0,0.2711,0.5904,0.4556,0.3539,0.2711,LOW,F1_login_count,20.0,F13_weeks_since_active,13.2,F5_on_time_rate,11.1,8,F1 login count (20.0%) and F13 weeks since active (13.2%)
1922,OULAD_TEST_1922,1,0.9979,0.4795,0.3936,0.7645,0.9979,HIGH,F1_login_count,28.7,F5_on_time_rate,14.3,F6_inactive_days,11.5,14,F1 login count (28.7%) and F5 on time rate (14.3%)
1923,OULAD_TEST_1923,1,0.9987,0.6385,0.8274,0.8659,0.9987,HIGH,F1_login_count,25.3,F5_on_time_rate,13.3,F13_weeks_since_active,11.1,17,F1 login count (25.3%) and F5 on time rate (13.3%)
1924,OULAD_TEST_1924,0,0.5894,0.4872,0.3247,0.4104,0.5894,MEDIUM,F1_login_count,19.4,F5_on_time_rate,15.3,F6_inactive_days,9.8,17,F1 login count (19.4%) and F5 on time rate (15.3%)
1925,OULAD_TEST_1925,0,0.1874,0.4001,0.2427,0.1836,0.1874,LOW,F1_login_count,14.3,F4_num_submitted,13.8,F6_inactive_days,13.7,1,F1 login count (14.3%) and F4 num submitted (13.8%)
1926,OULAD_TEST_1926,1,0.9996,0.7194,0.9266,0.9683,0.9996,HIGH,F1_login_count,27.5,F5_on_time_rate,14.3,F13_weeks_since_active,10.0,7,F1 login count (27.5%) and F5 on time rate (14.3%)
1927,OULAD_TEST_1927,0,0.3292,0.6149,0.4318,0.4366,0.3292,LOW,F1_login_count,24.0,F5_on_time_rate,16.5,F6_inactive_days,11.6,8,F1 login count (24.0%) and F5 on time rate (16.5%)
1928,OULAD_TEST_1928,0,0.231,0.2606,0.3355,0.2063,0.231,LOW,F6_inactive_days,17.3,F4_num_submitted,16.9,F1_login_count,13.4,1,F6 inactive days (17.3%) and F4 num submitted (16.9%)
1929,OULAD_TEST_1929,0,0.303,0.5634,0.4193,0.4367,0.303,LOW,F1_login_count,21.7,F5_on_time_rate,15.4,F6_inactive_days,13.5,8,F1 login count (21.7%) and F5 on time rate (15.4%)
1930,OULAD_TEST_1930,0,0.2323,0.6817,0.2889,0.2644,0.2323,LOW,F1_login_count,18.5,F5_on_time_rate,16.4,F6_inactive_days,11.5,9,F1 login count (18.5%) and F5 on time rate (16.4%)
1931,OULAD_TEST_1931,0,0.2019,0.3761,0.4216,0.324,0.2019,LOW,F6_inactive_days,14.9,F4_num_submitted,14.5,F1_login_count,11.4,13,F6 inactive days (14.9%) and F4 num submitted (14.5%)
1932,OULAD_TEST_1932,1,0.6386,0.5894,0.6503,0.6315,0.6386,MEDIUM,F1_login_count,23.6,F5_on_time_rate,12.7,F6_inactive_days,11.9,8,F1 login count (23.6%) and F5 on time rate (12.7%)
1933,OULAD_TEST_1933,1,0.5139,0.4114,0.4669,0.4604,0.5139,MEDIUM,F1_login_count,18.8,F6_inactive_days,14.6,F4_num_submitted,14.5,17,F1 login count (18.8%) and F6 inactive days (14.6%)
1934,OULAD_TEST_1934,0,0.7561,0.777,0.711,0.8442,0.7561,HIGH,F1_login_count,18.8,F6_inactive_days,13.3,F4_num_submitted,13.2,13,F1 login count (18.8%) and F6 inactive days (13.3%)
1935,OULAD_TEST_1935,0,0.2061,0.7225,0.7296,0.5682,0.2061,LOW,F1_login_count,17.0,F5_on_time_rate,15.7,F13_weeks_since_active,9.8,9,F1 login count (17.0%) and F5 on time rate (15.7%)
1936,OULAD_TEST_1936,0,0.6624,0.4322,0.6929,0.6008,0.6624,MEDIUM,F1_login_count,19.8,F4_num_submitted,12.9,F6_inactive_days,12.3,16,F1 login count (19.8%) and F4 num submitted (12.9%)
1937,OULAD_TEST_1937,0,0.1033,0.2749,0.3394,0.2226,0.1033,LOW,F13_weeks_since_active,17.5,F4_num_submitted,13.5,F6_inactive_days,12.9,14,F13 weeks since active (17.5%) and F4 num submitted (13.5%)
1938,OULAD_TEST_1938,0,0.0419,0.3823,0.1711,0.0928,0.0419,LOW,F1_login_count,20.7,F5_on_time_rate,12.7,F6_inactive_days,12.1,2,F1 login count (20.7%) and F5 on time rate (12.7%)
1939,OULAD_TEST_1939,1,0.9943,0.4998,0.3907,0.4312,0.9943,HIGH,F1_login_count,27.3,F5_on_time_rate,14.5,F6_inactive_days,10.3,17,F1 login count (27.3%) and F5 on time rate (14.5%)
1940,OULAD_TEST_1940,0,0.196,0.5228,0.3844,0.3874,0.196,LOW,F1_login_count,25.7,F5_on_time_rate,16.8,F6_inactive_days,9.3,9,F1 login count (25.7%) and F5 on time rate (16.8%)
1941,OULAD_TEST_1941,0,0.1702,0.3374,0.3506,0.3108,0.1702,LOW,F1_login_count,23.1,F5_on_time_rate,13.6,F2_vle_clicks,8.9,17,F1 login count (23.1%) and F5 on time rate (13.6%)
1942,OULAD_TEST_1942,0,0.6054,0.4142,0.5514,0.6693,0.6054,MEDIUM,F1_login_count,18.9,F6_inactive_days,13.5,F4_num_submitted,12.1,15,F1 login count (18.9%) and F6 inactive days (13.5%)
1943,OULAD_TEST_1943,0,0.031,0.1966,0.2632,0.1485,0.031,LOW,F4_num_submitted,13.0,F13_weeks_since_active,12.8,F6_inactive_days,11.5,8,F4 num submitted (13.0%) and F13 weeks since active (12.8%)
1944,OULAD_TEST_1944,0,0.3075,0.321,0.1275,0.2103,0.3075,LOW,F1_login_count,24.2,F5_on_time_rate,13.8,F6_inactive_days,13.8,15,F1 login count (24.2%) and F5 on time rate (13.8%)
1945,OULAD_TEST_1945,0,0.2185,0.3539,0.3837,0.297,0.2185,LOW,F1_login_count,21.5,F4_num_submitted,14.3,F6_inactive_days,14.1,13,F1 login count (21.5%) and F4 num submitted (14.3%)
1946,OULAD_TEST_1946,1,0.4716,0.6066,0.6773,0.4995,0.4716,MEDIUM,F1_login_count,18.6,F6_inactive_days,14.4,F4_num_submitted,13.0,11,F1 login count (18.6%) and F6 inactive days (14.4%)
1947,OULAD_TEST_1947,0,0.0409,0.2993,0.1599,0.0966,0.0409,LOW,F6_inactive_days,15.6,F4_num_submitted,15.3,F5_on_time_rate,11.5,1,F6 inactive days (15.6%) and F4 num submitted (15.3%)
1948,OULAD_TEST_1948,0,0.2343,0.5186,0.4342,0.2905,0.2343,LOW,F1_login_count,21.2,F5_on_time_rate,15.1,F13_weeks_since_active,13.4,5,F1 login count (21.2%) and F5 on time rate (15.1%)
1949,OULAD_TEST_1949,0,0.0926,0.3038,0.1558,0.312,0.0926,LOW,F1_login_count,24.2,F6_inactive_days,13.4,F4_num_submitted,12.8,14,F1 login count (24.2%) and F6 inactive days (13.4%)
1950,OULAD_TEST_1950,0,0.0669,0.5691,0.2058,0.1714,0.0669,LOW,F1_login_count,16.9,F6_inactive_days,16.1,F4_num_submitted,14.8,1,F1 login count (16.9%) and F6 inactive days (16.1%)
1951,OULAD_TEST_1951,1,0.8026,0.3968,0.5172,0.6829,0.8026,HIGH,F1_login_count,22.5,F6_inactive_days,11.0,F5_on_time_rate,10.6,17,F1 login count (22.5%) and F6 inactive days (11.0%)
1952,OULAD_TEST_1952,0,0.5368,0.7671,0.611,0.4024,0.5368,MEDIUM,F1_login_count,17.2,F6_inactive_days,13.9,F4_num_submitted,13.0,7,F1 login count (17.2%) and F6 inactive days (13.9%)
1953,OULAD_TEST_1953,0,0.3243,0.4972,0.4381,0.3885,0.3243,LOW,F1_login_count,18.5,F13_weeks_since_active,16.1,F5_on_time_rate,14.9,11,F1 login count (18.5%) and F13 weeks since active (16.1%)
1954,OULAD_TEST_1954,0,0.4836,0.3866,0.4559,0.3737,0.4836,MEDIUM,F1_login_count,22.9,F6_inactive_days,13.3,F4_num_submitted,12.9,12,F1 login count (22.9%) and F6 inactive days (13.3%)
1955,OULAD_TEST_1955,1,0.9973,0.429,0.1592,0.4961,0.9973,HIGH,F1_login_count,30.1,F5_on_time_rate,15.2,F6_inactive_days,8.7,17,F1 login count (30.1%) and F5 on time rate (15.2%)
1956,OULAD_TEST_1956,1,0.7111,0.6329,0.7473,0.8072,0.7111,HIGH,F1_login_count,19.4,F6_inactive_days,12.9,F4_num_submitted,12.4,15,F1 login count (19.4%) and F6 inactive days (12.9%)
1957,OULAD_TEST_1957,0,0.4446,0.521,0.5855,0.538,0.4446,MEDIUM,F1_login_count,23.9,F5_on_time_rate,13.9,F6_inactive_days,10.4,9,F1 login count (23.9%) and F5 on time rate (13.9%)
1958,OULAD_TEST_1958,0,0.1378,0.2707,0.195,0.235,0.1378,LOW,F1_login_count,16.0,F13_weeks_since_active,12.0,F6_inactive_days,10.0,1,F1 login count (16.0%) and F13 weeks since active (12.0%)
1959,OULAD_TEST_1959,0,0.476,0.5422,0.4517,0.3981,0.476,MEDIUM,F1_login_count,24.9,F5_on_time_rate,16.7,F6_inactive_days,11.4,8,F1 login count (24.9%) and F5 on time rate (16.7%)
1960,OULAD_TEST_1960,1,0.9982,0.9129,0.9192,0.9388,0.9982,HIGH,F1_login_count,22.8,F4_num_submitted,12.8,F6_inactive_days,12.0,5,F1 login count (22.8%) and F4 num submitted (12.8%)
1961,OULAD_TEST_1961,0,0.2756,0.2393,0.3869,0.4328,0.2756,LOW,F6_inactive_days,17.3,F4_num_submitted,16.8,F5_on_time_rate,12.7,17,F6 inactive days (17.3%) and F4 num submitted (16.8%)
1962,OULAD_TEST_1962,1,0.2879,0.6168,0.3071,0.1752,0.2879,LOW,F1_login_count,18.6,F13_weeks_since_active,13.3,F5_on_time_rate,10.7,5,F1 login count (18.6%) and F13 weeks since active (13.3%)
1963,OULAD_TEST_1963,0,0.0936,0.4503,0.2118,0.2286,0.0936,LOW,F4_num_submitted,13.9,F6_inactive_days,13.6,F13_weeks_since_active,12.2,7,F4 num submitted (13.9%) and F6 inactive days (13.6%)
1964,OULAD_TEST_1964,0,0.3752,0.5263,0.3143,0.1256,0.3752,LOW,F1_login_count,22.5,F13_weeks_since_active,11.5,F5_on_time_rate,10.7,6,F1 login count (22.5%) and F13 weeks since active (11.5%)
1965,OULAD_TEST_1965,0,0.0748,0.4302,0.3087,0.1782,0.0748,LOW,F1_login_count,21.4,F6_inactive_days,13.9,F4_num_submitted,13.9,6,F1 login count (21.4%) and F6 inactive days (13.9%)
1966,OULAD_TEST_1966,0,0.5869,0.7343,0.7376,0.8106,0.5869,MEDIUM,F1_login_count,22.0,F5_on_time_rate,13.7,F6_inactive_days,11.7,7,F1 login count (22.0%) and F5 on time rate (13.7%)
1967,OULAD_TEST_1967,0,0.7947,0.2993,0.5072,0.6705,0.7947,HIGH,F1_login_count,17.0,F4_num_submitted,15.2,F6_inactive_days,14.3,12,F1 login count (17.0%) and F4 num submitted (15.2%)
1968,OULAD_TEST_1968,0,0.3988,0.3855,0.3439,0.5182,0.3988,LOW,F1_login_count,24.1,F6_inactive_days,14.2,F4_num_submitted,13.6,15,F1 login count (24.1%) and F6 inactive days (14.2%)
1969,OULAD_TEST_1969,0,0.0338,0.3604,0.2437,0.1803,0.0338,LOW,F1_login_count,12.5,F5_on_time_rate,11.1,F4_num_submitted,10.1,2,F1 login count (12.5%) and F5 on time rate (11.1%)
1970,OULAD_TEST_1970,0,0.1331,0.4606,0.3861,0.2291,0.1331,LOW,F4_num_submitted,15.6,F6_inactive_days,15.0,F13_weeks_since_active,12.2,5,F4 num submitted (15.6%) and F6 inactive days (15.0%)
1971,OULAD_TEST_1971,0,0.2747,0.4583,0.414,0.3933,0.2747,LOW,F1_login_count,21.4,F5_on_time_rate,12.7,F4_num_submitted,12.0,17,F1 login count (21.4%) and F5 on time rate (12.7%)
1972,OULAD_TEST_1972,0,0.8644,0.7154,0.8799,0.8758,0.8644,HIGH,F1_login_count,20.8,F5_on_time_rate,11.3,F6_inactive_days,10.6,14,F1 login count (20.8%) and F5 on time rate (11.3%)
1973,OULAD_TEST_1973,1,0.6926,0.4242,0.9255,0.7647,0.6926,MEDIUM,F4_num_submitted,16.6,F6_inactive_days,16.2,F1_login_count,14.2,14,F4 num submitted (16.6%) and F6 inactive days (16.2%)
1974,OULAD_TEST_1974,0,0.029,0.3614,0.1837,0.0804,0.029,LOW,F6_inactive_days,15.4,F4_num_submitted,14.2,F1_login_count,11.5,1,F6 inactive days (15.4%) and F4 num submitted (14.2%)
1975,OULAD_TEST_1975,0,0.2032,0.4886,0.3092,0.2316,0.2032,LOW,F1_login_count,19.6,F5_on_time_rate,15.0,F6_inactive_days,14.4,8,F1 login count (19.6%) and F5 on time rate (15.0%)
1976,OULAD_TEST_1976,1,0.9928,0.5307,0.8064,0.6986,0.9928,HIGH,F1_login_count,26.2,F5_on_time_rate,13.9,F13_weeks_since_active,9.5,17,F1 login count (26.2%) and F5 on time rate (13.9%)
1977,OULAD_TEST_1977,0,0.6587,0.48,0.7073,0.4834,0.6587,MEDIUM,F1_login_count,25.1,F5_on_time_rate,15.0,F6_inactive_days,10.4,6,F1 login count (25.1%) and F5 on time rate (15.0%)
1978,OULAD_TEST_1978,0,0.1679,0.465,0.4102,0.292,0.1679,LOW,F13_weeks_since_active,15.8,F1_login_count,15.4,F5_on_time_rate,12.3,6,F13 weeks since active (15.8%) and F1 login count (15.4%)
1979,OULAD_TEST_1979,0,0.3081,0.5249,0.4223,0.5577,0.3081,LOW,F5_on_time_rate,15.4,F13_weeks_since_active,14.3,F1_login_count,14.3,11,F5 on time rate (15.4%) and F13 weeks since active (14.3%)
1980,OULAD_TEST_1980,0,0.0264,0.4057,0.1341,0.1369,0.0264,LOW,F1_login_count,16.9,F6_inactive_days,16.8,F4_num_submitted,15.1,9,F1 login count (16.9%) and F6 inactive days (16.8%)
1981,OULAD_TEST_1981,1,0.9977,0.6358,0.8519,0.8714,0.9977,HIGH,F1_login_count,27.9,F5_on_time_rate,15.7,F13_weeks_since_active,11.8,9,F1 login count (27.9%) and F5 on time rate (15.7%)
1982,OULAD_TEST_1982,1,0.9951,0.6373,0.7455,0.7708,0.9951,HIGH,F1_login_count,26.4,F5_on_time_rate,14.2,F6_inactive_days,11.2,6,F1 login count (26.4%) and F5 on time rate (14.2%)
1983,OULAD_TEST_1983,1,0.9918,0.2907,0.3222,0.2098,0.9918,HIGH,F1_login_count,16.9,F4_num_submitted,16.7,F6_inactive_days,16.6,17,F1 login count (16.9%) and F4 num submitted (16.7%)
1984,OULAD_TEST_1984,1,0.9929,0.4954,0.4477,0.4567,0.9929,HIGH,F1_login_count,24.2,F6_inactive_days,13.5,F4_num_submitted,13.2,17,F1 login count (24.2%) and F6 inactive days (13.5%)
1985,OULAD_TEST_1985,0,0.3725,0.4342,0.4209,0.2997,0.3725,LOW,F1_login_count,18.8,F6_inactive_days,15.4,F4_num_submitted,14.1,11,F1 login count (18.8%) and F6 inactive days (15.4%)
1986,OULAD_TEST_1986,0,0.0249,0.2368,0.1188,0.0574,0.0249,LOW,F6_inactive_days,15.7,F4_num_submitted,15.0,F5_on_time_rate,10.3,1,F6 inactive days (15.7%) and F4 num submitted (15.0%)
1987,OULAD_TEST_1987,0,0.163,0.4039,0.1552,0.0828,0.163,LOW,F1_login_count,17.6,F6_inactive_days,12.3,F4_num_submitted,11.3,1,F1 login count (17.6%) and F6 inactive days (12.3%)
1988,OULAD_TEST_1988,0,0.3032,0.5513,0.5264,0.5529,0.3032,LOW,F1_login_count,21.8,F5_on_time_rate,16.1,F6_inactive_days,12.1,8,F1 login count (21.8%) and F5 on time rate (16.1%)
1989,OULAD_TEST_1989,0,0.0142,0.3494,0.0806,0.0492,0.0142,LOW,F6_inactive_days,18.8,F4_num_submitted,17.2,F1_login_count,12.4,1,F6 inactive days (18.8%) and F4 num submitted (17.2%)
1990,OULAD_TEST_1990,0,0.0609,0.3627,0.1938,0.145,0.0609,LOW,F1_login_count,20.2,F5_on_time_rate,12.2,F6_inactive_days,11.2,8,F1 login count (20.2%) and F5 on time rate (12.2%)
1991,OULAD_TEST_1991,0,0.6966,0.6189,0.6187,0.7596,0.6966,MEDIUM,F1_login_count,18.8,F4_num_submitted,14.7,F6_inactive_days,14.2,13,F1 login count (18.8%) and F4 num submitted (14.7%)
1992,OULAD_TEST_1992,1,0.9992,0.3886,0.811,0.9238,0.9992,HIGH,F1_login_count,23.9,F5_on_time_rate,13.6,F4_num_submitted,13.1,15,F1 login count (23.9%) and F5 on time rate (13.6%)
1993,OULAD_TEST_1993,0,0.0602,0.4562,0.2052,0.158,0.0602,LOW,F1_login_count,22.9,F5_on_time_rate,14.9,F6_inactive_days,10.5,6,F1 login count (22.9%) and F5 on time rate (14.9%)
1994,OULAD_TEST_1994,0,0.2105,0.6074,0.4775,0.5284,0.2105,LOW,F1_login_count,27.8,F5_on_time_rate,15.4,F6_inactive_days,10.7,7,F1 login count (27.8%) and F5 on time rate (15.4%)
1995,OULAD_TEST_1995,0,0.5065,0.2686,0.5418,0.6698,0.5065,MEDIUM,F1_login_count,26.0,F5_on_time_rate,15.7,F6_inactive_days,10.0,11,F1 login count (26.0%) and F5 on time rate (15.7%)
1996,OULAD_TEST_1996,0,0.0941,0.5516,0.2984,0.2687,0.0941,LOW,F1_login_count,19.4,F13_weeks_since_active,10.4,F6_inactive_days,9.3,9,F1 login count (19.4%) and F13 weeks since active (10.4%)
1997,OULAD_TEST_1997,0,0.153,0.6306,0.4555,0.538,0.153,LOW,F1_login_count,21.7,F5_on_time_rate,14.6,F6_inactive_days,13.4,8,F1 login count (21.7%) and F5 on time rate (14.6%)
1998,OULAD_TEST_1998,0,0.0487,0.2052,0.145,0.1124,0.0487,LOW,F1_login_count,16.5,F6_inactive_days,15.4,F4_num_submitted,14.2,1,F1 login count (16.5%) and F6 inactive days (15.4%)
1999,OULAD_TEST_1999,1,0.2008,0.4755,0.4967,0.4115,0.2008,LOW,F13_weeks_since_active,16.6,F1_login_count,15.5,F5_on_time_rate,12.3,7,F13 weeks since active (16.6%) and F1 login count (15.5%)
2000,OULAD_TEST_2000,1,0.7547,0.7827,0.8846,0.9377,0.7547,HIGH,F1_login_count,17.0,F4_num_submitted,13.2,F6_inactive_days,11.8,11,F1 login count (17.0%) and F4 num submitted (13.2%)
2001,OULAD_TEST_2001,1,0.3156,0.3661,0.3419,0.4628,0.3156,LOW,F1_login_count,22.1,F5_on_time_rate,13.4,F6_inactive_days,12.9,13,F1 login count (22.1%) and F5 on time rate (13.4%)
2002,OULAD_TEST_2002,1,0.9593,0.6628,0.8966,0.9391,0.9593,HIGH,F1_login_count,19.3,F4_num_submitted,14.3,F6_inactive_days,13.1,17,F1 login count (19.3%) and F4 num submitted (14.3%)
2003,OULAD_TEST_2003,1,0.177,0.356,0.3678,0.2892,0.177,LOW,F13_weeks_since_active,18.0,F1_login_count,13.4,F5_on_time_rate,9.6,8,F13 weeks since active (18.0%) and F1 login count (13.4%)
2004,OULAD_TEST_2004,0,0.2907,0.4431,0.46,0.4583,0.2907,LOW,F1_login_count,17.3,F4_num_submitted,13.8,F6_inactive_days,13.7,17,F1 login count (17.3%) and F4 num submitted (13.8%)
2005,OULAD_TEST_2005,1,0.9997,0.506,0.8556,0.9621,0.9997,HIGH,F1_login_count,22.5,F4_num_submitted,12.3,F5_on_time_rate,11.7,8,F1 login count (22.5%) and F4 num submitted (12.3%)
2006,OULAD_TEST_2006,0,0.0419,0.3692,0.1402,0.0682,0.0419,LOW,F1_login_count,13.6,F4_num_submitted,12.8,F6_inactive_days,12.6,1,F1 login count (13.6%) and F4 num submitted (12.8%)
2007,OULAD_TEST_2007,1,0.9172,0.8494,0.9386,0.9595,0.9172,HIGH,F1_login_count,18.2,F6_inactive_days,15.1,F4_num_submitted,15.0,15,F1 login count (18.2%) and F6 inactive days (15.1%)
2008,OULAD_TEST_2008,0,0.0475,0.2284,0.1009,0.2258,0.0475,LOW,F1_login_count,17.9,F6_inactive_days,16.0,F4_num_submitted,15.3,13,F1 login count (17.9%) and F6 inactive days (16.0%)
2009,OULAD_TEST_2009,0,0.0587,0.3057,0.4494,0.3269,0.0587,LOW,F6_inactive_days,16.6,F4_num_submitted,16.1,F1_login_count,12.2,13,F6 inactive days (16.6%) and F4 num submitted (16.1%)
2010,OULAD_TEST_2010,0,0.0587,0.2047,0.1945,0.1607,0.0587,LOW,F4_num_submitted,13.2,F6_inactive_days,12.9,F5_on_time_rate,12.6,2,F4 num submitted (13.2%) and F6 inactive days (12.9%)
2011,OULAD_TEST_2011,0,0.0833,0.2707,0.1324,0.3169,0.0833,LOW,F1_login_count,17.7,F6_inactive_days,14.6,F4_num_submitted,14.3,2,F1 login count (17.7%) and F6 inactive days (14.6%)
2012,OULAD_TEST_2012,0,0.1842,0.4466,0.1545,0.4683,0.1842,LOW,F1_login_count,21.2,F6_inactive_days,14.5,F4_num_submitted,13.9,16,F1 login count (21.2%) and F6 inactive days (14.5%)
2013,OULAD_TEST_2013,0,0.098,0.417,0.2002,0.1283,0.098,LOW,F1_login_count,21.3,F4_num_submitted,13.0,F5_on_time_rate,12.6,2,F1 login count (21.3%) and F4 num submitted (13.0%)
2014,OULAD_TEST_2014,0,0.294,0.5422,0.3843,0.4989,0.294,LOW,F1_login_count,18.6,F5_on_time_rate,14.4,F6_inactive_days,13.3,9,F1 login count (18.6%) and F5 on time rate (14.4%)
2015,OULAD_TEST_2015,0,0.3832,0.2233,0.2674,0.4337,0.3832,LOW,F1_login_count,18.8,F4_num_submitted,13.5,F6_inactive_days,13.4,8,F1 login count (18.8%) and F4 num submitted (13.5%)
2016,OULAD_TEST_2016,0,0.0806,0.5267,0.2432,0.1651,0.0806,LOW,F1_login_count,17.9,F6_inactive_days,15.2,F4_num_submitted,14.4,9,F1 login count (17.9%) and F6 inactive days (15.2%)
2017,OULAD_TEST_2017,0,0.864,0.4502,0.7278,0.8952,0.864,HIGH,F1_login_count,19.8,F6_inactive_days,11.5,F4_num_submitted,11.2,17,F1 login count (19.8%) and F6 inactive days (11.5%)
2018,OULAD_TEST_2018,0,0.017,0.2561,0.1018,0.0917,0.017,LOW,F6_inactive_days,17.8,F4_num_submitted,16.6,F1_login_count,13.3,1,F6 inactive days (17.8%) and F4 num submitted (16.6%)
2019,OULAD_TEST_2019,0,0.256,0.7302,0.606,0.6653,0.256,LOW,F4_num_submitted,15.4,F6_inactive_days,15.3,F13_weeks_since_active,13.4,15,F4 num submitted (15.4%) and F6 inactive days (15.3%)
2020,OULAD_TEST_2020,0,0.4452,0.5183,0.428,0.4884,0.4452,MEDIUM,F1_login_count,17.7,F5_on_time_rate,16.0,F13_weeks_since_active,13.5,11,F1 login count (17.7%) and F5 on time rate (16.0%)
2021,OULAD_TEST_2021,0,0.2494,0.3977,0.408,0.3467,0.2494,LOW,F1_login_count,20.4,F5_on_time_rate,14.9,F6_inactive_days,9.4,5,F1 login count (20.4%) and F5 on time rate (14.9%)
2022,OULAD_TEST_2022,1,0.8149,0.7817,0.7706,0.8148,0.8149,HIGH,F1_login_count,22.3,F5_on_time_rate,12.8,F6_inactive_days,8.4,11,F1 login count (22.3%) and F5 on time rate (12.8%)
2023,OULAD_TEST_2023,1,0.8735,0.7198,0.6715,0.7575,0.8735,HIGH,F1_login_count,25.0,F5_on_time_rate,11.1,F6_inactive_days,10.3,12,F1 login count (25.0%) and F5 on time rate (11.1%)
2024,OULAD_TEST_2024,0,0.4299,0.7811,0.7295,0.5178,0.4299,MEDIUM,F1_login_count,18.9,F6_inactive_days,13.8,F4_num_submitted,12.5,11,F1 login count (18.9%) and F6 inactive days (13.8%)
2025,OULAD_TEST_2025,0,0.7748,0.3629,0.4775,0.5815,0.7748,HIGH,F1_login_count,17.9,F4_num_submitted,14.9,F6_inactive_days,14.4,7,F1 login count (17.9%) and F4 num submitted (14.9%)
2026,OULAD_TEST_2026,0,0.0331,0.2877,0.0771,0.0576,0.0331,LOW,F6_inactive_days,12.1,F4_num_submitted,11.5,F1_login_count,11.4,1,F6 inactive days (12.1%) and F4 num submitted (11.5%)
2027,OULAD_TEST_2027,1,0.996,0.5942,0.5999,0.7255,0.996,HIGH,F1_login_count,23.8,F4_num_submitted,13.4,F6_inactive_days,13.2,17,F1 login count (23.8%) and F4 num submitted (13.4%)
2028,OULAD_TEST_2028,1,0.9901,0.8393,0.6958,0.7327,0.9901,HIGH,F1_login_count,26.1,F5_on_time_rate,13.7,F13_weeks_since_active,10.1,6,F1 login count (26.1%) and F5 on time rate (13.7%)
2029,OULAD_TEST_2029,0,0.268,0.5246,0.6516,0.6331,0.268,LOW,F1_login_count,26.1,F5_on_time_rate,15.7,F6_inactive_days,11.0,8,F1 login count (26.1%) and F5 on time rate (15.7%)
2030,OULAD_TEST_2030,0,0.6747,0.8638,0.7643,0.6939,0.6747,MEDIUM,F1_login_count,19.6,F6_inactive_days,13.0,F4_num_submitted,13.0,5,F1 login count (19.6%) and F6 inactive days (13.0%)
2031,OULAD_TEST_2031,0,0.2402,0.2903,0.2496,0.2374,0.2402,LOW,F1_login_count,19.4,F6_inactive_days,13.8,F5_on_time_rate,13.4,17,F1 login count (19.4%) and F6 inactive days (13.8%)
2032,OULAD_TEST_2032,0,0.0784,0.4379,0.1751,0.1243,0.0784,LOW,F1_login_count,16.6,F6_inactive_days,14.7,F4_num_submitted,14.3,7,F1 login count (16.6%) and F6 inactive days (14.7%)
2033,OULAD_TEST_2033,0,0.0159,0.3127,0.1881,0.0442,0.0159,LOW,F1_login_count,16.7,F5_on_time_rate,12.1,F6_inactive_days,11.9,1,F1 login count (16.7%) and F5 on time rate (12.1%)
2034,OULAD_TEST_2034,0,0.5106,0.6333,0.3443,0.7445,0.5106,MEDIUM,F1_login_count,19.6,F6_inactive_days,14.9,F4_num_submitted,14.3,11,F1 login count (19.6%) and F6 inactive days (14.9%)
2035,OULAD_TEST_2035,0,0.6416,0.4115,0.4585,0.4948,0.6416,MEDIUM,F1_login_count,19.0,F4_num_submitted,15.7,F6_inactive_days,15.6,16,F1 login count (19.0%) and F4 num submitted (15.7%)
2036,OULAD_TEST_2036,0,0.1208,0.3092,0.2395,0.1901,0.1208,LOW,F13_weeks_since_active,17.3,F1_login_count,12.0,F4_num_submitted,10.1,8,F13 weeks since active (17.3%) and F1 login count (12.0%)
2037,OULAD_TEST_2037,1,0.8489,0.6595,0.6824,0.6376,0.8489,HIGH,F1_login_count,19.7,F4_num_submitted,14.4,F6_inactive_days,14.2,17,F1 login count (19.7%) and F4 num submitted (14.4%)
2038,OULAD_TEST_2038,0,0.0338,0.2631,0.1684,0.1009,0.0338,LOW,F13_weeks_since_active,13.4,F7_score_change,11.9,F11_max_score,10.6,2,F13 weeks since active (13.4%) and F7 score change (11.9%)
2039,OULAD_TEST_2039,0,0.549,0.4649,0.4848,0.3367,0.549,MEDIUM,F1_login_count,21.5,F6_inactive_days,14.9,F4_num_submitted,14.0,8,F1 login count (21.5%) and F6 inactive days (14.9%)
2040,OULAD_TEST_2040,0,0.4965,0.6182,0.5218,0.5824,0.4965,MEDIUM,F1_login_count,19.6,F5_on_time_rate,13.5,F13_weeks_since_active,12.4,17,F1 login count (19.6%) and F5 on time rate (13.5%)
2041,OULAD_TEST_2041,0,0.9935,0.35,0.3643,0.8806,0.9935,HIGH,F1_login_count,22.3,F6_inactive_days,13.1,F4_num_submitted,12.5,17,F1 login count (22.3%) and F6 inactive days (13.1%)
2042,OULAD_TEST_2042,1,0.9974,0.6191,0.625,0.8432,0.9974,HIGH,F1_login_count,20.1,F4_num_submitted,16.3,F6_inactive_days,15.9,14,F1 login count (20.1%) and F4 num submitted (16.3%)
2043,OULAD_TEST_2043,1,0.7754,0.5932,0.5475,0.5236,0.7754,HIGH,F1_login_count,19.0,F6_inactive_days,15.3,F4_num_submitted,15.2,9,F1 login count (19.0%) and F6 inactive days (15.3%)
2044,OULAD_TEST_2044,0,0.0774,0.2877,0.1727,0.2545,0.0774,LOW,F1_login_count,20.4,F6_inactive_days,15.2,F4_num_submitted,14.2,1,F1 login count (20.4%) and F6 inactive days (15.2%)
2045,OULAD_TEST_2045,0,0.1865,0.5468,0.2823,0.1538,0.1865,LOW,F1_login_count,22.3,F5_on_time_rate,12.3,F13_weeks_since_active,10.1,6,F1 login count (22.3%) and F5 on time rate (12.3%)
2046,OULAD_TEST_2046,1,0.523,0.6255,0.6468,0.6711,0.523,MEDIUM,F1_login_count,26.5,F5_on_time_rate,16.3,F13_weeks_since_active,10.5,5,F1 login count (26.5%) and F5 on time rate (16.3%)
2047,OULAD_TEST_2047,0,0.4404,0.5157,0.5128,0.8809,0.4404,MEDIUM,F1_login_count,16.3,F5_on_time_rate,15.0,F13_weeks_since_active,11.1,15,F1 login count (16.3%) and F5 on time rate (15.0%)
2048,OULAD_TEST_2048,0,0.0444,0.3793,0.1661,0.0836,0.0444,LOW,F1_login_count,20.5,F5_on_time_rate,14.4,F6_inactive_days,11.1,5,F1 login count (20.5%) and F5 on time rate (14.4%)
2049,OULAD_TEST_2049,1,0.8576,0.6722,0.7109,0.6844,0.8576,HIGH,F1_login_count,19.2,F4_num_submitted,15.7,F6_inactive_days,15.2,9,F1 login count (19.2%) and F4 num submitted (15.7%)
2050,OULAD_TEST_2050,1,0.4692,0.7357,0.7813,0.7339,0.4692,MEDIUM,F1_login_count,19.4,F5_on_time_rate,15.1,F13_weeks_since_active,13.1,5,F1 login count (19.4%) and F5 on time rate (15.1%)
2051,OULAD_TEST_2051,0,0.1251,0.5712,0.2704,0.1926,0.1251,LOW,F1_login_count,23.2,F5_on_time_rate,13.5,F13_weeks_since_active,10.1,6,F1 login count (23.2%) and F5 on time rate (13.5%)
2052,OULAD_TEST_2052,0,0.1662,0.4192,0.3511,0.2132,0.1662,LOW,F1_login_count,25.9,F5_on_time_rate,13.3,F6_inactive_days,12.2,9,F1 login count (25.9%) and F5 on time rate (13.3%)
2053,OULAD_TEST_2053,1,0.9865,0.4866,0.5718,0.5463,0.9865,HIGH,F1_login_count,26.6,F5_on_time_rate,13.8,F13_weeks_since_active,10.7,6,F1 login count (26.6%) and F5 on time rate (13.8%)
2054,OULAD_TEST_2054,0,0.1087,0.5068,0.4123,0.3028,0.1087,LOW,F1_login_count,15.6,F13_weeks_since_active,15.5,F5_on_time_rate,12.9,5,F1 login count (15.6%) and F13 weeks since active (15.5%)
2055,OULAD_TEST_2055,0,0.1756,0.373,0.1767,0.0535,0.1756,LOW,F1_login_count,19.1,F6_inactive_days,13.0,F4_num_submitted,11.9,1,F1 login count (19.1%) and F6 inactive days (13.0%)
2056,OULAD_TEST_2056,0,0.6625,0.8279,0.9088,0.8589,0.6625,MEDIUM,F1_login_count,24.6,F5_on_time_rate,14.9,F13_weeks_since_active,8.4,9,F1 login count (24.6%) and F5 on time rate (14.9%)
2057,OULAD_TEST_2057,0,0.0889,0.3505,0.3592,0.189,0.0889,LOW,F1_login_count,23.8,F5_on_time_rate,13.4,F6_inactive_days,11.2,8,F1 login count (23.8%) and F5 on time rate (13.4%)
2058,OULAD_TEST_2058,1,0.7532,0.7025,0.6137,0.6319,0.7532,HIGH,F1_login_count,21.4,F5_on_time_rate,13.5,F4_num_submitted,13.3,8,F1 login count (21.4%) and F5 on time rate (13.5%)
2059,OULAD_TEST_2059,1,0.994,0.6603,0.7856,0.9304,0.994,HIGH,F1_login_count,19.3,F4_num_submitted,16.1,F6_inactive_days,15.3,17,F1 login count (19.3%) and F4 num submitted (16.1%)
2060,OULAD_TEST_2060,1,0.6492,0.6132,0.5914,0.5639,0.6492,MEDIUM,F1_login_count,25.7,F5_on_time_rate,13.8,F6_inactive_days,11.0,8,F1 login count (25.7%) and F5 on time rate (13.8%)
2061,OULAD_TEST_2061,0,0.5628,0.8466,0.9143,0.8358,0.5628,MEDIUM,F1_login_count,20.7,F6_inactive_days,13.3,F4_num_submitted,12.9,11,F1 login count (20.7%) and F6 inactive days (13.3%)
2062,OULAD_TEST_2062,0,0.0309,0.3305,0.3004,0.1224,0.0309,LOW,F1_login_count,18.1,F6_inactive_days,11.6,F4_num_submitted,11.5,8,F1 login count (18.1%) and F6 inactive days (11.6%)
2063,OULAD_TEST_2063,0,0.0612,0.3344,0.2402,0.1385,0.0612,LOW,F1_login_count,21.9,F5_on_time_rate,13.3,F13_weeks_since_active,10.1,9,F1 login count (21.9%) and F5 on time rate (13.3%)
2064,OULAD_TEST_2064,0,0.5257,0.3141,0.7092,0.5836,0.5257,MEDIUM,F1_login_count,20.9,F5_on_time_rate,12.0,F6_inactive_days,10.7,10,F1 login count (20.9%) and F5 on time rate (12.0%)
2065,OULAD_TEST_2065,0,0.234,0.4286,0.3212,0.306,0.234,LOW,F1_login_count,18.8,F13_weeks_since_active,13.4,F6_inactive_days,9.9,8,F1 login count (18.8%) and F13 weeks since active (13.4%)
2066,OULAD_TEST_2066,0,0.512,0.5177,0.4335,0.5239,0.512,MEDIUM,F1_login_count,16.3,F5_on_time_rate,14.9,F13_weeks_since_active,14.5,11,F1 login count (16.3%) and F5 on time rate (14.9%)
2067,OULAD_TEST_2067,0,0.1201,0.4319,0.3731,0.316,0.1201,LOW,F13_weeks_since_active,16.0,F1_login_count,13.7,F5_on_time_rate,10.8,7,F13 weeks since active (16.0%) and F1 login count (13.7%)
2068,OULAD_TEST_2068,0,0.3279,0.4682,0.5445,0.4905,0.3279,LOW,F1_login_count,20.5,F5_on_time_rate,12.2,F6_inactive_days,11.2,13,F1 login count (20.5%) and F5 on time rate (12.2%)
2069,OULAD_TEST_2069,1,0.9972,0.5003,0.621,0.9029,0.9972,HIGH,F1_login_count,20.4,F4_num_submitted,16.1,F6_inactive_days,15.6,16,F1 login count (20.4%) and F4 num submitted (16.1%)
2070,OULAD_TEST_2070,0,0.1749,0.3981,0.2446,0.1628,0.1749,LOW,F6_inactive_days,15.5,F4_num_submitted,15.0,F5_on_time_rate,14.6,8,F6 inactive days (15.5%) and F4 num submitted (15.0%)
2071,OULAD_TEST_2071,0,0.2729,0.8033,0.6111,0.4204,0.2729,LOW,F1_login_count,21.0,F6_inactive_days,11.2,F5_on_time_rate,9.8,9,F1 login count (21.0%) and F6 inactive days (11.2%)
2072,OULAD_TEST_2072,1,0.3836,0.2849,0.1447,0.2713,0.3836,LOW,F1_login_count,17.5,F4_num_submitted,16.0,F6_inactive_days,15.8,17,F1 login count (17.5%) and F4 num submitted (16.0%)
2073,OULAD_TEST_2073,0,0.9346,0.1927,0.3804,0.322,0.9346,HIGH,F1_login_count,19.7,F4_num_submitted,14.7,F6_inactive_days,14.3,17,F1 login count (19.7%) and F4 num submitted (14.7%)
2074,OULAD_TEST_2074,1,0.6972,0.2819,0.7727,0.8604,0.6972,MEDIUM,F1_login_count,18.6,F5_on_time_rate,13.1,F4_num_submitted,13.0,14,F1 login count (18.6%) and F5 on time rate (13.1%)
2075,OULAD_TEST_2075,0,0.0268,0.2726,0.171,0.22,0.0268,LOW,F1_login_count,20.3,F6_inactive_days,15.2,F4_num_submitted,14.5,13,F1 login count (20.3%) and F6 inactive days (15.2%)
2076,OULAD_TEST_2076,0,0.2813,0.5681,0.4131,0.4381,0.2813,LOW,F1_login_count,15.4,F4_num_submitted,13.0,F6_inactive_days,13.0,8,F1 login count (15.4%) and F4 num submitted (13.0%)
2077,OULAD_TEST_2077,0,0.0753,0.3468,0.2323,0.1941,0.0753,LOW,F1_login_count,15.1,F13_weeks_since_active,14.5,F5_on_time_rate,10.6,8,F1 login count (15.1%) and F13 weeks since active (14.5%)
2078,OULAD_TEST_2078,1,0.985,0.6302,0.9313,0.9656,0.985,HIGH,F1_login_count,18.3,F4_num_submitted,16.0,F6_inactive_days,15.5,17,F1 login count (18.3%) and F4 num submitted (16.0%)
2079,OULAD_TEST_2079,0,0.0773,0.4354,0.2337,0.2521,0.0773,LOW,F1_login_count,16.4,F6_inactive_days,16.4,F4_num_submitted,16.1,8,F1 login count (16.4%) and F6 inactive days (16.4%)
2080,OULAD_TEST_2080,0,0.0225,0.2264,0.204,0.0676,0.0225,LOW,F6_inactive_days,16.8,F4_num_submitted,15.5,F1_login_count,14.5,1,F6 inactive days (16.8%) and F4 num submitted (15.5%)
2081,OULAD_TEST_2081,0,0.1177,0.4855,0.2258,0.1476,0.1177,LOW,F1_login_count,24.0,F5_on_time_rate,14.1,F6_inactive_days,11.8,9,F1 login count (24.0%) and F5 on time rate (14.1%)
2082,OULAD_TEST_2082,0,0.1352,0.3246,0.1935,0.047,0.1352,LOW,F1_login_count,20.4,F6_inactive_days,14.4,F4_num_submitted,12.9,1,F1 login count (20.4%) and F6 inactive days (14.4%)
2083,OULAD_TEST_2083,0,0.0937,0.4343,0.4682,0.1197,0.0937,LOW,F1_login_count,24.4,F4_num_submitted,12.7,F6_inactive_days,12.6,5,F1 login count (24.4%) and F4 num submitted (12.7%)
2084,OULAD_TEST_2084,0,0.094,0.3292,0.6618,0.3494,0.094,LOW,F1_login_count,19.3,F5_on_time_rate,10.7,F13_weeks_since_active,10.5,14,F1 login count (19.3%) and F5 on time rate (10.7%)
2085,OULAD_TEST_2085,0,0.9936,0.5312,0.4894,0.7913,0.9936,HIGH,F1_login_count,27.0,F5_on_time_rate,14.6,F6_inactive_days,10.0,14,F1 login count (27.0%) and F5 on time rate (14.6%)
2086,OULAD_TEST_2086,1,0.4658,0.5571,0.5639,0.6517,0.4658,MEDIUM,F1_login_count,27.0,F5_on_time_rate,15.3,F6_inactive_days,10.5,7,F1 login count (27.0%) and F5 on time rate (15.3%)
2087,OULAD_TEST_2087,0,0.3493,0.4948,0.4358,0.4165,0.3493,LOW,F1_login_count,18.3,F13_weeks_since_active,16.6,F5_on_time_rate,14.1,6,F1 login count (18.3%) and F13 weeks since active (16.6%)
2088,OULAD_TEST_2088,1,0.9997,0.9059,0.9743,0.987,0.9997,HIGH,F1_login_count,21.0,F4_num_submitted,15.3,F6_inactive_days,14.2,15,F1 login count (21.0%) and F4 num submitted (15.3%)
2089,OULAD_TEST_2089,0,0.0692,0.4273,0.1768,0.1442,0.0692,LOW,F1_login_count,20.4,F6_inactive_days,14.4,F4_num_submitted,13.0,7,F1 login count (20.4%) and F6 inactive days (14.4%)
2090,OULAD_TEST_2090,0,0.1778,0.4026,0.5469,0.3966,0.1778,LOW,F1_login_count,18.0,F5_on_time_rate,12.3,F13_weeks_since_active,11.4,6,F1 login count (18.0%) and F5 on time rate (12.3%)
2091,OULAD_TEST_2091,1,0.855,0.4477,0.3889,0.4651,0.855,HIGH,F1_login_count,26.1,F5_on_time_rate,14.7,F4_num_submitted,10.6,6,F1 login count (26.1%) and F5 on time rate (14.7%)
2092,OULAD_TEST_2092,1,0.9987,0.5918,0.7275,0.903,0.9987,HIGH,F1_login_count,28.9,F5_on_time_rate,15.2,F4_num_submitted,9.9,13,F1 login count (28.9%) and F5 on time rate (15.2%)
2093,OULAD_TEST_2093,1,0.2505,0.4662,0.5762,0.4095,0.2505,LOW,F1_login_count,15.8,F13_weeks_since_active,14.8,F5_on_time_rate,10.1,16,F1 login count (15.8%) and F13 weeks since active (14.8%)
2094,OULAD_TEST_2094,1,0.5781,0.3522,0.3473,0.4545,0.5781,MEDIUM,F1_login_count,23.4,F5_on_time_rate,13.2,F4_num_submitted,11.5,8,F1 login count (23.4%) and F5 on time rate (13.2%)
2095,OULAD_TEST_2095,0,0.0802,0.2313,0.1293,0.0656,0.0802,LOW,F4_num_submitted,14.9,F6_inactive_days,14.1,F5_on_time_rate,11.2,1,F4 num submitted (14.9%) and F6 inactive days (14.1%)
2096,OULAD_TEST_2096,0,0.2569,0.4322,0.4363,0.2934,0.2569,LOW,F13_weeks_since_active,11.3,F1_login_count,10.6,F7_score_change,9.9,9,F13 weeks since active (11.3%) and F1 login count (10.6%)
2097,OULAD_TEST_2097,0,0.4797,0.5421,0.6582,0.6751,0.4797,MEDIUM,F1_login_count,24.9,F5_on_time_rate,12.6,F6_inactive_days,12.4,8,F1 login count (24.9%) and F5 on time rate (12.6%)
2098,OULAD_TEST_2098,0,0.2727,0.5089,0.4416,0.4544,0.2727,LOW,F1_login_count,28.2,F5_on_time_rate,17.6,F2_vle_clicks,10.0,5,F1 login count (28.2%) and F5 on time rate (17.6%)
2099,OULAD_TEST_2099,0,0.3552,0.4611,0.4087,0.3376,0.3552,LOW,F1_login_count,16.2,F13_weeks_since_active,16.0,F5_on_time_rate,12.9,6,F1 login count (16.2%) and F13 weeks since active (16.0%)
2100,OULAD_TEST_2100,0,0.0443,0.5488,0.3093,0.1208,0.0443,LOW,F1_login_count,19.1,F4_num_submitted,12.0,F13_weeks_since_active,12.0,9,F1 login count (19.1%) and F4 num submitted (12.0%)
2101,OULAD_TEST_2101,0,0.3113,0.6198,0.3882,0.4714,0.3113,LOW,F1_login_count,17.7,F6_inactive_days,15.5,F4_num_submitted,15.0,11,F1 login count (17.7%) and F6 inactive days (15.5%)
2102,OULAD_TEST_2102,1,0.6483,0.4894,0.6323,0.6494,0.6483,MEDIUM,F1_login_count,18.1,F6_inactive_days,12.2,F4_num_submitted,11.4,6,F1 login count (18.1%) and F6 inactive days (12.2%)
2103,OULAD_TEST_2103,0,0.0693,0.474,0.3255,0.2699,0.0693,LOW,F1_login_count,22.4,F5_on_time_rate,11.5,F13_weeks_since_active,10.6,5,F1 login count (22.4%) and F5 on time rate (11.5%)
2104,OULAD_TEST_2104,0,0.2895,0.2637,0.31,0.7563,0.2895,LOW,F1_login_count,20.3,F5_on_time_rate,13.3,F6_inactive_days,12.3,13,F1 login count (20.3%) and F5 on time rate (13.3%)
2105,OULAD_TEST_2105,0,0.3154,0.5838,0.6453,0.5324,0.3154,LOW,F1_login_count,19.4,F13_weeks_since_active,11.2,F6_inactive_days,11.0,11,F1 login count (19.4%) and F13 weeks since active (11.2%)
2106,OULAD_TEST_2106,0,0.3966,0.5011,0.5745,0.7613,0.3966,LOW,F1_login_count,17.1,F5_on_time_rate,13.6,F13_weeks_since_active,12.2,17,F1 login count (17.1%) and F5 on time rate (13.6%)
2107,OULAD_TEST_2107,0,0.8484,0.8052,0.8311,0.8475,0.8484,HIGH,F1_login_count,20.6,F5_on_time_rate,12.8,F6_inactive_days,12.6,9,F1 login count (20.6%) and F5 on time rate (12.8%)
2108,OULAD_TEST_2108,0,0.291,0.5831,0.3659,0.3671,0.291,LOW,F1_login_count,27.3,F5_on_time_rate,14.9,F6_inactive_days,10.6,6,F1 login count (27.3%) and F5 on time rate (14.9%)
2109,OULAD_TEST_2109,0,0.0841,0.4789,0.1807,0.1223,0.0841,LOW,F1_login_count,22.0,F5_on_time_rate,14.3,F6_inactive_days,13.1,9,F1 login count (22.0%) and F5 on time rate (14.3%)
2110,OULAD_TEST_2110,0,0.2523,0.6392,0.4609,0.3077,0.2523,LOW,F1_login_count,15.4,F13_weeks_since_active,15.0,F7_score_change,10.2,5,F1 login count (15.4%) and F13 weeks since active (15.0%)
2111,OULAD_TEST_2111,0,0.0552,0.4424,0.1507,0.1193,0.0552,LOW,F1_login_count,22.5,F6_inactive_days,13.3,F4_num_submitted,13.2,4,F1 login count (22.5%) and F6 inactive days (13.3%)
2112,OULAD_TEST_2112,0,0.0262,0.2788,0.2027,0.2086,0.0262,LOW,F13_weeks_since_active,15.3,F1_login_count,13.7,F7_score_change,9.6,9,F13 weeks since active (15.3%) and F1 login count (13.7%)
2113,OULAD_TEST_2113,0,0.2661,0.4177,0.6592,0.6772,0.2661,LOW,F1_login_count,21.9,F5_on_time_rate,14.0,F6_inactive_days,12.7,13,F1 login count (21.9%) and F5 on time rate (14.0%)
2114,OULAD_TEST_2114,1,0.9988,0.8216,0.9322,0.9304,0.9988,HIGH,F1_login_count,25.8,F5_on_time_rate,13.0,F13_weeks_since_active,11.5,8,F1 login count (25.8%) and F5 on time rate (13.0%)
2115,OULAD_TEST_2115,0,0.0574,0.4208,0.4101,0.1796,0.0574,LOW,F13_weeks_since_active,14.2,F1_login_count,12.7,F4_num_submitted,10.7,7,F13 weeks since active (14.2%) and F1 login count (12.7%)
2116,OULAD_TEST_2116,0,0.5135,0.5218,0.5316,0.5336,0.5135,MEDIUM,F1_login_count,24.0,F5_on_time_rate,15.4,F6_inactive_days,11.4,8,F1 login count (24.0%) and F5 on time rate (15.4%)
2117,OULAD_TEST_2117,0,0.0351,0.3039,0.0986,0.1035,0.0351,LOW,F1_login_count,16.2,F6_inactive_days,11.8,F5_on_time_rate,11.7,1,F1 login count (16.2%) and F6 inactive days (11.8%)
2118,OULAD_TEST_2118,0,0.5011,0.4093,0.5556,0.634,0.5011,MEDIUM,F1_login_count,29.2,F5_on_time_rate,16.1,F2_vle_clicks,9.7,9,F1 login count (29.2%) and F5 on time rate (16.1%)
2119,OULAD_TEST_2119,0,0.1088,0.5032,0.3886,0.2552,0.1088,LOW,F1_login_count,17.5,F13_weeks_since_active,12.5,F5_on_time_rate,12.4,8,F1 login count (17.5%) and F13 weeks since active (12.5%)
2120,OULAD_TEST_2120,0,0.0599,0.3118,0.1346,0.1326,0.0599,LOW,F6_inactive_days,15.7,F4_num_submitted,15.5,F1_login_count,14.5,1,F6 inactive days (15.7%) and F4 num submitted (15.5%)
2121,OULAD_TEST_2121,1,0.8451,0.4437,0.661,0.8796,0.8451,HIGH,F1_login_count,18.0,F4_num_submitted,12.7,F6_inactive_days,12.1,17,F1 login count (18.0%) and F4 num submitted (12.7%)
2122,OULAD_TEST_2122,1,0.6415,0.4797,0.871,0.8583,0.6415,MEDIUM,F1_login_count,21.4,F6_inactive_days,13.0,F4_num_submitted,11.6,13,F1 login count (21.4%) and F6 inactive days (13.0%)
2123,OULAD_TEST_2123,0,0.0373,0.5029,0.1686,0.0731,0.0373,LOW,F1_login_count,21.3,F6_inactive_days,12.1,F4_num_submitted,11.4,5,F1 login count (21.3%) and F6 inactive days (12.1%)
2124,OULAD_TEST_2124,0,0.2541,0.4944,0.4018,0.2969,0.2541,LOW,F1_login_count,18.0,F13_weeks_since_active,11.6,F5_on_time_rate,11.3,6,F1 login count (18.0%) and F13 weeks since active (11.6%)
2125,OULAD_TEST_2125,0,0.1499,0.4379,0.181,0.1811,0.1499,LOW,F1_login_count,21.3,F6_inactive_days,12.5,F5_on_time_rate,11.8,5,F1 login count (21.3%) and F6 inactive days (12.5%)
2126,OULAD_TEST_2126,0,0.0819,0.5203,0.1783,0.1156,0.0819,LOW,F1_login_count,19.0,F6_inactive_days,14.1,F5_on_time_rate,13.9,9,F1 login count (19.0%) and F6 inactive days (14.1%)
2127,OULAD_TEST_2127,0,0.0167,0.2484,0.1039,0.0525,0.0167,LOW,F1_login_count,13.7,F6_inactive_days,11.4,F13_weeks_since_active,11.3,1,F1 login count (13.7%) and F6 inactive days (11.4%)
2128,OULAD_TEST_2128,1,0.9623,0.6937,0.8926,0.9406,0.9623,HIGH,F1_login_count,18.7,F4_num_submitted,15.4,F6_inactive_days,14.6,17,F1 login count (18.7%) and F4 num submitted (15.4%)
2129,OULAD_TEST_2129,1,0.3051,0.4277,0.7964,0.6232,0.3051,LOW,F13_weeks_since_active,12.8,F1_login_count,12.0,F4_num_submitted,11.3,17,F13 weeks since active (12.8%) and F1 login count (12.0%)
2130,OULAD_TEST_2130,0,0.0424,0.305,0.2843,0.1388,0.0424,LOW,F1_login_count,19.6,F5_on_time_rate,12.8,F4_num_submitted,12.1,1,F1 login count (19.6%) and F5 on time rate (12.8%)
2131,OULAD_TEST_2131,0,0.1383,0.3874,0.3874,0.3839,0.1383,LOW,F13_weeks_since_active,16.8,F1_login_count,13.5,F5_on_time_rate,12.6,12,F13 weeks since active (16.8%) and F1 login count (13.5%)
2132,OULAD_TEST_2132,1,0.4391,0.5219,0.4537,0.4269,0.4391,MEDIUM,F1_login_count,20.7,F5_on_time_rate,16.0,F13_weeks_since_active,14.7,5,F1 login count (20.7%) and F5 on time rate (16.0%)
2133,OULAD_TEST_2133,0,0.1222,0.3439,0.3997,0.3836,0.1222,LOW,F1_login_count,11.8,F13_weeks_since_active,11.7,F5_on_time_rate,10.6,13,F1 login count (11.8%) and F13 weeks since active (11.7%)
2134,OULAD_TEST_2134,0,0.0976,0.3686,0.3271,0.2016,0.0976,LOW,F1_login_count,24.8,F5_on_time_rate,13.8,F6_inactive_days,12.6,9,F1 login count (24.8%) and F5 on time rate (13.8%)
2135,OULAD_TEST_2135,1,0.3724,0.2956,0.6927,0.5184,0.3724,LOW,F1_login_count,20.1,F5_on_time_rate,15.1,F6_inactive_days,11.0,11,F1 login count (20.1%) and F5 on time rate (15.1%)
2136,OULAD_TEST_2136,0,0.3953,0.248,0.2098,0.1178,0.3953,LOW,F1_login_count,25.0,F4_num_submitted,11.4,F6_inactive_days,11.4,8,F1 login count (25.0%) and F4 num submitted (11.4%)
2137,OULAD_TEST_2137,1,0.9973,0.5457,0.8823,0.8736,0.9973,HIGH,F1_login_count,26.2,F5_on_time_rate,14.1,F13_weeks_since_active,11.1,8,F1 login count (26.2%) and F5 on time rate (14.1%)
2138,OULAD_TEST_2138,0,0.1208,0.4989,0.4523,0.365,0.1208,LOW,F1_login_count,16.3,F13_weeks_since_active,15.6,F5_on_time_rate,12.0,6,F1 login count (16.3%) and F13 weeks since active (15.6%)
2139,OULAD_TEST_2139,0,0.0372,0.3485,0.1249,0.0688,0.0372,LOW,F1_login_count,22.2,F6_inactive_days,12.9,F4_num_submitted,12.2,5,F1 login count (22.2%) and F6 inactive days (12.9%)
2140,OULAD_TEST_2140,1,0.5665,0.8001,0.7384,0.6875,0.5665,MEDIUM,F1_login_count,17.4,F5_on_time_rate,15.1,F13_weeks_since_active,12.1,5,F1 login count (17.4%) and F5 on time rate (15.1%)
2141,OULAD_TEST_2141,0,0.3834,0.6875,0.4647,0.4552,0.3834,LOW,F1_login_count,15.4,F6_inactive_days,10.8,F5_on_time_rate,10.3,14,F1 login count (15.4%) and F6 inactive days (10.8%)
2142,OULAD_TEST_2142,0,0.3406,0.7568,0.6285,0.5922,0.3406,LOW,F1_login_count,17.2,F5_on_time_rate,13.0,F13_weeks_since_active,11.3,8,F1 login count (17.2%) and F5 on time rate (13.0%)
2143,OULAD_TEST_2143,1,0.9981,0.4199,0.8959,0.9154,0.9981,HIGH,F1_login_count,26.8,F5_on_time_rate,14.2,F13_weeks_since_active,10.5,12,F1 login count (26.8%) and F5 on time rate (14.2%)
2144,OULAD_TEST_2144,0,0.266,0.4494,0.4072,0.3395,0.266,LOW,F1_login_count,18.1,F13_weeks_since_active,16.2,F5_on_time_rate,14.9,11,F1 login count (18.1%) and F13 weeks since active (16.2%)
2145,OULAD_TEST_2145,0,0.0362,0.4383,0.2185,0.1354,0.0362,LOW,F1_login_count,16.2,F13_weeks_since_active,10.9,F5_on_time_rate,10.7,5,F1 login count (16.2%) and F13 weeks since active (10.9%)
2146,OULAD_TEST_2146,0,0.3384,0.4931,0.3942,0.3294,0.3384,LOW,F1_login_count,26.7,F5_on_time_rate,17.3,F2_vle_clicks,9.1,6,F1 login count (26.7%) and F5 on time rate (17.3%)
2147,OULAD_TEST_2147,0,0.0586,0.3142,0.2054,0.0803,0.0586,LOW,F1_login_count,18.6,F6_inactive_days,11.7,F4_num_submitted,11.1,1,F1 login count (18.6%) and F6 inactive days (11.7%)
2148,OULAD_TEST_2148,0,0.0257,0.4581,0.2816,0.119,0.0257,LOW,F13_weeks_since_active,15.8,F1_login_count,14.5,F7_score_change,9.7,7,F13 weeks since active (15.8%) and F1 login count (14.5%)
2149,OULAD_TEST_2149,0,0.5001,0.6575,0.7127,0.5335,0.5001,MEDIUM,F1_login_count,18.2,F6_inactive_days,13.1,F4_num_submitted,12.8,8,F1 login count (18.2%) and F6 inactive days (13.1%)
2150,OULAD_TEST_2150,1,0.3928,0.293,0.1856,0.099,0.3928,LOW,F1_login_count,16.1,F6_inactive_days,13.3,F4_num_submitted,13.0,17,F1 login count (16.1%) and F6 inactive days (13.3%)
2151,OULAD_TEST_2151,1,0.905,0.6373,0.681,0.7448,0.905,HIGH,F1_login_count,19.1,F6_inactive_days,12.1,F4_num_submitted,11.0,15,F1 login count (19.1%) and F6 inactive days (12.1%)
2152,OULAD_TEST_2152,0,0.311,0.6618,0.7199,0.5964,0.311,LOW,F1_login_count,14.9,F13_weeks_since_active,13.4,F5_on_time_rate,12.6,13,F1 login count (14.9%) and F13 weeks since active (13.4%)
2153,OULAD_TEST_2153,0,0.0581,0.4016,0.0708,0.1335,0.0581,LOW,F1_login_count,22.5,F6_inactive_days,13.1,F5_on_time_rate,12.2,16,F1 login count (22.5%) and F6 inactive days (13.1%)
2154,OULAD_TEST_2154,1,0.5935,0.6996,0.657,0.5994,0.5935,MEDIUM,F1_login_count,22.3,F5_on_time_rate,10.6,F13_weeks_since_active,9.5,11,F1 login count (22.3%) and F5 on time rate (10.6%)
2155,OULAD_TEST_2155,0,0.1588,0.4959,0.1987,0.1018,0.1588,LOW,F6_inactive_days,13.5,F4_num_submitted,13.2,F1_login_count,11.9,1,F6 inactive days (13.5%) and F4 num submitted (13.2%)
2156,OULAD_TEST_2156,0,0.139,0.5406,0.3225,0.1579,0.139,LOW,F1_login_count,15.4,F5_on_time_rate,14.0,F6_inactive_days,11.6,8,F1 login count (15.4%) and F5 on time rate (14.0%)
2157,OULAD_TEST_2157,0,0.0546,0.2924,0.1688,0.1222,0.0546,LOW,F1_login_count,16.9,F5_on_time_rate,13.3,F6_inactive_days,12.3,1,F1 login count (16.9%) and F5 on time rate (13.3%)
2158,OULAD_TEST_2158,1,0.4684,0.5477,0.5844,0.6388,0.4684,MEDIUM,F1_login_count,26.6,F5_on_time_rate,13.5,F6_inactive_days,12.1,6,F1 login count (26.6%) and F5 on time rate (13.5%)
2159,OULAD_TEST_2159,0,0.0663,0.2804,0.0953,0.0576,0.0663,LOW,F1_login_count,19.0,F4_num_submitted,13.0,F6_inactive_days,12.5,1,F1 login count (19.0%) and F4 num submitted (13.0%)
2160,OULAD_TEST_2160,0,0.0154,0.1979,0.0912,0.0415,0.0154,LOW,F13_weeks_since_active,13.5,F1_login_count,12.0,F4_num_submitted,11.2,1,F13 weeks since active (13.5%) and F1 login count (12.0%)
2161,OULAD_TEST_2161,0,0.07,0.63,0.4705,0.4178,0.07,LOW,F1_login_count,17.5,F6_inactive_days,15.1,F4_num_submitted,14.7,4,F1 login count (17.5%) and F6 inactive days (15.1%)
2162,OULAD_TEST_2162,0,0.8302,0.429,0.7254,0.5655,0.8302,HIGH,F1_login_count,19.3,F4_num_submitted,15.0,F6_inactive_days,14.3,7,F1 login count (19.3%) and F4 num submitted (15.0%)
2163,OULAD_TEST_2163,1,0.1218,0.5984,0.2208,0.2491,0.1218,LOW,F6_inactive_days,16.2,F4_num_submitted,15.0,F13_weeks_since_active,11.7,16,F6 inactive days (16.2%) and F4 num submitted (15.0%)
2164,OULAD_TEST_2164,0,0.0376,0.3992,0.1806,0.1906,0.0376,LOW,F1_login_count,19.6,F4_num_submitted,14.8,F6_inactive_days,14.8,1,F1 login count (19.6%) and F4 num submitted (14.8%)
2165,OULAD_TEST_2165,0,0.6297,0.5556,0.6847,0.8183,0.6297,MEDIUM,F1_login_count,18.5,F6_inactive_days,14.4,F4_num_submitted,14.1,13,F1 login count (18.5%) and F6 inactive days (14.4%)
2166,OULAD_TEST_2166,1,0.4935,0.3306,0.1786,0.1717,0.4935,MEDIUM,F1_login_count,19.6,F6_inactive_days,12.9,F4_num_submitted,11.6,2,F1 login count (19.6%) and F6 inactive days (12.9%)
2167,OULAD_TEST_2167,0,0.0692,0.4442,0.4139,0.2114,0.0692,LOW,F6_inactive_days,13.8,F1_login_count,13.6,F4_num_submitted,12.9,1,F6 inactive days (13.8%) and F1 login count (13.6%)
2168,OULAD_TEST_2168,0,0.1147,0.4165,0.4617,0.3045,0.1147,LOW,F6_inactive_days,14.7,F4_num_submitted,14.6,F13_weeks_since_active,12.6,1,F6 inactive days (14.7%) and F4 num submitted (14.6%)
2169,OULAD_TEST_2169,0,0.3243,0.6064,0.6412,0.5396,0.3243,LOW,F1_login_count,18.3,F13_weeks_since_active,15.1,F5_on_time_rate,11.1,14,F1 login count (18.3%) and F13 weeks since active (15.1%)
2170,OULAD_TEST_2170,0,0.2271,0.5547,0.2649,0.214,0.2271,LOW,F6_inactive_days,17.5,F4_num_submitted,16.9,F5_on_time_rate,11.5,5,F6 inactive days (17.5%) and F4 num submitted (16.9%)
2171,OULAD_TEST_2171,1,0.2304,0.5189,0.2755,0.2921,0.2304,LOW,F1_login_count,24.3,F5_on_time_rate,13.9,F6_inactive_days,9.7,6,F1 login count (24.3%) and F5 on time rate (13.9%)
2172,OULAD_TEST_2172,0,0.0591,0.3588,0.2485,0.1467,0.0591,LOW,F1_login_count,16.3,F6_inactive_days,14.5,F4_num_submitted,14.2,1,F1 login count (16.3%) and F6 inactive days (14.5%)
2173,OULAD_TEST_2173,1,0.9482,0.5713,0.8306,0.8987,0.9482,HIGH,F1_login_count,25.4,F5_on_time_rate,14.1,F13_weeks_since_active,11.1,9,F1 login count (25.4%) and F5 on time rate (14.1%)
2174,OULAD_TEST_2174,0,0.048,0.4269,0.1378,0.0838,0.048,LOW,F1_login_count,20.9,F5_on_time_rate,11.7,F6_inactive_days,11.4,5,F1 login count (20.9%) and F5 on time rate (11.7%)
2175,OULAD_TEST_2175,0,0.0598,0.321,0.1415,0.1668,0.0598,LOW,F1_login_count,14.2,F6_inactive_days,13.8,F4_num_submitted,13.6,2,F1 login count (14.2%) and F6 inactive days (13.8%)
2176,OULAD_TEST_2176,0,0.644,0.6561,0.7474,0.7655,0.644,MEDIUM,F1_login_count,18.8,F6_inactive_days,12.7,F4_num_submitted,11.8,9,F1 login count (18.8%) and F6 inactive days (12.7%)
2177,OULAD_TEST_2177,0,0.545,0.3948,0.6482,0.4954,0.545,MEDIUM,F1_login_count,20.6,F5_on_time_rate,14.3,F6_inactive_days,11.9,6,F1 login count (20.6%) and F5 on time rate (14.3%)
2178,OULAD_TEST_2178,1,0.9952,0.4572,0.5919,0.4754,0.9952,HIGH,F1_login_count,19.0,F6_inactive_days,16.4,F4_num_submitted,16.2,17,F1 login count (19.0%) and F6 inactive days (16.4%)
2179,OULAD_TEST_2179,0,0.0804,0.2517,0.2454,0.0646,0.0804,LOW,F4_num_submitted,16.4,F6_inactive_days,16.4,F5_on_time_rate,11.6,1,F4 num submitted (16.4%) and F6 inactive days (16.4%)
2180,OULAD_TEST_2180,0,0.0313,0.4624,0.2649,0.1086,0.0313,LOW,F1_login_count,19.4,F5_on_time_rate,11.8,F13_weeks_since_active,10.8,6,F1 login count (19.4%) and F5 on time rate (11.8%)
2181,OULAD_TEST_2181,0,0.219,0.5491,0.4934,0.464,0.219,LOW,F1_login_count,16.9,F5_on_time_rate,12.3,F13_weeks_since_active,12.0,9,F1 login count (16.9%) and F5 on time rate (12.3%)
2182,OULAD_TEST_2182,1,0.2815,0.6601,0.5218,0.5163,0.2815,LOW,F1_login_count,24.3,F5_on_time_rate,15.7,F6_inactive_days,11.0,7,F1 login count (24.3%) and F5 on time rate (15.7%)
2183,OULAD_TEST_2183,0,0.0964,0.4548,0.5592,0.284,0.0964,LOW,F1_login_count,19.7,F5_on_time_rate,12.1,F13_weeks_since_active,10.7,5,F1 login count (19.7%) and F5 on time rate (12.1%)
2184,OULAD_TEST_2184,1,0.9458,0.5305,0.4529,0.7931,0.9458,HIGH,F1_login_count,21.7,F5_on_time_rate,13.8,F6_inactive_days,12.6,17,F1 login count (21.7%) and F5 on time rate (13.8%)
2185,OULAD_TEST_2185,0,0.0807,0.5366,0.4455,0.1231,0.0807,LOW,F1_login_count,17.0,F4_num_submitted,15.9,F6_inactive_days,15.5,15,F1 login count (17.0%) and F4 num submitted (15.9%)
2186,OULAD_TEST_2186,0,0.0273,0.4586,0.2009,0.196,0.0273,LOW,F1_login_count,19.8,F6_inactive_days,13.1,F4_num_submitted,12.8,4,F1 login count (19.8%) and F6 inactive days (13.1%)
2187,OULAD_TEST_2187,1,0.9247,0.8729,0.9176,0.9013,0.9247,HIGH,F1_login_count,20.6,F5_on_time_rate,13.5,F4_num_submitted,12.7,9,F1 login count (20.6%) and F5 on time rate (13.5%)
2188,OULAD_TEST_2188,0,0.0519,0.4402,0.2353,0.1508,0.0519,LOW,F1_login_count,16.2,F4_num_submitted,12.9,F5_on_time_rate,12.6,1,F1 login count (16.2%) and F4 num submitted (12.9%)
2189,OULAD_TEST_2189,0,0.7409,0.5373,0.3817,0.2812,0.7409,HIGH,F1_login_count,18.5,F6_inactive_days,16.3,F4_num_submitted,16.2,17,F1 login count (18.5%) and F6 inactive days (16.3%)
2190,OULAD_TEST_2190,0,0.155,0.5402,0.3197,0.343,0.155,LOW,F13_weeks_since_active,15.8,F1_login_count,15.7,F5_on_time_rate,11.4,7,F13 weeks since active (15.8%) and F1 login count (15.7%)
2191,OULAD_TEST_2191,0,0.2516,0.4074,0.636,0.4217,0.2516,LOW,F1_login_count,16.8,F13_weeks_since_active,16.7,F5_on_time_rate,11.9,7,F1 login count (16.8%) and F13 weeks since active (16.7%)
2192,OULAD_TEST_2192,1,0.5485,0.5859,0.5581,0.5877,0.5485,MEDIUM,F1_login_count,24.7,F5_on_time_rate,15.0,F6_inactive_days,10.2,8,F1 login count (24.7%) and F5 on time rate (15.0%)
2193,OULAD_TEST_2193,0,0.0356,0.3403,0.0982,0.0888,0.0356,LOW,F6_inactive_days,14.4,F1_login_count,14.4,F4_num_submitted,14.3,2,F6 inactive days (14.4%) and F1 login count (14.4%)
2194,OULAD_TEST_2194,1,0.9997,0.8044,0.9258,0.9763,0.9997,HIGH,F1_login_count,26.7,F5_on_time_rate,13.5,F4_num_submitted,10.2,6,F1 login count (26.7%) and F5 on time rate (13.5%)
2195,OULAD_TEST_2195,0,0.0294,0.2947,0.0879,0.0579,0.0294,LOW,F6_inactive_days,18.4,F4_num_submitted,17.6,F1_login_count,12.4,1,F6 inactive days (18.4%) and F4 num submitted (17.6%)
2196,OULAD_TEST_2196,0,0.0957,0.31,0.3933,0.2285,0.0957,LOW,F1_login_count,19.4,F4_num_submitted,14.3,F6_inactive_days,14.1,13,F1 login count (19.4%) and F4 num submitted (14.3%)
2197,OULAD_TEST_2197,0,0.2411,0.4194,0.1758,0.1763,0.2411,LOW,F1_login_count,22.2,F5_on_time_rate,14.3,F6_inactive_days,14.0,16,F1 login count (22.2%) and F5 on time rate (14.3%)
2198,OULAD_TEST_2198,1,0.5869,0.8228,0.7589,0.7293,0.5869,MEDIUM,F1_login_count,21.0,F5_on_time_rate,12.5,F6_inactive_days,11.9,7,F1 login count (21.0%) and F5 on time rate (12.5%)
2199,OULAD_TEST_2199,0,0.0243,0.2564,0.0633,0.0409,0.0243,LOW,F1_login_count,17.7,F13_weeks_since_active,12.8,F6_inactive_days,8.9,1,F1 login count (17.7%) and F13 weeks since active (12.8%)
2200,OULAD_TEST_2200,0,0.1716,0.3075,0.1403,0.0532,0.1716,LOW,F1_login_count,17.2,F5_on_time_rate,11.7,F6_inactive_days,11.3,1,F1 login count (17.2%) and F5 on time rate (11.7%)
2201,OULAD_TEST_2201,0,0.043,0.266,0.1758,0.116,0.043,LOW,F1_login_count,18.2,F6_inactive_days,14.5,F4_num_submitted,13.1,1,F1 login count (18.2%) and F6 inactive days (14.5%)
2202,OULAD_TEST_2202,0,0.1526,0.562,0.3021,0.1779,0.1526,LOW,F1_login_count,20.9,F13_weeks_since_active,11.9,F5_on_time_rate,11.8,8,F1 login count (20.9%) and F13 weeks since active (11.9%)
2203,OULAD_TEST_2203,0,0.108,0.6921,0.5142,0.5103,0.108,LOW,F6_inactive_days,15.8,F4_num_submitted,14.4,F1_login_count,14.3,9,F6 inactive days (15.8%) and F4 num submitted (14.4%)
2204,OULAD_TEST_2204,0,0.4917,0.655,0.5101,0.3929,0.4917,MEDIUM,F1_login_count,20.7,F5_on_time_rate,11.4,F13_weeks_since_active,10.6,5,F1 login count (20.7%) and F5 on time rate (11.4%)
2205,OULAD_TEST_2205,0,0.3392,0.4705,0.6006,0.4975,0.3392,LOW,F1_login_count,17.5,F13_weeks_since_active,16.4,F5_on_time_rate,14.3,6,F1 login count (17.5%) and F13 weeks since active (16.4%)
2206,OULAD_TEST_2206,1,0.9976,0.3859,0.42,0.5651,0.9976,HIGH,F1_login_count,25.7,F5_on_time_rate,15.0,F6_inactive_days,11.2,17,F1 login count (25.7%) and F5 on time rate (15.0%)
2207,OULAD_TEST_2207,0,0.2299,0.5389,0.3434,0.4609,0.2299,LOW,F1_login_count,20.8,F6_inactive_days,13.8,F4_num_submitted,12.9,7,F1 login count (20.8%) and F6 inactive days (13.8%)
2208,OULAD_TEST_2208,1,0.2342,0.5282,0.4962,0.2069,0.2342,LOW,F1_login_count,22.3,F5_on_time_rate,11.6,F6_inactive_days,11.6,9,F1 login count (22.3%) and F5 on time rate (11.6%)
2209,OULAD_TEST_2209,1,0.0771,0.586,0.4095,0.2468,0.0771,LOW,F1_login_count,15.2,F4_num_submitted,15.0,F6_inactive_days,14.2,13,F1 login count (15.2%) and F4 num submitted (15.0%)
2210,OULAD_TEST_2210,0,0.0409,0.2133,0.1701,0.1613,0.0409,LOW,F13_weeks_since_active,13.2,F1_login_count,11.0,F6_inactive_days,10.2,8,F13 weeks since active (13.2%) and F1 login count (11.0%)
2211,OULAD_TEST_2211,1,0.8345,0.3511,0.5856,0.5843,0.8345,HIGH,F1_login_count,17.0,F6_inactive_days,16.1,F4_num_submitted,15.1,17,F1 login count (17.0%) and F6 inactive days (16.1%)
2212,OULAD_TEST_2212,0,0.0581,0.4873,0.2375,0.1331,0.0581,LOW,F1_login_count,21.8,F5_on_time_rate,15.3,F6_inactive_days,12.2,6,F1 login count (21.8%) and F5 on time rate (15.3%)
2213,OULAD_TEST_2213,0,0.0982,0.2908,0.3337,0.2047,0.0982,LOW,F4_num_submitted,14.4,F6_inactive_days,12.9,F5_on_time_rate,12.8,2,F4 num submitted (14.4%) and F6 inactive days (12.9%)
2214,OULAD_TEST_2214,0,0.1582,0.4047,0.3372,0.2586,0.1582,LOW,F1_login_count,19.9,F5_on_time_rate,12.6,F4_num_submitted,12.2,17,F1 login count (19.9%) and F5 on time rate (12.6%)
2215,OULAD_TEST_2215,0,0.1667,0.2607,0.2733,0.2636,0.1667,LOW,F1_login_count,15.7,F13_weeks_since_active,12.8,F5_on_time_rate,12.6,8,F1 login count (15.7%) and F13 weeks since active (12.8%)
2216,OULAD_TEST_2216,1,0.9897,0.467,0.442,0.8727,0.9897,HIGH,F1_login_count,22.7,F6_inactive_days,11.5,F13_weeks_since_active,11.3,12,F1 login count (22.7%) and F6 inactive days (11.5%)
2217,OULAD_TEST_2217,0,0.7925,0.5769,0.5636,0.626,0.7925,HIGH,F1_login_count,18.2,F4_num_submitted,14.2,F6_inactive_days,14.1,17,F1 login count (18.2%) and F4 num submitted (14.2%)
2218,OULAD_TEST_2218,0,0.2903,0.7465,0.7761,0.6005,0.2903,LOW,F5_on_time_rate,13.5,F1_login_count,11.8,F13_weeks_since_active,11.5,11,F5 on time rate (13.5%) and F1 login count (11.8%)
2219,OULAD_TEST_2219,0,0.0522,0.2567,0.2086,0.118,0.0522,LOW,F1_login_count,21.2,F6_inactive_days,12.7,F4_num_submitted,12.2,9,F1 login count (21.2%) and F6 inactive days (12.7%)
2220,OULAD_TEST_2220,1,0.3025,0.5399,0.4533,0.4656,0.3025,LOW,F1_login_count,27.5,F5_on_time_rate,15.4,F6_inactive_days,10.8,6,F1 login count (27.5%) and F5 on time rate (15.4%)
2221,OULAD_TEST_2221,0,0.5136,0.6711,0.5716,0.4739,0.5136,MEDIUM,F1_login_count,23.6,F5_on_time_rate,14.1,F13_weeks_since_active,10.5,5,F1 login count (23.6%) and F5 on time rate (14.1%)
2222,OULAD_TEST_2222,1,0.0485,0.2602,0.1413,0.1452,0.0485,LOW,F1_login_count,16.9,F13_weeks_since_active,13.3,F5_on_time_rate,11.4,8,F1 login count (16.9%) and F13 weeks since active (13.3%)
2223,OULAD_TEST_2223,0,0.7395,0.3797,0.2629,0.1382,0.7395,HIGH,F1_login_count,20.8,F6_inactive_days,14.7,F4_num_submitted,14.6,17,F1 login count (20.8%) and F6 inactive days (14.7%)
2224,OULAD_TEST_2224,0,0.2662,0.3471,0.6603,0.3927,0.2662,LOW,F6_inactive_days,16.1,F4_num_submitted,15.1,F5_on_time_rate,12.0,1,F6 inactive days (16.1%) and F4 num submitted (15.1%)
2225,OULAD_TEST_2225,0,0.1256,0.5055,0.4124,0.4922,0.1256,LOW,F6_inactive_days,15.3,F4_num_submitted,15.0,F5_on_time_rate,12.9,9,F6 inactive days (15.3%) and F4 num submitted (15.0%)
2226,OULAD_TEST_2226,1,0.998,0.3867,0.6754,0.9325,0.998,HIGH,F1_login_count,26.0,F5_on_time_rate,12.8,F6_inactive_days,12.5,14,F1 login count (26.0%) and F5 on time rate (12.8%)
2227,OULAD_TEST_2227,0,0.1156,0.6423,0.4789,0.3801,0.1156,LOW,F13_weeks_since_active,14.1,F4_num_submitted,12.2,F6_inactive_days,12.1,8,F13 weeks since active (14.1%) and F4 num submitted (12.2%)
2228,OULAD_TEST_2228,0,0.612,0.6635,0.6865,0.5024,0.612,MEDIUM,F1_login_count,18.5,F6_inactive_days,12.7,F4_num_submitted,11.9,9,F1 login count (18.5%) and F6 inactive days (12.7%)
2229,OULAD_TEST_2229,1,0.9995,0.7835,0.9056,0.9583,0.9995,HIGH,F1_login_count,27.1,F5_on_time_rate,14.0,F4_num_submitted,10.3,7,F1 login count (27.1%) and F5 on time rate (14.0%)
2230,OULAD_TEST_2230,1,0.2931,0.5796,0.4772,0.4714,0.2931,LOW,F1_login_count,19.9,F5_on_time_rate,13.7,F6_inactive_days,11.5,8,F1 login count (19.9%) and F5 on time rate (13.7%)
2231,OULAD_TEST_2231,0,0.0219,0.2982,0.1746,0.0536,0.0219,LOW,F1_login_count,16.8,F6_inactive_days,10.4,F13_weeks_since_active,10.1,2,F1 login count (16.8%) and F6 inactive days (10.4%)
2232,OULAD_TEST_2232,0,0.0306,0.4458,0.11,0.0899,0.0306,LOW,F1_login_count,16.3,F13_weeks_since_active,11.2,F6_inactive_days,10.1,5,F1 login count (16.3%) and F13 weeks since active (11.2%)
2233,OULAD_TEST_2233,0,0.0452,0.3235,0.4312,0.2117,0.0452,LOW,F4_num_submitted,16.9,F6_inactive_days,16.8,F5_on_time_rate,11.1,2,F4 num submitted (16.9%) and F6 inactive days (16.8%)
2234,OULAD_TEST_2234,0,0.5774,0.5355,0.7766,0.7144,0.5774,MEDIUM,F1_login_count,18.0,F4_num_submitted,12.0,F5_on_time_rate,11.9,17,F1 login count (18.0%) and F4 num submitted (12.0%)
2235,OULAD_TEST_2235,0,0.0201,0.3166,0.1828,0.2013,0.0201,LOW,F6_inactive_days,15.3,F4_num_submitted,14.8,F5_on_time_rate,11.4,1,F6 inactive days (15.3%) and F4 num submitted (14.8%)
2236,OULAD_TEST_2236,0,0.0411,0.3303,0.3152,0.1625,0.0411,LOW,F4_num_submitted,12.9,F6_inactive_days,10.4,F5_on_time_rate,10.3,1,F4 num submitted (12.9%) and F6 inactive days (10.4%)
2237,OULAD_TEST_2237,0,0.1866,0.3516,0.4297,0.2551,0.1866,LOW,F1_login_count,14.8,F13_weeks_since_active,11.8,F5_on_time_rate,10.6,2,F1 login count (14.8%) and F13 weeks since active (11.8%)
2238,OULAD_TEST_2238,0,0.5353,0.5524,0.5848,0.4777,0.5353,MEDIUM,F1_login_count,19.8,F4_num_submitted,14.1,F6_inactive_days,13.9,17,F1 login count (19.8%) and F4 num submitted (14.1%)
2239,OULAD_TEST_2239,0,0.0933,0.4368,0.398,0.2864,0.0933,LOW,F1_login_count,18.0,F5_on_time_rate,14.7,F13_weeks_since_active,13.5,6,F1 login count (18.0%) and F5 on time rate (14.7%)
2240,OULAD_TEST_2240,0,0.6558,0.5308,0.6915,0.871,0.6558,MEDIUM,F1_login_count,21.6,F6_inactive_days,13.1,F4_num_submitted,12.4,13,F1 login count (21.6%) and F6 inactive days (13.1%)
2241,OULAD_TEST_2241,0,0.0264,0.214,0.0859,0.1141,0.0264,LOW,F1_login_count,15.7,F6_inactive_days,13.0,F5_on_time_rate,12.7,1,F1 login count (15.7%) and F6 inactive days (13.0%)
2242,OULAD_TEST_2242,1,0.5665,0.6269,0.4545,0.4665,0.5665,MEDIUM,F1_login_count,18.9,F6_inactive_days,13.5,F4_num_submitted,13.0,17,F1 login count (18.9%) and F6 inactive days (13.5%)
2243,OULAD_TEST_2243,1,0.997,0.2986,0.3287,0.6696,0.997,HIGH,F1_login_count,26.0,F5_on_time_rate,14.2,F6_inactive_days,9.7,17,F1 login count (26.0%) and F5 on time rate (14.2%)
2244,OULAD_TEST_2244,0,0.119,0.3905,0.1842,0.3129,0.119,LOW,F5_on_time_rate,14.6,F1_login_count,13.8,F6_inactive_days,13.6,17,F5 on time rate (14.6%) and F1 login count (13.8%)
2245,OULAD_TEST_2245,0,0.1369,0.3236,0.1154,0.0865,0.1369,LOW,F1_login_count,17.6,F4_num_submitted,15.5,F6_inactive_days,15.1,7,F1 login count (17.6%) and F4 num submitted (15.5%)
2246,OULAD_TEST_2246,0,0.1237,0.6803,0.5668,0.1701,0.1237,LOW,F1_login_count,15.3,F13_weeks_since_active,11.4,F7_score_change,9.2,7,F1 login count (15.3%) and F13 weeks since active (11.4%)
2247,OULAD_TEST_2247,0,0.045,0.3153,0.1013,0.1785,0.045,LOW,F6_inactive_days,17.2,F4_num_submitted,16.8,F1_login_count,13.1,1,F6 inactive days (17.2%) and F4 num submitted (16.8%)
2248,OULAD_TEST_2248,1,0.9785,0.5251,0.7268,0.8613,0.9785,HIGH,F1_login_count,20.6,F5_on_time_rate,14.0,F4_num_submitted,12.9,14,F1 login count (20.6%) and F5 on time rate (14.0%)
2249,OULAD_TEST_2249,0,0.1359,0.4986,0.3343,0.2007,0.1359,LOW,F13_weeks_since_active,14.9,F1_login_count,12.0,F4_num_submitted,9.9,7,F13 weeks since active (14.9%) and F1 login count (12.0%)
2250,OULAD_TEST_2250,0,0.0812,0.2728,0.2652,0.2703,0.0812,LOW,F1_login_count,18.7,F6_inactive_days,14.5,F4_num_submitted,13.7,1,F1 login count (18.7%) and F6 inactive days (14.5%)
2251,OULAD_TEST_2251,0,0.3097,0.3697,0.6519,0.4512,0.3097,LOW,F1_login_count,21.9,F5_on_time_rate,14.8,F6_inactive_days,9.4,10,F1 login count (21.9%) and F5 on time rate (14.8%)
2252,OULAD_TEST_2252,1,0.9796,0.5887,0.9178,0.9861,0.9796,HIGH,F1_login_count,21.9,F6_inactive_days,11.0,F4_num_submitted,10.6,17,F1 login count (21.9%) and F6 inactive days (11.0%)
2253,OULAD_TEST_2253,0,0.3884,0.6871,0.6506,0.6076,0.3884,LOW,F1_login_count,21.5,F5_on_time_rate,12.7,F4_num_submitted,11.7,17,F1 login count (21.5%) and F5 on time rate (12.7%)
2254,OULAD_TEST_2254,0,0.2681,0.4784,0.3462,0.3856,0.2681,LOW,F1_login_count,23.7,F5_on_time_rate,13.9,F6_inactive_days,10.3,6,F1 login count (23.7%) and F5 on time rate (13.9%)
2255,OULAD_TEST_2255,0,0.0964,0.3202,0.2331,0.2055,0.0964,LOW,F1_login_count,16.5,F6_inactive_days,16.1,F4_num_submitted,14.5,13,F1 login count (16.5%) and F6 inactive days (16.1%)
2256,OULAD_TEST_2256,0,0.4067,0.5801,0.5897,0.6255,0.4067,MEDIUM,F1_login_count,21.5,F5_on_time_rate,15.5,F6_inactive_days,11.6,8,F1 login count (21.5%) and F5 on time rate (15.5%)
2257,OULAD_TEST_2257,0,0.0364,0.4917,0.1523,0.1153,0.0364,LOW,F6_inactive_days,17.0,F4_num_submitted,16.0,F1_login_count,13.5,5,F6 inactive days (17.0%) and F4 num submitted (16.0%)
2258,OULAD_TEST_2258,0,0.3157,0.28,0.1852,0.1071,0.3157,LOW,F1_login_count,20.2,F6_inactive_days,13.6,F4_num_submitted,13.4,17,F1 login count (20.2%) and F6 inactive days (13.6%)
2259,OULAD_TEST_2259,0,0.6055,0.6365,0.5401,0.4766,0.6055,MEDIUM,F1_login_count,19.1,F6_inactive_days,12.6,F4_num_submitted,12.3,12,F1 login count (19.1%) and F6 inactive days (12.6%)
2260,OULAD_TEST_2260,0,0.4277,0.2876,0.4076,0.8152,0.4277,MEDIUM,F1_login_count,25.2,F5_on_time_rate,14.1,F6_inactive_days,11.8,13,F1 login count (25.2%) and F5 on time rate (14.1%)
2261,OULAD_TEST_2261,1,0.8377,0.6227,0.5859,0.6709,0.8377,HIGH,F1_login_count,19.7,F4_num_submitted,16.1,F6_inactive_days,15.9,14,F1 login count (19.7%) and F4 num submitted (16.1%)
2262,OULAD_TEST_2262,1,0.9986,0.3562,0.9537,0.9444,0.9986,HIGH,F1_login_count,20.3,F6_inactive_days,13.0,F4_num_submitted,12.6,13,F1 login count (20.3%) and F6 inactive days (13.0%)
2263,OULAD_TEST_2263,0,0.0341,0.2596,0.1368,0.052,0.0341,LOW,F1_login_count,15.5,F13_weeks_since_active,13.7,F7_score_change,9.2,1,F1 login count (15.5%) and F13 weeks since active (13.7%)
2264,OULAD_TEST_2264,0,0.1,0.2899,0.3372,0.2488,0.1,LOW,F1_login_count,19.9,F6_inactive_days,15.2,F4_num_submitted,14.2,1,F1 login count (19.9%) and F6 inactive days (15.2%)
2265,OULAD_TEST_2265,0,0.0639,0.6493,0.2298,0.1103,0.0639,LOW,F1_login_count,23.1,F6_inactive_days,13.2,F5_on_time_rate,12.8,8,F1 login count (23.1%) and F6 inactive days (13.2%)
2266,OULAD_TEST_2266,0,0.1332,0.2987,0.2829,0.2304,0.1332,LOW,F1_login_count,16.9,F13_weeks_since_active,12.6,F5_on_time_rate,11.5,8,F1 login count (16.9%) and F13 weeks since active (12.6%)
2267,OULAD_TEST_2267,1,0.4196,0.4322,0.2143,0.323,0.4196,MEDIUM,F1_login_count,17.0,F5_on_time_rate,12.4,F6_inactive_days,11.4,17,F1 login count (17.0%) and F5 on time rate (12.4%)
2268,OULAD_TEST_2268,0,0.086,0.391,0.1595,0.1367,0.086,LOW,F6_inactive_days,15.4,F4_num_submitted,14.8,F1_login_count,12.3,16,F6 inactive days (15.4%) and F4 num submitted (14.8%)
2269,OULAD_TEST_2269,1,0.9365,0.808,0.9563,0.9507,0.9365,HIGH,F1_login_count,17.9,F4_num_submitted,14.6,F6_inactive_days,13.7,11,F1 login count (17.9%) and F4 num submitted (14.6%)
2270,OULAD_TEST_2270,0,0.3439,0.6457,0.6179,0.5295,0.3439,LOW,F4_num_submitted,15.5,F1_login_count,15.4,F6_inactive_days,14.9,13,F4 num submitted (15.5%) and F1 login count (15.4%)
2271,OULAD_TEST_2271,0,0.5191,0.3404,0.4285,0.6632,0.5191,MEDIUM,F1_login_count,17.6,F6_inactive_days,14.3,F4_num_submitted,12.9,15,F1 login count (17.6%) and F6 inactive days (14.3%)
2272,OULAD_TEST_2272,0,0.0597,0.2947,0.1732,0.073,0.0597,LOW,F4_num_submitted,13.0,F6_inactive_days,12.3,F5_on_time_rate,10.4,1,F4 num submitted (13.0%) and F6 inactive days (12.3%)
2273,OULAD_TEST_2273,1,0.5998,0.7376,0.6116,0.6851,0.5998,MEDIUM,F1_login_count,20.7,F6_inactive_days,12.6,F5_on_time_rate,12.3,7,F1 login count (20.7%) and F6 inactive days (12.6%)
2274,OULAD_TEST_2274,0,0.1096,0.5568,0.3058,0.2459,0.1096,LOW,F4_num_submitted,14.3,F6_inactive_days,13.9,F1_login_count,13.5,8,F4 num submitted (14.3%) and F6 inactive days (13.9%)
2275,OULAD_TEST_2275,0,0.217,0.4612,0.3572,0.1184,0.217,LOW,F1_login_count,26.7,F6_inactive_days,11.2,F4_num_submitted,10.9,9,F1 login count (26.7%) and F6 inactive days (11.2%)
2276,OULAD_TEST_2276,0,0.7466,0.6721,0.7205,0.6974,0.7466,HIGH,F1_login_count,22.5,F4_num_submitted,12.6,F6_inactive_days,12.4,9,F1 login count (22.5%) and F4 num submitted (12.6%)
2277,OULAD_TEST_2277,0,0.3115,0.6286,0.4846,0.377,0.3115,LOW,F1_login_count,19.4,F5_on_time_rate,13.3,F13_weeks_since_active,11.8,8,F1 login count (19.4%) and F5 on time rate (13.3%)
2278,OULAD_TEST_2278,0,0.041,0.3876,0.0883,0.0496,0.041,LOW,F1_login_count,21.8,F5_on_time_rate,13.7,F6_inactive_days,13.4,1,F1 login count (21.8%) and F5 on time rate (13.7%)
2279,OULAD_TEST_2279,0,0.0811,0.4236,0.1452,0.2231,0.0811,LOW,F4_num_submitted,14.7,F6_inactive_days,13.5,F5_on_time_rate,11.4,1,F4 num submitted (14.7%) and F6 inactive days (13.5%)
2280,OULAD_TEST_2280,0,0.3019,0.3389,0.453,0.3612,0.3019,LOW,F1_login_count,14.1,F6_inactive_days,12.4,F5_on_time_rate,12.0,16,F1 login count (14.1%) and F6 inactive days (12.4%)
2281,OULAD_TEST_2281,0,0.4009,0.493,0.3965,0.2779,0.4009,MEDIUM,F1_login_count,19.5,F13_weeks_since_active,13.9,F5_on_time_rate,13.7,5,F1 login count (19.5%) and F13 weeks since active (13.9%)
2282,OULAD_TEST_2282,0,0.1379,0.4426,0.3748,0.1793,0.1379,LOW,F1_login_count,19.6,F5_on_time_rate,11.4,F6_inactive_days,11.3,5,F1 login count (19.6%) and F5 on time rate (11.4%)
2283,OULAD_TEST_2283,0,0.1192,0.5194,0.3161,0.206,0.1192,LOW,F1_login_count,22.4,F5_on_time_rate,12.7,F13_weeks_since_active,10.6,8,F1 login count (22.4%) and F5 on time rate (12.7%)
2284,OULAD_TEST_2284,1,0.6546,0.3227,0.3478,0.2607,0.6546,MEDIUM,F1_login_count,18.8,F6_inactive_days,13.8,F4_num_submitted,12.6,2,F1 login count (18.8%) and F6 inactive days (13.8%)
2285,OULAD_TEST_2285,0,0.6197,0.4671,0.5369,0.7465,0.6197,MEDIUM,F1_login_count,21.6,F6_inactive_days,12.6,F4_num_submitted,12.4,17,F1 login count (21.6%) and F6 inactive days (12.6%)
2286,OULAD_TEST_2286,1,0.9818,0.8255,0.9477,0.9566,0.9818,HIGH,F1_login_count,23.8,F5_on_time_rate,15.2,F4_num_submitted,10.9,17,F1 login count (23.8%) and F5 on time rate (15.2%)
2287,OULAD_TEST_2287,1,0.4112,0.4581,0.439,0.4127,0.4112,MEDIUM,F1_login_count,13.4,F13_weeks_since_active,11.7,F4_num_submitted,11.5,17,F1 login count (13.4%) and F13 weeks since active (11.7%)
2288,OULAD_TEST_2288,0,0.1212,0.3604,0.2286,0.144,0.1212,LOW,F1_login_count,22.7,F5_on_time_rate,15.7,F6_inactive_days,9.6,7,F1 login count (22.7%) and F5 on time rate (15.7%)
2289,OULAD_TEST_2289,0,0.1811,0.287,0.2574,0.2403,0.1811,LOW,F4_num_submitted,14.5,F6_inactive_days,13.6,F13_weeks_since_active,12.6,1,F4 num submitted (14.5%) and F6 inactive days (13.6%)
2290,OULAD_TEST_2290,0,0.0958,0.4592,0.1248,0.0725,0.0958,LOW,F1_login_count,20.0,F6_inactive_days,14.1,F4_num_submitted,13.1,5,F1 login count (20.0%) and F6 inactive days (14.1%)
2291,OULAD_TEST_2291,0,0.2594,0.4889,0.2508,0.2742,0.2594,LOW,F1_login_count,26.2,F5_on_time_rate,14.6,F6_inactive_days,11.0,6,F1 login count (26.2%) and F5 on time rate (14.6%)
2292,OULAD_TEST_2292,0,0.3494,0.5539,0.3633,0.2355,0.3494,LOW,F1_login_count,22.0,F5_on_time_rate,12.5,F13_weeks_since_active,10.1,8,F1 login count (22.0%) and F5 on time rate (12.5%)
2293,OULAD_TEST_2293,1,0.9997,0.7123,0.7628,0.9806,0.9997,HIGH,F1_login_count,21.4,F4_num_submitted,15.7,F6_inactive_days,14.8,17,F1 login count (21.4%) and F4 num submitted (15.7%)
2294,OULAD_TEST_2294,0,0.6378,0.7072,0.8132,0.851,0.6378,MEDIUM,F1_login_count,17.5,F6_inactive_days,15.1,F4_num_submitted,15.0,9,F1 login count (17.5%) and F6 inactive days (15.1%)
2295,OULAD_TEST_2295,0,0.239,0.4133,0.3835,0.4192,0.239,LOW,F1_login_count,22.5,F5_on_time_rate,13.1,F6_inactive_days,11.7,7,F1 login count (22.5%) and F5 on time rate (13.1%)
2296,OULAD_TEST_2296,0,0.4047,0.6044,0.4456,0.4666,0.4047,MEDIUM,F1_login_count,19.5,F5_on_time_rate,15.6,F6_inactive_days,10.7,8,F1 login count (19.5%) and F5 on time rate (15.6%)
2297,OULAD_TEST_2297,0,0.0744,0.3843,0.4839,0.3925,0.0744,LOW,F1_login_count,17.6,F6_inactive_days,14.6,F4_num_submitted,13.9,13,F1 login count (17.6%) and F6 inactive days (14.6%)
2298,OULAD_TEST_2298,0,0.1968,0.4688,0.3044,0.2461,0.1968,LOW,F1_login_count,21.0,F5_on_time_rate,12.5,F4_num_submitted,11.0,17,F1 login count (21.0%) and F5 on time rate (12.5%)
2299,OULAD_TEST_2299,0,0.176,0.4141,0.4912,0.4983,0.176,LOW,F1_login_count,24.3,F5_on_time_rate,13.4,F6_inactive_days,12.6,9,F1 login count (24.3%) and F5 on time rate (13.4%)
2300,OULAD_TEST_2300,0,0.145,0.2726,0.2684,0.2649,0.145,LOW,F6_inactive_days,15.6,F4_num_submitted,15.1,F1_login_count,14.5,1,F6 inactive days (15.6%) and F4 num submitted (15.1%)
2301,OULAD_TEST_2301,0,0.092,0.3016,0.2694,0.1968,0.092,LOW,F1_login_count,22.6,F5_on_time_rate,13.2,F4_num_submitted,10.9,2,F1 login count (22.6%) and F5 on time rate (13.2%)
2302,OULAD_TEST_2302,0,0.374,0.4308,0.3691,0.3718,0.374,LOW,F1_login_count,16.9,F4_num_submitted,13.8,F6_inactive_days,13.3,13,F1 login count (16.9%) and F4 num submitted (13.8%)
2303,OULAD_TEST_2303,1,0.9719,0.6778,0.7192,0.5552,0.9719,HIGH,F1_login_count,24.7,F5_on_time_rate,14.1,F4_num_submitted,11.2,5,F1 login count (24.7%) and F5 on time rate (14.1%)
2304,OULAD_TEST_2304,1,0.9993,0.6829,0.8204,0.9581,0.9993,HIGH,F1_login_count,26.5,F5_on_time_rate,14.7,F4_num_submitted,11.0,13,F1 login count (26.5%) and F5 on time rate (14.7%)
2305,OULAD_TEST_2305,0,0.7601,0.4481,0.3659,0.3943,0.7601,HIGH,F1_login_count,16.7,F6_inactive_days,11.7,F5_on_time_rate,10.8,17,F1 login count (16.7%) and F6 inactive days (11.7%)
2306,OULAD_TEST_2306,0,0.3055,0.4725,0.2282,0.1699,0.3055,LOW,F1_login_count,16.4,F6_inactive_days,14.1,F4_num_submitted,13.9,2,F1 login count (16.4%) and F6 inactive days (14.1%)
2307,OULAD_TEST_2307,0,0.5412,0.4016,0.5675,0.3386,0.5412,MEDIUM,F1_login_count,17.2,F4_num_submitted,17.1,F6_inactive_days,16.9,17,F1 login count (17.2%) and F4 num submitted (17.1%)
2308,OULAD_TEST_2308,0,0.0158,0.2317,0.1414,0.0343,0.0158,LOW,F1_login_count,15.2,F4_num_submitted,12.8,F6_inactive_days,11.7,1,F1 login count (15.2%) and F4 num submitted (12.8%)
2309,OULAD_TEST_2309,0,0.1193,0.3261,0.3981,0.3079,0.1193,LOW,F13_weeks_since_active,12.8,F1_login_count,11.3,F5_on_time_rate,9.5,1,F13 weeks since active (12.8%) and F1 login count (11.3%)
2310,OULAD_TEST_2310,1,0.9984,0.5589,0.7023,0.8263,0.9984,HIGH,F1_login_count,28.5,F5_on_time_rate,15.2,F4_num_submitted,10.5,13,F1 login count (28.5%) and F5 on time rate (15.2%)
2311,OULAD_TEST_2311,0,0.4026,0.4097,0.4665,0.4012,0.4026,MEDIUM,F1_login_count,20.5,F5_on_time_rate,14.4,F6_inactive_days,10.4,7,F1 login count (20.5%) and F5 on time rate (14.4%)
2312,OULAD_TEST_2312,0,0.0935,0.4559,0.2851,0.3133,0.0935,LOW,F6_inactive_days,17.1,F4_num_submitted,16.2,F13_weeks_since_active,10.3,14,F6 inactive days (17.1%) and F4 num submitted (16.2%)
2313,OULAD_TEST_2313,0,0.4935,0.4884,0.4567,0.6979,0.4935,MEDIUM,F1_login_count,19.0,F4_num_submitted,15.8,F6_inactive_days,15.4,13,F1 login count (19.0%) and F4 num submitted (15.8%)
2314,OULAD_TEST_2314,0,0.288,0.5313,0.341,0.2734,0.288,LOW,F1_login_count,23.1,F6_inactive_days,12.6,F4_num_submitted,12.4,17,F1 login count (23.1%) and F6 inactive days (12.6%)
2315,OULAD_TEST_2315,1,0.9678,0.7838,0.9081,0.9,0.9678,HIGH,F1_login_count,21.0,F5_on_time_rate,12.6,F4_num_submitted,12.0,14,F1 login count (21.0%) and F5 on time rate (12.6%)
2316,OULAD_TEST_2316,1,0.8813,0.5251,0.9267,0.6795,0.8813,HIGH,F4_num_submitted,17.0,F1_login_count,16.9,F6_inactive_days,16.4,17,F4 num submitted (17.0%) and F1 login count (16.9%)
2317,OULAD_TEST_2317,1,0.4252,0.362,0.2693,0.1845,0.4252,MEDIUM,F1_login_count,18.5,F6_inactive_days,15.0,F4_num_submitted,14.9,17,F1 login count (18.5%) and F6 inactive days (15.0%)
2318,OULAD_TEST_2318,0,0.1806,0.5801,0.3397,0.3513,0.1806,LOW,F1_login_count,19.5,F5_on_time_rate,12.7,F4_num_submitted,11.0,14,F1 login count (19.5%) and F5 on time rate (12.7%)
2319,OULAD_TEST_2319,0,0.0984,0.5106,0.4886,0.3207,0.0984,LOW,F1_login_count,17.5,F13_weeks_since_active,11.8,F5_on_time_rate,10.3,5,F1 login count (17.5%) and F13 weeks since active (11.8%)
2320,OULAD_TEST_2320,1,0.8153,0.7034,0.8525,0.8235,0.8153,HIGH,F1_login_count,18.4,F4_num_submitted,15.3,F6_inactive_days,14.9,13,F1 login count (18.4%) and F4 num submitted (15.3%)
2321,OULAD_TEST_2321,0,0.1097,0.32,0.1694,0.2838,0.1097,LOW,F1_login_count,21.6,F6_inactive_days,15.5,F4_num_submitted,14.8,6,F1 login count (21.6%) and F6 inactive days (15.5%)
2322,OULAD_TEST_2322,1,0.3475,0.4023,0.6606,0.4195,0.3475,LOW,F1_login_count,18.8,F4_num_submitted,14.3,F6_inactive_days,13.5,15,F1 login count (18.8%) and F4 num submitted (14.3%)
2323,OULAD_TEST_2323,0,0.0838,0.5221,0.3945,0.2201,0.0838,LOW,F1_login_count,19.6,F5_on_time_rate,14.4,F13_weeks_since_active,14.0,5,F1 login count (19.6%) and F5 on time rate (14.4%)
2324,OULAD_TEST_2324,1,0.0984,0.4942,0.1704,0.1738,0.0984,LOW,F1_login_count,20.9,F5_on_time_rate,12.2,F6_inactive_days,12.0,7,F1 login count (20.9%) and F5 on time rate (12.2%)
2325,OULAD_TEST_2325,0,0.0532,0.3209,0.1049,0.1508,0.0532,LOW,F1_login_count,14.6,F6_inactive_days,12.0,F4_num_submitted,11.9,2,F1 login count (14.6%) and F6 inactive days (12.0%)
2326,OULAD_TEST_2326,0,0.2059,0.4782,0.4234,0.2859,0.2059,LOW,F1_login_count,18.3,F13_weeks_since_active,15.4,F5_on_time_rate,14.1,6,F1 login count (18.3%) and F13 weeks since active (15.4%)
2327,OULAD_TEST_2327,1,0.9995,0.3044,0.9125,0.9538,0.9995,HIGH,F1_login_count,26.7,F5_on_time_rate,14.2,F13_weeks_since_active,9.9,15,F1 login count (26.7%) and F5 on time rate (14.2%)
2328,OULAD_TEST_2328,0,0.1904,0.5083,0.2223,0.1199,0.1904,LOW,F1_login_count,24.2,F5_on_time_rate,15.5,F6_inactive_days,10.6,9,F1 login count (24.2%) and F5 on time rate (15.5%)
2329,OULAD_TEST_2329,0,0.3964,0.5612,0.4139,0.4477,0.3964,LOW,F1_login_count,23.7,F5_on_time_rate,16.3,F6_inactive_days,12.0,8,F1 login count (23.7%) and F5 on time rate (16.3%)
2330,OULAD_TEST_2330,0,0.4888,0.5518,0.5956,0.6339,0.4888,MEDIUM,F1_login_count,25.1,F5_on_time_rate,16.7,F6_inactive_days,10.8,8,F1 login count (25.1%) and F5 on time rate (16.7%)
2331,OULAD_TEST_2331,1,0.8698,0.4069,0.7587,0.835,0.8698,HIGH,F1_login_count,28.0,F5_on_time_rate,14.3,F6_inactive_days,9.6,11,F1 login count (28.0%) and F5 on time rate (14.3%)
2332,OULAD_TEST_2332,0,0.6513,0.7524,0.6984,0.7818,0.6513,MEDIUM,F1_login_count,20.4,F13_weeks_since_active,13.0,F5_on_time_rate,12.9,15,F1 login count (20.4%) and F13 weeks since active (13.0%)
2333,OULAD_TEST_2333,0,0.0677,0.3987,0.1895,0.0959,0.0677,LOW,F6_inactive_days,14.5,F4_num_submitted,13.8,F5_on_time_rate,11.4,8,F6 inactive days (14.5%) and F4 num submitted (13.8%)
2334,OULAD_TEST_2334,0,0.5114,0.5336,0.7701,0.8506,0.5114,MEDIUM,F1_login_count,24.8,F5_on_time_rate,12.6,F6_inactive_days,12.6,8,F1 login count (24.8%) and F5 on time rate (12.6%)
2335,OULAD_TEST_2335,1,0.9993,0.5766,0.8562,0.9181,0.9993,HIGH,F1_login_count,26.0,F5_on_time_rate,13.4,F4_num_submitted,11.7,17,F1 login count (26.0%) and F5 on time rate (13.4%)
2336,OULAD_TEST_2336,0,0.634,0.7363,0.7109,0.7122,0.634,MEDIUM,F1_login_count,19.6,F4_num_submitted,11.5,F5_on_time_rate,11.2,17,F1 login count (19.6%) and F4 num submitted (11.5%)
2337,OULAD_TEST_2337,0,0.6353,0.3771,0.3936,0.2845,0.6353,MEDIUM,F1_login_count,17.2,F6_inactive_days,13.0,F4_num_submitted,11.6,2,F1 login count (17.2%) and F6 inactive days (13.0%)
2338,OULAD_TEST_2338,0,0.3015,0.4328,0.8467,0.8669,0.3015,LOW,F1_login_count,15.1,F6_inactive_days,12.8,F5_on_time_rate,12.8,16,F1 login count (15.1%) and F6 inactive days (12.8%)
2339,OULAD_TEST_2339,1,0.9007,0.5794,0.715,0.751,0.9007,HIGH,F1_login_count,22.5,F5_on_time_rate,12.9,F4_num_submitted,10.3,14,F1 login count (22.5%) and F5 on time rate (12.9%)
2340,OULAD_TEST_2340,0,0.1495,0.551,0.3268,0.2012,0.1495,LOW,F1_login_count,26.0,F5_on_time_rate,15.6,F6_inactive_days,10.7,8,F1 login count (26.0%) and F5 on time rate (15.6%)
2341,OULAD_TEST_2341,1,0.7329,0.8723,0.9712,0.9669,0.7329,HIGH,F1_login_count,16.5,F6_inactive_days,14.9,F4_num_submitted,14.8,14,F1 login count (16.5%) and F6 inactive days (14.9%)
2342,OULAD_TEST_2342,0,0.3354,0.6064,0.6006,0.5356,0.3354,LOW,F13_weeks_since_active,13.4,F1_login_count,13.1,F5_on_time_rate,12.5,13,F13 weeks since active (13.4%) and F1 login count (13.1%)
2343,OULAD_TEST_2343,0,0.4371,0.4447,0.6149,0.6863,0.4371,MEDIUM,F1_login_count,27.8,F5_on_time_rate,15.5,F13_weeks_since_active,9.0,7,F1 login count (27.8%) and F5 on time rate (15.5%)
2344,OULAD_TEST_2344,0,0.1318,0.5673,0.4108,0.2766,0.1318,LOW,F1_login_count,27.1,F5_on_time_rate,16.5,F6_inactive_days,10.2,8,F1 login count (27.1%) and F5 on time rate (16.5%)
2345,OULAD_TEST_2345,1,0.483,0.5202,0.5673,0.592,0.483,MEDIUM,F1_login_count,28.5,F5_on_time_rate,17.2,F2_vle_clicks,10.3,5,F1 login count (28.5%) and F5 on time rate (17.2%)
2346,OULAD_TEST_2346,0,0.1091,0.4592,0.2853,0.5506,0.1091,LOW,F1_login_count,19.0,F5_on_time_rate,13.0,F6_inactive_days,12.3,7,F1 login count (19.0%) and F5 on time rate (13.0%)
2347,OULAD_TEST_2347,0,0.4636,0.5763,0.5855,0.5642,0.4636,MEDIUM,F1_login_count,24.1,F5_on_time_rate,13.9,F6_inactive_days,13.9,16,F1 login count (24.1%) and F5 on time rate (13.9%)
2348,OULAD_TEST_2348,0,0.5036,0.4403,0.7808,0.8263,0.5036,MEDIUM,F1_login_count,26.7,F5_on_time_rate,14.1,F6_inactive_days,12.2,15,F1 login count (26.7%) and F5 on time rate (14.1%)
2349,OULAD_TEST_2349,0,0.9218,0.8031,0.7522,0.864,0.9218,HIGH,F1_login_count,18.2,F4_num_submitted,16.1,F6_inactive_days,15.5,17,F1 login count (18.2%) and F4 num submitted (16.1%)
2350,OULAD_TEST_2350,0,0.2515,0.5347,0.333,0.3744,0.2515,LOW,F1_login_count,26.9,F5_on_time_rate,15.3,F6_inactive_days,11.0,6,F1 login count (26.9%) and F5 on time rate (15.3%)
2351,OULAD_TEST_2351,0,0.3251,0.4102,0.425,0.2769,0.3251,LOW,F1_login_count,16.5,F13_weeks_since_active,12.5,F5_on_time_rate,11.6,7,F1 login count (16.5%) and F13 weeks since active (12.5%)
2352,OULAD_TEST_2352,0,0.0384,0.4768,0.2627,0.0928,0.0384,LOW,F1_login_count,18.9,F6_inactive_days,14.3,F4_num_submitted,13.4,11,F1 login count (18.9%) and F6 inactive days (14.3%)
2353,OULAD_TEST_2353,0,0.1433,0.2806,0.4091,0.5318,0.1433,LOW,F1_login_count,18.6,F6_inactive_days,15.9,F4_num_submitted,15.6,13,F1 login count (18.6%) and F6 inactive days (15.9%)
2354,OULAD_TEST_2354,1,0.9952,0.4752,0.5503,0.3936,0.9952,HIGH,F1_login_count,21.8,F6_inactive_days,14.0,F4_num_submitted,14.0,9,F1 login count (21.8%) and F6 inactive days (14.0%)
2355,OULAD_TEST_2355,1,0.4816,0.6047,0.528,0.4288,0.4816,MEDIUM,F1_login_count,18.3,F6_inactive_days,15.4,F4_num_submitted,14.1,11,F1 login count (18.3%) and F6 inactive days (15.4%)
2356,OULAD_TEST_2356,1,0.9056,0.7799,0.5641,0.7495,0.9056,HIGH,F1_login_count,18.0,F4_num_submitted,13.6,F6_inactive_days,13.5,5,F1 login count (18.0%) and F4 num submitted (13.6%)
2357,OULAD_TEST_2357,0,0.0283,0.4123,0.188,0.1792,0.0283,LOW,F1_login_count,20.2,F6_inactive_days,13.8,F4_num_submitted,13.0,1,F1 login count (20.2%) and F6 inactive days (13.8%)
2358,OULAD_TEST_2358,0,0.2215,0.5336,0.3613,0.3421,0.2215,LOW,F1_login_count,26.4,F5_on_time_rate,15.0,F6_inactive_days,11.1,6,F1 login count (26.4%) and F5 on time rate (15.0%)
2359,OULAD_TEST_2359,0,0.2886,0.5204,0.4221,0.3289,0.2886,LOW,F13_weeks_since_active,16.5,F1_login_count,15.4,F5_on_time_rate,12.9,6,F13 weeks since active (16.5%) and F1 login count (15.4%)
2360,OULAD_TEST_2360,1,0.9897,0.4801,0.5451,0.5209,0.9897,HIGH,F1_login_count,26.9,F5_on_time_rate,13.7,F13_weeks_since_active,10.6,7,F1 login count (26.9%) and F5 on time rate (13.7%)
2361,OULAD_TEST_2361,0,0.3868,0.3652,0.2523,0.7613,0.3868,LOW,F1_login_count,20.5,F6_inactive_days,11.9,F5_on_time_rate,11.6,17,F1 login count (20.5%) and F6 inactive days (11.9%)
2362,OULAD_TEST_2362,0,0.2704,0.4982,0.3657,0.297,0.2704,LOW,F1_login_count,24.8,F5_on_time_rate,14.0,F6_inactive_days,10.0,8,F1 login count (24.8%) and F5 on time rate (14.0%)
2363,OULAD_TEST_2363,0,0.1079,0.3833,0.4361,0.3785,0.1079,LOW,F6_inactive_days,17.4,F4_num_submitted,17.3,F5_on_time_rate,12.3,13,F6 inactive days (17.4%) and F4 num submitted (17.3%)
2364,OULAD_TEST_2364,1,0.9902,0.7538,0.5624,0.9122,0.9902,HIGH,F1_login_count,20.0,F13_weeks_since_active,12.3,F6_inactive_days,12.1,12,F1 login count (20.0%) and F13 weeks since active (12.3%)
2365,OULAD_TEST_2365,1,0.2673,0.4127,0.4747,0.2147,0.2673,LOW,F1_login_count,14.2,F5_on_time_rate,13.0,F6_inactive_days,11.3,1,F1 login count (14.2%) and F5 on time rate (13.0%)
2366,OULAD_TEST_2366,0,0.2585,0.364,0.247,0.2623,0.2585,LOW,F1_login_count,20.9,F4_num_submitted,14.3,F6_inactive_days,14.3,1,F1 login count (20.9%) and F4 num submitted (14.3%)
2367,OULAD_TEST_2367,0,0.546,0.4492,0.3393,0.3662,0.546,MEDIUM,F1_login_count,17.1,F6_inactive_days,15.6,F4_num_submitted,15.1,16,F1 login count (17.1%) and F6 inactive days (15.6%)
2368,OULAD_TEST_2368,1,0.7131,0.6861,0.784,0.8174,0.7131,HIGH,F1_login_count,17.7,F6_inactive_days,14.5,F4_num_submitted,14.4,9,F1 login count (17.7%) and F6 inactive days (14.5%)
2369,OULAD_TEST_2369,0,0.3647,0.6954,0.6913,0.8091,0.3647,LOW,F1_login_count,19.5,F6_inactive_days,13.0,F4_num_submitted,12.2,11,F1 login count (19.5%) and F6 inactive days (13.0%)
2370,OULAD_TEST_2370,0,0.067,0.2641,0.1649,0.07,0.067,LOW,F13_weeks_since_active,13.2,F4_num_submitted,12.3,F6_inactive_days,11.9,1,F13 weeks since active (13.2%) and F4 num submitted (12.3%)
2371,OULAD_TEST_2371,0,0.3622,0.4971,0.417,0.3125,0.3622,LOW,F1_login_count,18.5,F13_weeks_since_active,15.6,F5_on_time_rate,14.2,5,F1 login count (18.5%) and F13 weeks since active (15.6%)
2372,OULAD_TEST_2372,1,0.8691,0.6255,0.8869,0.9142,0.8691,HIGH,F1_login_count,22.7,F5_on_time_rate,13.2,F6_inactive_days,10.4,15,F1 login count (22.7%) and F5 on time rate (13.2%)
2373,OULAD_TEST_2373,0,0.781,0.6056,0.795,0.8491,0.781,HIGH,F1_login_count,25.3,F5_on_time_rate,15.0,F6_inactive_days,10.3,9,F1 login count (25.3%) and F5 on time rate (15.0%)
2374,OULAD_TEST_2374,0,0.1201,0.4044,0.3049,0.1974,0.1201,LOW,F1_login_count,20.8,F6_inactive_days,15.0,F4_num_submitted,14.0,11,F1 login count (20.8%) and F6 inactive days (15.0%)
2375,OULAD_TEST_2375,0,0.0636,0.2873,0.15,0.1196,0.0636,LOW,F1_login_count,21.2,F5_on_time_rate,13.2,F4_num_submitted,11.4,1,F1 login count (21.2%) and F5 on time rate (13.2%)
2376,OULAD_TEST_2376,0,0.5796,0.3885,0.4218,0.4162,0.5796,MEDIUM,F1_login_count,19.0,F4_num_submitted,13.7,F6_inactive_days,13.7,17,F1 login count (19.0%) and F4 num submitted (13.7%)
2377,OULAD_TEST_2377,1,0.5282,0.3518,0.5975,0.6925,0.5282,MEDIUM,F1_login_count,24.9,F5_on_time_rate,12.7,F6_inactive_days,10.7,16,F1 login count (24.9%) and F5 on time rate (12.7%)
2378,OULAD_TEST_2378,0,0.8405,0.5531,0.7445,0.813,0.8405,HIGH,F1_login_count,17.8,F4_num_submitted,13.3,F6_inactive_days,13.2,15,F1 login count (17.8%) and F4 num submitted (13.3%)
2379,OULAD_TEST_2379,0,0.4267,0.5016,0.6895,0.5109,0.4267,MEDIUM,F6_inactive_days,14.6,F4_num_submitted,13.4,F1_login_count,12.4,9,F6 inactive days (14.6%) and F4 num submitted (13.4%)
2380,OULAD_TEST_2380,0,0.2908,0.4439,0.5193,0.4436,0.2908,LOW,F6_inactive_days,16.4,F4_num_submitted,15.4,F1_login_count,11.8,16,F6 inactive days (16.4%) and F4 num submitted (15.4%)
2381,OULAD_TEST_2381,0,0.0783,0.3165,0.2048,0.1637,0.0783,LOW,F1_login_count,14.3,F13_weeks_since_active,10.9,F7_score_change,9.7,1,F1 login count (14.3%) and F13 weeks since active (10.9%)
2382,OULAD_TEST_2382,1,0.8595,0.6209,0.6514,0.6944,0.8595,HIGH,F1_login_count,22.3,F13_weeks_since_active,11.7,F5_on_time_rate,11.3,12,F1 login count (22.3%) and F13 weeks since active (11.7%)
2383,OULAD_TEST_2383,0,0.0285,0.3527,0.2253,0.0904,0.0285,LOW,F13_weeks_since_active,14.8,F1_login_count,11.5,F4_num_submitted,10.2,7,F13 weeks since active (14.8%) and F1 login count (11.5%)
2384,OULAD_TEST_2384,1,0.9262,0.5305,0.8586,0.8884,0.9262,HIGH,F1_login_count,19.0,F4_num_submitted,15.1,F6_inactive_days,14.3,6,F1 login count (19.0%) and F4 num submitted (15.1%)
2385,OULAD_TEST_2385,1,0.8459,0.8415,0.9302,0.8273,0.8459,HIGH,F1_login_count,17.4,F6_inactive_days,12.8,F4_num_submitted,12.3,11,F1 login count (17.4%) and F6 inactive days (12.8%)
2386,OULAD_TEST_2386,0,0.5746,0.4287,0.5586,0.5308,0.5746,MEDIUM,F1_login_count,22.1,F5_on_time_rate,13.2,F6_inactive_days,10.3,7,F1 login count (22.1%) and F5 on time rate (13.2%)
2387,OULAD_TEST_2387,0,0.5481,0.3714,0.7077,0.4939,0.5481,MEDIUM,F1_login_count,20.0,F6_inactive_days,13.2,F4_num_submitted,12.1,14,F1 login count (20.0%) and F6 inactive days (13.2%)
2388,OULAD_TEST_2388,1,0.954,0.8158,0.9157,0.9691,0.954,HIGH,F1_login_count,22.9,F4_num_submitted,15.5,F6_inactive_days,14.9,13,F1 login count (22.9%) and F4 num submitted (15.5%)
2389,OULAD_TEST_2389,0,0.0412,0.3388,0.28,0.1148,0.0412,LOW,F1_login_count,17.2,F6_inactive_days,15.6,F4_num_submitted,13.9,1,F1 login count (17.2%) and F6 inactive days (15.6%)
2390,OULAD_TEST_2390,0,0.4309,0.6223,0.6319,0.6026,0.4309,MEDIUM,F13_weeks_since_active,17.0,F1_login_count,16.8,F5_on_time_rate,13.9,6,F13 weeks since active (17.0%) and F1 login count (16.8%)
2391,OULAD_TEST_2391,0,0.6375,0.6452,0.7444,0.7655,0.6375,MEDIUM,F1_login_count,18.7,F4_num_submitted,12.7,F6_inactive_days,12.7,11,F1 login count (18.7%) and F4 num submitted (12.7%)
2392,OULAD_TEST_2392,1,0.995,0.7495,0.8486,0.9067,0.995,HIGH,F1_login_count,21.8,F4_num_submitted,13.3,F6_inactive_days,12.0,9,F1 login count (21.8%) and F4 num submitted (13.3%)
2393,OULAD_TEST_2393,0,0.0981,0.4785,0.2253,0.1155,0.0981,LOW,F1_login_count,17.3,F13_weeks_since_active,12.4,F5_on_time_rate,11.3,7,F1 login count (17.3%) and F13 weeks since active (12.4%)
2394,OULAD_TEST_2394,1,0.6953,0.6385,0.7538,0.7803,0.6953,MEDIUM,F1_login_count,22.6,F5_on_time_rate,12.6,F4_num_submitted,12.5,10,F1 login count (22.6%) and F5 on time rate (12.6%)
2395,OULAD_TEST_2395,0,0.3852,0.4371,0.4326,0.4154,0.3852,LOW,F1_login_count,20.3,F5_on_time_rate,13.4,F13_weeks_since_active,11.8,7,F1 login count (20.3%) and F5 on time rate (13.4%)
2396,OULAD_TEST_2396,0,0.2525,0.5655,0.3343,0.2409,0.2525,LOW,F1_login_count,26.8,F5_on_time_rate,16.8,F6_inactive_days,9.3,8,F1 login count (26.8%) and F5 on time rate (16.8%)
2397,OULAD_TEST_2397,0,0.2428,0.2858,0.4705,0.5571,0.2428,LOW,F1_login_count,23.8,F5_on_time_rate,15.0,F6_inactive_days,12.3,13,F1 login count (23.8%) and F5 on time rate (15.0%)
2398,OULAD_TEST_2398,0,0.0442,0.3096,0.1755,0.1661,0.0442,LOW,F13_weeks_since_active,13.6,F4_num_submitted,11.7,F1_login_count,11.2,9,F13 weeks since active (13.6%) and F4 num submitted (11.7%)
2399,OULAD_TEST_2399,0,0.1345,0.5247,0.3792,0.5903,0.1345,LOW,F1_login_count,15.7,F6_inactive_days,13.5,F4_num_submitted,13.1,14,F1 login count (15.7%) and F6 inactive days (13.5%)
2400,OULAD_TEST_2400,0,0.0329,0.3009,0.371,0.131,0.0329,LOW,F1_login_count,15.6,F6_inactive_days,12.6,F5_on_time_rate,12.4,1,F1 login count (15.6%) and F6 inactive days (12.6%)
2401,OULAD_TEST_2401,0,0.058,0.3348,0.3632,0.1696,0.058,LOW,F1_login_count,17.7,F6_inactive_days,16.6,F4_num_submitted,15.3,1,F1 login count (17.7%) and F6 inactive days (16.6%)
2402,OULAD_TEST_2402,1,0.7153,0.7062,0.8323,0.8099,0.7153,HIGH,F1_login_count,24.1,F5_on_time_rate,11.7,F6_inactive_days,11.1,7,F1 login count (24.1%) and F5 on time rate (11.7%)
2403,OULAD_TEST_2403,0,0.1903,0.4628,0.3653,0.2581,0.1903,LOW,F1_login_count,19.4,F13_weeks_since_active,11.8,F6_inactive_days,11.7,5,F1 login count (19.4%) and F13 weeks since active (11.8%)
2404,OULAD_TEST_2404,0,0.2581,0.5313,0.3628,0.446,0.2581,LOW,F1_login_count,22.3,F5_on_time_rate,13.2,F13_weeks_since_active,12.0,6,F1 login count (22.3%) and F5 on time rate (13.2%)
2405,OULAD_TEST_2405,0,0.0553,0.3783,0.2641,0.0852,0.0553,LOW,F1_login_count,22.8,F4_num_submitted,12.8,F6_inactive_days,12.6,2,F1 login count (22.8%) and F4 num submitted (12.8%)
2406,OULAD_TEST_2406,0,0.145,0.3237,0.3229,0.2601,0.145,LOW,F13_weeks_since_active,15.0,F4_num_submitted,13.1,F5_on_time_rate,13.0,11,F13 weeks since active (15.0%) and F4 num submitted (13.1%)
2407,OULAD_TEST_2407,1,0.9065,0.3889,0.833,0.9633,0.9065,HIGH,F1_login_count,28.2,F5_on_time_rate,13.8,F6_inactive_days,12.4,8,F1 login count (28.2%) and F5 on time rate (13.8%)
2408,OULAD_TEST_2408,1,0.9926,0.4823,0.7084,0.8055,0.9926,HIGH,F1_login_count,29.6,F5_on_time_rate,16.2,F2_vle_clicks,9.7,10,F1 login count (29.6%) and F5 on time rate (16.2%)
2409,OULAD_TEST_2409,0,0.0342,0.3843,0.213,0.1394,0.0342,LOW,F6_inactive_days,12.7,F1_login_count,12.3,F4_num_submitted,12.2,7,F6 inactive days (12.7%) and F1 login count (12.3%)
2410,OULAD_TEST_2410,0,0.6077,0.5356,0.6713,0.6928,0.6077,MEDIUM,F1_login_count,21.0,F6_inactive_days,13.4,F4_num_submitted,13.3,14,F1 login count (21.0%) and F6 inactive days (13.4%)
2411,OULAD_TEST_2411,1,0.4852,0.4383,0.5501,0.5919,0.4852,MEDIUM,F1_login_count,25.6,F5_on_time_rate,15.6,F6_inactive_days,12.5,8,F1 login count (25.6%) and F5 on time rate (15.6%)
2412,OULAD_TEST_2412,0,0.5269,0.3937,0.6079,0.8089,0.5269,MEDIUM,F1_login_count,21.7,F6_inactive_days,13.9,F4_num_submitted,13.6,13,F1 login count (21.7%) and F6 inactive days (13.9%)
2413,OULAD_TEST_2413,0,0.9986,0.33,0.3529,0.4666,0.9986,HIGH,F1_login_count,18.5,F4_num_submitted,15.3,F6_inactive_days,14.7,17,F1 login count (18.5%) and F4 num submitted (15.3%)
2414,OULAD_TEST_2414,0,0.1659,0.433,0.2473,0.1699,0.1659,LOW,F1_login_count,21.6,F5_on_time_rate,12.4,F13_weeks_since_active,10.0,4,F1 login count (21.6%) and F5 on time rate (12.4%)
2415,OULAD_TEST_2415,1,0.9946,0.76,0.7914,0.8097,0.9946,HIGH,F1_login_count,26.5,F5_on_time_rate,13.4,F13_weeks_since_active,11.4,5,F1 login count (26.5%) and F5 on time rate (13.4%)
2416,OULAD_TEST_2416,0,0.2216,0.2969,0.3803,0.3108,0.2216,LOW,F6_inactive_days,17.6,F4_num_submitted,17.0,F1_login_count,12.9,15,F6 inactive days (17.6%) and F4 num submitted (17.0%)
2417,OULAD_TEST_2417,0,0.134,0.4915,0.4129,0.2875,0.134,LOW,F1_login_count,17.3,F13_weeks_since_active,15.0,F5_on_time_rate,14.3,5,F1 login count (17.3%) and F13 weeks since active (15.0%)
2418,OULAD_TEST_2418,0,0.6251,0.5697,0.6871,0.6632,0.6251,MEDIUM,F1_login_count,20.4,F6_inactive_days,13.2,F4_num_submitted,12.9,8,F1 login count (20.4%) and F6 inactive days (13.2%)
2419,OULAD_TEST_2419,1,0.9256,0.2626,0.4215,0.8781,0.9256,HIGH,F1_login_count,16.9,F6_inactive_days,13.1,F13_weeks_since_active,12.3,13,F1 login count (16.9%) and F6 inactive days (13.1%)
2420,OULAD_TEST_2420,0,0.0659,0.35,0.3009,0.1102,0.0659,LOW,F1_login_count,17.5,F6_inactive_days,14.3,F4_num_submitted,13.7,1,F1 login count (17.5%) and F6 inactive days (14.3%)
2421,OULAD_TEST_2421,0,0.235,0.3207,0.381,0.264,0.235,LOW,F1_login_count,21.3,F5_on_time_rate,12.6,F4_num_submitted,11.1,8,F1 login count (21.3%) and F5 on time rate (12.6%)
2422,OULAD_TEST_2422,0,0.3131,0.6423,0.6871,0.4941,0.3131,LOW,F1_login_count,25.5,F5_on_time_rate,16.7,F6_inactive_days,8.9,9,F1 login count (25.5%) and F5 on time rate (16.7%)
2423,OULAD_TEST_2423,0,0.0421,0.2666,0.1954,0.0929,0.0421,LOW,F1_login_count,21.7,F6_inactive_days,13.7,F4_num_submitted,12.8,8,F1 login count (21.7%) and F6 inactive days (13.7%)
2424,OULAD_TEST_2424,1,0.9973,0.53,0.5683,0.779,0.9973,HIGH,F1_login_count,28.7,F5_on_time_rate,14.5,F6_inactive_days,11.3,14,F1 login count (28.7%) and F5 on time rate (14.5%)
2425,OULAD_TEST_2425,1,0.5088,0.3774,0.1654,0.1158,0.5088,MEDIUM,F1_login_count,20.1,F6_inactive_days,15.0,F4_num_submitted,14.9,1,F1 login count (20.1%) and F6 inactive days (15.0%)
2426,OULAD_TEST_2426,0,0.0605,0.4055,0.1682,0.082,0.0605,LOW,F1_login_count,20.6,F6_inactive_days,13.8,F4_num_submitted,13.6,7,F1 login count (20.6%) and F6 inactive days (13.8%)
2427,OULAD_TEST_2427,1,0.8184,0.312,0.5539,0.5398,0.8184,HIGH,F6_inactive_days,17.4,F4_num_submitted,16.9,F1_login_count,13.0,14,F6 inactive days (17.4%) and F4 num submitted (16.9%)
2428,OULAD_TEST_2428,1,0.7468,0.6407,0.6124,0.4759,0.7468,HIGH,F1_login_count,19.6,F5_on_time_rate,13.2,F6_inactive_days,12.8,8,F1 login count (19.6%) and F5 on time rate (13.2%)
2429,OULAD_TEST_2429,0,0.1312,0.4343,0.1987,0.1329,0.1312,LOW,F1_login_count,20.2,F5_on_time_rate,11.9,F6_inactive_days,11.1,5,F1 login count (20.2%) and F5 on time rate (11.9%)
2430,OULAD_TEST_2430,1,0.8473,0.768,0.7907,0.7887,0.8473,HIGH,F1_login_count,26.8,F5_on_time_rate,15.3,F13_weeks_since_active,9.8,5,F1 login count (26.8%) and F5 on time rate (15.3%)
2431,OULAD_TEST_2431,1,0.6313,0.7265,0.8085,0.587,0.6313,MEDIUM,F1_login_count,22.4,F13_weeks_since_active,11.7,F5_on_time_rate,10.6,11,F1 login count (22.4%) and F13 weeks since active (11.7%)
2432,OULAD_TEST_2432,1,0.9102,0.7701,0.8664,0.7636,0.9102,HIGH,F1_login_count,19.5,F4_num_submitted,14.2,F6_inactive_days,14.0,11,F1 login count (19.5%) and F4 num submitted (14.2%)
2433,OULAD_TEST_2433,0,0.1326,0.359,0.3081,0.305,0.1326,LOW,F4_num_submitted,15.9,F6_inactive_days,15.7,F1_login_count,12.0,1,F4 num submitted (15.9%) and F6 inactive days (15.7%)
2434,OULAD_TEST_2434,1,0.8979,0.4562,0.7415,0.7936,0.8979,HIGH,F1_login_count,20.7,F6_inactive_days,11.3,F4_num_submitted,10.7,16,F1 login count (20.7%) and F6 inactive days (11.3%)
2435,OULAD_TEST_2435,0,0.078,0.4703,0.2479,0.2009,0.078,LOW,F1_login_count,23.7,F5_on_time_rate,15.4,F6_inactive_days,12.3,5,F1 login count (23.7%) and F5 on time rate (15.4%)
2436,OULAD_TEST_2436,0,0.3545,0.521,0.5728,0.4252,0.3545,LOW,F1_login_count,12.5,F13_weeks_since_active,12.2,F7_score_change,10.1,13,F1 login count (12.5%) and F13 weeks since active (12.2%)
2437,OULAD_TEST_2437,0,0.4772,0.6504,0.6477,0.6063,0.4772,MEDIUM,F1_login_count,16.4,F4_num_submitted,13.5,F6_inactive_days,13.0,8,F1 login count (16.4%) and F4 num submitted (13.5%)
2438,OULAD_TEST_2438,0,0.7706,0.6091,0.7474,0.7969,0.7706,HIGH,F1_login_count,19.2,F6_inactive_days,12.4,F4_num_submitted,12.0,15,F1 login count (19.2%) and F6 inactive days (12.4%)
2439,OULAD_TEST_2439,1,0.4054,0.6484,0.5529,0.4883,0.4054,MEDIUM,F1_login_count,17.7,F6_inactive_days,11.9,F4_num_submitted,11.9,9,F1 login count (17.7%) and F6 inactive days (11.9%)
2440,OULAD_TEST_2440,1,0.9162,0.528,0.6186,0.8948,0.9162,HIGH,F1_login_count,20.3,F13_weeks_since_active,14.5,F6_inactive_days,13.2,10,F1 login count (20.3%) and F13 weeks since active (14.5%)
2441,OULAD_TEST_2441,0,0.2452,0.5531,0.3279,0.2181,0.2452,LOW,F1_login_count,19.9,F5_on_time_rate,12.7,F13_weeks_since_active,10.9,8,F1 login count (19.9%) and F5 on time rate (12.7%)
2442,OULAD_TEST_2442,0,0.0412,0.4996,0.4081,0.3238,0.0412,LOW,F1_login_count,19.9,F6_inactive_days,14.8,F4_num_submitted,13.4,5,F1 login count (19.9%) and F6 inactive days (14.8%)
2443,OULAD_TEST_2443,1,0.4897,0.5088,0.4483,0.4601,0.4897,MEDIUM,F1_login_count,21.8,F5_on_time_rate,17.1,F13_weeks_since_active,13.7,11,F1 login count (21.8%) and F5 on time rate (17.1%)
2444,OULAD_TEST_2444,0,0.3439,0.4299,0.1816,0.1806,0.3439,LOW,F6_inactive_days,17.7,F4_num_submitted,17.4,F1_login_count,15.7,17,F6 inactive days (17.7%) and F4 num submitted (17.4%)
2445,OULAD_TEST_2445,0,0.4452,0.4554,0.4297,0.4735,0.4452,MEDIUM,F1_login_count,17.0,F13_weeks_since_active,14.2,F5_on_time_rate,12.4,7,F1 login count (17.0%) and F13 weeks since active (14.2%)
2446,OULAD_TEST_2446,1,0.5717,0.5276,0.7057,0.5876,0.5717,MEDIUM,F1_login_count,22.4,F6_inactive_days,12.4,F4_num_submitted,12.2,17,F1 login count (22.4%) and F6 inactive days (12.4%)
2447,OULAD_TEST_2447,0,0.0651,0.3108,0.1628,0.115,0.0651,LOW,F1_login_count,13.9,F4_num_submitted,13.0,F6_inactive_days,12.8,1,F1 login count (13.9%) and F4 num submitted (13.0%)
2448,OULAD_TEST_2448,1,0.3914,0.485,0.6265,0.5853,0.3914,LOW,F1_login_count,23.8,F5_on_time_rate,13.8,F6_inactive_days,12.4,6,F1 login count (23.8%) and F5 on time rate (13.8%)
2449,OULAD_TEST_2449,1,0.3364,0.5337,0.4143,0.3694,0.3364,LOW,F1_login_count,19.1,F4_num_submitted,14.5,F6_inactive_days,14.5,13,F1 login count (19.1%) and F4 num submitted (14.5%)
2450,OULAD_TEST_2450,0,0.0402,0.304,0.1731,0.104,0.0402,LOW,F6_inactive_days,17.2,F4_num_submitted,17.0,F1_login_count,12.4,1,F6 inactive days (17.2%) and F4 num submitted (17.0%)
2451,OULAD_TEST_2451,0,0.2266,0.8013,0.7358,0.4334,0.2266,LOW,F1_login_count,19.2,F5_on_time_rate,13.0,F13_weeks_since_active,10.1,11,F1 login count (19.2%) and F5 on time rate (13.0%)
2452,OULAD_TEST_2452,0,0.1883,0.446,0.3669,0.387,0.1883,LOW,F6_inactive_days,18.1,F4_num_submitted,17.4,F1_login_count,12.1,16,F6 inactive days (18.1%) and F4 num submitted (17.4%)
2453,OULAD_TEST_2453,0,0.1427,0.4549,0.303,0.348,0.1427,LOW,F1_login_count,21.3,F6_inactive_days,11.9,F5_on_time_rate,9.6,9,F1 login count (21.3%) and F6 inactive days (11.9%)
2454,OULAD_TEST_2454,0,0.19,0.4589,0.3156,0.3252,0.19,LOW,F1_login_count,18.3,F13_weeks_since_active,13.7,F5_on_time_rate,11.7,9,F1 login count (18.3%) and F13 weeks since active (13.7%)
2455,OULAD_TEST_2455,0,0.3888,0.4016,0.3495,0.6863,0.3888,LOW,F1_login_count,27.1,F5_on_time_rate,14.9,F6_inactive_days,11.0,15,F1 login count (27.1%) and F5 on time rate (14.9%)
2456,OULAD_TEST_2456,1,0.1653,0.1777,0.3093,0.3705,0.1653,LOW,F13_weeks_since_active,13.5,F4_num_submitted,12.5,F6_inactive_days,11.5,9,F13 weeks since active (13.5%) and F4 num submitted (12.5%)
2457,OULAD_TEST_2457,0,0.5378,0.5355,0.7483,0.4927,0.5378,MEDIUM,F1_login_count,21.8,F5_on_time_rate,11.1,F13_weeks_since_active,11.1,5,F1 login count (21.8%) and F5 on time rate (11.1%)
2458,OULAD_TEST_2458,0,0.5552,0.6679,0.6807,0.5929,0.5552,MEDIUM,F1_login_count,22.6,F5_on_time_rate,14.3,F13_weeks_since_active,10.4,5,F1 login count (22.6%) and F5 on time rate (14.3%)
2459,OULAD_TEST_2459,0,0.1049,0.335,0.1674,0.2266,0.1049,LOW,F1_login_count,25.6,F6_inactive_days,13.0,F5_on_time_rate,12.9,14,F1 login count (25.6%) and F6 inactive days (13.0%)
2460,OULAD_TEST_2460,1,0.3702,0.2923,0.5254,0.4717,0.3702,LOW,F1_login_count,19.4,F6_inactive_days,13.9,F4_num_submitted,13.1,14,F1 login count (19.4%) and F6 inactive days (13.9%)
2461,OULAD_TEST_2461,0,0.0343,0.2522,0.1594,0.1637,0.0343,LOW,F1_login_count,17.0,F6_inactive_days,13.6,F4_num_submitted,12.7,9,F1 login count (17.0%) and F6 inactive days (13.6%)
2462,OULAD_TEST_2462,0,0.1221,0.2071,0.1098,0.0491,0.1221,LOW,F4_num_submitted,13.5,F6_inactive_days,13.4,F1_login_count,12.9,1,F4 num submitted (13.5%) and F6 inactive days (13.4%)
2463,OULAD_TEST_2463,0,0.5587,0.594,0.5196,0.5121,0.5587,MEDIUM,F1_login_count,17.3,F6_inactive_days,12.3,F4_num_submitted,12.1,9,F1 login count (17.3%) and F6 inactive days (12.3%)
2464,OULAD_TEST_2464,0,0.1925,0.4679,0.3957,0.1872,0.1925,LOW,F1_login_count,21.8,F5_on_time_rate,14.4,F4_num_submitted,12.2,6,F1 login count (21.8%) and F5 on time rate (14.4%)
2465,OULAD_TEST_2465,1,0.9721,0.3322,0.217,0.3052,0.9721,HIGH,F1_login_count,19.5,F4_num_submitted,13.5,F6_inactive_days,13.3,17,F1 login count (19.5%) and F4 num submitted (13.5%)
2466,OULAD_TEST_2466,1,0.9984,0.2083,0.5987,0.8429,0.9984,HIGH,F1_login_count,22.8,F5_on_time_rate,13.6,F4_num_submitted,11.8,15,F1 login count (22.8%) and F5 on time rate (13.6%)
2467,OULAD_TEST_2467,1,0.0634,0.3986,0.1448,0.2407,0.0634,LOW,F1_login_count,22.2,F6_inactive_days,14.6,F4_num_submitted,13.9,5,F1 login count (22.2%) and F6 inactive days (14.6%)
2468,OULAD_TEST_2468,1,0.85,0.5882,0.6386,0.7274,0.85,HIGH,F1_login_count,17.3,F5_on_time_rate,13.3,F6_inactive_days,12.4,15,F1 login count (17.3%) and F5 on time rate (13.3%)
2469,OULAD_TEST_2469,0,0.0276,0.2399,0.1824,0.0523,0.0276,LOW,F6_inactive_days,16.3,F1_login_count,15.0,F4_num_submitted,14.3,1,F6 inactive days (16.3%) and F1 login count (15.0%)
2470,OULAD_TEST_2470,0,0.0444,0.3058,0.1641,0.2039,0.0444,LOW,F6_inactive_days,16.7,F4_num_submitted,16.5,F1_login_count,11.7,1,F6 inactive days (16.7%) and F4 num submitted (16.5%)
2471,OULAD_TEST_2471,0,0.1241,0.3215,0.3212,0.2558,0.1241,LOW,F1_login_count,15.3,F13_weeks_since_active,14.3,F5_on_time_rate,11.6,8,F1 login count (15.3%) and F13 weeks since active (14.3%)
2472,OULAD_TEST_2472,0,0.0933,0.2948,0.2425,0.0973,0.0933,LOW,F1_login_count,23.1,F6_inactive_days,12.1,F4_num_submitted,11.9,8,F1 login count (23.1%) and F6 inactive days (12.1%)
2473,OULAD_TEST_2473,1,0.6631,0.4609,0.4282,0.4327,0.6631,MEDIUM,F1_login_count,20.8,F5_on_time_rate,16.1,F6_inactive_days,12.5,17,F1 login count (20.8%) and F5 on time rate (16.1%)
2474,OULAD_TEST_2474,0,0.1804,0.3474,0.215,0.1938,0.1804,LOW,F1_login_count,21.7,F5_on_time_rate,13.1,F4_num_submitted,11.7,17,F1 login count (21.7%) and F5 on time rate (13.1%)
2475,OULAD_TEST_2475,0,0.126,0.4292,0.3063,0.2291,0.126,LOW,F13_weeks_since_active,14.1,F4_num_submitted,13.3,F6_inactive_days,12.2,7,F13 weeks since active (14.1%) and F4 num submitted (13.3%)
2476,OULAD_TEST_2476,0,0.0559,0.3026,0.2806,0.2224,0.0559,LOW,F1_login_count,14.5,F13_weeks_since_active,13.0,F4_num_submitted,11.6,9,F1 login count (14.5%) and F13 weeks since active (13.0%)
2477,OULAD_TEST_2477,0,0.0871,0.4936,0.2735,0.1163,0.0871,LOW,F1_login_count,19.8,F6_inactive_days,15.4,F4_num_submitted,14.5,16,F1 login count (19.8%) and F6 inactive days (15.4%)
2478,OULAD_TEST_2478,0,0.1346,0.3301,0.1655,0.1767,0.1346,LOW,F6_inactive_days,16.5,F4_num_submitted,15.9,F1_login_count,15.2,16,F6 inactive days (16.5%) and F4 num submitted (15.9%)
2479,OULAD_TEST_2479,0,0.4719,0.5542,0.6807,0.7365,0.4719,MEDIUM,F1_login_count,22.1,F5_on_time_rate,15.5,F6_inactive_days,10.7,8,F1 login count (22.1%) and F5 on time rate (15.5%)
2480,OULAD_TEST_2480,0,0.0958,0.4235,0.2007,0.1159,0.0958,LOW,F1_login_count,21.7,F5_on_time_rate,13.0,F6_inactive_days,11.1,5,F1 login count (21.7%) and F5 on time rate (13.0%)
2481,OULAD_TEST_2481,1,0.8598,0.5296,0.5301,0.52,0.8598,HIGH,F1_login_count,22.1,F5_on_time_rate,13.0,F6_inactive_days,11.5,7,F1 login count (22.1%) and F5 on time rate (13.0%)
2482,OULAD_TEST_2482,0,0.164,0.6101,0.406,0.2411,0.164,LOW,F1_login_count,16.9,F13_weeks_since_active,11.4,F6_inactive_days,9.6,9,F1 login count (16.9%) and F13 weeks since active (11.4%)
2483,OULAD_TEST_2483,0,0.0443,0.3237,0.2777,0.2114,0.0443,LOW,F13_weeks_since_active,15.2,F1_login_count,11.6,F4_num_submitted,10.1,7,F13 weeks since active (15.2%) and F1 login count (11.6%)
2484,OULAD_TEST_2484,0,0.113,0.2522,0.3885,0.31,0.113,LOW,F5_on_time_rate,13.1,F6_inactive_days,10.7,F4_num_submitted,10.1,1,F5 on time rate (13.1%) and F6 inactive days (10.7%)
2485,OULAD_TEST_2485,0,0.0345,0.3719,0.13,0.0556,0.0345,LOW,F1_login_count,18.0,F4_num_submitted,12.8,F6_inactive_days,12.2,1,F1 login count (18.0%) and F4 num submitted (12.8%)
2486,OULAD_TEST_2486,0,0.0525,0.2509,0.0776,0.0273,0.0525,LOW,F1_login_count,16.1,F6_inactive_days,11.2,F13_weeks_since_active,11.0,1,F1 login count (16.1%) and F6 inactive days (11.2%)
2487,OULAD_TEST_2487,0,0.3154,0.4584,0.4193,0.5203,0.3154,LOW,F1_login_count,16.5,F13_weeks_since_active,13.5,F5_on_time_rate,12.3,7,F1 login count (16.5%) and F13 weeks since active (13.5%)
2488,OULAD_TEST_2488,0,0.3489,0.586,0.4331,0.5011,0.3489,LOW,F1_login_count,16.6,F6_inactive_days,13.6,F4_num_submitted,13.6,12,F1 login count (16.6%) and F6 inactive days (13.6%)
2489,OULAD_TEST_2489,0,0.3401,0.4233,0.4263,0.5263,0.3401,LOW,F1_login_count,18.7,F5_on_time_rate,13.3,F13_weeks_since_active,13.2,17,F1 login count (18.7%) and F5 on time rate (13.3%)
2490,OULAD_TEST_2490,0,0.0857,0.2059,0.0945,0.0994,0.0857,LOW,F6_inactive_days,15.0,F4_num_submitted,14.7,F1_login_count,12.8,1,F6 inactive days (15.0%) and F4 num submitted (14.7%)
2491,OULAD_TEST_2491,0,0.1898,0.5373,0.4884,0.4114,0.1898,LOW,F1_login_count,13.6,F5_on_time_rate,12.2,F7_score_change,9.4,16,F1 login count (13.6%) and F5 on time rate (12.2%)
2492,OULAD_TEST_2492,0,0.1206,0.3314,0.2247,0.4666,0.1206,LOW,F1_login_count,14.5,F6_inactive_days,13.3,F4_num_submitted,13.0,16,F1 login count (14.5%) and F6 inactive days (13.3%)
2493,OULAD_TEST_2493,0,0.134,0.3619,0.2018,0.2165,0.134,LOW,F1_login_count,22.1,F5_on_time_rate,13.9,F6_inactive_days,13.1,7,F1 login count (22.1%) and F5 on time rate (13.9%)
2494,OULAD_TEST_2494,0,0.0366,0.228,0.1412,0.1111,0.0366,LOW,F6_inactive_days,14.7,F4_num_submitted,14.6,F5_on_time_rate,10.5,1,F6 inactive days (14.7%) and F4 num submitted (14.6%)
2495,OULAD_TEST_2495,0,0.2376,0.5749,0.4566,0.4979,0.2376,LOW,F1_login_count,27.8,F5_on_time_rate,15.1,F6_inactive_days,10.9,7,F1 login count (27.8%) and F5 on time rate (15.1%)
2496,OULAD_TEST_2496,0,0.0331,0.3849,0.1226,0.112,0.0331,LOW,F1_login_count,19.8,F6_inactive_days,14.0,F4_num_submitted,13.3,5,F1 login count (19.8%) and F6 inactive days (14.0%)
2497,OULAD_TEST_2497,1,0.5767,0.8524,0.7674,0.6952,0.5767,MEDIUM,F1_login_count,15.7,F6_inactive_days,15.2,F4_num_submitted,14.3,9,F1 login count (15.7%) and F6 inactive days (15.2%)
2498,OULAD_TEST_2498,1,0.6822,0.4097,0.366,0.3749,0.6822,MEDIUM,F1_login_count,20.2,F5_on_time_rate,15.8,F6_inactive_days,13.4,17,F1 login count (20.2%) and F5 on time rate (15.8%)
2499,OULAD_TEST_2499,0,0.0524,0.3588,0.1978,0.0657,0.0524,LOW,F1_login_count,21.2,F6_inactive_days,12.8,F4_num_submitted,12.4,9,F1 login count (21.2%) and F6 inactive days (12.8%)
2500,OULAD_TEST_2500,1,0.1643,0.3741,0.423,0.1993,0.1643,LOW,F1_login_count,19.2,F6_inactive_days,14.8,F4_num_submitted,13.6,1,F1 login count (19.2%) and F6 inactive days (14.8%)
2501,OULAD_TEST_2501,1,0.9006,0.6425,0.7882,0.7442,0.9006,HIGH,F1_login_count,17.5,F4_num_submitted,15.7,F6_inactive_days,14.9,17,F1 login count (17.5%) and F4 num submitted (15.7%)
2502,OULAD_TEST_2502,0,0.5752,0.4915,0.7798,0.7757,0.5752,MEDIUM,F1_login_count,24.5,F5_on_time_rate,15.0,F13_weeks_since_active,11.2,14,F1 login count (24.5%) and F5 on time rate (15.0%)
2503,OULAD_TEST_2503,1,0.2006,0.4961,0.3304,0.4065,0.2006,LOW,F1_login_count,25.5,F5_on_time_rate,15.6,F6_inactive_days,11.7,6,F1 login count (25.5%) and F5 on time rate (15.6%)
2504,OULAD_TEST_2504,0,0.2065,0.2837,0.306,0.1546,0.2065,LOW,F1_login_count,19.3,F6_inactive_days,13.7,F5_on_time_rate,13.3,1,F1 login count (19.3%) and F6 inactive days (13.7%)
2505,OULAD_TEST_2505,0,0.3432,0.3902,0.2524,0.3909,0.3432,LOW,F1_login_count,23.1,F6_inactive_days,13.4,F4_num_submitted,12.1,15,F1 login count (23.1%) and F6 inactive days (13.4%)
2506,OULAD_TEST_2506,0,0.7638,0.3947,0.4246,0.7292,0.7638,HIGH,F1_login_count,19.4,F4_num_submitted,13.9,F6_inactive_days,13.6,17,F1 login count (19.4%) and F4 num submitted (13.9%)
2507,OULAD_TEST_2507,1,0.5686,0.7239,0.5924,0.6075,0.5686,MEDIUM,F1_login_count,17.3,F5_on_time_rate,13.2,F4_num_submitted,12.5,5,F1 login count (17.3%) and F5 on time rate (13.2%)
2508,OULAD_TEST_2508,1,0.9819,0.5824,0.6177,0.617,0.9819,HIGH,F1_login_count,22.6,F13_weeks_since_active,12.4,F4_num_submitted,11.1,9,F1 login count (22.6%) and F13 weeks since active (12.4%)
2509,OULAD_TEST_2509,0,0.2814,0.5912,0.3817,0.3485,0.2814,LOW,F1_login_count,16.3,F13_weeks_since_active,13.4,F4_num_submitted,10.4,8,F1 login count (16.3%) and F13 weeks since active (13.4%)
2510,OULAD_TEST_2510,0,0.057,0.4023,0.1958,0.1478,0.057,LOW,F1_login_count,16.5,F6_inactive_days,14.5,F4_num_submitted,13.6,2,F1 login count (16.5%) and F6 inactive days (14.5%)
2511,OULAD_TEST_2511,0,0.8763,0.3043,0.6283,0.739,0.8763,HIGH,F1_login_count,22.5,F6_inactive_days,11.9,F4_num_submitted,10.8,15,F1 login count (22.5%) and F6 inactive days (11.9%)
2512,OULAD_TEST_2512,0,0.0808,0.5388,0.212,0.1447,0.0808,LOW,F1_login_count,18.3,F6_inactive_days,13.1,F4_num_submitted,13.1,4,F1 login count (18.3%) and F6 inactive days (13.1%)
2513,OULAD_TEST_2513,0,0.5342,0.71,0.5482,0.6052,0.5342,MEDIUM,F6_inactive_days,15.0,F1_login_count,14.8,F13_weeks_since_active,14.6,16,F6 inactive days (15.0%) and F1 login count (14.8%)
2514,OULAD_TEST_2514,1,0.2986,0.5948,0.4574,0.4384,0.2986,LOW,F1_login_count,25.4,F5_on_time_rate,15.8,F6_inactive_days,9.7,7,F1 login count (25.4%) and F5 on time rate (15.8%)
2515,OULAD_TEST_2515,1,0.3818,0.8782,0.8705,0.6338,0.3818,LOW,F5_on_time_rate,16.5,F1_login_count,15.7,F13_weeks_since_active,14.5,9,F5 on time rate (16.5%) and F1 login count (15.7%)
2516,OULAD_TEST_2516,1,0.9928,0.6046,0.6306,0.6887,0.9928,HIGH,F1_login_count,27.9,F5_on_time_rate,14.9,F6_inactive_days,9.7,17,F1 login count (27.9%) and F5 on time rate (14.9%)
2517,OULAD_TEST_2517,0,0.06,0.4959,0.3703,0.1406,0.06,LOW,F1_login_count,18.6,F6_inactive_days,13.9,F4_num_submitted,13.2,11,F1 login count (18.6%) and F6 inactive days (13.9%)
2518,OULAD_TEST_2518,1,0.1798,0.4031,0.1925,0.1803,0.1798,LOW,F1_login_count,17.3,F4_num_submitted,14.0,F6_inactive_days,12.8,8,F1 login count (17.3%) and F4 num submitted (14.0%)
2519,OULAD_TEST_2519,1,0.9993,0.4966,0.721,0.6958,0.9993,HIGH,F6_inactive_days,17.9,F4_num_submitted,17.9,F1_login_count,14.8,17,F6 inactive days (17.9%) and F4 num submitted (17.9%)
2520,OULAD_TEST_2520,1,0.6708,0.5651,0.6372,0.547,0.6708,MEDIUM,F1_login_count,17.9,F13_weeks_since_active,14.1,F6_inactive_days,13.3,8,F1 login count (17.9%) and F13 weeks since active (14.1%)
2521,OULAD_TEST_2521,1,0.9809,0.8302,0.8831,0.9526,0.9809,HIGH,F1_login_count,17.8,F4_num_submitted,15.8,F6_inactive_days,15.0,17,F1 login count (17.8%) and F4 num submitted (15.8%)
2522,OULAD_TEST_2522,0,0.0898,0.2918,0.2565,0.1612,0.0898,LOW,F13_weeks_since_active,11.2,F1_login_count,10.8,F7_score_change,10.4,1,F13 weeks since active (11.2%) and F1 login count (10.8%)
2523,OULAD_TEST_2523,0,0.599,0.5108,0.451,0.5634,0.599,MEDIUM,F1_login_count,24.1,F5_on_time_rate,16.1,F6_inactive_days,11.5,6,F1 login count (24.1%) and F5 on time rate (16.1%)
2524,OULAD_TEST_2524,0,0.8602,0.5669,0.462,0.8508,0.8602,HIGH,F1_login_count,20.5,F6_inactive_days,16.2,F4_num_submitted,16.2,16,F1 login count (20.5%) and F6 inactive days (16.2%)
2525,OULAD_TEST_2525,1,0.8922,0.8653,0.8015,0.9094,0.8922,HIGH,F1_login_count,20.1,F5_on_time_rate,11.7,F6_inactive_days,11.0,12,F1 login count (20.1%) and F5 on time rate (11.7%)
2526,OULAD_TEST_2526,0,0.7444,0.4089,0.4493,0.5548,0.7444,HIGH,F1_login_count,22.4,F5_on_time_rate,12.7,F4_num_submitted,12.2,15,F1 login count (22.4%) and F5 on time rate (12.7%)
2527,OULAD_TEST_2527,1,0.5316,0.5715,0.7058,0.8459,0.5316,MEDIUM,F1_login_count,20.1,F5_on_time_rate,15.2,F6_inactive_days,11.4,14,F1 login count (20.1%) and F5 on time rate (15.2%)
2528,OULAD_TEST_2528,0,0.0671,0.265,0.3405,0.3127,0.0671,LOW,F4_num_submitted,16.1,F6_inactive_days,16.1,F5_on_time_rate,12.4,1,F4 num submitted (16.1%) and F6 inactive days (16.1%)
2529,OULAD_TEST_2529,0,0.1025,0.3845,0.14,0.1006,0.1025,LOW,F1_login_count,16.0,F6_inactive_days,10.5,F4_num_submitted,10.4,2,F1 login count (16.0%) and F6 inactive days (10.5%)
2530,OULAD_TEST_2530,0,0.1541,0.3792,0.2293,0.1235,0.1541,LOW,F1_login_count,24.7,F5_on_time_rate,13.4,F6_inactive_days,12.1,7,F1 login count (24.7%) and F5 on time rate (13.4%)
2531,OULAD_TEST_2531,0,0.1288,0.3073,0.2843,0.0908,0.1288,LOW,F1_login_count,13.4,F5_on_time_rate,12.8,F6_inactive_days,12.1,2,F1 login count (13.4%) and F5 on time rate (12.8%)
2532,OULAD_TEST_2532,0,0.3006,0.5204,0.4413,0.4004,0.3006,LOW,F1_login_count,17.8,F13_weeks_since_active,16.5,F5_on_time_rate,14.5,5,F1 login count (17.8%) and F13 weeks since active (16.5%)
2533,OULAD_TEST_2533,0,0.0222,0.4331,0.0932,0.0651,0.0222,LOW,F1_login_count,19.4,F4_num_submitted,14.3,F6_inactive_days,14.2,1,F1 login count (19.4%) and F4 num submitted (14.3%)
2534,OULAD_TEST_2534,0,0.5422,0.5045,0.3639,0.4666,0.5422,MEDIUM,F1_login_count,22.4,F6_inactive_days,12.3,F4_num_submitted,11.6,17,F1 login count (22.4%) and F6 inactive days (12.3%)
2535,OULAD_TEST_2535,0,0.2886,0.3294,0.2826,0.1703,0.2886,LOW,F1_login_count,26.4,F5_on_time_rate,14.7,F6_inactive_days,10.8,17,F1 login count (26.4%) and F5 on time rate (14.7%)
2536,OULAD_TEST_2536,1,0.9999,0.9183,0.9177,0.9862,0.9999,HIGH,F1_login_count,19.4,F4_num_submitted,16.9,F6_inactive_days,16.2,15,F1 login count (19.4%) and F4 num submitted (16.9%)
2537,OULAD_TEST_2537,0,0.0737,0.2809,0.2593,0.2632,0.0737,LOW,F13_weeks_since_active,17.4,F1_login_count,11.5,F5_on_time_rate,11.4,11,F13 weeks since active (17.4%) and F1 login count (11.5%)
2538,OULAD_TEST_2538,0,0.2586,0.327,0.35,0.3134,0.2586,LOW,F1_login_count,20.5,F5_on_time_rate,12.2,F6_inactive_days,11.5,6,F1 login count (20.5%) and F5 on time rate (12.2%)
2539,OULAD_TEST_2539,1,0.9928,0.3201,0.2964,0.5024,0.9928,HIGH,F1_login_count,21.5,F5_on_time_rate,14.2,F6_inactive_days,13.4,17,F1 login count (21.5%) and F5 on time rate (14.2%)
2540,OULAD_TEST_2540,0,0.1256,0.5287,0.3498,0.3664,0.1256,LOW,F1_login_count,19.4,F13_weeks_since_active,11.3,F6_inactive_days,9.7,9,F1 login count (19.4%) and F13 weeks since active (11.3%)
2541,OULAD_TEST_2541,0,0.3018,0.42,0.3026,0.4283,0.3018,LOW,F1_login_count,24.6,F5_on_time_rate,13.4,F6_inactive_days,13.4,7,F1 login count (24.6%) and F5 on time rate (13.4%)
2542,OULAD_TEST_2542,1,0.3206,0.498,0.413,0.4745,0.3206,LOW,F1_login_count,20.1,F5_on_time_rate,15.8,F6_inactive_days,13.0,9,F1 login count (20.1%) and F5 on time rate (15.8%)
