student_id,week,behavioral_risk_score,curriculum_compliance,anomaly_score,high_anomaly_flag
BEHAVIOR_000001,4,0.12,0.78,0.34,0
BEHAVIOR_000001,8,0.06,0.76,0.34,0
BEHAVIOR_000001,12,0.17,0.66,0.14,0
BEHAVIOR_000001,17,0.0,1.0,0.29,0
BEHAVIOR_000002,4,0.69,0.38,0.62,0
BEHAVIOR_000002,8,0.79,0.29,0.72,0
BEHAVIOR_000002,12,0.62,0.16,0.5,0
BEHAVIOR_000002,17,0.81,0.0,0.7,0
BEHAVIOR_000003,4,0.27,0.72,0.2,0
BEHAVIOR_000003,8,0.42,0.73,0.52,0
BEHAVIOR_000003,12,0.4,0.48,0.36,0
BEHAVIOR_000003,17,0.34,0.58,0.27,0
BEHAVIOR_000004,4,0.08,0.85,0.31,0
BEHAVIOR_000004,8,0.13,0.83,0.28,0
BEHAVIOR_000004,12,0.11,0.73,0.14,0
BEHAVIOR_000004,17,0.05,0.85,0.09,0
BEHAVIOR_000005,4,0.98,0.2,0.94,1
BEHAVIOR_000005,8,0.94,0.02,0.86,1
BEHAVIOR_000005,12,0.95,0.0,0.8,1
BEHAVIOR_000005,17,0.79,0.36,0.84,1
BEHAVIOR_000006,4,0.07,0.9,0.29,0
BEHAVIOR_000006,8,0.12,0.96,0.18,0
BEHAVIOR_000006,12,0.0,0.96,0.05,0
BEHAVIOR_000006,17,0.0,1.0,0.03,0
BEHAVIOR_000007,4,0.82,0.31,0.86,1
BEHAVIOR_000007,8,0.79,0.29,0.58,0
BEHAVIOR_000007,12,0.53,0.47,0.43,0
BEHAVIOR_000007,17,0.66,0.37,0.6,0
BEHAVIOR_000008,4,0.12,0.81,0.18,0
BEHAVIOR_000008,8,0.0,1.0,0.0,0
BEHAVIOR_000008,12,0.03,1.0,0.11,0
BEHAVIOR_000008,17,0.12,0.94,0.3,0
BEHAVIOR_000009,4,0.0,1.0,0.08,0
BEHAVIOR_000009,8,0.23,0.76,0.29,0
BEHAVIOR_000009,12,0.0,0.97,0.13,0
BEHAVIOR_000009,17,0.06,0.94,0.18,0
BEHAVIOR_000010,4,0.74,0.34,0.52,0
BEHAVIOR_000010,8,0.65,0.49,0.62,0
BEHAVIOR_000010,12,0.66,0.26,0.73,0
BEHAVIOR_000010,17,0.59,0.52,0.59,0
BEHAVIOR_000011,4,0.73,0.33,0.71,0
BEHAVIOR_000011,8,0.66,0.09,0.7,0
BEHAVIOR_000011,12,0.49,0.35,0.37,0
BEHAVIOR_000011,17,0.52,0.65,0.49,0
BEHAVIOR_000012,4,0.05,1.0,0.28,0
BEHAVIOR_000012,8,0.08,1.0,0.2,0
BEHAVIOR_000012,12,0.07,1.0,0.32,0
BEHAVIOR_000012,17,0.04,0.79,0.15,0
BEHAVIOR_000013,4,0.39,0.53,0.35,0
BEHAVIOR_000013,8,0.44,0.61,0.41,0
BEHAVIOR_000013,12,0.53,0.45,0.6,0
BEHAVIOR_000013,17,0.51,0.53,0.5,0
BEHAVIOR_000014,4,0.48,0.53,0.54,0
BEHAVIOR_000014,8,0.65,0.44,0.67,0
BEHAVIOR_000014,12,0.47,0.71,0.43,0
BEHAVIOR_000014,17,0.73,0.48,0.64,0
BEHAVIOR_000015,4,0.17,0.88,0.16,0
BEHAVIOR_000015,8,0.0,0.88,0.21,0
BEHAVIOR_000015,12,0.17,0.7,0.38,0
BEHAVIOR_000015,17,0.18,0.81,0.42,0
BEHAVIOR_000016,4,0.3,0.7,0.47,0
BEHAVIOR_000016,8,0.21,0.8,0.23,0
BEHAVIOR_000016,12,0.31,0.65,0.42,0
BEHAVIOR_000016,17,0.41,0.48,0.3,0
BEHAVIOR_000017,4,0.41,0.52,0.53,0
BEHAVIOR_000017,8,0.55,0.59,0.57,0
BEHAVIOR_000017,12,0.69,0.35,0.61,0
BEHAVIOR_000017,17,0.48,0.43,0.5,0
BEHAVIOR_000018,4,0.0,1.0,0.06,0
BEHAVIOR_000018,8,0.08,0.88,0.12,0
BEHAVIOR_000018,12,0.0,0.82,0.13,0
BEHAVIOR_000018,17,0.25,0.61,0.22,0
BEHAVIOR_000019,4,0.13,0.97,0.22,0
BEHAVIOR_000019,8,0.15,0.8,0.27,0
BEHAVIOR_000019,12,0.33,0.73,0.28,0
BEHAVIOR_000019,17,0.22,0.72,0.44,0
BEHAVIOR_000020,4,0.24,0.67,0.38,0
BEHAVIOR_000020,8,0.31,0.58,0.22,0
BEHAVIOR_000020,12,0.36,0.59,0.44,0
BEHAVIOR_000020,17,0.4,0.7,0.37,0
BEHAVIOR_000021,4,0.0,0.99,0.06,0
BEHAVIOR_000021,8,0.19,0.73,0.21,0
BEHAVIOR_000021,12,0.0,0.97,0.18,0
BEHAVIOR_000021,17,0.01,1.0,0.15,0
BEHAVIOR_000022,4,0.79,0.16,0.63,0
BEHAVIOR_000022,8,0.87,0.13,0.84,1
BEHAVIOR_000022,12,0.61,0.32,0.64,0
BEHAVIOR_000022,17,0.78,0.16,0.75,0
BEHAVIOR_000023,4,0.55,0.43,0.64,0
BEHAVIOR_000023,8,0.65,0.38,0.72,0
BEHAVIOR_000023,12,0.26,0.74,0.41,0
BEHAVIOR_000023,17,0.4,0.47,0.54,0
BEHAVIOR_000024,4,0.37,0.57,0.35,0
BEHAVIOR_000024,8,0.1,0.96,0.14,0
BEHAVIOR_000024,12,0.14,0.64,0.4,0
BEHAVIOR_000024,17,0.13,0.8,0.12,0
BEHAVIOR_000025,4,0.24,0.91,0.3,0
BEHAVIOR_000025,8,0.01,0.98,0.16,0
BEHAVIOR_000025,12,0.0,1.0,0.03,0
BEHAVIOR_000025,17,0.0,1.0,0.08,0
BEHAVIOR_000026,4,0.05,0.84,0.19,0
BEHAVIOR_000026,8,0.0,1.0,0.05,0
BEHAVIOR_000026,12,0.01,1.0,0.04,0
BEHAVIOR_000026,17,0.06,0.82,0.12,0
BEHAVIOR_000027,4,0.3,0.53,0.33,0
BEHAVIOR_000027,8,0.19,0.92,0.18,0
BEHAVIOR_000027,12,0.22,0.86,0.35,0
BEHAVIOR_000027,17,0.15,1.0,0.26,0
BEHAVIOR_000028,4,0.28,0.79,0.21,0
BEHAVIOR_000028,8,0.28,0.76,0.33,0
BEHAVIOR_000028,12,0.18,0.71,0.28,0
BEHAVIOR_000028,17,0.23,0.77,0.39,0
BEHAVIOR_000029,4,0.0,0.83,0.3,0
BEHAVIOR_000029,8,0.09,0.96,0.19,0
BEHAVIOR_000029,12,0.0,0.97,0.12,0
BEHAVIOR_000029,17,0.0,1.0,0.2,0
BEHAVIOR_000030,4,0.85,0.25,0.7,0
BEHAVIOR_000030,8,0.5,0.46,0.55,0
BEHAVIOR_000030,12,0.76,0.14,0.61,0
BEHAVIOR_000030,17,0.53,0.37,0.58,0
BEHAVIOR_000031,4,0.07,0.93,0.06,0
BEHAVIOR_000031,8,0.27,0.74,0.46,0
BEHAVIOR_000031,12,0.01,0.93,0.26,0
BEHAVIOR_000031,17,0.05,0.92,0.04,0
BEHAVIOR_000032,4,0.24,0.69,0.18,0
BEHAVIOR_000032,8,0.42,0.57,0.3,0
BEHAVIOR_000032,12,0.31,0.67,0.25,0
BEHAVIOR_000032,17,0.42,0.77,0.45,0
BEHAVIOR_000033,4,0.35,0.68,0.43,0
BEHAVIOR_000033,8,0.48,0.33,0.53,0
BEHAVIOR_000033,12,0.39,0.59,0.31,0
BEHAVIOR_000033,17,0.29,0.64,0.32,0
BEHAVIOR_000034,4,0.03,0.92,0.12,0
BEHAVIOR_000034,8,0.16,0.9,0.33,0
BEHAVIOR_000034,12,0.26,0.63,0.21,0
BEHAVIOR_000034,17,0.28,0.8,0.49,0
BEHAVIOR_000035,4,0.21,0.79,0.19,0
BEHAVIOR_000035,8,0.31,0.51,0.24,0
BEHAVIOR_000035,12,0.22,0.83,0.43,0
BEHAVIOR_000035,17,0.31,0.77,0.4,0
BEHAVIOR_000036,4,0.6,0.48,0.72,0
BEHAVIOR_000036,8,0.68,0.41,0.74,0
BEHAVIOR_000036,12,0.54,0.68,0.63,0
BEHAVIOR_000036,17,0.2,1.0,0.3,0
BEHAVIOR_000037,4,0.23,0.72,0.41,0
BEHAVIOR_000037,8,0.25,0.63,0.36,0
BEHAVIOR_000037,12,0.22,0.81,0.22,0
BEHAVIOR_000037,17,0.27,0.63,0.37,0
BEHAVIOR_000038,4,0.62,0.35,0.53,0
BEHAVIOR_000038,8,0.68,0.09,0.74,0
BEHAVIOR_000038,12,0.52,0.46,0.62,0
BEHAVIOR_000038,17,0.64,0.4,0.53,0
BEHAVIOR_000039,4,0.0,1.0,0.1,0
BEHAVIOR_000039,8,0.11,0.93,0.26,0
BEHAVIOR_000039,12,0.0,1.0,0.16,0
BEHAVIOR_000039,17,0.0,1.0,0.17,0
BEHAVIOR_000040,4,0.44,0.61,0.32,0
BEHAVIOR_000040,8,0.42,0.6,0.38,0
BEHAVIOR_000040,12,0.17,0.82,0.28,0
BEHAVIOR_000040,17,0.18,0.94,0.32,0
BEHAVIOR_000041,4,0.18,0.75,0.32,0
BEHAVIOR_000041,8,0.14,1.0,0.1,0
BEHAVIOR_000041,12,0.0,1.0,0.28,0
BEHAVIOR_000041,17,0.09,1.0,0.14,0
BEHAVIOR_000042,4,0.29,0.53,0.36,0
BEHAVIOR_000042,8,0.38,0.63,0.48,0
BEHAVIOR_000042,12,0.48,0.72,0.44,0
BEHAVIOR_000042,17,0.3,0.77,0.36,0
BEHAVIOR_000043,4,0.23,0.83,0.27,0
BEHAVIOR_000043,8,0.38,0.61,0.29,0
BEHAVIOR_000043,12,0.27,0.82,0.45,0
BEHAVIOR_000043,17,0.21,0.78,0.3,0
BEHAVIOR_000044,4,0.23,0.59,0.37,0
BEHAVIOR_000044,8,0.34,0.77,0.37,0
BEHAVIOR_000044,12,0.39,0.56,0.52,0
BEHAVIOR_000044,17,0.46,0.46,0.37,0
BEHAVIOR_000045,4,0.23,0.6,0.17,0
BEHAVIOR_000045,8,0.4,0.41,0.56,0
BEHAVIOR_000045,12,0.4,0.61,0.44,0
BEHAVIOR_000045,17,0.25,0.73,0.35,0
BEHAVIOR_000046,4,0.19,0.85,0.25,0
BEHAVIOR_000046,8,0.32,0.36,0.3,0
BEHAVIOR_000046,12,0.3,0.65,0.25,0
BEHAVIOR_000046,17,0.26,0.77,0.31,0
BEHAVIOR_000047,4,0.41,0.62,0.51,0
BEHAVIOR_000047,8,0.71,0.37,0.71,0
BEHAVIOR_000047,12,0.58,0.31,0.55,0
BEHAVIOR_000047,17,0.76,0.17,0.63,0
BEHAVIOR_000048,4,0.44,0.44,0.33,0
BEHAVIOR_000048,8,0.74,0.45,0.67,0
BEHAVIOR_000048,12,0.53,0.43,0.4,0
BEHAVIOR_000048,17,0.61,0.37,0.6,0
BEHAVIOR_000049,4,0.51,0.6,0.57,0
BEHAVIOR_000049,8,0.53,0.4,0.41,0
BEHAVIOR_000049,12,0.51,0.55,0.57,0
BEHAVIOR_000049,17,0.57,0.5,0.56,0
BEHAVIOR_000050,4,0.0,1.0,0.3,0
BEHAVIOR_000050,8,0.0,0.99,0.2,0
BEHAVIOR_000050,12,0.1,0.88,0.36,0
BEHAVIOR_000050,17,0.09,1.0,0.27,0
BEHAVIOR_000051,4,0.31,0.85,0.3,0
BEHAVIOR_000051,8,0.33,0.82,0.43,0
BEHAVIOR_000051,12,0.28,0.52,0.38,0
BEHAVIOR_000051,17,0.17,0.79,0.41,0
BEHAVIOR_000052,4,0.58,0.24,0.53,0
BEHAVIOR_000052,8,0.46,0.65,0.49,0
BEHAVIOR_000052,12,0.35,0.54,0.39,0
BEHAVIOR_000052,17,0.57,0.42,0.68,0
BEHAVIOR_000053,4,0.35,0.76,0.36,0
BEHAVIOR_000053,8,0.21,0.86,0.38,0
BEHAVIOR_000053,12,0.22,0.76,0.4,0
BEHAVIOR_000053,17,0.16,0.87,0.19,0
BEHAVIOR_000054,4,0.28,0.7,0.25,0
BEHAVIOR_000054,8,0.33,0.74,0.4,0
BEHAVIOR_000054,12,0.31,0.69,0.34,0
BEHAVIOR_000054,17,0.36,0.67,0.46,0
BEHAVIOR_000055,4,0.62,0.47,0.44,0
BEHAVIOR_000055,8,0.6,0.58,0.7,0
BEHAVIOR_000055,12,0.74,0.14,0.66,0
BEHAVIOR_000055,17,0.73,0.28,0.75,0
BEHAVIOR_000056,4,0.45,0.52,0.42,0
BEHAVIOR_000056,8,0.43,0.66,0.55,0
BEHAVIOR_000056,12,0.44,0.64,0.39,0
BEHAVIOR_000056,17,0.68,0.41,0.59,0
BEHAVIOR_000057,4,0.16,1.0,0.15,0
BEHAVIOR_000057,8,0.17,0.91,0.34,0
BEHAVIOR_000057,12,0.17,0.83,0.15,0
BEHAVIOR_000057,17,0.38,0.62,0.36,0
BEHAVIOR_000058,4,0.76,0.23,0.81,1
BEHAVIOR_000058,8,0.84,0.0,0.65,0
BEHAVIOR_000058,12,0.59,0.39,0.6,0
BEHAVIOR_000058,17,0.65,0.27,0.68,0
BEHAVIOR_000059,4,0.09,0.83,0.11,0
BEHAVIOR_000059,8,0.16,0.88,0.25,0
BEHAVIOR_000059,12,0.4,0.61,0.47,0
BEHAVIOR_000059,17,0.1,0.8,0.11,0
BEHAVIOR_000060,4,0.07,1.0,0.16,0
BEHAVIOR_000060,8,0.2,0.7,0.23,0
BEHAVIOR_000060,12,0.3,0.66,0.23,0
BEHAVIOR_000060,17,0.18,0.88,0.34,0
BEHAVIOR_000061,4,0.33,0.81,0.48,0
BEHAVIOR_000061,8,0.12,0.83,0.24,0
BEHAVIOR_000061,12,0.44,0.79,0.48,0
BEHAVIOR_000061,17,0.29,0.74,0.48,0
BEHAVIOR_000062,4,0.38,0.74,0.42,0
BEHAVIOR_000062,8,0.42,0.52,0.37,0
BEHAVIOR_000062,12,0.46,0.46,0.43,0
BEHAVIOR_000062,17,0.48,0.44,0.55,0
BEHAVIOR_000063,4,0.29,0.5,0.24,0
BEHAVIOR_000063,8,0.16,0.96,0.3,0
BEHAVIOR_000063,12,0.12,0.95,0.35,0
BEHAVIOR_000063,17,0.09,1.0,0.12,0
BEHAVIOR_000064,4,0.15,0.91,0.33,0
BEHAVIOR_000064,8,0.35,0.82,0.36,0
BEHAVIOR_000064,12,0.21,0.85,0.44,0
BEHAVIOR_000064,17,0.13,0.83,0.3,0
BEHAVIOR_000065,4,0.12,0.89,0.31,0
BEHAVIOR_000065,8,0.06,0.98,0.24,0
BEHAVIOR_000065,12,0.08,0.88,0.12,0
BEHAVIOR_000065,17,0.0,1.0,0.26,0
BEHAVIOR_000066,4,0.6,0.37,0.48,0
BEHAVIOR_000066,8,0.52,0.48,0.52,0
BEHAVIOR_000066,12,0.22,0.84,0.33,0
BEHAVIOR_000066,17,0.46,0.48,0.34,0
BEHAVIOR_000067,4,0.59,0.3,0.54,0
BEHAVIOR_000067,8,0.47,0.6,0.34,0
BEHAVIOR_000067,12,0.58,0.25,0.52,0
BEHAVIOR_000067,17,0.62,0.39,0.71,0
BEHAVIOR_000068,4,0.69,0.38,0.78,1
BEHAVIOR_000068,8,0.86,0.21,0.72,0
BEHAVIOR_000068,12,0.77,0.14,0.54,0
BEHAVIOR_000068,17,0.55,0.33,0.56,0
BEHAVIOR_000069,4,0.13,0.82,0.22,0
BEHAVIOR_000069,8,0.24,0.6,0.23,0
BEHAVIOR_000069,12,0.1,0.91,0.27,0
BEHAVIOR_000069,17,0.17,0.86,0.26,0
BEHAVIOR_000070,4,0.01,1.0,0.16,0
BEHAVIOR_000070,8,0.0,1.0,0.17,0
BEHAVIOR_000070,12,0.16,0.9,0.35,0
BEHAVIOR_000070,17,0.07,1.0,0.18,0
BEHAVIOR_000071,4,0.47,0.57,0.38,0
BEHAVIOR_000071,8,0.32,0.78,0.31,0
BEHAVIOR_000071,12,0.53,0.37,0.44,0
BEHAVIOR_000071,17,0.37,0.5,0.4,0
BEHAVIOR_000072,4,0.12,0.83,0.27,0
BEHAVIOR_000072,8,0.0,0.97,0.26,0
BEHAVIOR_000072,12,0.0,0.93,0.26,0
BEHAVIOR_000072,17,0.0,0.88,0.21,0
BEHAVIOR_000073,4,0.58,0.41,0.69,0
BEHAVIOR_000073,8,0.22,0.8,0.29,0
BEHAVIOR_000073,12,0.51,0.52,0.42,0
BEHAVIOR_000073,17,0.39,0.58,0.31,0
BEHAVIOR_000074,4,0.31,0.69,0.23,0
BEHAVIOR_000074,8,0.24,0.66,0.36,0
BEHAVIOR_000074,12,0.41,0.54,0.42,0
BEHAVIOR_000074,17,0.14,1.0,0.27,0
BEHAVIOR_000075,4,0.48,0.59,0.47,0
BEHAVIOR_000075,8,0.52,0.41,0.45,0
BEHAVIOR_000075,12,0.51,0.37,0.52,0
BEHAVIOR_000075,17,0.52,0.44,0.55,0
BEHAVIOR_000076,4,0.0,1.0,0.12,0
BEHAVIOR_000076,8,0.23,0.86,0.45,0
BEHAVIOR_000076,12,0.0,0.95,0.14,0
BEHAVIOR_000076,17,0.08,1.0,0.18,0
BEHAVIOR_000077,4,0.96,0.0,0.91,1
BEHAVIOR_000077,8,0.77,0.19,0.59,0
BEHAVIOR_000077,12,0.63,0.24,0.58,0
BEHAVIOR_000077,17,0.69,0.28,0.52,0
BEHAVIOR_000078,4,0.67,0.47,0.72,0
BEHAVIOR_000078,8,0.85,0.15,0.81,1
BEHAVIOR_000078,12,0.62,0.49,0.46,0
BEHAVIOR_000078,17,0.75,0.28,0.64,0
BEHAVIOR_000079,4,0.94,0.0,0.92,1
BEHAVIOR_000079,8,0.95,0.04,0.79,1
BEHAVIOR_000079,12,0.81,0.14,0.67,0
BEHAVIOR_000079,17,0.92,0.17,0.66,0
BEHAVIOR_000080,4,0.0,0.89,0.04,0
BEHAVIOR_000080,8,0.02,0.95,0.12,0
BEHAVIOR_000080,12,0.0,1.0,0.04,0
BEHAVIOR_000080,17,0.15,0.79,0.18,0
BEHAVIOR_000081,4,0.22,0.55,0.26,0
BEHAVIOR_000081,8,0.17,0.69,0.12,0
BEHAVIOR_000081,12,0.16,0.89,0.13,0
BEHAVIOR_000081,17,0.34,0.73,0.48,0
BEHAVIOR_000082,4,0.17,0.92,0.19,0
BEHAVIOR_000082,8,0.28,0.76,0.41,0
BEHAVIOR_000082,12,0.19,0.78,0.15,0
BEHAVIOR_000082,17,0.04,1.0,0.14,0
BEHAVIOR_000083,4,0.71,0.12,0.76,1
BEHAVIOR_000083,8,0.61,0.34,0.47,0
BEHAVIOR_000083,12,0.55,0.48,0.59,0
BEHAVIOR_000083,17,0.53,0.41,0.65,0
BEHAVIOR_000084,4,0.11,0.89,0.23,0
BEHAVIOR_000084,8,0.1,0.82,0.18,0
BEHAVIOR_000084,12,0.1,1.0,0.23,0
BEHAVIOR_000084,17,0.21,0.66,0.23,0
BEHAVIOR_000085,4,0.01,0.92,0.07,0
BEHAVIOR_000085,8,0.33,0.75,0.52,0
BEHAVIOR_000085,12,0.11,0.77,0.32,0
BEHAVIOR_000085,17,0.0,1.0,0.08,0
BEHAVIOR_000086,4,0.41,0.57,0.49,0
BEHAVIOR_000086,8,0.65,0.24,0.58,0
BEHAVIOR_000086,12,0.47,0.59,0.35,0
BEHAVIOR_000086,17,0.51,0.28,0.51,0
BEHAVIOR_000087,4,0.2,0.93,0.27,0
BEHAVIOR_000087,8,0.08,0.82,0.17,0
BEHAVIOR_000087,12,0.0,0.88,0.25,0
BEHAVIOR_000087,17,0.33,0.46,0.3,0
BEHAVIOR_000088,4,0.36,0.7,0.32,0
BEHAVIOR_000088,8,0.25,0.83,0.28,0
BEHAVIOR_000088,12,0.26,0.54,0.35,0
BEHAVIOR_000088,17,0.12,0.91,0.16,0
BEHAVIOR_000089,4,0.25,0.6,0.32,0
BEHAVIOR_000089,8,0.19,0.73,0.18,0
BEHAVIOR_000089,12,0.35,0.73,0.38,0
BEHAVIOR_000089,17,0.36,0.73,0.29,0
BEHAVIOR_000090,4,0.08,0.9,0.29,0
BEHAVIOR_000090,8,0.3,0.77,0.41,0
BEHAVIOR_000090,12,0.28,0.61,0.4,0
BEHAVIOR_000090,17,0.22,0.72,0.16,0
BEHAVIOR_000091,4,0.5,0.55,0.38,0
BEHAVIOR_000091,8,0.68,0.32,0.54,0
BEHAVIOR_000091,12,0.43,0.49,0.6,0
BEHAVIOR_000091,17,0.55,0.31,0.67,0
BEHAVIOR_000092,4,0.13,0.93,0.19,0
BEHAVIOR_000092,8,0.18,0.79,0.37,0
BEHAVIOR_000092,12,0.13,1.0,0.39,0
BEHAVIOR_000092,17,0.04,1.0,0.14,0
BEHAVIOR_000093,4,0.2,0.71,0.42,0
BEHAVIOR_000093,8,0.2,0.82,0.17,0
BEHAVIOR_000093,12,0.05,0.81,0.04,0
BEHAVIOR_000093,17,0.06,0.78,0.04,0
BEHAVIOR_000094,4,0.14,0.94,0.29,0
BEHAVIOR_000094,8,0.32,0.75,0.46,0
BEHAVIOR_000094,12,0.29,0.67,0.41,0
BEHAVIOR_000094,17,0.28,0.86,0.42,0
BEHAVIOR_000095,4,0.22,0.79,0.4,0
BEHAVIOR_000095,8,0.4,0.52,0.57,0
BEHAVIOR_000095,12,0.4,0.76,0.42,0
BEHAVIOR_000095,17,0.18,0.69,0.32,0
BEHAVIOR_000096,4,0.4,0.6,0.52,0
BEHAVIOR_000096,8,0.14,1.0,0.33,0
BEHAVIOR_000096,12,0.11,0.79,0.35,0
BEHAVIOR_000096,17,0.46,0.51,0.54,0
BEHAVIOR_000097,4,0.49,0.54,0.64,0
BEHAVIOR_000097,8,0.56,0.34,0.43,0
BEHAVIOR_000097,12,0.57,0.4,0.51,0
BEHAVIOR_000097,17,0.47,0.79,0.52,0
BEHAVIOR_000098,4,0.43,0.49,0.47,0
BEHAVIOR_000098,8,0.4,0.51,0.54,0
BEHAVIOR_000098,12,0.36,0.72,0.49,0
BEHAVIOR_000098,17,0.41,0.46,0.56,0
BEHAVIOR_000099,4,0.21,0.71,0.3,0
BEHAVIOR_000099,8,0.18,0.75,0.31,0
BEHAVIOR_000099,12,0.41,0.51,0.45,0
BEHAVIOR_000099,17,0.43,0.38,0.41,0
BEHAVIOR_000100,4,0.29,0.66,0.29,0
BEHAVIOR_000100,8,0.31,0.65,0.46,0
BEHAVIOR_000100,12,0.28,0.82,0.22,0
BEHAVIOR_000100,17,0.35,0.75,0.49,0
BEHAVIOR_000101,4,0.42,0.55,0.46,0
BEHAVIOR_000101,8,0.5,0.58,0.6,0
BEHAVIOR_000101,12,0.42,0.8,0.57,0
BEHAVIOR_000101,17,0.49,0.47,0.35,0
BEHAVIOR_000102,4,0.02,1.0,0.2,0
BEHAVIOR_000102,8,0.17,0.74,0.25,0
BEHAVIOR_000102,12,0.08,0.9,0.05,0
BEHAVIOR_000102,17,0.04,0.9,0.17,0
BEHAVIOR_000103,4,0.15,0.88,0.33,0
BEHAVIOR_000103,8,0.0,0.91,0.1,0
BEHAVIOR_000103,12,0.08,0.74,0.19,0
BEHAVIOR_000103,17,0.28,0.73,0.31,0
BEHAVIOR_000104,4,0.0,1.0,0.23,0
BEHAVIOR_000104,8,0.0,0.88,0.18,0
BEHAVIOR_000104,12,0.1,0.84,0.23,0
BEHAVIOR_000104,17,0.3,0.99,0.42,0
BEHAVIOR_000105,4,0.64,0.32,0.49,0
BEHAVIOR_000105,8,0.48,0.5,0.48,0
BEHAVIOR_000105,12,0.47,0.66,0.51,0
BEHAVIOR_000105,17,0.67,0.31,0.73,0
BEHAVIOR_000106,4,0.1,0.88,0.17,0
BEHAVIOR_000106,8,0.17,0.97,0.15,0
BEHAVIOR_000106,12,0.02,0.96,0.08,0
BEHAVIOR_000106,17,0.09,0.76,0.12,0
BEHAVIOR_000107,4,0.13,1.0,0.35,0
BEHAVIOR_000107,8,0.19,0.78,0.36,0
BEHAVIOR_000107,12,0.23,0.8,0.38,0
BEHAVIOR_000107,17,0.16,0.89,0.27,0
BEHAVIOR_000108,4,0.19,0.73,0.14,0
BEHAVIOR_000108,8,0.16,0.77,0.39,0
BEHAVIOR_000108,12,0.26,0.77,0.39,0
BEHAVIOR_000108,17,0.29,0.58,0.47,0
BEHAVIOR_000109,4,0.5,0.33,0.38,0
BEHAVIOR_000109,8,0.48,0.38,0.56,0
BEHAVIOR_000109,12,0.31,0.75,0.22,0
BEHAVIOR_000109,17,0.43,0.71,0.57,0
BEHAVIOR_000110,4,0.12,0.61,0.32,0
BEHAVIOR_000110,8,0.25,0.55,0.26,0
BEHAVIOR_000110,12,0.4,0.61,0.35,0
BEHAVIOR_000110,17,0.32,0.72,0.43,0
BEHAVIOR_000111,4,0.0,1.0,0.27,0
BEHAVIOR_000111,8,0.0,1.0,0.29,0
BEHAVIOR_000111,12,0.0,0.93,0.13,0
BEHAVIOR_000111,17,0.14,1.0,0.29,0
BEHAVIOR_000112,4,0.22,0.93,0.28,0
BEHAVIOR_000112,8,0.3,0.62,0.28,0
BEHAVIOR_000112,12,0.3,0.66,0.46,0
BEHAVIOR_000112,17,0.12,0.84,0.26,0
BEHAVIOR_000113,4,0.34,0.74,0.29,0
BEHAVIOR_000113,8,0.45,0.59,0.61,0
BEHAVIOR_000113,12,0.56,0.33,0.46,0
BEHAVIOR_000113,17,0.45,0.38,0.41,0
BEHAVIOR_000114,4,0.77,0.14,0.59,0
BEHAVIOR_000114,8,0.84,0.18,0.62,0
BEHAVIOR_000114,12,0.76,0.29,0.75,0
BEHAVIOR_000114,17,0.81,0.31,0.75,0
BEHAVIOR_000115,4,0.66,0.21,0.6,0
BEHAVIOR_000115,8,0.63,0.28,0.61,0
BEHAVIOR_000115,12,0.55,0.45,0.53,0
BEHAVIOR_000115,17,0.58,0.49,0.6,0
BEHAVIOR_000116,4,0.52,0.6,0.48,0
BEHAVIOR_000116,8,0.46,0.51,0.41,0
BEHAVIOR_000116,12,0.5,0.36,0.42,0
BEHAVIOR_000116,17,0.41,0.8,0.43,0
BEHAVIOR_000117,4,0.64,0.34,0.49,0
BEHAVIOR_000117,8,0.39,0.52,0.42,0
BEHAVIOR_000117,12,0.69,0.02,0.53,0
BEHAVIOR_000117,17,0.41,0.6,0.34,0
BEHAVIOR_000118,4,0.84,0.25,0.73,0
BEHAVIOR_000118,8,1.0,0.0,0.89,1
BEHAVIOR_000118,12,0.81,0.31,0.83,1
BEHAVIOR_000118,17,0.95,0.03,0.86,1
BEHAVIOR_000119,4,0.6,0.44,0.7,0
BEHAVIOR_000119,8,0.72,0.36,0.57,0
BEHAVIOR_000119,12,0.64,0.2,0.5,0
BEHAVIOR_000119,17,0.52,0.36,0.41,0
BEHAVIOR_000120,4,0.14,0.88,0.2,0
BEHAVIOR_000120,8,0.21,0.81,0.42,0
BEHAVIOR_000120,12,0.1,0.95,0.17,0
BEHAVIOR_000120,17,0.33,0.58,0.43,0
BEHAVIOR_000121,4,0.81,0.23,0.81,1
BEHAVIOR_000121,8,0.57,0.35,0.55,0
BEHAVIOR_000121,12,0.72,0.24,0.65,0
BEHAVIOR_000121,17,0.67,0.46,0.7,0
BEHAVIOR_000122,4,0.74,0.29,0.58,0
BEHAVIOR_000122,8,0.62,0.18,0.51,0
BEHAVIOR_000122,12,0.76,0.3,0.54,0
BEHAVIOR_000122,17,0.78,0.23,0.81,1
BEHAVIOR_000123,4,0.9,0.05,0.83,1
BEHAVIOR_000123,8,0.92,0.1,0.89,1
BEHAVIOR_000123,12,0.87,0.07,0.73,0
BEHAVIOR_000123,17,0.82,0.0,0.69,0
BEHAVIOR_000124,4,0.18,1.0,0.38,0
BEHAVIOR_000124,8,0.15,0.75,0.23,0
BEHAVIOR_000124,12,0.0,1.0,0.25,0
BEHAVIOR_000124,17,0.17,0.74,0.3,0
BEHAVIOR_000125,4,0.54,0.34,0.38,0
BEHAVIOR_000125,8,0.65,0.23,0.6,0
BEHAVIOR_000125,12,0.49,0.49,0.6,0
BEHAVIOR_000125,17,0.62,0.28,0.71,0
BEHAVIOR_000126,4,0.45,0.56,0.47,0
BEHAVIOR_000126,8,0.44,0.4,0.52,0
BEHAVIOR_000126,12,0.45,0.57,0.39,0
BEHAVIOR_000126,17,0.33,0.61,0.36,0
BEHAVIOR_000127,4,0.11,0.73,0.34,0
BEHAVIOR_000127,8,0.18,0.99,0.15,0
BEHAVIOR_000127,12,0.02,1.0,0.25,0
BEHAVIOR_000127,17,0.06,0.79,0.15,0
BEHAVIOR_000128,4,0.15,0.91,0.24,0
BEHAVIOR_000128,8,0.16,0.92,0.27,0
BEHAVIOR_000128,12,0.13,1.0,0.3,0
BEHAVIOR_000128,17,0.09,0.84,0.3,0
BEHAVIOR_000129,4,0.14,0.84,0.29,0
BEHAVIOR_000129,8,0.17,0.94,0.3,0
BEHAVIOR_000129,12,0.06,1.0,0.31,0
BEHAVIOR_000129,17,0.0,1.0,0.3,0
BEHAVIOR_000130,4,0.31,0.83,0.45,0
BEHAVIOR_000130,8,0.31,0.75,0.3,0
BEHAVIOR_000130,12,0.4,0.57,0.57,0
BEHAVIOR_000130,17,0.28,0.73,0.39,0
BEHAVIOR_000131,4,0.35,0.66,0.47,0
BEHAVIOR_000131,8,0.63,0.37,0.59,0
BEHAVIOR_000131,12,0.28,0.71,0.28,0
BEHAVIOR_000131,17,0.37,0.58,0.55,0
BEHAVIOR_000132,4,0.0,1.0,0.05,0
BEHAVIOR_000132,8,0.2,0.86,0.21,0
BEHAVIOR_000132,12,0.13,0.9,0.34,0
BEHAVIOR_000132,17,0.05,0.9,0.16,0
BEHAVIOR_000133,4,0.55,0.48,0.52,0
BEHAVIOR_000133,8,0.52,0.58,0.6,0
BEHAVIOR_000133,12,0.63,0.46,0.7,0
BEHAVIOR_000133,17,0.64,0.58,0.72,0
BEHAVIOR_000134,4,0.0,0.69,0.1,0
BEHAVIOR_000134,8,0.01,1.0,0.26,0
BEHAVIOR_000134,12,0.08,0.84,0.26,0
BEHAVIOR_000134,17,0.16,0.87,0.33,0
BEHAVIOR_000135,4,0.03,0.95,0.13,0
BEHAVIOR_000135,8,0.19,0.77,0.29,0
BEHAVIOR_000135,12,0.24,0.77,0.44,0
BEHAVIOR_000135,17,0.15,0.74,0.23,0
BEHAVIOR_000136,4,0.48,0.78,0.59,0
BEHAVIOR_000136,8,0.62,0.35,0.65,0
BEHAVIOR_000136,12,0.56,0.27,0.41,0
BEHAVIOR_000136,17,0.48,0.3,0.41,0
BEHAVIOR_000137,4,0.45,0.62,0.39,0
BEHAVIOR_000137,8,0.2,0.9,0.22,0
BEHAVIOR_000137,12,0.38,0.52,0.32,0
BEHAVIOR_000137,17,0.6,0.48,0.51,0
BEHAVIOR_000138,4,0.36,0.48,0.41,0
BEHAVIOR_000138,8,0.21,0.69,0.18,0
BEHAVIOR_000138,12,0.52,0.29,0.5,0
BEHAVIOR_000138,17,0.49,0.5,0.53,0
BEHAVIOR_000139,4,0.72,0.31,0.72,0
BEHAVIOR_000139,8,0.75,0.28,0.79,1
BEHAVIOR_000139,12,0.36,0.49,0.48,0
BEHAVIOR_000139,17,0.49,0.53,0.61,0
BEHAVIOR_000140,4,0.13,0.69,0.11,0
BEHAVIOR_000140,8,0.11,0.8,0.11,0
BEHAVIOR_000140,12,0.45,0.69,0.55,0
BEHAVIOR_000140,17,0.25,0.73,0.46,0
BEHAVIOR_000141,4,0.28,0.8,0.24,0
BEHAVIOR_000141,8,0.12,0.75,0.25,0
BEHAVIOR_000141,12,0.47,0.58,0.48,0
BEHAVIOR_000141,17,0.3,0.67,0.23,0
BEHAVIOR_000142,4,0.45,0.62,0.49,0
BEHAVIOR_000142,8,0.39,0.71,0.37,0
BEHAVIOR_000142,12,0.44,0.63,0.58,0
BEHAVIOR_000142,17,0.38,0.63,0.39,0
BEHAVIOR_000143,4,0.05,0.98,0.2,0
BEHAVIOR_000143,8,0.0,1.0,0.02,0
BEHAVIOR_000143,12,0.05,0.95,0.08,0
BEHAVIOR_000143,17,0.11,1.0,0.2,0
BEHAVIOR_000144,4,0.21,0.83,0.33,0
BEHAVIOR_000144,8,0.44,0.55,0.37,0
BEHAVIOR_000144,12,0.17,0.89,0.39,0
BEHAVIOR_000144,17,0.14,0.72,0.3,0
BEHAVIOR_000145,4,0.46,0.6,0.58,0
BEHAVIOR_000145,8,0.58,0.44,0.45,0
BEHAVIOR_000145,12,0.3,0.54,0.37,0
BEHAVIOR_000145,17,0.4,0.58,0.39,0
BEHAVIOR_000146,4,0.2,0.9,0.3,0
BEHAVIOR_000146,8,0.4,0.61,0.45,0
BEHAVIOR_000146,12,0.21,0.71,0.26,0
BEHAVIOR_000146,17,0.43,0.61,0.43,0
BEHAVIOR_000147,4,0.34,0.74,0.32,0
BEHAVIOR_000147,8,0.35,0.66,0.39,0
BEHAVIOR_000147,12,0.31,0.71,0.46,0
BEHAVIOR_000147,17,0.28,0.83,0.31,0
BEHAVIOR_000148,4,0.38,0.39,0.43,0
BEHAVIOR_000148,8,0.47,0.47,0.59,0
BEHAVIOR_000148,12,0.3,0.91,0.25,0
BEHAVIOR_000148,17,0.17,0.77,0.39,0
BEHAVIOR_000149,4,0.14,0.8,0.15,0
BEHAVIOR_000149,8,0.23,0.86,0.22,0
BEHAVIOR_000149,12,0.18,0.64,0.41,0
BEHAVIOR_000149,17,0.29,0.62,0.33,0
BEHAVIOR_000150,4,0.27,0.81,0.21,0
BEHAVIOR_000150,8,0.36,0.66,0.54,0
BEHAVIOR_000150,12,0.47,0.71,0.44,0
BEHAVIOR_000150,17,0.43,0.54,0.35,0
BEHAVIOR_000151,4,0.36,0.76,0.42,0
BEHAVIOR_000151,8,0.11,0.93,0.24,0
BEHAVIOR_000151,12,0.21,0.77,0.38,0
BEHAVIOR_000151,17,0.1,0.84,0.07,0
BEHAVIOR_000152,4,0.22,0.78,0.42,0
BEHAVIOR_000152,8,0.18,0.74,0.24,0
BEHAVIOR_000152,12,0.49,0.38,0.53,0
BEHAVIOR_000152,17,0.32,0.78,0.45,0
BEHAVIOR_000153,4,0.09,1.0,0.13,0
BEHAVIOR_000153,8,0.24,0.91,0.24,0
BEHAVIOR_000153,12,0.2,0.76,0.37,0
BEHAVIOR_000153,17,0.26,0.58,0.32,0
BEHAVIOR_000154,4,0.56,0.42,0.4,0
BEHAVIOR_000154,8,0.65,0.54,0.62,0
BEHAVIOR_000154,12,0.41,0.49,0.48,0
BEHAVIOR_000154,17,0.59,0.47,0.51,0
BEHAVIOR_000155,4,0.14,0.87,0.22,0
BEHAVIOR_000155,8,0.05,1.0,0.27,0
BEHAVIOR_000155,12,0.27,0.91,0.29,0
BEHAVIOR_000155,17,0.4,0.56,0.42,0
BEHAVIOR_000156,4,0.7,0.24,0.49,0
BEHAVIOR_000156,8,0.46,0.65,0.56,0
BEHAVIOR_000156,12,0.44,0.65,0.52,0
BEHAVIOR_000156,17,0.52,0.43,0.43,0
BEHAVIOR_000157,4,0.21,0.73,0.25,0
BEHAVIOR_000157,8,0.07,0.95,0.1,0
BEHAVIOR_000157,12,0.0,0.83,0.1,0
BEHAVIOR_000157,17,0.06,0.96,0.15,0
BEHAVIOR_000158,4,0.79,0.34,0.73,0
BEHAVIOR_000158,8,0.78,0.35,0.58,0
BEHAVIOR_000158,12,0.91,0.14,0.81,1
BEHAVIOR_000158,17,0.92,0.11,0.71,0
BEHAVIOR_000159,4,0.26,0.46,0.2,0
BEHAVIOR_000159,8,0.29,0.91,0.21,0
BEHAVIOR_000159,12,0.12,0.89,0.12,0
BEHAVIOR_000159,17,0.15,0.78,0.26,0
BEHAVIOR_000160,4,0.41,0.62,0.43,0
BEHAVIOR_000160,8,0.44,0.55,0.57,0
BEHAVIOR_000160,12,0.48,0.45,0.59,0
BEHAVIOR_000160,17,0.32,0.77,0.51,0
BEHAVIOR_000161,4,0.51,0.42,0.47,0
BEHAVIOR_000161,8,0.64,0.42,0.53,0
BEHAVIOR_000161,12,0.69,0.36,0.52,0
BEHAVIOR_000161,17,0.55,0.57,0.67,0
BEHAVIOR_000162,4,0.19,0.73,0.42,0
BEHAVIOR_000162,8,0.22,0.55,0.17,0
BEHAVIOR_000162,12,0.26,0.86,0.27,0
BEHAVIOR_000162,17,0.4,0.57,0.41,0
BEHAVIOR_000163,4,0.47,0.54,0.61,0
BEHAVIOR_000163,8,0.49,0.49,0.46,0
BEHAVIOR_000163,12,0.6,0.65,0.63,0
BEHAVIOR_000163,17,0.55,0.43,0.63,0
BEHAVIOR_000164,4,0.32,0.64,0.32,0
BEHAVIOR_000164,8,0.44,0.81,0.55,0
BEHAVIOR_000164,12,0.52,0.6,0.49,0
BEHAVIOR_000164,17,0.64,0.11,0.7,0
BEHAVIOR_000165,4,0.13,0.92,0.36,0
BEHAVIOR_000165,8,0.24,0.66,0.35,0
BEHAVIOR_000165,12,0.34,0.56,0.42,0
BEHAVIOR_000165,17,0.17,0.9,0.37,0
BEHAVIOR_000166,4,0.08,0.8,0.29,0
BEHAVIOR_000166,8,0.2,0.67,0.41,0
BEHAVIOR_000166,12,0.23,0.78,0.36,0
BEHAVIOR_000166,17,0.24,0.65,0.27,0
BEHAVIOR_000167,4,0.0,1.0,0.28,0
BEHAVIOR_000167,8,0.05,0.89,0.1,0
BEHAVIOR_000167,12,0.0,1.0,0.21,0
BEHAVIOR_000167,17,0.11,0.9,0.17,0
BEHAVIOR_000168,4,0.76,0.32,0.58,0
BEHAVIOR_000168,8,0.44,0.59,0.5,0
BEHAVIOR_000168,12,0.35,0.6,0.53,0
BEHAVIOR_000168,17,0.34,0.74,0.46,0
BEHAVIOR_000169,4,0.07,0.92,0.27,0
BEHAVIOR_000169,8,0.23,0.63,0.37,0
BEHAVIOR_000169,12,0.1,0.93,0.17,0
BEHAVIOR_000169,17,0.0,0.93,0.01,0
BEHAVIOR_000170,4,0.49,0.62,0.49,0
BEHAVIOR_000170,8,0.4,0.57,0.55,0
BEHAVIOR_000170,12,0.45,0.44,0.48,0
BEHAVIOR_000170,17,0.45,0.44,0.49,0
BEHAVIOR_000171,4,0.31,0.68,0.5,0
BEHAVIOR_000171,8,0.43,0.6,0.5,0
BEHAVIOR_000171,12,0.36,0.42,0.46,0
BEHAVIOR_000171,17,0.39,0.63,0.39,0
BEHAVIOR_000172,4,0.49,0.22,0.51,0
BEHAVIOR_000172,8,0.36,0.63,0.5,0
BEHAVIOR_000172,12,0.35,0.73,0.53,0
BEHAVIOR_000172,17,0.54,0.32,0.65,0
BEHAVIOR_000173,4,0.75,0.4,0.73,0
BEHAVIOR_000173,8,0.73,0.31,0.62,0
BEHAVIOR_000173,12,0.57,0.26,0.45,0
BEHAVIOR_000173,17,0.82,0.24,0.87,1
BEHAVIOR_000174,4,0.25,0.85,0.2,0
BEHAVIOR_000174,8,0.5,0.53,0.36,0
BEHAVIOR_000174,12,0.45,0.56,0.48,0
BEHAVIOR_000174,17,0.21,0.83,0.26,0
BEHAVIOR_000175,4,0.48,0.51,0.49,0
BEHAVIOR_000175,8,0.33,0.61,0.27,0
BEHAVIOR_000175,12,0.38,0.47,0.45,0
BEHAVIOR_000175,17,0.41,0.74,0.56,0
BEHAVIOR_000176,4,0.21,0.83,0.39,0
BEHAVIOR_000176,8,0.01,0.98,0.15,0
BEHAVIOR_000176,12,0.0,1.0,0.25,0
BEHAVIOR_000176,17,0.0,1.0,0.23,0
BEHAVIOR_000177,4,0.13,0.79,0.13,0
BEHAVIOR_000177,8,0.02,1.0,0.1,0
BEHAVIOR_000177,12,0.13,1.0,0.15,0
BEHAVIOR_000177,17,0.0,0.95,0.17,0
BEHAVIOR_000178,4,0.73,0.43,0.57,0
BEHAVIOR_000178,8,0.67,0.48,0.47,0
BEHAVIOR_000178,12,0.57,0.51,0.52,0
BEHAVIOR_000178,17,0.76,0.36,0.76,1
BEHAVIOR_000179,4,0.27,0.61,0.39,0
BEHAVIOR_000179,8,0.25,0.77,0.27,0
BEHAVIOR_000179,12,0.4,0.66,0.58,0
BEHAVIOR_000179,17,0.44,0.49,0.31,0
BEHAVIOR_000180,4,0.2,0.89,0.4,0
BEHAVIOR_000180,8,0.0,1.0,0.11,0
BEHAVIOR_000180,12,0.0,1.0,0.09,0
BEHAVIOR_000180,17,0.0,1.0,0.08,0
BEHAVIOR_000181,4,1.0,0.0,0.93,1
BEHAVIOR_000181,8,1.0,0.0,0.72,0
BEHAVIOR_000181,12,0.99,0.0,0.72,0
BEHAVIOR_000181,17,1.0,0.08,0.98,1
BEHAVIOR_000182,4,0.15,1.0,0.4,0
BEHAVIOR_000182,8,0.25,0.72,0.4,0
BEHAVIOR_000182,12,0.15,1.0,0.4,0
BEHAVIOR_000182,17,0.22,0.8,0.24,0
BEHAVIOR_000183,4,0.15,1.0,0.15,0
BEHAVIOR_000183,8,0.08,0.8,0.09,0
BEHAVIOR_000183,12,0.1,0.85,0.17,0
BEHAVIOR_000183,17,0.1,0.9,0.13,0
BEHAVIOR_000184,4,0.28,0.76,0.47,0
BEHAVIOR_000184,8,0.46,0.47,0.33,0
BEHAVIOR_000184,12,0.51,0.39,0.57,0
BEHAVIOR_000184,17,0.4,0.56,0.53,0
BEHAVIOR_000185,4,0.24,0.6,0.37,0
BEHAVIOR_000185,8,0.12,0.68,0.1,0
BEHAVIOR_000185,12,0.43,0.52,0.57,0
BEHAVIOR_000185,17,0.12,0.7,0.3,0
BEHAVIOR_000186,4,0.28,0.63,0.38,0
BEHAVIOR_000186,8,0.33,0.67,0.39,0
BEHAVIOR_000186,12,0.17,0.82,0.2,0
BEHAVIOR_000186,17,0.41,0.63,0.34,0
BEHAVIOR_000187,4,0.44,0.53,0.54,0
BEHAVIOR_000187,8,0.36,0.61,0.36,0
BEHAVIOR_000187,12,0.59,0.53,0.63,0
BEHAVIOR_000187,17,0.61,0.38,0.43,0
BEHAVIOR_000188,4,0.11,0.8,0.17,0
BEHAVIOR_000188,8,0.04,0.85,0.25,0
BEHAVIOR_000188,12,0.34,0.69,0.3,0
BEHAVIOR_000188,17,0.21,0.78,0.19,0
BEHAVIOR_000189,4,0.59,0.32,0.45,0
BEHAVIOR_000189,8,0.54,0.39,0.46,0
BEHAVIOR_000189,12,0.7,0.34,0.72,0
BEHAVIOR_000189,17,0.49,0.43,0.63,0
BEHAVIOR_000190,4,0.25,0.82,0.27,0
BEHAVIOR_000190,8,0.61,0.56,0.44,0
BEHAVIOR_000190,12,0.48,0.51,0.38,0
BEHAVIOR_000190,17,0.42,0.47,0.42,0
BEHAVIOR_000191,4,0.47,0.39,0.37,0
BEHAVIOR_000191,8,0.41,0.6,0.32,0
BEHAVIOR_000191,12,0.14,0.94,0.38,0
BEHAVIOR_000191,17,0.35,0.87,0.35,0
BEHAVIOR_000192,4,0.31,0.54,0.23,0
BEHAVIOR_000192,8,0.3,0.69,0.34,0
BEHAVIOR_000192,12,0.29,0.63,0.37,0
BEHAVIOR_000192,17,0.31,0.6,0.47,0
BEHAVIOR_000193,4,0.0,0.84,0.05,0
BEHAVIOR_000193,8,0.1,0.87,0.18,0
BEHAVIOR_000193,12,0.0,0.97,0.26,0
BEHAVIOR_000193,17,0.07,0.78,0.29,0
BEHAVIOR_000194,4,0.81,0.33,0.7,0
BEHAVIOR_000194,8,0.83,0.1,0.66,0
BEHAVIOR_000194,12,0.92,0.02,0.94,1
BEHAVIOR_000194,17,0.95,0.12,0.94,1
BEHAVIOR_000195,4,0.1,0.84,0.2,0
BEHAVIOR_000195,8,0.01,1.0,0.23,0
BEHAVIOR_000195,12,0.0,0.98,0.06,0
BEHAVIOR_000195,17,0.17,0.78,0.3,0
BEHAVIOR_000196,4,0.65,0.29,0.7,0
BEHAVIOR_000196,8,0.55,0.45,0.39,0
BEHAVIOR_000196,12,0.56,0.49,0.58,0
BEHAVIOR_000196,17,0.45,0.48,0.54,0
BEHAVIOR_000197,4,0.48,0.64,0.5,0
BEHAVIOR_000197,8,0.58,0.31,0.67,0
BEHAVIOR_000197,12,0.71,0.26,0.67,0
BEHAVIOR_000197,17,0.63,0.24,0.59,0
BEHAVIOR_000198,4,0.25,0.67,0.21,0
BEHAVIOR_000198,8,0.26,0.57,0.46,0
BEHAVIOR_000198,12,0.21,0.93,0.3,0
BEHAVIOR_000198,17,0.21,0.68,0.43,0
BEHAVIOR_000199,4,0.26,0.75,0.29,0
BEHAVIOR_000199,8,0.16,0.77,0.12,0
BEHAVIOR_000199,12,0.0,0.99,0.19,0
BEHAVIOR_000199,17,0.13,0.91,0.34,0
BEHAVIOR_000200,4,0.35,0.58,0.41,0
BEHAVIOR_000200,8,0.1,0.87,0.21,0
BEHAVIOR_000200,12,0.0,0.97,0.26,0
BEHAVIOR_000200,17,0.0,1.0,0.01,0
BEHAVIOR_000201,4,0.12,0.88,0.11,0
BEHAVIOR_000201,8,0.0,0.93,0.27,0
BEHAVIOR_000201,12,0.06,0.99,0.07,0
BEHAVIOR_000201,17,0.0,1.0,0.2,0
BEHAVIOR_000202,4,0.63,0.54,0.5,0
BEHAVIOR_000202,8,0.51,0.64,0.45,0
BEHAVIOR_000202,12,0.64,0.4,0.56,0
BEHAVIOR_000202,17,0.68,0.52,0.53,0
BEHAVIOR_000203,4,0.17,0.73,0.24,0
BEHAVIOR_000203,8,0.32,0.84,0.51,0
BEHAVIOR_000203,12,0.27,0.57,0.42,0
BEHAVIOR_000203,17,0.54,0.66,0.39,0
BEHAVIOR_000204,4,0.0,1.0,0.1,0
BEHAVIOR_000204,8,0.14,0.98,0.36,0
BEHAVIOR_000204,12,0.08,0.88,0.16,0
BEHAVIOR_000204,17,0.0,1.0,0.26,0
BEHAVIOR_000205,4,0.26,0.67,0.37,0
BEHAVIOR_000205,8,0.02,0.94,0.23,0
BEHAVIOR_000205,12,0.16,0.92,0.12,0
BEHAVIOR_000205,17,0.27,0.77,0.23,0
BEHAVIOR_000206,4,0.44,0.54,0.56,0
BEHAVIOR_000206,8,0.22,0.78,0.33,0
BEHAVIOR_000206,12,0.41,0.68,0.32,0
BEHAVIOR_000206,17,0.37,0.62,0.39,0
BEHAVIOR_000207,4,0.35,0.38,0.53,0
BEHAVIOR_000207,8,0.38,0.63,0.32,0
BEHAVIOR_000207,12,0.4,0.66,0.48,0
BEHAVIOR_000207,17,0.44,0.76,0.56,0
BEHAVIOR_000208,4,0.46,0.51,0.4,0
BEHAVIOR_000208,8,0.56,0.42,0.63,0
BEHAVIOR_000208,12,0.55,0.35,0.61,0
BEHAVIOR_000208,17,0.45,0.51,0.34,0
BEHAVIOR_000209,4,0.13,0.8,0.14,0
BEHAVIOR_000209,8,0.1,0.92,0.28,0
BEHAVIOR_000209,12,0.03,0.97,0.1,0
BEHAVIOR_000209,17,0.07,0.99,0.24,0
BEHAVIOR_000210,4,0.28,0.69,0.47,0
BEHAVIOR_000210,8,0.31,0.57,0.48,0
BEHAVIOR_000210,12,0.01,1.0,0.04,0
BEHAVIOR_000210,17,0.25,0.81,0.29,0
BEHAVIOR_000211,4,0.38,0.74,0.5,0
BEHAVIOR_000211,8,0.33,0.63,0.24,0
BEHAVIOR_000211,12,0.51,0.47,0.43,0
BEHAVIOR_000211,17,0.41,0.58,0.57,0
BEHAVIOR_000212,4,0.37,0.6,0.28,0
BEHAVIOR_000212,8,0.47,0.52,0.43,0
BEHAVIOR_000212,12,0.65,0.43,0.73,0
BEHAVIOR_000212,17,0.47,0.59,0.43,0
BEHAVIOR_000213,4,0.36,0.49,0.44,0
BEHAVIOR_000213,8,0.0,0.95,0.3,0
BEHAVIOR_000213,12,0.19,0.94,0.35,0
BEHAVIOR_000213,17,0.17,0.8,0.22,0
BEHAVIOR_000214,4,0.12,0.83,0.26,0
BEHAVIOR_000214,8,0.24,0.79,0.45,0
BEHAVIOR_000214,12,0.22,0.86,0.45,0
BEHAVIOR_000214,17,0.08,1.0,0.29,0
BEHAVIOR_000215,4,0.78,0.03,0.8,1
BEHAVIOR_000215,8,0.59,0.36,0.49,0
BEHAVIOR_000215,12,0.61,0.28,0.61,0
BEHAVIOR_000215,17,0.53,0.48,0.42,0
BEHAVIOR_000216,4,0.2,0.73,0.36,0
BEHAVIOR_000216,8,0.36,0.76,0.34,0
BEHAVIOR_000216,12,0.23,0.91,0.44,0
BEHAVIOR_000216,17,0.4,0.51,0.42,0
BEHAVIOR_000217,4,0.0,1.0,0.1,0
BEHAVIOR_000217,8,0.04,0.86,0.31,0
BEHAVIOR_000217,12,0.11,0.92,0.11,0
BEHAVIOR_000217,17,0.0,1.0,0.06,0
BEHAVIOR_000218,4,0.18,0.71,0.22,0
BEHAVIOR_000218,8,0.28,1.0,0.37,0
BEHAVIOR_000218,12,0.17,0.7,0.34,0
BEHAVIOR_000218,17,0.16,0.75,0.2,0
BEHAVIOR_000219,4,0.14,0.73,0.31,0
BEHAVIOR_000219,8,0.56,0.57,0.6,0
BEHAVIOR_000219,12,0.31,0.58,0.35,0
BEHAVIOR_000219,17,0.36,0.68,0.26,0
BEHAVIOR_000220,4,0.61,0.43,0.49,0
BEHAVIOR_000220,8,0.78,0.24,0.79,1
BEHAVIOR_000220,12,0.46,0.73,0.36,0
BEHAVIOR_000220,17,0.72,0.12,0.64,0
BEHAVIOR_000221,4,0.0,1.0,0.02,0
BEHAVIOR_000221,8,0.06,0.87,0.34,0
BEHAVIOR_000221,12,0.06,0.9,0.21,0
BEHAVIOR_000221,17,0.18,0.91,0.21,0
BEHAVIOR_000222,4,0.77,0.32,0.8,1
BEHAVIOR_000222,8,0.84,0.18,0.72,0
BEHAVIOR_000222,12,0.82,0.29,0.58,0
BEHAVIOR_000222,17,0.77,0.34,0.6,0
BEHAVIOR_000223,4,0.48,0.52,0.45,0
BEHAVIOR_000223,8,0.54,0.35,0.49,0
BEHAVIOR_000223,12,0.62,0.32,0.45,0
BEHAVIOR_000223,17,0.54,0.42,0.45,0
BEHAVIOR_000224,4,0.54,0.53,0.47,0
BEHAVIOR_000224,8,0.4,0.62,0.41,0
BEHAVIOR_000224,12,0.54,0.51,0.47,0
BEHAVIOR_000224,17,0.53,0.52,0.42,0
BEHAVIOR_000225,4,0.41,0.53,0.53,0
BEHAVIOR_000225,8,0.42,0.59,0.45,0
BEHAVIOR_000225,12,0.43,0.48,0.54,0
BEHAVIOR_000225,17,0.42,0.57,0.56,0
BEHAVIOR_000226,4,0.4,0.64,0.32,0
BEHAVIOR_000226,8,0.46,0.33,0.56,0
BEHAVIOR_000226,12,0.35,0.68,0.25,0
BEHAVIOR_000226,17,0.32,0.64,0.25,0
BEHAVIOR_000227,4,0.37,0.62,0.45,0
BEHAVIOR_000227,8,0.36,0.65,0.35,0
BEHAVIOR_000227,12,0.48,0.57,0.61,0
BEHAVIOR_000227,17,0.33,0.8,0.42,0
BEHAVIOR_000228,4,0.26,0.69,0.18,0
BEHAVIOR_000228,8,0.09,0.85,0.14,0
BEHAVIOR_000228,12,0.17,0.88,0.24,0
BEHAVIOR_000228,17,0.0,0.96,0.04,0
BEHAVIOR_000229,4,0.06,0.94,0.13,0
BEHAVIOR_000229,8,0.2,0.84,0.16,0
BEHAVIOR_000229,12,0.44,0.49,0.53,0
BEHAVIOR_000229,17,0.26,0.89,0.31,0
BEHAVIOR_000230,4,0.4,0.64,0.35,0
BEHAVIOR_000230,8,0.39,0.68,0.27,0
BEHAVIOR_000230,12,0.31,0.69,0.29,0
BEHAVIOR_000230,17,0.31,0.75,0.24,0
BEHAVIOR_000231,4,0.48,0.41,0.39,0
BEHAVIOR_000231,8,0.48,0.65,0.36,0
BEHAVIOR_000231,12,0.43,0.57,0.34,0
BEHAVIOR_000231,17,0.58,0.38,0.68,0
BEHAVIOR_000232,4,0.69,0.34,0.7,0
BEHAVIOR_000232,8,0.42,0.59,0.55,0
BEHAVIOR_000232,12,0.57,0.48,0.69,0
BEHAVIOR_000232,17,0.68,0.4,0.77,1
BEHAVIOR_000233,4,0.58,0.5,0.47,0
BEHAVIOR_000233,8,0.43,0.77,0.56,0
BEHAVIOR_000233,12,0.6,0.36,0.65,0
BEHAVIOR_000233,17,0.6,0.34,0.54,0
BEHAVIOR_000234,4,0.04,0.95,0.3,0
BEHAVIOR_000234,8,0.11,0.71,0.12,0
BEHAVIOR_000234,12,0.0,1.0,0.03,0
BEHAVIOR_000234,17,0.0,1.0,0.08,0
BEHAVIOR_000235,4,0.05,0.89,0.32,0
BEHAVIOR_000235,8,0.0,1.0,0.28,0
BEHAVIOR_000235,12,0.11,0.76,0.1,0
BEHAVIOR_000235,17,0.08,0.85,0.21,0
BEHAVIOR_000236,4,0.34,0.65,0.53,0
BEHAVIOR_000236,8,0.37,0.62,0.52,0
BEHAVIOR_000236,12,0.29,0.67,0.39,0
BEHAVIOR_000236,17,0.31,0.83,0.47,0
BEHAVIOR_000237,4,0.0,1.0,0.02,0
BEHAVIOR_000237,8,0.04,1.0,0.16,0
BEHAVIOR_000237,12,0.0,0.8,0.1,0
BEHAVIOR_000237,17,0.03,1.0,0.28,0
BEHAVIOR_000238,4,0.03,0.99,0.08,0
BEHAVIOR_000238,8,0.12,0.74,0.33,0
BEHAVIOR_000238,12,0.13,1.0,0.12,0
BEHAVIOR_000238,17,0.0,1.0,0.24,0
BEHAVIOR_000239,4,0.26,0.66,0.28,0
BEHAVIOR_000239,8,0.44,0.63,0.53,0
BEHAVIOR_000239,12,0.45,0.55,0.45,0
BEHAVIOR_000239,17,0.33,0.57,0.52,0
BEHAVIOR_000240,4,0.45,0.61,0.44,0
BEHAVIOR_000240,8,0.33,0.63,0.37,0
BEHAVIOR_000240,12,0.4,0.49,0.57,0
BEHAVIOR_000240,17,0.29,0.81,0.26,0
BEHAVIOR_000241,4,0.63,0.37,0.67,0
BEHAVIOR_000241,8,0.86,0.26,0.62,0
BEHAVIOR_000241,12,0.76,0.1,0.7,0
BEHAVIOR_000241,17,0.77,0.45,0.62,0
BEHAVIOR_000242,4,0.24,0.79,0.23,0
BEHAVIOR_000242,8,0.39,0.63,0.49,0
BEHAVIOR_000242,12,0.27,0.63,0.27,0
BEHAVIOR_000242,17,0.46,0.63,0.55,0
BEHAVIOR_000243,4,0.64,0.19,0.5,0
BEHAVIOR_000243,8,0.73,0.21,0.59,0
BEHAVIOR_000243,12,0.69,0.23,0.73,0
BEHAVIOR_000243,17,0.76,0.31,0.64,0
BEHAVIOR_000244,4,0.44,0.55,0.6,0
BEHAVIOR_000244,8,0.58,0.38,0.59,0
BEHAVIOR_000244,12,0.75,0.16,0.56,0
BEHAVIOR_000244,17,0.45,0.52,0.54,0
BEHAVIOR_000245,4,0.03,0.99,0.28,0
BEHAVIOR_000245,8,0.16,0.85,0.31,0
BEHAVIOR_000245,12,0.1,0.77,0.27,0
BEHAVIOR_000245,17,0.08,0.87,0.18,0
BEHAVIOR_000246,4,0.16,0.93,0.2,0
BEHAVIOR_000246,8,0.33,0.56,0.35,0
BEHAVIOR_000246,12,0.13,0.95,0.16,0
BEHAVIOR_000246,17,0.38,0.74,0.52,0
BEHAVIOR_000247,4,0.09,1.0,0.17,0
BEHAVIOR_000247,8,0.15,0.82,0.11,0
BEHAVIOR_000247,12,0.04,0.96,0.21,0
BEHAVIOR_000247,17,0.0,1.0,0.08,0
BEHAVIOR_000248,4,0.58,0.35,0.62,0
BEHAVIOR_000248,8,0.46,0.62,0.48,0
BEHAVIOR_000248,12,0.63,0.57,0.51,0
BEHAVIOR_000248,17,0.34,0.67,0.33,0
BEHAVIOR_000249,4,0.62,0.36,0.48,0
BEHAVIOR_000249,8,0.58,0.3,0.5,0
BEHAVIOR_000249,12,0.44,0.59,0.54,0
BEHAVIOR_000249,17,0.5,0.59,0.45,0
BEHAVIOR_000250,4,0.41,0.61,0.59,0
BEHAVIOR_000250,8,0.55,0.36,0.53,0
BEHAVIOR_000250,12,0.75,0.18,0.63,0
BEHAVIOR_000250,17,0.58,0.41,0.64,0
BEHAVIOR_000251,4,0.0,0.98,0.02,0
BEHAVIOR_000251,8,0.0,1.0,0.18,0
BEHAVIOR_000251,12,0.0,0.85,0.29,0
BEHAVIOR_000251,17,0.03,0.99,0.12,0
BEHAVIOR_000252,4,0.56,0.44,0.62,0
BEHAVIOR_000252,8,0.59,0.43,0.65,0
BEHAVIOR_000252,12,0.73,0.1,0.68,0
BEHAVIOR_000252,17,0.67,0.46,0.76,1
BEHAVIOR_000253,4,0.4,0.55,0.31,0
BEHAVIOR_000253,8,0.2,0.93,0.15,0
BEHAVIOR_000253,12,0.39,0.45,0.31,0
BEHAVIOR_000253,17,0.28,0.76,0.29,0
BEHAVIOR_000254,4,0.15,1.0,0.22,0
BEHAVIOR_000254,8,0.32,0.71,0.29,0
BEHAVIOR_000254,12,0.22,0.62,0.38,0
BEHAVIOR_000254,17,0.15,0.77,0.13,0
BEHAVIOR_000255,4,0.69,0.29,0.61,0
BEHAVIOR_000255,8,0.69,0.34,0.56,0
BEHAVIOR_000255,12,0.69,0.41,0.66,0
BEHAVIOR_000255,17,0.67,0.25,0.75,1
BEHAVIOR_000256,4,0.1,0.97,0.15,0
BEHAVIOR_000256,8,0.02,1.0,0.07,0
BEHAVIOR_000256,12,0.0,1.0,0.2,0
BEHAVIOR_000256,17,0.15,0.72,0.31,0
BEHAVIOR_000257,4,0.16,0.7,0.17,0
BEHAVIOR_000257,8,0.25,0.74,0.22,0
BEHAVIOR_000257,12,0.07,0.97,0.29,0
BEHAVIOR_000257,17,0.17,0.85,0.39,0
BEHAVIOR_000258,4,0.33,0.66,0.26,0
BEHAVIOR_000258,8,0.49,0.51,0.58,0
BEHAVIOR_000258,12,0.31,0.73,0.32,0
BEHAVIOR_000258,17,0.36,0.77,0.39,0
BEHAVIOR_000259,4,0.22,0.82,0.39,0
BEHAVIOR_000259,8,0.35,0.69,0.32,0
BEHAVIOR_000259,12,0.3,0.5,0.27,0
BEHAVIOR_000259,17,0.31,0.75,0.26,0
BEHAVIOR_000260,4,0.36,0.76,0.27,0
BEHAVIOR_000260,8,0.23,0.66,0.41,0
BEHAVIOR_000260,12,0.41,0.45,0.54,0
BEHAVIOR_000260,17,0.29,0.7,0.31,0
BEHAVIOR_000261,4,0.05,0.93,0.26,0
BEHAVIOR_000261,8,0.01,0.95,0.17,0
BEHAVIOR_000261,12,0.0,1.0,0.17,0
BEHAVIOR_000261,17,0.0,1.0,0.14,0
BEHAVIOR_000262,4,0.54,0.52,0.45,0
BEHAVIOR_000262,8,0.61,0.43,0.62,0
BEHAVIOR_000262,12,0.63,0.38,0.55,0
BEHAVIOR_000262,17,0.63,0.26,0.6,0
BEHAVIOR_000263,4,0.55,0.37,0.54,0
BEHAVIOR_000263,8,0.32,0.62,0.52,0
BEHAVIOR_000263,12,0.45,0.59,0.6,0
BEHAVIOR_000263,17,0.49,0.41,0.58,0
BEHAVIOR_000264,4,0.42,0.46,0.44,0
BEHAVIOR_000264,8,0.41,0.69,0.42,0
BEHAVIOR_000264,12,0.48,0.37,0.53,0
BEHAVIOR_000264,17,0.49,0.53,0.42,0
BEHAVIOR_000265,4,0.55,0.51,0.49,0
BEHAVIOR_000265,8,0.5,0.43,0.6,0
BEHAVIOR_000265,12,0.63,0.39,0.51,0
BEHAVIOR_000265,17,0.57,0.43,0.6,0
BEHAVIOR_000266,4,0.16,0.79,0.16,0
BEHAVIOR_000266,8,0.29,0.7,0.33,0
BEHAVIOR_000266,12,0.04,0.87,0.26,0
BEHAVIOR_000266,17,0.14,0.76,0.16,0
BEHAVIOR_000267,4,0.21,0.68,0.33,0
BEHAVIOR_000267,8,0.29,0.82,0.29,0
BEHAVIOR_000267,12,0.31,0.57,0.32,0
BEHAVIOR_000267,17,0.14,0.74,0.18,0
BEHAVIOR_000268,4,0.34,0.66,0.3,0
BEHAVIOR_000268,8,0.28,0.66,0.26,0
BEHAVIOR_000268,12,0.28,0.78,0.26,0
BEHAVIOR_000268,17,0.35,0.56,0.27,0
BEHAVIOR_000269,4,0.39,0.64,0.52,0
BEHAVIOR_000269,8,0.28,0.61,0.31,0
BEHAVIOR_000269,12,0.19,0.89,0.43,0
BEHAVIOR_000269,17,0.24,0.64,0.4,0
BEHAVIOR_000270,4,0.0,0.99,0.18,0
BEHAVIOR_000270,8,0.28,0.61,0.2,0
BEHAVIOR_000270,12,0.42,0.56,0.3,0
BEHAVIOR_000270,17,0.26,0.62,0.24,0
BEHAVIOR_000271,4,0.51,0.5,0.45,0
BEHAVIOR_000271,8,0.58,0.31,0.61,0
BEHAVIOR_000271,12,0.46,0.63,0.35,0
BEHAVIOR_000271,17,0.54,0.38,0.66,0
BEHAVIOR_000272,4,0.0,1.0,0.2,0
BEHAVIOR_000272,8,0.0,1.0,0.15,0
BEHAVIOR_000272,12,0.11,0.85,0.27,0
BEHAVIOR_000272,17,0.0,1.0,0.2,0
BEHAVIOR_000273,4,0.84,0.19,0.76,1
BEHAVIOR_000273,8,0.68,0.4,0.68,0
BEHAVIOR_000273,12,0.73,0.35,0.74,0
BEHAVIOR_000273,17,0.73,0.28,0.69,0
BEHAVIOR_000274,4,0.64,0.38,0.55,0
BEHAVIOR_000274,8,0.54,0.46,0.5,0
BEHAVIOR_000274,12,0.59,0.43,0.66,0
BEHAVIOR_000274,17,0.67,0.26,0.53,0
BEHAVIOR_000275,4,0.18,0.85,0.32,0
BEHAVIOR_000275,8,0.0,0.81,0.02,0
BEHAVIOR_000275,12,0.3,0.5,0.37,0
BEHAVIOR_000275,17,0.1,0.72,0.21,0
BEHAVIOR_000276,4,0.48,0.74,0.61,0
BEHAVIOR_000276,8,0.42,0.49,0.57,0
BEHAVIOR_000276,12,0.43,0.51,0.34,0
BEHAVIOR_000276,17,0.55,0.49,0.6,0
BEHAVIOR_000277,4,0.24,0.66,0.24,0
BEHAVIOR_000277,8,0.37,0.61,0.43,0
BEHAVIOR_000277,12,0.29,0.88,0.21,0
BEHAVIOR_000277,17,0.31,0.62,0.43,0
BEHAVIOR_000278,4,0.73,0.23,0.74,0
BEHAVIOR_000278,8,0.95,0.22,0.9,1
BEHAVIOR_000278,12,0.73,0.15,0.58,0
BEHAVIOR_000278,17,0.79,0.26,0.67,0
BEHAVIOR_000279,4,0.36,0.55,0.39,0
BEHAVIOR_000279,8,0.32,0.6,0.45,0
BEHAVIOR_000279,12,0.42,0.56,0.53,0
BEHAVIOR_000279,17,0.49,0.36,0.54,0
BEHAVIOR_000280,4,0.2,0.9,0.37,0
BEHAVIOR_000280,8,0.0,0.93,0.02,0
BEHAVIOR_000280,12,0.0,1.0,0.02,0
BEHAVIOR_000280,17,0.0,1.0,0.09,0
BEHAVIOR_000281,4,0.08,1.0,0.13,0
BEHAVIOR_000281,8,0.09,0.99,0.18,0
BEHAVIOR_000281,12,0.01,0.84,0.28,0
BEHAVIOR_000281,17,0.0,1.0,0.2,0
BEHAVIOR_000282,4,0.7,0.31,0.74,0
BEHAVIOR_000282,8,1.0,0.08,0.75,0
BEHAVIOR_000282,12,1.0,0.0,0.78,1
BEHAVIOR_000282,17,0.74,0.34,0.56,0
BEHAVIOR_000283,4,0.29,0.73,0.44,0
BEHAVIOR_000283,8,0.11,0.84,0.12,0
BEHAVIOR_000283,12,0.35,0.55,0.41,0
BEHAVIOR_000283,17,0.32,0.66,0.44,0
BEHAVIOR_000284,4,0.04,0.98,0.31,0
BEHAVIOR_000284,8,0.17,0.88,0.29,0
BEHAVIOR_000284,12,0.16,0.74,0.21,0
BEHAVIOR_000284,17,0.04,0.85,0.11,0
BEHAVIOR_000285,4,0.04,0.94,0.2,0
BEHAVIOR_000285,8,0.21,0.81,0.35,0
BEHAVIOR_000285,12,0.16,1.0,0.17,0
BEHAVIOR_000285,17,0.17,0.87,0.15,0
BEHAVIOR_000286,4,0.4,0.57,0.32,0
BEHAVIOR_000286,8,0.34,0.76,0.35,0
BEHAVIOR_000286,12,0.4,0.57,0.38,0
BEHAVIOR_000286,17,0.39,0.65,0.4,0
BEHAVIOR_000287,4,0.35,0.71,0.41,0
BEHAVIOR_000287,8,0.27,0.75,0.28,0
BEHAVIOR_000287,12,0.35,0.57,0.43,0
BEHAVIOR_000287,17,0.17,0.72,0.26,0
BEHAVIOR_000288,4,0.05,0.96,0.18,0
BEHAVIOR_000288,8,0.08,0.98,0.1,0
BEHAVIOR_000288,12,0.11,0.92,0.31,0
BEHAVIOR_000288,17,0.0,0.79,0.09,0
BEHAVIOR_000289,4,0.35,0.6,0.53,0
BEHAVIOR_000289,8,0.36,0.63,0.5,0
BEHAVIOR_000289,12,0.5,0.47,0.48,0
BEHAVIOR_000289,17,0.23,0.78,0.37,0
BEHAVIOR_000290,4,0.08,0.9,0.24,0
BEHAVIOR_000290,8,0.0,1.0,0.09,0
BEHAVIOR_000290,12,0.0,1.0,0.29,0
BEHAVIOR_000290,17,0.0,1.0,0.04,0
BEHAVIOR_000291,4,0.0,1.0,0.18,0
BEHAVIOR_000291,8,0.0,0.97,0.11,0
BEHAVIOR_000291,12,0.0,0.89,0.13,0
BEHAVIOR_000291,17,0.1,0.77,0.35,0
BEHAVIOR_000292,4,0.17,0.9,0.29,0
BEHAVIOR_000292,8,0.16,0.72,0.25,0
BEHAVIOR_000292,12,0.19,0.83,0.4,0
BEHAVIOR_000292,17,0.2,0.81,0.21,0
BEHAVIOR_000293,4,0.32,0.65,0.38,0
BEHAVIOR_000293,8,0.12,0.82,0.32,0
BEHAVIOR_000293,12,0.17,1.0,0.18,0
BEHAVIOR_000293,17,0.25,0.74,0.33,0
BEHAVIOR_000294,4,0.1,0.84,0.12,0
BEHAVIOR_000294,8,0.46,0.72,0.53,0
BEHAVIOR_000294,12,0.43,0.54,0.33,0
BEHAVIOR_000294,17,0.43,0.56,0.49,0
BEHAVIOR_000295,4,0.14,1.0,0.16,0
BEHAVIOR_000295,8,0.16,0.91,0.28,0
BEHAVIOR_000295,12,0.0,1.0,0.03,0
BEHAVIOR_000295,17,0.0,0.89,0.29,0
BEHAVIOR_000296,4,0.64,0.23,0.74,0
BEHAVIOR_000296,8,0.53,0.38,0.52,0
BEHAVIOR_000296,12,0.5,0.64,0.59,0
BEHAVIOR_000296,17,0.72,0.31,0.67,0
BEHAVIOR_000297,4,0.19,0.81,0.32,0
BEHAVIOR_000297,8,0.44,0.5,0.57,0
BEHAVIOR_000297,12,0.4,0.46,0.56,0
BEHAVIOR_000297,17,0.24,0.66,0.3,0
BEHAVIOR_000298,4,0.59,0.39,0.66,0
BEHAVIOR_000298,8,0.69,0.1,0.68,0
BEHAVIOR_000298,12,0.6,0.45,0.44,0
BEHAVIOR_000298,17,0.73,0.22,0.59,0
BEHAVIOR_000299,4,0.37,0.72,0.35,0
BEHAVIOR_000299,8,0.3,0.71,0.48,0
BEHAVIOR_000299,12,0.44,0.48,0.56,0
BEHAVIOR_000299,17,0.3,0.78,0.34,0
BEHAVIOR_000300,4,0.46,0.5,0.54,0
BEHAVIOR_000300,8,0.24,0.63,0.32,0
BEHAVIOR_000300,12,0.45,0.52,0.32,0
BEHAVIOR_000300,17,0.4,0.65,0.34,0
BEHAVIOR_000301,4,0.05,0.95,0.31,0
BEHAVIOR_000301,8,0.21,0.76,0.43,0
BEHAVIOR_000301,12,0.14,0.84,0.11,0
BEHAVIOR_000301,17,0.15,0.94,0.13,0
BEHAVIOR_000302,4,0.0,1.0,0.26,0
BEHAVIOR_000302,8,0.04,0.92,0.32,0
BEHAVIOR_000302,12,0.0,1.0,0.19,0
BEHAVIOR_000302,17,0.0,0.92,0.29,0
BEHAVIOR_000303,4,0.56,0.48,0.56,0
BEHAVIOR_000303,8,0.5,0.49,0.52,0
BEHAVIOR_000303,12,0.52,0.67,0.36,0
BEHAVIOR_000303,17,0.41,0.52,0.38,0
BEHAVIOR_000304,4,0.24,0.8,0.3,0
BEHAVIOR_000304,8,0.63,0.48,0.57,0
BEHAVIOR_000304,12,0.47,0.57,0.58,0
BEHAVIOR_000304,17,0.44,0.75,0.36,0
BEHAVIOR_000305,4,0.41,0.59,0.44,0
BEHAVIOR_000305,8,0.36,0.71,0.55,0
BEHAVIOR_000305,12,0.32,0.69,0.4,0
BEHAVIOR_000305,17,0.32,0.76,0.46,0
BEHAVIOR_000306,4,0.0,0.99,0.18,0
BEHAVIOR_000306,8,0.02,1.0,0.29,0
BEHAVIOR_000306,12,0.21,0.7,0.4,0
BEHAVIOR_000306,17,0.17,0.85,0.4,0
BEHAVIOR_000307,4,0.12,0.93,0.28,0
BEHAVIOR_000307,8,0.0,0.95,0.15,0
BEHAVIOR_000307,12,0.0,1.0,0.0,0
BEHAVIOR_000307,17,0.02,0.97,0.22,0
BEHAVIOR_000308,4,0.0,0.89,0.03,0
BEHAVIOR_000308,8,0.0,0.95,0.06,0
BEHAVIOR_000308,12,0.0,0.9,0.23,0
BEHAVIOR_000308,17,0.0,1.0,0.12,0
BEHAVIOR_000309,4,0.48,0.46,0.49,0
BEHAVIOR_000309,8,0.51,0.4,0.53,0
BEHAVIOR_000309,12,0.32,0.7,0.39,0
BEHAVIOR_000309,17,0.49,0.52,0.36,0
BEHAVIOR_000310,4,0.01,1.0,0.07,0
BEHAVIOR_000310,8,0.06,0.84,0.22,0
BEHAVIOR_000310,12,0.05,1.0,0.34,0
BEHAVIOR_000310,17,0.0,0.92,0.03,0
BEHAVIOR_000311,4,0.36,0.64,0.44,0
BEHAVIOR_000311,8,0.45,0.63,0.39,0
BEHAVIOR_000311,12,0.23,0.7,0.18,0
BEHAVIOR_000311,17,0.34,0.65,0.51,0
BEHAVIOR_000312,4,0.0,1.0,0.03,0
BEHAVIOR_000312,8,0.25,0.72,0.29,0
BEHAVIOR_000312,12,0.0,1.0,0.21,0
BEHAVIOR_000312,17,0.0,0.75,0.12,0
BEHAVIOR_000313,4,0.71,0.35,0.72,0
BEHAVIOR_000313,8,0.71,0.44,0.58,0
BEHAVIOR_000313,12,0.66,0.33,0.48,0
BEHAVIOR_000313,17,0.75,0.25,0.67,0
BEHAVIOR_000314,4,0.24,0.7,0.34,0
BEHAVIOR_000314,8,0.16,0.95,0.41,0
BEHAVIOR_000314,12,0.2,0.58,0.2,0
BEHAVIOR_000314,17,0.19,0.81,0.3,0
BEHAVIOR_000315,4,0.57,0.57,0.67,0
BEHAVIOR_000315,8,0.67,0.37,0.51,0
BEHAVIOR_000315,12,0.61,0.48,0.48,0
BEHAVIOR_000315,17,0.56,0.39,0.49,0
BEHAVIOR_000316,4,0.46,0.44,0.62,0
BEHAVIOR_000316,8,0.23,0.8,0.29,0
BEHAVIOR_000316,12,0.44,0.52,0.52,0
BEHAVIOR_000316,17,0.27,0.7,0.2,0
BEHAVIOR_000317,4,0.51,0.46,0.36,0
BEHAVIOR_000317,8,0.43,0.59,0.37,0
BEHAVIOR_000317,12,0.49,0.6,0.55,0
BEHAVIOR_000317,17,0.29,0.66,0.37,0
BEHAVIOR_000318,4,0.85,0.0,0.69,0
BEHAVIOR_000318,8,0.79,0.14,0.58,0
BEHAVIOR_000318,12,0.78,0.19,0.6,0
BEHAVIOR_000318,17,0.86,0.06,0.8,1
BEHAVIOR_000319,4,0.24,0.93,0.45,0
BEHAVIOR_000319,8,0.12,0.78,0.14,0
BEHAVIOR_000319,12,0.33,0.74,0.33,0
BEHAVIOR_000319,17,0.36,0.68,0.38,0
BEHAVIOR_000320,4,0.53,0.48,0.44,0
BEHAVIOR_000320,8,0.42,0.64,0.56,0
BEHAVIOR_000320,12,0.49,0.35,0.41,0
BEHAVIOR_000320,17,0.41,0.49,0.45,0
BEHAVIOR_000321,4,0.75,0.38,0.55,0
BEHAVIOR_000321,8,0.69,0.32,0.64,0
BEHAVIOR_000321,12,0.87,0.24,0.8,1
BEHAVIOR_000321,17,0.91,0.09,0.92,1
BEHAVIOR_000322,4,0.01,0.85,0.2,0
BEHAVIOR_000322,8,0.0,0.9,0.06,0
BEHAVIOR_000322,12,0.0,1.0,0.17,0
BEHAVIOR_000322,17,0.0,0.89,0.17,0
BEHAVIOR_000323,4,1.0,0.0,0.72,0
BEHAVIOR_000323,8,0.65,0.35,0.55,0
BEHAVIOR_000323,12,0.85,0.0,0.85,1
BEHAVIOR_000323,17,0.99,0.0,0.95,1
BEHAVIOR_000324,4,0.13,0.98,0.1,0
BEHAVIOR_000324,8,0.24,0.87,0.34,0
BEHAVIOR_000324,12,0.17,0.98,0.18,0
BEHAVIOR_000324,17,0.05,0.95,0.31,0
BEHAVIOR_000325,4,0.3,0.66,0.4,0
BEHAVIOR_000325,8,0.2,0.87,0.22,0
BEHAVIOR_000325,12,0.08,0.79,0.17,0
BEHAVIOR_000325,17,0.34,0.51,0.29,0
BEHAVIOR_000326,4,0.85,0.27,0.67,0
BEHAVIOR_000326,8,0.8,0.2,0.7,0
BEHAVIOR_000326,12,0.8,0.29,0.85,1
BEHAVIOR_000326,17,0.83,0.3,0.6,0
BEHAVIOR_000327,4,0.39,0.54,0.4,0
BEHAVIOR_000327,8,0.15,0.8,0.29,0
BEHAVIOR_000327,12,0.38,0.5,0.32,0
BEHAVIOR_000327,17,0.32,0.63,0.29,0
BEHAVIOR_000328,4,0.23,0.71,0.17,0
BEHAVIOR_000328,8,0.36,0.59,0.33,0
BEHAVIOR_000328,12,0.14,0.99,0.36,0
BEHAVIOR_000328,17,0.23,0.81,0.2,0
BEHAVIOR_000329,4,0.45,0.54,0.6,0
BEHAVIOR_000329,8,0.56,0.49,0.67,0
BEHAVIOR_000329,12,0.58,0.37,0.62,0
BEHAVIOR_000329,17,0.56,0.48,0.49,0
BEHAVIOR_000330,4,0.6,0.33,0.7,0
BEHAVIOR_000330,8,0.48,0.54,0.45,0
BEHAVIOR_000330,12,0.33,0.66,0.46,0
BEHAVIOR_000330,17,0.54,0.44,0.49,0
BEHAVIOR_000331,4,0.65,0.37,0.68,0
BEHAVIOR_000331,8,0.65,0.32,0.57,0
BEHAVIOR_000331,12,0.74,0.29,0.57,0
BEHAVIOR_000331,17,0.66,0.47,0.73,0
BEHAVIOR_000332,4,0.13,0.83,0.31,0
BEHAVIOR_000332,8,0.14,0.96,0.25,0
BEHAVIOR_000332,12,0.43,0.53,0.43,0
BEHAVIOR_000332,17,0.31,0.72,0.29,0
BEHAVIOR_000333,4,0.07,0.73,0.06,0
BEHAVIOR_000333,8,0.13,0.81,0.22,0
BEHAVIOR_000333,12,0.15,0.93,0.1,0
BEHAVIOR_000333,17,0.03,1.0,0.25,0
BEHAVIOR_000334,4,0.46,0.43,0.45,0
BEHAVIOR_000334,8,0.51,0.47,0.44,0
BEHAVIOR_000334,12,0.46,0.72,0.43,0
BEHAVIOR_000334,17,0.39,0.75,0.34,0
BEHAVIOR_000335,4,0.33,0.71,0.25,0
BEHAVIOR_000335,8,0.57,0.45,0.5,0
BEHAVIOR_000335,12,0.42,0.84,0.58,0
BEHAVIOR_000335,17,0.52,0.58,0.38,0
BEHAVIOR_000336,4,0.37,0.62,0.34,0
BEHAVIOR_000336,8,0.15,0.7,0.14,0
BEHAVIOR_000336,12,0.08,0.94,0.31,0
BEHAVIOR_000336,17,0.24,0.71,0.33,0
BEHAVIOR_000337,4,0.05,0.8,0.13,0
BEHAVIOR_000337,8,0.06,0.92,0.15,0
BEHAVIOR_000337,12,0.27,0.78,0.28,0
BEHAVIOR_000337,17,0.33,0.67,0.24,0
BEHAVIOR_000338,4,0.48,0.6,0.5,0
BEHAVIOR_000338,8,0.62,0.43,0.68,0
BEHAVIOR_000338,12,0.24,0.82,0.29,0
BEHAVIOR_000338,17,0.39,0.67,0.3,0
BEHAVIOR_000339,4,0.02,0.98,0.12,0
BEHAVIOR_000339,8,0.21,1.0,0.27,0
BEHAVIOR_000339,12,0.0,0.96,0.14,0
BEHAVIOR_000339,17,0.1,0.98,0.23,0
BEHAVIOR_000340,4,0.82,0.23,0.77,1
BEHAVIOR_000340,8,0.71,0.35,0.59,0
BEHAVIOR_000340,12,0.64,0.28,0.58,0
BEHAVIOR_000340,17,0.64,0.13,0.61,0
BEHAVIOR_000341,4,0.18,0.67,0.28,0
BEHAVIOR_000341,8,0.35,0.55,0.31,0
BEHAVIOR_000341,12,0.35,0.44,0.51,0
BEHAVIOR_000341,17,0.11,0.85,0.23,0
BEHAVIOR_000342,4,0.65,0.32,0.46,0
BEHAVIOR_000342,8,0.61,0.2,0.68,0
BEHAVIOR_000342,12,0.6,0.3,0.54,0
BEHAVIOR_000342,17,0.84,0.1,0.86,1
BEHAVIOR_000343,4,0.76,0.36,0.79,1
BEHAVIOR_000343,8,0.6,0.56,0.61,0
BEHAVIOR_000343,12,0.65,0.55,0.6,0
BEHAVIOR_000343,17,0.71,0.49,0.69,0
BEHAVIOR_000344,4,0.83,0.2,0.79,1
BEHAVIOR_000344,8,0.98,0.0,0.68,0
BEHAVIOR_000344,12,0.73,0.48,0.8,1
BEHAVIOR_000344,17,0.89,0.0,0.69,0
BEHAVIOR_000345,4,0.23,0.63,0.37,0
BEHAVIOR_000345,8,0.28,0.72,0.33,0
BEHAVIOR_000345,12,0.23,0.74,0.42,0
BEHAVIOR_000345,17,0.14,0.81,0.39,0
BEHAVIOR_000346,4,0.51,0.47,0.45,0
BEHAVIOR_000346,8,0.52,0.49,0.6,0
BEHAVIOR_000346,12,0.54,0.49,0.67,0
BEHAVIOR_000346,17,0.29,0.8,0.35,0
BEHAVIOR_000347,4,0.57,0.32,0.42,0
BEHAVIOR_000347,8,0.52,0.5,0.43,0
BEHAVIOR_000347,12,0.63,0.46,0.59,0
BEHAVIOR_000347,17,0.43,0.57,0.47,0
BEHAVIOR_000348,4,0.32,0.72,0.26,0
BEHAVIOR_000348,8,0.13,0.81,0.26,0
BEHAVIOR_000348,12,0.12,0.81,0.11,0
BEHAVIOR_000348,17,0.29,0.88,0.27,0
BEHAVIOR_000349,4,0.25,0.81,0.24,0
BEHAVIOR_000349,8,0.17,0.72,0.41,0
BEHAVIOR_000349,12,0.37,0.72,0.31,0
BEHAVIOR_000349,17,0.26,0.72,0.38,0
BEHAVIOR_000350,4,0.14,0.98,0.16,0
BEHAVIOR_000350,8,0.2,0.78,0.22,0
BEHAVIOR_000350,12,0.07,0.86,0.22,0
BEHAVIOR_000350,17,0.05,1.0,0.09,0
BEHAVIOR_000351,4,0.51,0.49,0.5,0
BEHAVIOR_000351,8,0.53,0.61,0.4,0
BEHAVIOR_000351,12,0.68,0.37,0.54,0
BEHAVIOR_000351,17,0.67,0.36,0.7,0
BEHAVIOR_000352,4,0.68,0.31,0.65,0
BEHAVIOR_000352,8,0.72,0.34,0.81,1
BEHAVIOR_000352,12,0.76,0.15,0.6,0
BEHAVIOR_000352,17,0.57,0.38,0.62,0
BEHAVIOR_000353,4,0.11,0.98,0.15,0
BEHAVIOR_000353,8,0.35,0.72,0.51,0
BEHAVIOR_000353,12,0.3,0.72,0.45,0
BEHAVIOR_000353,17,0.21,0.84,0.39,0
BEHAVIOR_000354,4,0.08,0.83,0.09,0
BEHAVIOR_000354,8,0.08,0.83,0.23,0
BEHAVIOR_000354,12,0.12,0.79,0.23,0
BEHAVIOR_000354,17,0.09,0.83,0.12,0
BEHAVIOR_000355,4,0.46,0.38,0.39,0
BEHAVIOR_000355,8,0.22,0.77,0.17,0
BEHAVIOR_000355,12,0.07,0.86,0.09,0
BEHAVIOR_000355,17,0.47,0.4,0.62,0
BEHAVIOR_000356,4,0.48,0.46,0.49,0
BEHAVIOR_000356,8,0.39,0.53,0.4,0
BEHAVIOR_000356,12,0.3,0.74,0.35,0
BEHAVIOR_000356,17,0.28,0.61,0.24,0
BEHAVIOR_000357,4,0.4,0.6,0.31,0
BEHAVIOR_000357,8,0.45,0.51,0.34,0
BEHAVIOR_000357,12,0.39,0.72,0.39,0
BEHAVIOR_000357,17,0.27,0.63,0.28,0
BEHAVIOR_000358,4,0.28,0.83,0.27,0
BEHAVIOR_000358,8,0.28,0.65,0.43,0
BEHAVIOR_000358,12,0.44,0.66,0.57,0
BEHAVIOR_000358,17,0.08,0.85,0.21,0
BEHAVIOR_000359,4,0.31,0.58,0.5,0
BEHAVIOR_000359,8,0.0,0.87,0.2,0
BEHAVIOR_000359,12,0.15,0.81,0.38,0
BEHAVIOR_000359,17,0.24,0.66,0.4,0
BEHAVIOR_000360,4,0.77,0.24,0.75,1
BEHAVIOR_000360,8,0.77,0.14,0.83,1
BEHAVIOR_000360,12,0.72,0.25,0.75,0
BEHAVIOR_000360,17,0.64,0.47,0.6,0
BEHAVIOR_000361,4,0.26,0.72,0.19,0
BEHAVIOR_000361,8,0.15,0.91,0.36,0
BEHAVIOR_000361,12,0.21,0.68,0.42,0
BEHAVIOR_000361,17,0.36,0.63,0.49,0
BEHAVIOR_000362,4,0.35,0.53,0.26,0
BEHAVIOR_000362,8,0.31,0.63,0.38,0
BEHAVIOR_000362,12,0.29,0.54,0.47,0
BEHAVIOR_000362,17,0.44,0.44,0.51,0
BEHAVIOR_000363,4,0.19,0.96,0.39,0
BEHAVIOR_000363,8,0.18,0.74,0.16,0
BEHAVIOR_000363,12,0.16,0.76,0.39,0
BEHAVIOR_000363,17,0.22,0.7,0.31,0
BEHAVIOR_000364,4,0.63,0.54,0.55,0
BEHAVIOR_000364,8,0.5,0.56,0.63,0
BEHAVIOR_000364,12,0.45,0.41,0.48,0
BEHAVIOR_000364,17,0.62,0.42,0.67,0
BEHAVIOR_000365,4,0.34,0.54,0.33,0
BEHAVIOR_000365,8,0.21,0.7,0.43,0
BEHAVIOR_000365,12,0.23,0.73,0.19,0
BEHAVIOR_000365,17,0.31,0.62,0.27,0
BEHAVIOR_000366,4,0.73,0.35,0.66,0
BEHAVIOR_000366,8,0.75,0.39,0.55,0
BEHAVIOR_000366,12,0.71,0.32,0.64,0
BEHAVIOR_000366,17,0.7,0.44,0.64,0
BEHAVIOR_000367,4,0.47,0.57,0.56,0
BEHAVIOR_000367,8,0.41,0.53,0.57,0
BEHAVIOR_000367,12,0.52,0.45,0.45,0
BEHAVIOR_000367,17,0.37,0.57,0.44,0
BEHAVIOR_000368,4,0.53,0.46,0.61,0
BEHAVIOR_000368,8,0.56,0.41,0.57,0
BEHAVIOR_000368,12,0.7,0.23,0.61,0
BEHAVIOR_000368,17,0.75,0.14,0.53,0
BEHAVIOR_000369,4,0.43,0.46,0.33,0
BEHAVIOR_000369,8,0.34,0.55,0.26,0
BEHAVIOR_000369,12,0.55,0.34,0.56,0
BEHAVIOR_000369,17,0.45,0.51,0.46,0
BEHAVIOR_000370,4,0.33,0.67,0.37,0
BEHAVIOR_000370,8,0.26,0.79,0.47,0
BEHAVIOR_000370,12,0.24,0.86,0.23,0
BEHAVIOR_000370,17,0.15,0.72,0.21,0
BEHAVIOR_000371,4,0.33,0.84,0.27,0
BEHAVIOR_000371,8,0.28,0.54,0.25,0
BEHAVIOR_000371,12,0.15,0.8,0.24,0
BEHAVIOR_000371,17,0.12,0.97,0.09,0
BEHAVIOR_000372,4,0.71,0.15,0.79,1
BEHAVIOR_000372,8,0.53,0.58,0.54,0
BEHAVIOR_000372,12,0.81,0.22,0.79,1
BEHAVIOR_000372,17,0.77,0.13,0.78,1
BEHAVIOR_000373,4,0.14,0.68,0.17,0
BEHAVIOR_000373,8,0.12,0.99,0.14,0
BEHAVIOR_000373,12,0.0,1.0,0.1,0
BEHAVIOR_000373,17,0.03,0.95,0.32,0
BEHAVIOR_000374,4,0.27,0.88,0.3,0
BEHAVIOR_000374,8,0.16,0.96,0.32,0
BEHAVIOR_000374,12,0.38,0.65,0.35,0
BEHAVIOR_000374,17,0.21,0.78,0.28,0
BEHAVIOR_000375,4,0.61,0.37,0.52,0
BEHAVIOR_000375,8,0.38,0.6,0.47,0
BEHAVIOR_000375,12,0.23,0.86,0.37,0
BEHAVIOR_000375,17,0.23,1.0,0.31,0
BEHAVIOR_000376,4,0.56,0.37,0.44,0
BEHAVIOR_000376,8,0.39,0.7,0.4,0
BEHAVIOR_000376,12,0.47,0.58,0.58,0
BEHAVIOR_000376,17,0.37,0.66,0.52,0
BEHAVIOR_000377,4,0.72,0.23,0.53,0
BEHAVIOR_000377,8,0.36,0.6,0.34,0
BEHAVIOR_000377,12,0.68,0.33,0.58,0
BEHAVIOR_000377,17,0.79,0.26,0.84,1
BEHAVIOR_000378,4,0.36,0.57,0.33,0
BEHAVIOR_000378,8,0.29,0.68,0.47,0
BEHAVIOR_000378,12,0.22,0.86,0.28,0
BEHAVIOR_000378,17,0.08,0.97,0.15,0
BEHAVIOR_000379,4,0.55,0.64,0.4,0
BEHAVIOR_000379,8,0.8,0.2,0.59,0
BEHAVIOR_000379,12,0.74,0.35,0.69,0
BEHAVIOR_000379,17,0.76,0.23,0.76,1
BEHAVIOR_000380,4,0.32,0.62,0.48,0
BEHAVIOR_000380,8,0.48,0.59,0.45,0
BEHAVIOR_000380,12,0.23,0.72,0.31,0
BEHAVIOR_000380,17,0.2,0.89,0.3,0
BEHAVIOR_000381,4,0.34,0.95,0.24,0
BEHAVIOR_000381,8,0.24,0.7,0.23,0
BEHAVIOR_000381,12,0.22,0.6,0.21,0
BEHAVIOR_000381,17,0.23,0.79,0.41,0
BEHAVIOR_000382,4,0.22,0.73,0.46,0
BEHAVIOR_000382,8,0.42,0.71,0.54,0
BEHAVIOR_000382,12,0.26,0.72,0.46,0
BEHAVIOR_000382,17,0.31,0.81,0.36,0
BEHAVIOR_000383,4,0.31,0.76,0.28,0
BEHAVIOR_000383,8,0.23,0.83,0.31,0
BEHAVIOR_000383,12,0.14,0.83,0.2,0
BEHAVIOR_000383,17,0.2,0.74,0.2,0
BEHAVIOR_000384,4,0.7,0.4,0.68,0
BEHAVIOR_000384,8,0.72,0.39,0.64,0
BEHAVIOR_000384,12,0.83,0.13,0.84,1
BEHAVIOR_000384,17,0.72,0.2,0.74,0
BEHAVIOR_000385,4,0.19,0.87,0.13,0
BEHAVIOR_000385,8,0.31,0.69,0.26,0
BEHAVIOR_000385,12,0.05,0.97,0.09,0
BEHAVIOR_000385,17,0.33,0.64,0.28,0
BEHAVIOR_000386,4,0.12,0.8,0.2,0
BEHAVIOR_000386,8,0.1,0.82,0.31,0
BEHAVIOR_000386,12,0.37,0.56,0.28,0
BEHAVIOR_000386,17,0.22,0.9,0.45,0
BEHAVIOR_000387,4,0.83,0.26,0.7,0
BEHAVIOR_000387,8,0.78,0.18,0.58,0
BEHAVIOR_000387,12,0.78,0.12,0.83,1
BEHAVIOR_000387,17,0.88,0.13,0.73,0
BEHAVIOR_000388,4,0.0,0.97,0.28,0
BEHAVIOR_000388,8,0.0,0.98,0.06,0
BEHAVIOR_000388,12,0.0,0.91,0.14,0
BEHAVIOR_000388,17,0.0,0.92,0.03,0
BEHAVIOR_000389,4,0.25,0.74,0.28,0
BEHAVIOR_000389,8,0.31,0.73,0.24,0
BEHAVIOR_000389,12,0.25,0.75,0.41,0
BEHAVIOR_000389,17,0.26,0.81,0.41,0
BEHAVIOR_000390,4,0.38,0.66,0.47,0
BEHAVIOR_000390,8,0.41,0.61,0.37,0
BEHAVIOR_000390,12,0.44,0.59,0.56,0
BEHAVIOR_000390,17,0.35,0.71,0.35,0
BEHAVIOR_000391,4,0.26,0.97,0.34,0
BEHAVIOR_000391,8,0.24,0.71,0.19,0
BEHAVIOR_000391,12,0.26,0.88,0.19,0
BEHAVIOR_000391,17,0.26,0.69,0.42,0
BEHAVIOR_000392,4,0.7,0.34,0.56,0
BEHAVIOR_000392,8,1.0,0.16,0.92,1
BEHAVIOR_000392,12,1.0,0.03,0.76,1
BEHAVIOR_000392,17,0.92,0.09,0.84,1
BEHAVIOR_000393,4,0.66,0.26,0.69,0
BEHAVIOR_000393,8,0.59,0.42,0.71,0
BEHAVIOR_000393,12,0.81,0.1,0.7,0
BEHAVIOR_000393,17,0.55,0.58,0.48,0
BEHAVIOR_000394,4,0.46,0.5,0.44,0
BEHAVIOR_000394,8,0.58,0.42,0.57,0
BEHAVIOR_000394,12,0.58,0.41,0.7,0
BEHAVIOR_000394,17,0.35,0.5,0.31,0
BEHAVIOR_000395,4,0.3,0.64,0.44,0
BEHAVIOR_000395,8,0.33,0.64,0.41,0
BEHAVIOR_000395,12,0.3,0.68,0.51,0
BEHAVIOR_000395,17,0.32,0.44,0.5,0
BEHAVIOR_000396,4,0.22,0.71,0.28,0
BEHAVIOR_000396,8,0.2,0.73,0.4,0
BEHAVIOR_000396,12,0.11,0.81,0.1,0
BEHAVIOR_000396,17,0.29,0.63,0.43,0
BEHAVIOR_000397,4,0.11,0.82,0.21,0
BEHAVIOR_000397,8,0.35,0.68,0.26,0
BEHAVIOR_000397,12,0.26,0.75,0.32,0
BEHAVIOR_000397,17,0.28,0.81,0.47,0
BEHAVIOR_000398,4,0.62,0.34,0.5,0
BEHAVIOR_000398,8,0.63,0.26,0.59,0
BEHAVIOR_000398,12,0.56,0.5,0.53,0
BEHAVIOR_000398,17,0.6,0.38,0.57,0
BEHAVIOR_000399,4,0.39,0.44,0.38,0
BEHAVIOR_000399,8,0.48,0.65,0.49,0
BEHAVIOR_000399,12,0.66,0.34,0.5,0
BEHAVIOR_000399,17,0.36,0.7,0.51,0
BEHAVIOR_000400,4,0.22,0.66,0.24,0
BEHAVIOR_000400,8,0.38,0.44,0.42,0
BEHAVIOR_000400,12,0.24,0.9,0.36,0
BEHAVIOR_000400,17,0.54,0.39,0.6,0
BEHAVIOR_000401,4,0.32,0.74,0.35,0
BEHAVIOR_000401,8,0.7,0.29,0.69,0
BEHAVIOR_000401,12,0.36,0.56,0.5,0
BEHAVIOR_000401,17,0.25,0.73,0.47,0
BEHAVIOR_000402,4,0.39,0.49,0.55,0
BEHAVIOR_000402,8,0.32,0.8,0.32,0
BEHAVIOR_000402,12,0.36,0.52,0.32,0
BEHAVIOR_000402,17,0.36,0.58,0.39,0
BEHAVIOR_000403,4,0.58,0.38,0.51,0
BEHAVIOR_000403,8,0.36,0.66,0.47,0
BEHAVIOR_000403,12,0.36,0.92,0.5,0
BEHAVIOR_000403,17,0.39,0.54,0.3,0
BEHAVIOR_000404,4,0.49,0.55,0.54,0
BEHAVIOR_000404,8,0.62,0.56,0.55,0
BEHAVIOR_000404,12,0.58,0.46,0.62,0
BEHAVIOR_000404,17,0.66,0.44,0.54,0
BEHAVIOR_000405,4,0.48,0.46,0.48,0
BEHAVIOR_000405,8,0.32,0.76,0.33,0
BEHAVIOR_000405,12,0.34,0.76,0.39,0
BEHAVIOR_000405,17,0.23,0.68,0.36,0
BEHAVIOR_000406,4,0.2,0.88,0.2,0
BEHAVIOR_000406,8,0.31,0.63,0.43,0
BEHAVIOR_000406,12,0.0,1.0,0.23,0
BEHAVIOR_000406,17,0.37,0.7,0.49,0
BEHAVIOR_000407,4,0.64,0.33,0.63,0
BEHAVIOR_000407,8,0.58,0.55,0.47,0
BEHAVIOR_000407,12,0.34,0.73,0.45,0
BEHAVIOR_000407,17,0.69,0.31,0.68,0
BEHAVIOR_000408,4,0.1,0.83,0.23,0
BEHAVIOR_000408,8,0.14,0.87,0.14,0
BEHAVIOR_000408,12,0.0,1.0,0.12,0
BEHAVIOR_000408,17,0.11,1.0,0.11,0
BEHAVIOR_000409,4,0.0,1.0,0.01,0
BEHAVIOR_000409,8,0.07,0.86,0.17,0
BEHAVIOR_000409,12,0.02,1.0,0.02,0
BEHAVIOR_000409,17,0.0,1.0,0.24,0
BEHAVIOR_000410,4,0.0,1.0,0.06,0
BEHAVIOR_000410,8,0.0,1.0,0.06,0
BEHAVIOR_000410,12,0.11,0.82,0.19,0
BEHAVIOR_000410,17,0.0,1.0,0.3,0
BEHAVIOR_000411,4,0.08,0.89,0.23,0
BEHAVIOR_000411,8,0.08,1.0,0.22,0
BEHAVIOR_000411,12,0.0,0.98,0.02,0
BEHAVIOR_000411,17,0.02,0.97,0.18,0
BEHAVIOR_000412,4,0.0,1.0,0.03,0
BEHAVIOR_000412,8,0.0,0.87,0.27,0
BEHAVIOR_000412,12,0.0,1.0,0.16,0
BEHAVIOR_000412,17,0.16,0.89,0.28,0
BEHAVIOR_000413,4,0.46,0.51,0.5,0
BEHAVIOR_000413,8,0.35,0.78,0.28,0
BEHAVIOR_000413,12,0.23,0.54,0.33,0
BEHAVIOR_000413,17,0.31,0.63,0.37,0
BEHAVIOR_000414,4,0.34,0.67,0.42,0
BEHAVIOR_000414,8,0.35,0.75,0.25,0
BEHAVIOR_000414,12,0.21,0.86,0.26,0
BEHAVIOR_000414,17,0.18,0.86,0.19,0
BEHAVIOR_000415,4,0.19,0.92,0.29,0
BEHAVIOR_000415,8,0.25,0.82,0.25,0
BEHAVIOR_000415,12,0.19,0.77,0.39,0
BEHAVIOR_000415,17,0.22,0.88,0.29,0
BEHAVIOR_000416,4,0.24,0.68,0.44,0
BEHAVIOR_000416,8,0.16,0.63,0.3,0
BEHAVIOR_000416,12,0.08,0.81,0.31,0
BEHAVIOR_000416,17,0.22,0.7,0.27,0
BEHAVIOR_000417,4,0.0,1.0,0.25,0
BEHAVIOR_000417,8,0.04,0.79,0.18,0
BEHAVIOR_000417,12,0.1,0.75,0.2,0
BEHAVIOR_000417,17,0.0,0.92,0.01,0
BEHAVIOR_000418,4,0.04,0.88,0.07,0
BEHAVIOR_000418,8,0.0,1.0,0.19,0
BEHAVIOR_000418,12,0.02,0.96,0.17,0
BEHAVIOR_000418,17,0.15,0.82,0.32,0
BEHAVIOR_000419,4,0.6,0.24,0.65,0
BEHAVIOR_000419,8,0.75,0.15,0.59,0
BEHAVIOR_000419,12,0.67,0.26,0.65,0
BEHAVIOR_000419,17,0.86,0.2,0.71,0
BEHAVIOR_000420,4,0.32,0.8,0.44,0
BEHAVIOR_000420,8,0.27,0.66,0.33,0
BEHAVIOR_000420,12,0.36,0.64,0.46,0
BEHAVIOR_000420,17,0.42,0.7,0.38,0
BEHAVIOR_000421,4,0.36,0.66,0.46,0
BEHAVIOR_000421,8,0.37,0.8,0.3,0
BEHAVIOR_000421,12,0.33,0.64,0.35,0
BEHAVIOR_000421,17,0.6,0.33,0.65,0
BEHAVIOR_000422,4,0.18,0.84,0.14,0
BEHAVIOR_000422,8,0.22,0.73,0.33,0
BEHAVIOR_000422,12,0.23,0.53,0.43,0
BEHAVIOR_000422,17,0.07,0.85,0.33,0
BEHAVIOR_000423,4,0.63,0.42,0.58,0
BEHAVIOR_000423,8,0.48,0.53,0.34,0
BEHAVIOR_000423,12,0.5,0.48,0.4,0
BEHAVIOR_000423,17,0.69,0.37,0.62,0
BEHAVIOR_000424,4,0.56,0.43,0.56,0
BEHAVIOR_000424,8,0.54,0.52,0.5,0
BEHAVIOR_000424,12,0.71,0.32,0.6,0
BEHAVIOR_000424,17,0.52,0.49,0.59,0
BEHAVIOR_000425,4,1.0,0.31,0.78,1
BEHAVIOR_000425,8,0.99,0.08,0.73,0
BEHAVIOR_000425,12,0.9,0.08,0.78,1
BEHAVIOR_000425,17,0.81,0.27,0.59,0
BEHAVIOR_000426,4,0.33,0.66,0.29,0
BEHAVIOR_000426,8,0.38,0.58,0.31,0
BEHAVIOR_000426,12,0.14,0.69,0.19,0
BEHAVIOR_000426,17,0.01,0.88,0.24,0
BEHAVIOR_000427,4,0.41,0.42,0.5,0
BEHAVIOR_000427,8,0.16,0.99,0.26,0
BEHAVIOR_000427,12,0.36,0.67,0.28,0
BEHAVIOR_000427,17,0.45,0.5,0.44,0
BEHAVIOR_000428,4,0.23,0.63,0.21,0
BEHAVIOR_000428,8,0.4,0.61,0.44,0
BEHAVIOR_000428,12,0.34,0.72,0.46,0
BEHAVIOR_000428,17,0.3,0.62,0.51,0
BEHAVIOR_000429,4,0.16,0.78,0.25,0
BEHAVIOR_000429,8,0.09,0.98,0.26,0
BEHAVIOR_000429,12,0.0,1.0,0.12,0
BEHAVIOR_000429,17,0.1,1.0,0.12,0
BEHAVIOR_000430,4,0.44,0.56,0.53,0
BEHAVIOR_000430,8,0.3,0.62,0.27,0
BEHAVIOR_000430,12,0.48,0.45,0.51,0
BEHAVIOR_000430,17,0.39,0.47,0.29,0
BEHAVIOR_000431,4,0.73,0.26,0.77,1
BEHAVIOR_000431,8,0.81,0.2,0.62,0
BEHAVIOR_000431,12,0.51,0.58,0.61,0
BEHAVIOR_000431,17,0.63,0.36,0.47,0
BEHAVIOR_000432,4,0.16,0.82,0.23,0
BEHAVIOR_000432,8,0.31,0.74,0.23,0
BEHAVIOR_000432,12,0.11,0.91,0.32,0
BEHAVIOR_000432,17,0.17,0.78,0.38,0
BEHAVIOR_000433,4,0.37,0.38,0.27,0
BEHAVIOR_000433,8,0.32,0.58,0.44,0
BEHAVIOR_000433,12,0.17,0.86,0.25,0
BEHAVIOR_000433,17,0.27,0.51,0.45,0
BEHAVIOR_000434,4,0.33,0.66,0.45,0
BEHAVIOR_000434,8,0.42,0.62,0.37,0
BEHAVIOR_000434,12,0.24,0.73,0.21,0
BEHAVIOR_000434,17,0.32,0.66,0.25,0
BEHAVIOR_000435,4,0.24,0.8,0.45,0
BEHAVIOR_000435,8,0.3,0.7,0.49,0
BEHAVIOR_000435,12,0.28,0.72,0.3,0
BEHAVIOR_000435,17,0.32,0.61,0.42,0
BEHAVIOR_000436,4,0.0,0.97,0.03,0
BEHAVIOR_000436,8,0.0,0.97,0.18,0
BEHAVIOR_000436,12,0.03,0.85,0.21,0
BEHAVIOR_000436,17,0.0,0.77,0.18,0
BEHAVIOR_000437,4,0.02,0.98,0.18,0
BEHAVIOR_000437,8,0.14,0.86,0.15,0
BEHAVIOR_000437,12,0.32,0.7,0.49,0
BEHAVIOR_000437,17,0.19,0.73,0.31,0
BEHAVIOR_000438,4,0.35,0.69,0.25,0
BEHAVIOR_000438,8,0.43,0.63,0.5,0
BEHAVIOR_000438,12,0.36,0.78,0.26,0
BEHAVIOR_000438,17,0.6,0.64,0.48,0
BEHAVIOR_000439,4,0.59,0.28,0.55,0
BEHAVIOR_000439,8,0.46,0.63,0.4,0
BEHAVIOR_000439,12,0.41,0.5,0.53,0
BEHAVIOR_000439,17,0.44,0.73,0.52,0
BEHAVIOR_000440,4,0.0,1.0,0.2,0
BEHAVIOR_000440,8,0.0,1.0,0.08,0
BEHAVIOR_000440,12,0.0,0.93,0.16,0
BEHAVIOR_000440,17,0.0,0.96,0.09,0
BEHAVIOR_000441,4,0.04,0.83,0.26,0
BEHAVIOR_000441,8,0.0,1.0,0.29,0
BEHAVIOR_000441,12,0.0,1.0,0.09,0
BEHAVIOR_000441,17,0.0,1.0,0.04,0
BEHAVIOR_000442,4,0.02,0.95,0.21,0
BEHAVIOR_000442,8,0.08,0.96,0.12,0
BEHAVIOR_000442,12,0.0,1.0,0.02,0
BEHAVIOR_000442,17,0.08,0.82,0.13,0
BEHAVIOR_000443,4,0.38,0.58,0.54,0
BEHAVIOR_000443,8,0.28,0.58,0.39,0
BEHAVIOR_000443,12,0.0,1.0,0.06,0
BEHAVIOR_000443,17,0.01,0.96,0.25,0
BEHAVIOR_000444,4,0.23,0.88,0.18,0
BEHAVIOR_000444,8,0.2,1.0,0.4,0
BEHAVIOR_000444,12,0.36,0.61,0.38,0
BEHAVIOR_000444,17,0.16,0.8,0.36,0
BEHAVIOR_000445,4,0.67,0.35,0.61,0
BEHAVIOR_000445,8,0.59,0.32,0.52,0
BEHAVIOR_000445,12,0.44,0.76,0.31,0
BEHAVIOR_000445,17,0.6,0.42,0.56,0
BEHAVIOR_000446,4,0.47,0.61,0.41,0
BEHAVIOR_000446,8,0.45,0.55,0.38,0
BEHAVIOR_000446,12,0.47,0.6,0.6,0
BEHAVIOR_000446,17,0.65,0.29,0.69,0
BEHAVIOR_000447,4,0.56,0.56,0.64,0
BEHAVIOR_000447,8,0.31,0.94,0.41,0
BEHAVIOR_000447,12,0.33,0.61,0.41,0
BEHAVIOR_000447,17,0.41,0.59,0.28,0
BEHAVIOR_000448,4,0.13,0.81,0.23,0
BEHAVIOR_000448,8,0.14,1.0,0.2,0
BEHAVIOR_000448,12,0.0,1.0,0.22,0
BEHAVIOR_000448,17,0.0,1.0,0.21,0
BEHAVIOR_000449,4,0.73,0.36,0.72,0
BEHAVIOR_000449,8,0.79,0.15,0.82,1
BEHAVIOR_000449,12,0.73,0.14,0.63,0
BEHAVIOR_000449,17,0.68,0.35,0.54,0
BEHAVIOR_000450,4,0.19,0.83,0.41,0
BEHAVIOR_000450,8,0.23,0.8,0.17,0
BEHAVIOR_000450,12,0.27,0.8,0.37,0
BEHAVIOR_000450,17,0.23,0.84,0.17,0
BEHAVIOR_000451,4,0.58,0.46,0.57,0
BEHAVIOR_000451,8,0.5,0.55,0.64,0
BEHAVIOR_000451,12,0.53,0.47,0.65,0
BEHAVIOR_000451,17,0.77,0.3,0.7,0
BEHAVIOR_000452,4,0.61,0.41,0.55,0
BEHAVIOR_000452,8,0.74,0.34,0.64,0
BEHAVIOR_000452,12,0.84,0.02,0.77,1
BEHAVIOR_000452,17,0.82,0.18,0.77,1
BEHAVIOR_000453,4,0.46,0.61,0.55,0
BEHAVIOR_000453,8,0.55,0.47,0.5,0
BEHAVIOR_000453,12,0.55,0.42,0.4,0
BEHAVIOR_000453,17,0.46,0.65,0.33,0
BEHAVIOR_000454,4,0.0,1.0,0.15,0
BEHAVIOR_000454,8,0.1,0.91,0.33,0
BEHAVIOR_000454,12,0.0,1.0,0.06,0
BEHAVIOR_000454,17,0.05,0.91,0.04,0
BEHAVIOR_000455,4,0.42,0.65,0.37,0
BEHAVIOR_000455,8,0.63,0.36,0.49,0
BEHAVIOR_000455,12,0.48,0.6,0.58,0
BEHAVIOR_000455,17,0.52,0.56,0.48,0
BEHAVIOR_000456,4,0.42,0.68,0.34,0
BEHAVIOR_000456,8,0.43,0.53,0.58,0
BEHAVIOR_000456,12,0.33,0.76,0.31,0
BEHAVIOR_000456,17,0.19,0.69,0.36,0
BEHAVIOR_000457,4,0.33,0.68,0.33,0
BEHAVIOR_000457,8,0.34,0.74,0.28,0
BEHAVIOR_000457,12,0.19,0.56,0.24,0
BEHAVIOR_000457,17,0.35,0.54,0.31,0
BEHAVIOR_000458,4,0.29,0.92,0.22,0
BEHAVIOR_000458,8,0.39,0.57,0.46,0
BEHAVIOR_000458,12,0.34,0.67,0.46,0
BEHAVIOR_000458,17,0.3,0.63,0.45,0
BEHAVIOR_000459,4,0.14,0.74,0.28,0
BEHAVIOR_000459,8,0.0,0.95,0.14,0
BEHAVIOR_000459,12,0.08,0.74,0.16,0
BEHAVIOR_000459,17,0.0,1.0,0.3,0
BEHAVIOR_000460,4,0.26,0.85,0.19,0
BEHAVIOR_000460,8,0.25,0.8,0.23,0
BEHAVIOR_000460,12,0.45,0.5,0.4,0
BEHAVIOR_000460,17,0.37,0.68,0.53,0
BEHAVIOR_000461,4,0.9,0.18,0.88,1
BEHAVIOR_000461,8,0.69,0.32,0.64,0
BEHAVIOR_000461,12,0.78,0.18,0.71,0
BEHAVIOR_000461,17,0.63,0.42,0.63,0
BEHAVIOR_000462,4,0.99,0.05,0.71,0
BEHAVIOR_000462,8,0.92,0.21,0.79,1
BEHAVIOR_000462,12,0.78,0.24,0.67,0
BEHAVIOR_000462,17,0.76,0.37,0.65,0
BEHAVIOR_000463,4,0.22,0.92,0.44,0
BEHAVIOR_000463,8,0.42,0.62,0.52,0
BEHAVIOR_000463,12,0.29,0.48,0.26,0
BEHAVIOR_000463,17,0.42,0.5,0.56,0
BEHAVIOR_000464,4,0.68,0.26,0.66,0
BEHAVIOR_000464,8,0.28,0.82,0.36,0
BEHAVIOR_000464,12,0.47,0.56,0.54,0
BEHAVIOR_000464,17,0.47,0.69,0.35,0
BEHAVIOR_000465,4,1.0,0.03,0.73,0
BEHAVIOR_000465,8,1.0,0.0,0.79,1
BEHAVIOR_000465,12,1.0,0.21,0.88,1
BEHAVIOR_000465,17,0.83,0.1,0.6,0
BEHAVIOR_000466,4,0.54,0.58,0.45,0
BEHAVIOR_000466,8,0.59,0.21,0.45,0
BEHAVIOR_000466,12,0.45,0.54,0.55,0
BEHAVIOR_000466,17,0.4,0.45,0.52,0
BEHAVIOR_000467,4,0.17,0.75,0.19,0
BEHAVIOR_000467,8,0.03,0.98,0.07,0
BEHAVIOR_000467,12,0.34,0.65,0.41,0
BEHAVIOR_000467,17,0.21,0.81,0.2,0
BEHAVIOR_000468,4,0.6,0.52,0.64,0
BEHAVIOR_000468,8,0.42,0.57,0.35,0
BEHAVIOR_000468,12,0.42,0.49,0.38,0
BEHAVIOR_000468,17,0.37,0.59,0.29,0
BEHAVIOR_000469,4,0.55,0.43,0.57,0
BEHAVIOR_000469,8,0.64,0.48,0.48,0
BEHAVIOR_000469,12,0.48,0.49,0.59,0
BEHAVIOR_000469,17,0.47,0.6,0.43,0
BEHAVIOR_000470,4,0.42,0.52,0.35,0
BEHAVIOR_000470,8,0.45,0.61,0.52,0
BEHAVIOR_000470,12,0.48,0.73,0.55,0
BEHAVIOR_000470,17,0.54,0.37,0.64,0
BEHAVIOR_000471,4,0.22,0.59,0.36,0
BEHAVIOR_000471,8,0.29,0.69,0.44,0
BEHAVIOR_000471,12,0.15,1.0,0.2,0
BEHAVIOR_000471,17,0.27,0.76,0.45,0
BEHAVIOR_000472,4,0.25,0.79,0.38,0
BEHAVIOR_000472,8,0.34,0.62,0.41,0
BEHAVIOR_000472,12,0.34,0.63,0.37,0
BEHAVIOR_000472,17,0.51,0.46,0.43,0
BEHAVIOR_000473,4,0.65,0.4,0.5,0
BEHAVIOR_000473,8,0.63,0.45,0.66,0
BEHAVIOR_000473,12,0.64,0.21,0.74,0
BEHAVIOR_000473,17,0.64,0.23,0.54,0
BEHAVIOR_000474,4,0.25,0.9,0.42,0
BEHAVIOR_000474,8,0.26,0.69,0.36,0
BEHAVIOR_000474,12,0.35,0.66,0.45,0
BEHAVIOR_000474,17,0.29,0.76,0.48,0
BEHAVIOR_000475,4,0.0,1.0,0.18,0
BEHAVIOR_000475,8,0.0,1.0,0.25,0
BEHAVIOR_000475,12,0.08,1.0,0.29,0
BEHAVIOR_000475,17,0.03,0.95,0.07,0
BEHAVIOR_000476,4,0.68,0.3,0.63,0
BEHAVIOR_000476,8,0.44,0.61,0.49,0
BEHAVIOR_000476,12,0.56,0.25,0.43,0
BEHAVIOR_000476,17,0.48,0.48,0.4,0
BEHAVIOR_000477,4,0.42,0.42,0.31,0
BEHAVIOR_000477,8,0.73,0.49,0.54,0
BEHAVIOR_000477,12,0.54,0.59,0.6,0
BEHAVIOR_000477,17,0.54,0.44,0.61,0
BEHAVIOR_000478,4,0.02,0.91,0.08,0
BEHAVIOR_000478,8,0.23,0.84,0.44,0
BEHAVIOR_000478,12,0.15,0.86,0.21,0
BEHAVIOR_000478,17,0.0,1.0,0.1,0
BEHAVIOR_000479,4,0.03,0.82,0.24,0
BEHAVIOR_000479,8,0.25,0.81,0.32,0
BEHAVIOR_000479,12,0.29,0.83,0.22,0
BEHAVIOR_000479,17,0.35,0.63,0.34,0
BEHAVIOR_000480,4,0.17,0.88,0.2,0
BEHAVIOR_000480,8,0.29,0.68,0.37,0
BEHAVIOR_000480,12,0.13,0.91,0.28,0
BEHAVIOR_000480,17,0.08,0.76,0.17,0
BEHAVIOR_000481,4,0.31,0.66,0.49,0
BEHAVIOR_000481,8,0.35,0.71,0.26,0
BEHAVIOR_000481,12,0.22,0.87,0.27,0
BEHAVIOR_000481,17,0.24,0.95,0.25,0
BEHAVIOR_000482,4,0.09,0.77,0.3,0
BEHAVIOR_000482,8,0.2,0.76,0.25,0
BEHAVIOR_000482,12,0.17,0.83,0.2,0
BEHAVIOR_000482,17,0.11,0.74,0.21,0
BEHAVIOR_000483,4,0.78,0.19,0.56,0
BEHAVIOR_000483,8,0.97,0.1,0.79,1
BEHAVIOR_000483,12,0.94,0.16,0.94,1
BEHAVIOR_000483,17,0.86,0.28,0.62,0
BEHAVIOR_000484,4,0.29,0.55,0.22,0
BEHAVIOR_000484,8,0.44,0.47,0.44,0
BEHAVIOR_000484,12,0.5,0.52,0.52,0
BEHAVIOR_000484,17,0.36,0.64,0.54,0
BEHAVIOR_000485,4,0.64,0.45,0.73,0
BEHAVIOR_000485,8,0.51,0.34,0.37,0
BEHAVIOR_000485,12,0.78,0.28,0.78,1
BEHAVIOR_000485,17,0.6,0.28,0.48,0
BEHAVIOR_000486,4,0.05,0.94,0.12,0
BEHAVIOR_000486,8,0.03,0.96,0.03,0
BEHAVIOR_000486,12,0.12,0.8,0.38,0
BEHAVIOR_000486,17,0.0,0.85,0.17,0
BEHAVIOR_000487,4,0.14,0.74,0.11,0
BEHAVIOR_000487,8,0.32,0.89,0.36,0
BEHAVIOR_000487,12,0.07,0.93,0.1,0
BEHAVIOR_000487,17,0.19,0.87,0.34,0
BEHAVIOR_000488,4,0.13,0.99,0.27,0
BEHAVIOR_000488,8,0.35,0.58,0.45,0
BEHAVIOR_000488,12,0.2,0.78,0.21,0
BEHAVIOR_000488,17,0.3,0.62,0.27,0
BEHAVIOR_000489,4,0.0,0.96,0.07,0
BEHAVIOR_000489,8,0.0,1.0,0.25,0
BEHAVIOR_000489,12,0.0,0.94,0.17,0
BEHAVIOR_000489,17,0.05,1.0,0.3,0
BEHAVIOR_000490,4,0.23,0.73,0.27,0
BEHAVIOR_000490,8,0.32,0.67,0.49,0
BEHAVIOR_000490,12,0.21,0.78,0.16,0
BEHAVIOR_000490,17,0.2,0.69,0.22,0
BEHAVIOR_000491,4,0.37,0.73,0.34,0
BEHAVIOR_000491,8,0.28,0.75,0.27,0
BEHAVIOR_000491,12,0.23,0.8,0.36,0
BEHAVIOR_000491,17,0.54,0.45,0.66,0
BEHAVIOR_000492,4,0.13,0.79,0.33,0
BEHAVIOR_000492,8,0.16,0.83,0.27,0
BEHAVIOR_000492,12,0.36,0.64,0.49,0
BEHAVIOR_000492,17,0.14,0.7,0.29,0
BEHAVIOR_000493,4,0.39,0.4,0.42,0
BEHAVIOR_000493,8,0.47,0.45,0.59,0
BEHAVIOR_000493,12,0.51,0.5,0.61,0
BEHAVIOR_000493,17,0.44,0.54,0.36,0
BEHAVIOR_000494,4,0.44,0.6,0.41,0
BEHAVIOR_000494,8,0.75,0.27,0.71,0
BEHAVIOR_000494,12,0.7,0.34,0.66,0
BEHAVIOR_000494,17,0.52,0.64,0.59,0
BEHAVIOR_000495,4,0.15,0.7,0.12,0
BEHAVIOR_000495,8,0.0,1.0,0.01,0
BEHAVIOR_000495,12,0.06,0.78,0.34,0
BEHAVIOR_000495,17,0.19,0.67,0.43,0
BEHAVIOR_000496,4,0.48,0.46,0.47,0
BEHAVIOR_000496,8,0.46,0.54,0.53,0
BEHAVIOR_000496,12,0.56,0.35,0.66,0
BEHAVIOR_000496,17,0.51,0.34,0.62,0
BEHAVIOR_000497,4,0.81,0.14,0.73,0
BEHAVIOR_000497,8,0.78,0.18,0.72,0
BEHAVIOR_000497,12,0.57,0.41,0.67,0
BEHAVIOR_000497,17,0.79,0.07,0.83,1
BEHAVIOR_000498,4,0.36,0.72,0.41,0
BEHAVIOR_000498,8,0.55,0.58,0.64,0
BEHAVIOR_000498,12,0.54,0.39,0.67,0
BEHAVIOR_000498,17,0.6,0.36,0.53,0
BEHAVIOR_000499,4,0.3,0.69,0.42,0
BEHAVIOR_000499,8,0.36,0.47,0.54,0
BEHAVIOR_000499,12,0.26,0.67,0.2,0
BEHAVIOR_000499,17,0.15,0.88,0.18,0
BEHAVIOR_000500,4,0.79,0.25,0.84,1
BEHAVIOR_000500,8,0.76,0.31,0.74,0
BEHAVIOR_000500,12,0.51,0.58,0.65,0
BEHAVIOR_000500,17,0.64,0.11,0.59,0
BEHAVIOR_000501,4,0.08,1.0,0.07,0
BEHAVIOR_000501,8,0.0,1.0,0.24,0
BEHAVIOR_000501,12,0.01,0.79,0.24,0
BEHAVIOR_000501,17,0.0,0.95,0.1,0
BEHAVIOR_000502,4,0.24,0.83,0.37,0
BEHAVIOR_000502,8,0.29,0.65,0.35,0
BEHAVIOR_000502,12,0.2,0.9,0.26,0
BEHAVIOR_000502,17,0.34,0.64,0.46,0
BEHAVIOR_000503,4,0.23,0.69,0.35,0
BEHAVIOR_000503,8,0.35,0.63,0.52,0
BEHAVIOR_000503,12,0.49,0.57,0.37,0
BEHAVIOR_000503,17,0.56,0.54,0.5,0
BEHAVIOR_000504,4,0.75,0.32,0.66,0
BEHAVIOR_000504,8,0.41,0.55,0.36,0
BEHAVIOR_000504,12,0.55,0.46,0.57,0
BEHAVIOR_000504,17,0.43,0.41,0.43,0
BEHAVIOR_000505,4,0.89,0.24,0.92,1
BEHAVIOR_000505,8,1.0,0.0,0.72,0
BEHAVIOR_000505,12,0.99,0.05,0.97,1
BEHAVIOR_000505,17,0.75,0.47,0.69,0
BEHAVIOR_000506,4,0.47,0.52,0.41,0
BEHAVIOR_000506,8,0.57,0.47,0.49,0
BEHAVIOR_000506,12,0.4,0.62,0.48,0
BEHAVIOR_000506,17,0.55,0.39,0.66,0
BEHAVIOR_000507,4,0.34,0.69,0.26,0
BEHAVIOR_000507,8,0.29,0.77,0.44,0
BEHAVIOR_000507,12,0.09,0.99,0.35,0
BEHAVIOR_000507,17,0.14,0.89,0.31,0
BEHAVIOR_000508,4,0.44,0.56,0.44,0
BEHAVIOR_000508,8,0.35,0.76,0.29,0
BEHAVIOR_000508,12,0.31,0.72,0.33,0
BEHAVIOR_000508,17,0.48,0.54,0.35,0
BEHAVIOR_000509,4,0.0,1.0,0.01,0
BEHAVIOR_000509,8,0.0,1.0,0.21,0
BEHAVIOR_000509,12,0.0,1.0,0.28,0
BEHAVIOR_000509,17,0.17,0.8,0.27,0
BEHAVIOR_000510,4,0.45,0.57,0.45,0
BEHAVIOR_000510,8,0.22,0.94,0.36,0
BEHAVIOR_000510,12,0.26,0.72,0.31,0
BEHAVIOR_000510,17,0.33,0.65,0.25,0
BEHAVIOR_000511,4,0.0,1.0,0.24,0
BEHAVIOR_000511,8,0.02,1.0,0.07,0
BEHAVIOR_000511,12,0.18,0.9,0.22,0
BEHAVIOR_000511,17,0.14,0.78,0.38,0
BEHAVIOR_000512,4,1.0,0.0,0.86,1
BEHAVIOR_000512,8,0.94,0.1,0.75,0
BEHAVIOR_000512,12,0.89,0.17,0.76,1
BEHAVIOR_000512,17,1.0,0.05,1.0,1
BEHAVIOR_000513,4,0.0,1.0,0.01,0
BEHAVIOR_000513,8,0.0,0.94,0.24,0
BEHAVIOR_000513,12,0.0,1.0,0.1,0
BEHAVIOR_000513,17,0.03,0.95,0.17,0
BEHAVIOR_000514,4,0.18,0.69,0.23,0
BEHAVIOR_000514,8,0.16,0.96,0.2,0
BEHAVIOR_000514,12,0.18,0.79,0.25,0
BEHAVIOR_000514,17,0.0,1.0,0.01,0
BEHAVIOR_000515,4,0.06,0.88,0.19,0
BEHAVIOR_000515,8,0.29,0.66,0.28,0
BEHAVIOR_000515,12,0.22,0.8,0.43,0
BEHAVIOR_000515,17,0.11,0.92,0.14,0
BEHAVIOR_000516,4,0.41,0.61,0.58,0
BEHAVIOR_000516,8,0.4,0.48,0.44,0
BEHAVIOR_000516,12,0.2,0.89,0.37,0
BEHAVIOR_000516,17,0.42,0.61,0.4,0
BEHAVIOR_000517,4,0.34,0.63,0.27,0
BEHAVIOR_000517,8,0.35,0.63,0.25,0
BEHAVIOR_000517,12,0.34,0.72,0.53,0
BEHAVIOR_000517,17,0.35,0.59,0.35,0
BEHAVIOR_000518,4,0.3,0.76,0.32,0
BEHAVIOR_000518,8,0.16,0.84,0.31,0
BEHAVIOR_000518,12,0.18,0.78,0.14,0
BEHAVIOR_000518,17,0.04,1.0,0.15,0
BEHAVIOR_000519,4,0.3,0.68,0.27,0
BEHAVIOR_000519,8,0.38,0.5,0.42,0
BEHAVIOR_000519,12,0.45,0.79,0.47,0
BEHAVIOR_000519,17,0.36,0.68,0.26,0
BEHAVIOR_000520,4,0.13,0.96,0.14,0
BEHAVIOR_000520,8,0.0,0.95,0.14,0
BEHAVIOR_000520,12,0.0,1.0,0.24,0
BEHAVIOR_000520,17,0.06,0.79,0.3,0
BEHAVIOR_000521,4,0.22,0.82,0.21,0
BEHAVIOR_000521,8,0.34,0.66,0.33,0
BEHAVIOR_000521,12,0.37,0.72,0.49,0
BEHAVIOR_000521,17,0.04,1.0,0.32,0
BEHAVIOR_000522,4,0.61,0.52,0.51,0
BEHAVIOR_000522,8,0.42,0.66,0.45,0
BEHAVIOR_000522,12,0.44,0.44,0.49,0
BEHAVIOR_000522,17,0.63,0.58,0.53,0
BEHAVIOR_000523,4,0.3,0.76,0.29,0
BEHAVIOR_000523,8,0.32,0.56,0.43,0
BEHAVIOR_000523,12,0.32,0.8,0.34,0
BEHAVIOR_000523,17,0.07,0.87,0.09,0
BEHAVIOR_000524,4,0.08,1.0,0.1,0
BEHAVIOR_000524,8,0.02,1.0,0.09,0
BEHAVIOR_000524,12,0.13,0.84,0.34,0
BEHAVIOR_000524,17,0.06,0.99,0.11,0
BEHAVIOR_000525,4,0.07,0.85,0.1,0
BEHAVIOR_000525,8,0.0,1.0,0.1,0
BEHAVIOR_000525,12,0.0,1.0,0.11,0
BEHAVIOR_000525,17,0.03,1.0,0.04,0
BEHAVIOR_000526,4,0.0,0.78,0.24,0
BEHAVIOR_000526,8,0.08,0.91,0.17,0
BEHAVIOR_000526,12,0.0,1.0,0.15,0
BEHAVIOR_000526,17,0.02,0.82,0.04,0
BEHAVIOR_000527,4,0.0,0.92,0.04,0
BEHAVIOR_000527,8,0.25,0.72,0.27,0
BEHAVIOR_000527,12,0.26,0.89,0.31,0
BEHAVIOR_000527,17,0.12,0.75,0.26,0
BEHAVIOR_000528,4,0.56,0.64,0.54,0
BEHAVIOR_000528,8,0.53,0.49,0.51,0
BEHAVIOR_000528,12,0.73,0.29,0.55,0
BEHAVIOR_000528,17,0.66,0.39,0.71,0
BEHAVIOR_000529,4,0.22,0.96,0.34,0
BEHAVIOR_000529,8,0.19,0.75,0.16,0
BEHAVIOR_000529,12,0.0,1.0,0.05,0
BEHAVIOR_000529,17,0.17,0.73,0.31,0
BEHAVIOR_000530,4,0.51,0.65,0.52,0
BEHAVIOR_000530,8,0.63,0.39,0.74,0
BEHAVIOR_000530,12,0.88,0.12,0.64,0
BEHAVIOR_000530,17,0.6,0.37,0.46,0
BEHAVIOR_000531,4,0.23,0.63,0.32,0
BEHAVIOR_000531,8,0.16,0.96,0.11,0
BEHAVIOR_000531,12,0.19,0.89,0.29,0
BEHAVIOR_000531,17,0.35,0.7,0.55,0
BEHAVIOR_000532,4,0.46,0.5,0.61,0
BEHAVIOR_000532,8,0.6,0.47,0.44,0
BEHAVIOR_000532,12,0.62,0.57,0.6,0
BEHAVIOR_000532,17,0.58,0.52,0.52,0
BEHAVIOR_000533,4,0.37,0.66,0.34,0
BEHAVIOR_000533,8,0.38,0.58,0.38,0
BEHAVIOR_000533,12,0.45,0.66,0.44,0
BEHAVIOR_000533,17,0.35,0.67,0.3,0
BEHAVIOR_000534,4,0.78,0.17,0.77,1
BEHAVIOR_000534,8,0.79,0.22,0.62,0
BEHAVIOR_000534,12,0.66,0.56,0.76,1
BEHAVIOR_000534,17,0.76,0.25,0.64,0
BEHAVIOR_000535,4,0.0,1.0,0.01,0
BEHAVIOR_000535,8,0.0,1.0,0.05,0
BEHAVIOR_000535,12,0.0,0.99,0.29,0
BEHAVIOR_000535,17,0.13,0.91,0.22,0
BEHAVIOR_000536,4,0.44,0.53,0.53,0
BEHAVIOR_000536,8,0.62,0.22,0.48,0
BEHAVIOR_000536,12,0.39,0.58,0.3,0
BEHAVIOR_000536,17,0.59,0.44,0.66,0
BEHAVIOR_000537,4,0.0,0.94,0.25,0
BEHAVIOR_000537,8,0.0,1.0,0.25,0
BEHAVIOR_000537,12,0.0,0.6,0.29,0
BEHAVIOR_000537,17,0.0,1.0,0.04,0
BEHAVIOR_000538,4,0.53,0.75,0.37,0
BEHAVIOR_000538,8,0.61,0.33,0.69,0
BEHAVIOR_000538,12,0.6,0.28,0.47,0
BEHAVIOR_000538,17,0.62,0.46,0.65,0
BEHAVIOR_000539,4,0.85,0.0,0.69,0
BEHAVIOR_000539,8,0.62,0.56,0.62,0
BEHAVIOR_000539,12,0.74,0.26,0.63,0
BEHAVIOR_000539,17,0.77,0.29,0.56,0
BEHAVIOR_000540,4,0.14,0.78,0.27,0
BEHAVIOR_000540,8,0.0,0.94,0.22,0
BEHAVIOR_000540,12,0.39,0.72,0.32,0
BEHAVIOR_000540,17,0.02,1.0,0.22,0
BEHAVIOR_000541,4,0.46,0.51,0.35,0
BEHAVIOR_000541,8,0.28,0.61,0.42,0
BEHAVIOR_000541,12,0.26,0.77,0.33,0
BEHAVIOR_000541,17,0.17,0.95,0.27,0
BEHAVIOR_000542,4,0.57,0.35,0.53,0
BEHAVIOR_000542,8,0.44,0.46,0.5,0
BEHAVIOR_000542,12,0.39,0.68,0.52,0
BEHAVIOR_000542,17,0.63,0.39,0.61,0
BEHAVIOR_000543,4,0.47,0.57,0.6,0
BEHAVIOR_000543,8,0.68,0.32,0.73,0
BEHAVIOR_000543,12,0.5,0.79,0.62,0
BEHAVIOR_000543,17,0.38,0.47,0.52,0
BEHAVIOR_000544,4,0.43,0.62,0.48,0
BEHAVIOR_000544,8,0.4,0.59,0.48,0
BEHAVIOR_000544,12,0.31,0.58,0.49,0
BEHAVIOR_000544,17,0.64,0.46,0.47,0
BEHAVIOR_000545,4,0.96,0.05,0.74,0
BEHAVIOR_000545,8,0.66,0.36,0.69,0
BEHAVIOR_000545,12,0.93,0.09,0.92,1
BEHAVIOR_000545,17,0.95,0.14,0.83,1
BEHAVIOR_000546,4,0.11,0.87,0.17,0
BEHAVIOR_000546,8,0.32,0.56,0.25,0
BEHAVIOR_000546,12,0.03,0.56,0.2,0
BEHAVIOR_000546,17,0.12,1.0,0.35,0
BEHAVIOR_000547,4,0.43,0.63,0.31,0
BEHAVIOR_000547,8,0.33,0.63,0.27,0
BEHAVIOR_000547,12,0.43,0.67,0.51,0
BEHAVIOR_000547,17,0.46,0.59,0.59,0
BEHAVIOR_000548,4,0.31,0.71,0.42,0
BEHAVIOR_000548,8,0.22,0.76,0.33,0
BEHAVIOR_000548,12,0.34,0.66,0.48,0
BEHAVIOR_000548,17,0.19,0.82,0.2,0
BEHAVIOR_000549,4,0.21,0.69,0.17,0
BEHAVIOR_000549,8,0.16,0.85,0.14,0
BEHAVIOR_000549,12,0.42,0.7,0.31,0
BEHAVIOR_000549,17,0.32,0.7,0.44,0
BEHAVIOR_000550,4,0.27,0.71,0.44,0
BEHAVIOR_000550,8,0.37,0.68,0.45,0
BEHAVIOR_000550,12,0.44,0.66,0.51,0
BEHAVIOR_000550,17,0.43,0.47,0.57,0
BEHAVIOR_000551,4,0.41,0.6,0.58,0
BEHAVIOR_000551,8,0.35,0.73,0.38,0
BEHAVIOR_000551,12,0.29,0.62,0.33,0
BEHAVIOR_000551,17,0.55,0.31,0.63,0
BEHAVIOR_000552,4,0.0,1.0,0.27,0
BEHAVIOR_000552,8,0.12,1.0,0.11,0
BEHAVIOR_000552,12,0.04,0.81,0.1,0
BEHAVIOR_000552,17,0.0,1.0,0.22,0
BEHAVIOR_000553,4,0.49,0.75,0.47,0
BEHAVIOR_000553,8,0.39,0.65,0.35,0
BEHAVIOR_000553,12,0.44,0.42,0.47,0
BEHAVIOR_000553,17,0.49,0.64,0.36,0
BEHAVIOR_000554,4,0.35,0.61,0.29,0
BEHAVIOR_000554,8,0.44,0.36,0.51,0
BEHAVIOR_000554,12,0.29,0.7,0.22,0
BEHAVIOR_000554,17,0.4,0.62,0.56,0
BEHAVIOR_000555,4,0.16,0.77,0.21,0
BEHAVIOR_000555,8,0.35,0.69,0.47,0
BEHAVIOR_000555,12,0.4,0.77,0.55,0
BEHAVIOR_000555,17,0.4,0.53,0.3,0
BEHAVIOR_000556,4,0.64,0.27,0.46,0
BEHAVIOR_000556,8,0.47,0.52,0.4,0
BEHAVIOR_000556,12,0.39,0.66,0.43,0
BEHAVIOR_000556,17,0.48,0.49,0.39,0
BEHAVIOR_000557,4,0.1,0.89,0.09,0
BEHAVIOR_000557,8,0.08,0.93,0.35,0
BEHAVIOR_000557,12,0.0,0.99,0.06,0
BEHAVIOR_000557,17,0.2,0.86,0.36,0
BEHAVIOR_000558,4,0.33,0.71,0.3,0
BEHAVIOR_000558,8,0.47,0.51,0.42,0
BEHAVIOR_000558,12,0.45,0.62,0.59,0
BEHAVIOR_000558,17,0.38,0.67,0.34,0
BEHAVIOR_000559,4,0.18,0.88,0.24,0
BEHAVIOR_000559,8,0.0,0.9,0.27,0
BEHAVIOR_000559,12,0.32,0.52,0.26,0
BEHAVIOR_000559,17,0.0,0.9,0.16,0
BEHAVIOR_000560,4,0.83,0.2,0.78,1
BEHAVIOR_000560,8,0.7,0.29,0.76,1
BEHAVIOR_000560,12,0.83,0.15,0.69,0
BEHAVIOR_000560,17,0.84,0.18,0.86,1
BEHAVIOR_000561,4,0.23,0.9,0.19,0
BEHAVIOR_000561,8,0.12,0.86,0.29,0
BEHAVIOR_000561,12,0.09,1.0,0.15,0
BEHAVIOR_000561,17,0.14,0.86,0.33,0
BEHAVIOR_000562,4,0.08,0.97,0.16,0
BEHAVIOR_000562,8,0.24,0.48,0.27,0
BEHAVIOR_000562,12,0.21,0.78,0.4,0
BEHAVIOR_000562,17,0.25,0.76,0.33,0
BEHAVIOR_000563,4,0.33,0.69,0.44,0
BEHAVIOR_000563,8,0.49,0.43,0.51,0
BEHAVIOR_000563,12,0.48,0.61,0.38,0
BEHAVIOR_000563,17,0.39,0.63,0.33,0
BEHAVIOR_000564,4,0.0,0.99,0.28,0
BEHAVIOR_000564,8,0.0,0.96,0.07,0
BEHAVIOR_000564,12,0.04,1.0,0.04,0
BEHAVIOR_000564,17,0.05,0.97,0.2,0
BEHAVIOR_000565,4,0.64,0.46,0.61,0
BEHAVIOR_000565,8,0.52,0.58,0.54,0
BEHAVIOR_000565,12,0.62,0.34,0.55,0
BEHAVIOR_000565,17,0.71,0.31,0.64,0
BEHAVIOR_000566,4,0.4,0.61,0.52,0
BEHAVIOR_000566,8,0.46,0.47,0.48,0
BEHAVIOR_000566,12,0.46,0.56,0.41,0
BEHAVIOR_000566,17,0.38,0.54,0.37,0
BEHAVIOR_000567,4,0.88,0.22,0.72,0
BEHAVIOR_000567,8,0.86,0.12,0.82,1
BEHAVIOR_000567,12,0.87,0.17,0.86,1
BEHAVIOR_000567,17,0.92,0.22,0.77,1
BEHAVIOR_000568,4,0.23,0.69,0.25,0
BEHAVIOR_000568,8,0.14,0.68,0.17,0
BEHAVIOR_000568,12,0.2,0.68,0.38,0
BEHAVIOR_000568,17,0.17,1.0,0.16,0
BEHAVIOR_000569,4,0.16,0.67,0.35,0
BEHAVIOR_000569,8,0.17,0.9,0.31,0
BEHAVIOR_000569,12,0.26,0.8,0.39,0
BEHAVIOR_000569,17,0.31,0.78,0.43,0
BEHAVIOR_000570,4,0.26,0.84,0.38,0
BEHAVIOR_000570,8,0.25,0.66,0.29,0
BEHAVIOR_000570,12,0.29,0.71,0.34,0
BEHAVIOR_000570,17,0.09,0.84,0.31,0
BEHAVIOR_000571,4,0.5,0.58,0.44,0
BEHAVIOR_000571,8,0.56,0.51,0.57,0
BEHAVIOR_000571,12,0.35,0.65,0.54,0
BEHAVIOR_000571,17,0.3,0.78,0.34,0
BEHAVIOR_000572,4,0.28,0.83,0.45,0
BEHAVIOR_000572,8,0.04,0.97,0.16,0
BEHAVIOR_000572,12,0.13,0.77,0.16,0
BEHAVIOR_000572,17,0.04,1.0,0.14,0
BEHAVIOR_000573,4,0.28,0.71,0.32,0
BEHAVIOR_000573,8,0.4,0.5,0.31,0
BEHAVIOR_000573,12,0.43,0.71,0.52,0
BEHAVIOR_000573,17,0.21,0.66,0.18,0
BEHAVIOR_000574,4,0.89,0.28,0.87,1
BEHAVIOR_000574,8,0.58,0.36,0.59,0
BEHAVIOR_000574,12,0.65,0.38,0.57,0
BEHAVIOR_000574,17,0.55,0.29,0.4,0
BEHAVIOR_000575,4,0.43,0.57,0.48,0
BEHAVIOR_000575,8,0.49,0.54,0.5,0
BEHAVIOR_000575,12,0.37,0.55,0.44,0
BEHAVIOR_000575,17,0.44,0.64,0.54,0
BEHAVIOR_000576,4,0.06,1.0,0.33,0
BEHAVIOR_000576,8,0.0,1.0,0.09,0
BEHAVIOR_000576,12,0.0,1.0,0.18,0
BEHAVIOR_000576,17,0.0,1.0,0.13,0
BEHAVIOR_000577,4,0.26,0.55,0.41,0
BEHAVIOR_000577,8,0.24,0.83,0.4,0
BEHAVIOR_000577,12,0.32,0.61,0.34,0
BEHAVIOR_000577,17,0.23,0.6,0.25,0
BEHAVIOR_000578,4,0.34,0.67,0.35,0
BEHAVIOR_000578,8,0.73,0.22,0.66,0
BEHAVIOR_000578,12,0.46,0.48,0.39,0
BEHAVIOR_000578,17,0.65,0.2,0.57,0
BEHAVIOR_000579,4,0.0,1.0,0.15,0
BEHAVIOR_000579,8,0.0,1.0,0.22,0
BEHAVIOR_000579,12,0.0,1.0,0.24,0
BEHAVIOR_000579,17,0.05,0.92,0.2,0
BEHAVIOR_000580,4,0.7,0.34,0.71,0
BEHAVIOR_000580,8,0.79,0.37,0.57,0
BEHAVIOR_000580,12,0.45,0.61,0.49,0
BEHAVIOR_000580,17,0.51,0.5,0.51,0
BEHAVIOR_000581,4,0.86,0.32,0.78,1
BEHAVIOR_000581,8,0.84,0.25,0.7,0
BEHAVIOR_000581,12,0.86,0.09,0.84,1
BEHAVIOR_000581,17,0.69,0.35,0.72,0
BEHAVIOR_000582,4,0.49,0.4,0.61,0
BEHAVIOR_000582,8,0.61,0.48,0.67,0
BEHAVIOR_000582,12,0.69,0.28,0.68,0
BEHAVIOR_000582,17,0.41,0.77,0.48,0
BEHAVIOR_000583,4,0.69,0.27,0.7,0
BEHAVIOR_000583,8,0.57,0.47,0.48,0
BEHAVIOR_000583,12,0.52,0.41,0.43,0
BEHAVIOR_000583,17,0.72,0.4,0.67,0
BEHAVIOR_000584,4,0.0,1.0,0.29,0
BEHAVIOR_000584,8,0.0,0.88,0.06,0
BEHAVIOR_000584,12,0.07,0.82,0.29,0
BEHAVIOR_000584,17,0.09,0.87,0.36,0
BEHAVIOR_000585,4,0.38,0.53,0.49,0
BEHAVIOR_000585,8,0.3,0.55,0.31,0
BEHAVIOR_000585,12,0.36,0.77,0.39,0
BEHAVIOR_000585,17,0.23,0.85,0.39,0
BEHAVIOR_000586,4,0.3,0.7,0.4,0
BEHAVIOR_000586,8,0.18,0.92,0.15,0
BEHAVIOR_000586,12,0.25,0.83,0.37,0
BEHAVIOR_000586,17,0.24,0.75,0.2,0
BEHAVIOR_000587,4,0.0,0.98,0.1,0
BEHAVIOR_000587,8,0.0,0.94,0.02,0
BEHAVIOR_000587,12,0.01,1.0,0.12,0
BEHAVIOR_000587,17,0.22,0.84,0.43,0
BEHAVIOR_000588,4,0.29,0.7,0.21,0
BEHAVIOR_000588,8,0.4,0.56,0.31,0
BEHAVIOR_000588,12,0.39,0.36,0.45,0
BEHAVIOR_000588,17,0.33,0.74,0.39,0
BEHAVIOR_000589,4,0.66,0.37,0.51,0
BEHAVIOR_000589,8,0.57,0.41,0.44,0
BEHAVIOR_000589,12,0.4,0.61,0.41,0
BEHAVIOR_000589,17,0.51,0.5,0.45,0
BEHAVIOR_000590,4,0.32,0.61,0.34,0
BEHAVIOR_000590,8,0.3,0.66,0.4,0
BEHAVIOR_000590,12,0.26,0.73,0.37,0
BEHAVIOR_000590,17,0.24,0.73,0.47,0
BEHAVIOR_000591,4,0.42,0.52,0.39,0
BEHAVIOR_000591,8,0.06,0.89,0.14,0
BEHAVIOR_000591,12,0.29,0.7,0.47,0
BEHAVIOR_000591,17,0.21,0.83,0.32,0
BEHAVIOR_000592,4,0.43,0.53,0.46,0
BEHAVIOR_000592,8,0.18,0.83,0.27,0
BEHAVIOR_000592,12,0.19,0.76,0.42,0
BEHAVIOR_000592,17,0.61,0.31,0.7,0
BEHAVIOR_000593,4,0.26,0.67,0.39,0
BEHAVIOR_000593,8,0.44,0.57,0.36,0
BEHAVIOR_000593,12,0.17,0.81,0.28,0
BEHAVIOR_000593,17,0.29,0.73,0.42,0
BEHAVIOR_000594,4,0.35,0.92,0.43,0
BEHAVIOR_000594,8,0.25,0.86,0.23,0
BEHAVIOR_000594,12,0.31,0.86,0.49,0
BEHAVIOR_000594,17,0.39,0.61,0.46,0
BEHAVIOR_000595,4,0.29,0.48,0.47,0
BEHAVIOR_000595,8,0.34,0.71,0.4,0
BEHAVIOR_000595,12,0.39,0.76,0.57,0
BEHAVIOR_000595,17,0.54,0.43,0.61,0
BEHAVIOR_000596,4,0.24,0.54,0.2,0
BEHAVIOR_000596,8,0.36,0.79,0.53,0
BEHAVIOR_000596,12,0.17,0.75,0.17,0
BEHAVIOR_000596,17,0.11,0.9,0.27,0
BEHAVIOR_000597,4,0.45,0.76,0.34,0
BEHAVIOR_000597,8,0.42,0.73,0.49,0
BEHAVIOR_000597,12,0.37,0.65,0.49,0
BEHAVIOR_000597,17,0.26,0.76,0.32,0
BEHAVIOR_000598,4,0.48,0.44,0.55,0
BEHAVIOR_000598,8,0.27,0.61,0.39,0
BEHAVIOR_000598,12,0.21,0.58,0.34,0
BEHAVIOR_000598,17,0.39,0.7,0.34,0
BEHAVIOR_000599,4,0.36,0.58,0.47,0
BEHAVIOR_000599,8,0.31,0.68,0.47,0
BEHAVIOR_000599,12,0.25,0.86,0.37,0
BEHAVIOR_000599,17,0.32,0.57,0.23,0
BEHAVIOR_000600,4,0.0,0.74,0.13,0
BEHAVIOR_000600,8,0.0,0.99,0.23,0
BEHAVIOR_000600,12,0.0,1.0,0.11,0
BEHAVIOR_000600,17,0.0,1.0,0.29,0
BEHAVIOR_000601,4,0.05,0.96,0.34,0
BEHAVIOR_000601,8,0.0,0.86,0.19,0
BEHAVIOR_000601,12,0.21,0.88,0.41,0
BEHAVIOR_000601,17,0.0,1.0,0.14,0
BEHAVIOR_000602,4,0.44,0.53,0.36,0
BEHAVIOR_000602,8,0.22,0.91,0.24,0
BEHAVIOR_000602,12,0.22,0.57,0.19,0
BEHAVIOR_000602,17,0.26,0.76,0.28,0
BEHAVIOR_000603,4,0.04,0.81,0.28,0
BEHAVIOR_000603,8,0.06,0.85,0.06,0
BEHAVIOR_000603,12,0.0,1.0,0.13,0
BEHAVIOR_000603,17,0.0,1.0,0.15,0
BEHAVIOR_000604,4,0.73,0.24,0.72,0
BEHAVIOR_000604,8,0.44,0.5,0.48,0
BEHAVIOR_000604,12,0.47,0.71,0.35,0
BEHAVIOR_000604,17,0.5,0.36,0.5,0
BEHAVIOR_000605,4,0.99,0.11,0.73,0
BEHAVIOR_000605,8,0.96,0.05,0.72,0
BEHAVIOR_000605,12,0.96,0.11,0.91,1
BEHAVIOR_000605,17,0.82,0.08,0.85,1
BEHAVIOR_000606,4,0.08,0.82,0.3,0
BEHAVIOR_000606,8,0.13,0.96,0.32,0
BEHAVIOR_000606,12,0.13,0.84,0.33,0
BEHAVIOR_000606,17,0.01,1.0,0.23,0
BEHAVIOR_000607,4,0.35,0.69,0.41,0
BEHAVIOR_000607,8,0.2,0.67,0.24,0
BEHAVIOR_000607,12,0.18,0.75,0.31,0
BEHAVIOR_000607,17,0.26,0.8,0.24,0
BEHAVIOR_000608,4,0.41,0.6,0.47,0
BEHAVIOR_000608,8,0.23,1.0,0.22,0
BEHAVIOR_000608,12,0.3,0.92,0.34,0
BEHAVIOR_000608,17,0.32,0.63,0.32,0
BEHAVIOR_000609,4,0.53,0.31,0.38,0
BEHAVIOR_000609,8,0.69,0.35,0.59,0
BEHAVIOR_000609,12,0.54,0.42,0.49,0
BEHAVIOR_000609,17,0.51,0.59,0.53,0
BEHAVIOR_000610,4,0.1,1.0,0.26,0
BEHAVIOR_000610,8,0.03,1.0,0.13,0
BEHAVIOR_000610,12,0.17,0.71,0.21,0
BEHAVIOR_000610,17,0.16,0.96,0.32,0
BEHAVIOR_000611,4,0.0,1.0,0.06,0
BEHAVIOR_000611,8,0.13,0.79,0.11,0
BEHAVIOR_000611,12,0.0,1.0,0.01,0
BEHAVIOR_000611,17,0.0,0.9,0.03,0
BEHAVIOR_000612,4,0.07,0.99,0.19,0
BEHAVIOR_000612,8,0.0,1.0,0.27,0
BEHAVIOR_000612,12,0.0,1.0,0.18,0
BEHAVIOR_000612,17,0.0,1.0,0.29,0
BEHAVIOR_000613,4,0.0,0.98,0.21,0
BEHAVIOR_000613,8,0.0,0.91,0.26,0
BEHAVIOR_000613,12,0.11,0.74,0.11,0
BEHAVIOR_000613,17,0.27,0.68,0.44,0
BEHAVIOR_000614,4,0.39,0.68,0.4,0
BEHAVIOR_000614,8,0.33,0.7,0.3,0
BEHAVIOR_000614,12,0.38,0.57,0.46,0
BEHAVIOR_000614,17,0.34,0.6,0.24,0
BEHAVIOR_000615,4,0.04,0.86,0.1,0
BEHAVIOR_000615,8,0.28,0.66,0.43,0
BEHAVIOR_000615,12,0.36,0.68,0.26,0
BEHAVIOR_000615,17,0.28,0.74,0.5,0
BEHAVIOR_000616,4,0.28,0.59,0.45,0
BEHAVIOR_000616,8,0.31,0.61,0.25,0
BEHAVIOR_000616,12,0.67,0.33,0.68,0
BEHAVIOR_000616,17,0.45,0.66,0.6,0
BEHAVIOR_000617,4,0.0,0.92,0.05,0
BEHAVIOR_000617,8,0.0,0.95,0.15,0
BEHAVIOR_000617,12,0.0,0.99,0.29,0
BEHAVIOR_000617,17,0.05,1.0,0.11,0
BEHAVIOR_000618,4,0.38,0.46,0.51,0
BEHAVIOR_000618,8,0.48,0.73,0.4,0
BEHAVIOR_000618,12,0.52,0.28,0.52,0
BEHAVIOR_000618,17,0.58,0.48,0.52,0
BEHAVIOR_000619,4,0.58,0.44,0.59,0
BEHAVIOR_000619,8,0.59,0.33,0.44,0
BEHAVIOR_000619,12,0.55,0.56,0.5,0
BEHAVIOR_000619,17,0.53,0.42,0.64,0
BEHAVIOR_000620,4,0.12,0.86,0.21,0
BEHAVIOR_000620,8,0.23,0.66,0.21,0
BEHAVIOR_000620,12,0.4,0.61,0.56,0
BEHAVIOR_000620,17,0.14,0.84,0.21,0
BEHAVIOR_000621,4,0.3,0.78,0.48,0
BEHAVIOR_000621,8,0.56,0.51,0.5,0
BEHAVIOR_000621,12,0.31,0.74,0.23,0
BEHAVIOR_000621,17,0.47,0.5,0.56,0
BEHAVIOR_000622,4,1.0,0.06,0.84,1
BEHAVIOR_000622,8,1.0,0.0,0.89,1
BEHAVIOR_000622,12,1.0,0.0,0.79,1
BEHAVIOR_000622,17,1.0,0.15,0.83,1
BEHAVIOR_000623,4,0.09,0.83,0.22,0
BEHAVIOR_000623,8,0.0,0.94,0.27,0
BEHAVIOR_000623,12,0.0,1.0,0.28,0
BEHAVIOR_000623,17,0.0,0.91,0.16,0
BEHAVIOR_000624,4,0.11,0.75,0.12,0
BEHAVIOR_000624,8,0.0,1.0,0.02,0
BEHAVIOR_000624,12,0.03,1.0,0.08,0
BEHAVIOR_000624,17,0.24,0.63,0.3,0
BEHAVIOR_000625,4,0.11,1.0,0.12,0
BEHAVIOR_000625,8,0.04,1.0,0.25,0
BEHAVIOR_000625,12,0.0,0.88,0.26,0
BEHAVIOR_000625,17,0.2,0.76,0.14,0
BEHAVIOR_000626,4,0.68,0.46,0.69,0
BEHAVIOR_000626,8,0.71,0.38,0.69,0
BEHAVIOR_000626,12,0.7,0.23,0.71,0
BEHAVIOR_000626,17,0.4,0.56,0.38,0
BEHAVIOR_000627,4,0.61,0.46,0.48,0
BEHAVIOR_000627,8,0.65,0.42,0.52,0
BEHAVIOR_000627,12,0.6,0.5,0.69,0
BEHAVIOR_000627,17,0.55,0.43,0.53,0
BEHAVIOR_000628,4,0.89,0.12,0.89,1
BEHAVIOR_000628,8,1.0,0.15,0.95,1
BEHAVIOR_000628,12,0.96,0.05,0.86,1
BEHAVIOR_000628,17,1.0,0.0,0.94,1
BEHAVIOR_000629,4,0.12,0.94,0.3,0
BEHAVIOR_000629,8,0.21,0.91,0.31,0
BEHAVIOR_000629,12,0.11,0.99,0.1,0
BEHAVIOR_000629,17,0.17,0.92,0.38,0
BEHAVIOR_000630,4,0.23,0.69,0.36,0
BEHAVIOR_000630,8,0.23,0.75,0.28,0
BEHAVIOR_000630,12,0.28,0.63,0.47,0
BEHAVIOR_000630,17,0.18,0.97,0.19,0
BEHAVIOR_000631,4,0.38,0.76,0.53,0
BEHAVIOR_000631,8,0.1,1.0,0.09,0
BEHAVIOR_000631,12,0.14,0.98,0.24,0
BEHAVIOR_000631,17,0.32,0.71,0.47,0
BEHAVIOR_000632,4,0.07,0.87,0.08,0
BEHAVIOR_000632,8,0.03,0.97,0.06,0
BEHAVIOR_000632,12,0.21,0.86,0.31,0
BEHAVIOR_000632,17,0.0,1.0,0.04,0
BEHAVIOR_000633,4,0.0,0.96,0.19,0
BEHAVIOR_000633,8,0.0,0.93,0.13,0
BEHAVIOR_000633,12,0.0,0.87,0.03,0
BEHAVIOR_000633,17,0.0,0.94,0.08,0
BEHAVIOR_000634,4,0.39,0.63,0.52,0
BEHAVIOR_000634,8,0.52,0.54,0.47,0
BEHAVIOR_000634,12,0.62,0.44,0.73,0
BEHAVIOR_000634,17,0.38,0.79,0.42,0
BEHAVIOR_000635,4,0.05,0.8,0.19,0
BEHAVIOR_000635,8,0.38,0.55,0.53,0
BEHAVIOR_000635,12,0.22,0.82,0.42,0
BEHAVIOR_000635,17,0.12,0.78,0.3,0
BEHAVIOR_000636,4,0.38,0.76,0.36,0
BEHAVIOR_000636,8,0.31,0.83,0.44,0
BEHAVIOR_000636,12,0.51,0.47,0.41,0
BEHAVIOR_000636,17,0.49,0.45,0.55,0
BEHAVIOR_000637,4,0.22,0.89,0.38,0
BEHAVIOR_000637,8,0.21,0.85,0.35,0
BEHAVIOR_000637,12,0.19,0.81,0.3,0
BEHAVIOR_000637,17,0.09,0.81,0.27,0
BEHAVIOR_000638,4,0.43,0.72,0.4,0
BEHAVIOR_000638,8,0.27,0.67,0.21,0
BEHAVIOR_000638,12,0.35,0.58,0.52,0
BEHAVIOR_000638,17,0.44,0.71,0.37,0
BEHAVIOR_000639,4,0.19,0.66,0.3,0
BEHAVIOR_000639,8,0.22,0.85,0.36,0
BEHAVIOR_000639,12,0.25,0.74,0.36,0
BEHAVIOR_000639,17,0.14,0.83,0.27,0
BEHAVIOR_000640,4,0.3,0.63,0.27,0
BEHAVIOR_000640,8,0.22,0.79,0.36,0
BEHAVIOR_000640,12,0.07,1.0,0.06,0
BEHAVIOR_000640,17,0.0,1.0,0.11,0
BEHAVIOR_000641,4,0.59,0.46,0.67,0
BEHAVIOR_000641,8,0.49,0.38,0.56,0
BEHAVIOR_000641,12,0.56,0.5,0.46,0
BEHAVIOR_000641,17,0.53,0.34,0.59,0
BEHAVIOR_000642,4,0.34,0.56,0.29,0
BEHAVIOR_000642,8,0.48,0.48,0.51,0
BEHAVIOR_000642,12,0.29,0.71,0.23,0
BEHAVIOR_000642,17,0.37,0.73,0.29,0
BEHAVIOR_000643,4,0.0,1.0,0.06,0
BEHAVIOR_000643,8,0.0,1.0,0.25,0
BEHAVIOR_000643,12,0.1,0.82,0.16,0
BEHAVIOR_000643,17,0.0,0.92,0.02,0
BEHAVIOR_000644,4,0.52,0.54,0.52,0
BEHAVIOR_000644,8,0.56,0.46,0.44,0
BEHAVIOR_000644,12,0.38,0.8,0.5,0
BEHAVIOR_000644,17,0.33,0.78,0.28,0
BEHAVIOR_000645,4,0.41,0.57,0.51,0
BEHAVIOR_000645,8,0.44,0.47,0.57,0
BEHAVIOR_000645,12,0.39,0.62,0.56,0
BEHAVIOR_000645,17,0.43,0.58,0.58,0
BEHAVIOR_000646,4,0.0,1.0,0.2,0
BEHAVIOR_000646,8,0.07,0.98,0.24,0
BEHAVIOR_000646,12,0.02,0.94,0.27,0
BEHAVIOR_000646,17,0.04,1.0,0.18,0
BEHAVIOR_000647,4,0.15,1.0,0.19,0
BEHAVIOR_000647,8,0.26,0.7,0.32,0
BEHAVIOR_000647,12,0.12,0.82,0.29,0
BEHAVIOR_000647,17,0.1,0.98,0.14,0
BEHAVIOR_000648,4,0.54,0.57,0.53,0
BEHAVIOR_000648,8,0.77,0.13,0.66,0
BEHAVIOR_000648,12,0.51,0.44,0.52,0
BEHAVIOR_000648,17,0.57,0.36,0.64,0
BEHAVIOR_000649,4,0.94,0.22,0.92,1
BEHAVIOR_000649,8,1.0,0.07,0.99,1
BEHAVIOR_000649,12,0.85,0.06,0.86,1
BEHAVIOR_000649,17,0.96,0.0,0.71,0
BEHAVIOR_000650,4,0.13,0.72,0.13,0
BEHAVIOR_000650,8,0.27,0.64,0.47,0
BEHAVIOR_000650,12,0.08,0.8,0.31,0
BEHAVIOR_000650,17,0.01,1.0,0.2,0
BEHAVIOR_000651,4,0.72,0.38,0.7,0
BEHAVIOR_000651,8,0.55,0.51,0.5,0
BEHAVIOR_000651,12,0.56,0.6,0.39,0
BEHAVIOR_000651,17,0.63,0.46,0.49,0
BEHAVIOR_000652,4,0.14,0.7,0.2,0
BEHAVIOR_000652,8,0.28,0.75,0.49,0
BEHAVIOR_000652,12,0.28,0.66,0.21,0
BEHAVIOR_000652,17,0.16,0.96,0.26,0
BEHAVIOR_000653,4,0.42,0.59,0.55,0
BEHAVIOR_000653,8,0.35,0.66,0.42,0
BEHAVIOR_000653,12,0.33,0.74,0.35,0
BEHAVIOR_000653,17,0.26,0.87,0.3,0
BEHAVIOR_000654,4,0.2,0.7,0.37,0
BEHAVIOR_000654,8,0.34,0.55,0.53,0
BEHAVIOR_000654,12,0.09,0.99,0.11,0
BEHAVIOR_000654,17,0.02,0.91,0.07,0
BEHAVIOR_000655,4,0.0,0.98,0.17,0
BEHAVIOR_000655,8,0.0,1.0,0.26,0
BEHAVIOR_000655,12,0.0,0.94,0.2,0
BEHAVIOR_000655,17,0.04,0.63,0.06,0
BEHAVIOR_000656,4,0.73,0.23,0.76,1
BEHAVIOR_000656,8,0.52,0.39,0.47,0
BEHAVIOR_000656,12,0.63,0.38,0.69,0
BEHAVIOR_000656,17,0.45,0.36,0.59,0
BEHAVIOR_000657,4,0.44,0.75,0.39,0
BEHAVIOR_000657,8,0.41,0.78,0.4,0
BEHAVIOR_000657,12,0.3,0.87,0.35,0
BEHAVIOR_000657,17,0.22,0.69,0.38,0
BEHAVIOR_000658,4,0.32,0.68,0.42,0
BEHAVIOR_000658,8,0.22,0.88,0.45,0
BEHAVIOR_000658,12,0.34,0.7,0.35,0
BEHAVIOR_000658,17,0.25,0.68,0.37,0
BEHAVIOR_000659,4,0.54,0.61,0.54,0
BEHAVIOR_000659,8,0.5,0.42,0.51,0
BEHAVIOR_000659,12,0.61,0.38,0.7,0
BEHAVIOR_000659,17,0.47,0.64,0.54,0
BEHAVIOR_000660,4,0.0,0.94,0.1,0
BEHAVIOR_000660,8,0.0,1.0,0.09,0
BEHAVIOR_000660,12,0.0,0.98,0.06,0
BEHAVIOR_000660,17,0.03,1.0,0.03,0
BEHAVIOR_000661,4,0.4,0.45,0.38,0
BEHAVIOR_000661,8,0.43,0.75,0.35,0
BEHAVIOR_000661,12,0.39,0.67,0.49,0
BEHAVIOR_000661,17,0.67,0.33,0.57,0
BEHAVIOR_000662,4,0.45,0.66,0.33,0
BEHAVIOR_000662,8,0.24,0.44,0.27,0
BEHAVIOR_000662,12,0.47,0.7,0.61,0
BEHAVIOR_000662,17,0.34,0.72,0.27,0
BEHAVIOR_000663,4,0.59,0.38,0.68,0
BEHAVIOR_000663,8,0.77,0.31,0.73,0
BEHAVIOR_000663,12,0.57,0.43,0.5,0
BEHAVIOR_000663,17,0.73,0.2,0.56,0
BEHAVIOR_000664,4,0.37,0.52,0.35,0
BEHAVIOR_000664,8,0.24,0.87,0.2,0
BEHAVIOR_000664,12,0.15,0.9,0.16,0
BEHAVIOR_000664,17,0.32,0.77,0.45,0
BEHAVIOR_000665,4,0.22,0.74,0.23,0
BEHAVIOR_000665,8,0.39,0.56,0.49,0
BEHAVIOR_000665,12,0.17,0.7,0.28,0
BEHAVIOR_000665,17,0.29,0.63,0.3,0
BEHAVIOR_000666,4,0.61,0.47,0.49,0
BEHAVIOR_000666,8,0.58,0.27,0.64,0
BEHAVIOR_000666,12,0.74,0.25,0.79,1
BEHAVIOR_000666,17,0.82,0.05,0.76,1
BEHAVIOR_000667,4,0.0,1.0,0.15,0
BEHAVIOR_000667,8,0.04,0.93,0.32,0
BEHAVIOR_000667,12,0.11,0.92,0.17,0
BEHAVIOR_000667,17,0.15,0.95,0.2,0
BEHAVIOR_000668,4,0.94,0.19,0.91,1
BEHAVIOR_000668,8,0.85,0.19,0.74,0
BEHAVIOR_000668,12,0.9,0.21,0.78,1
BEHAVIOR_000668,17,0.82,0.19,0.62,0
BEHAVIOR_000669,4,0.0,1.0,0.08,0
BEHAVIOR_000669,8,0.05,1.0,0.29,0
BEHAVIOR_000669,12,0.05,1.0,0.33,0
BEHAVIOR_000669,17,0.07,0.69,0.09,0
BEHAVIOR_000670,4,0.42,0.57,0.59,0
BEHAVIOR_000670,8,0.37,0.75,0.32,0
BEHAVIOR_000670,12,0.32,0.73,0.51,0
BEHAVIOR_000670,17,0.34,0.76,0.29,0
BEHAVIOR_000671,4,0.22,0.93,0.18,0
BEHAVIOR_000671,8,0.07,0.97,0.19,0
BEHAVIOR_000671,12,0.21,0.58,0.36,0
BEHAVIOR_000671,17,0.16,1.0,0.25,0
BEHAVIOR_000672,4,0.38,0.5,0.49,0
BEHAVIOR_000672,8,0.33,0.77,0.33,0
BEHAVIOR_000672,12,0.37,0.62,0.38,0
BEHAVIOR_000672,17,0.42,0.69,0.58,0
BEHAVIOR_000673,4,0.29,0.69,0.41,0
BEHAVIOR_000673,8,0.18,0.77,0.29,0
BEHAVIOR_000673,12,0.15,0.83,0.26,0
BEHAVIOR_000673,17,0.23,0.79,0.31,0
BEHAVIOR_000674,4,0.6,0.44,0.54,0
BEHAVIOR_000674,8,0.48,0.31,0.54,0
BEHAVIOR_000674,12,0.51,0.38,0.58,0
BEHAVIOR_000674,17,0.46,0.55,0.41,0
BEHAVIOR_000675,4,0.22,0.73,0.22,0
BEHAVIOR_000675,8,0.11,0.8,0.25,0
BEHAVIOR_000675,12,0.14,0.71,0.2,0
BEHAVIOR_000675,17,0.21,0.83,0.33,0
BEHAVIOR_000676,4,0.26,0.77,0.42,0
BEHAVIOR_000676,8,0.48,0.57,0.43,0
BEHAVIOR_000676,12,0.52,0.4,0.6,0
BEHAVIOR_000676,17,0.43,0.62,0.44,0
BEHAVIOR_000677,4,0.32,0.71,0.42,0
BEHAVIOR_000677,8,0.27,0.76,0.37,0
BEHAVIOR_000677,12,0.34,0.74,0.53,0
BEHAVIOR_000677,17,0.29,0.61,0.41,0
BEHAVIOR_000678,4,0.69,0.28,0.61,0
BEHAVIOR_000678,8,0.77,0.3,0.84,1
BEHAVIOR_000678,12,0.59,0.45,0.7,0
BEHAVIOR_000678,17,0.77,0.22,0.68,0
BEHAVIOR_000679,4,0.35,0.61,0.29,0
BEHAVIOR_000679,8,0.34,0.63,0.53,0
BEHAVIOR_000679,12,0.33,0.5,0.5,0
BEHAVIOR_000679,17,0.48,0.68,0.55,0
BEHAVIOR_000680,4,0.4,0.42,0.55,0
BEHAVIOR_000680,8,0.4,0.69,0.29,0
BEHAVIOR_000680,12,0.38,0.67,0.34,0
BEHAVIOR_000680,17,0.36,0.66,0.45,0
BEHAVIOR_000681,4,0.57,0.47,0.59,0
BEHAVIOR_000681,8,0.53,0.36,0.48,0
BEHAVIOR_000681,12,0.49,0.56,0.63,0
BEHAVIOR_000681,17,0.47,0.35,0.41,0
BEHAVIOR_000682,4,0.32,0.73,0.28,0
BEHAVIOR_000682,8,0.24,0.83,0.2,0
BEHAVIOR_000682,12,0.24,0.72,0.27,0
BEHAVIOR_000682,17,0.3,0.64,0.48,0
BEHAVIOR_000683,4,0.9,0.0,0.73,0
BEHAVIOR_000683,8,0.78,0.3,0.65,0
BEHAVIOR_000683,12,0.74,0.27,0.54,0
BEHAVIOR_000683,17,0.69,0.12,0.63,0
BEHAVIOR_000684,4,0.1,1.0,0.24,0
BEHAVIOR_000684,8,0.2,0.8,0.25,0
BEHAVIOR_000684,12,0.0,1.0,0.14,0
BEHAVIOR_000684,17,0.06,0.94,0.29,0
BEHAVIOR_000685,4,0.17,0.98,0.19,0
BEHAVIOR_000685,8,0.41,0.46,0.59,0
BEHAVIOR_000685,12,0.3,0.8,0.36,0
BEHAVIOR_000685,17,0.27,0.67,0.34,0
BEHAVIOR_000686,4,0.49,0.53,0.36,0
BEHAVIOR_000686,8,0.43,0.5,0.52,0
BEHAVIOR_000686,12,0.35,0.61,0.43,0
BEHAVIOR_000686,17,0.47,0.6,0.48,0
BEHAVIOR_000687,4,0.24,0.83,0.4,0
BEHAVIOR_000687,8,0.39,0.64,0.28,0
BEHAVIOR_000687,12,0.53,0.42,0.4,0
BEHAVIOR_000687,17,0.4,0.59,0.41,0
BEHAVIOR_000688,4,0.58,0.46,0.45,0
BEHAVIOR_000688,8,0.42,0.61,0.37,0
BEHAVIOR_000688,12,0.49,0.5,0.58,0
BEHAVIOR_000688,17,0.51,0.6,0.55,0
BEHAVIOR_000689,4,0.04,0.87,0.08,0
BEHAVIOR_000689,8,0.0,0.97,0.01,0
BEHAVIOR_000689,12,0.02,0.84,0.16,0
BEHAVIOR_000689,17,0.0,1.0,0.21,0
BEHAVIOR_000690,4,0.34,0.69,0.45,0
BEHAVIOR_000690,8,0.29,0.73,0.24,0
BEHAVIOR_000690,12,0.23,0.92,0.35,0
BEHAVIOR_000690,17,0.09,0.83,0.18,0
BEHAVIOR_000691,4,0.6,0.41,0.44,0
BEHAVIOR_000691,8,0.4,0.51,0.4,0
BEHAVIOR_000691,12,0.43,0.69,0.36,0
BEHAVIOR_000691,17,0.45,0.71,0.53,0
BEHAVIOR_000692,4,0.75,0.29,0.74,0
BEHAVIOR_000692,8,0.65,0.28,0.46,0
BEHAVIOR_000692,12,0.69,0.27,0.52,0
BEHAVIOR_000692,17,0.57,0.5,0.5,0
BEHAVIOR_000693,4,0.17,0.89,0.31,0
BEHAVIOR_000693,8,0.29,0.79,0.48,0
BEHAVIOR_000693,12,0.15,0.73,0.23,0
BEHAVIOR_000693,17,0.33,0.84,0.51,0
BEHAVIOR_000694,4,0.11,1.0,0.12,0
BEHAVIOR_000694,8,0.51,0.45,0.48,0
BEHAVIOR_000694,12,0.03,0.88,0.02,0
BEHAVIOR_000694,17,0.12,0.9,0.28,0
BEHAVIOR_000695,4,0.41,0.66,0.54,0
BEHAVIOR_000695,8,0.38,0.72,0.28,0
BEHAVIOR_000695,12,0.35,0.52,0.28,0
BEHAVIOR_000695,17,0.37,0.51,0.36,0
BEHAVIOR_000696,4,0.0,1.0,0.03,0
BEHAVIOR_000696,8,0.02,1.0,0.08,0
BEHAVIOR_000696,12,0.0,0.92,0.27,0
BEHAVIOR_000696,17,0.03,1.0,0.03,0
BEHAVIOR_000697,4,0.63,0.4,0.51,0
BEHAVIOR_000697,8,0.51,0.54,0.56,0
BEHAVIOR_000697,12,0.58,0.44,0.61,0
BEHAVIOR_000697,17,0.5,0.6,0.49,0
BEHAVIOR_000698,4,0.1,0.91,0.18,0
BEHAVIOR_000698,8,0.47,0.31,0.43,0
BEHAVIOR_000698,12,0.3,0.52,0.27,0
BEHAVIOR_000698,17,0.2,0.92,0.19,0
BEHAVIOR_000699,4,0.52,0.49,0.5,0
BEHAVIOR_000699,8,0.52,0.35,0.48,0
BEHAVIOR_000699,12,0.3,0.79,0.4,0
BEHAVIOR_000699,17,0.51,0.67,0.4,0
BEHAVIOR_000700,4,0.0,1.0,0.21,0
BEHAVIOR_000700,8,0.09,0.88,0.35,0
BEHAVIOR_000700,12,0.0,0.91,0.06,0
BEHAVIOR_000700,17,0.0,0.96,0.19,0
BEHAVIOR_000701,4,0.41,0.41,0.32,0
BEHAVIOR_000701,8,0.25,0.81,0.18,0
BEHAVIOR_000701,12,0.13,0.86,0.33,0
BEHAVIOR_000701,17,0.24,0.79,0.24,0
BEHAVIOR_000702,4,0.34,0.7,0.26,0
BEHAVIOR_000702,8,0.13,0.9,0.34,0
BEHAVIOR_000702,12,0.54,0.51,0.68,0
BEHAVIOR_000702,17,0.34,0.7,0.29,0
BEHAVIOR_000703,4,0.56,0.54,0.69,0
BEHAVIOR_000703,8,0.27,0.76,0.39,0
BEHAVIOR_000703,12,0.49,0.32,0.39,0
BEHAVIOR_000703,17,0.59,0.37,0.7,0
BEHAVIOR_000704,4,0.08,0.99,0.13,0
BEHAVIOR_000704,8,0.19,0.7,0.39,0
BEHAVIOR_000704,12,0.06,1.0,0.09,0
BEHAVIOR_000704,17,0.0,0.92,0.15,0
BEHAVIOR_000705,4,0.03,0.96,0.24,0
BEHAVIOR_000705,8,0.05,0.9,0.14,0
BEHAVIOR_000705,12,0.33,0.71,0.38,0
BEHAVIOR_000705,17,0.05,0.96,0.31,0
BEHAVIOR_000706,4,0.49,0.51,0.53,0
BEHAVIOR_000706,8,0.41,0.61,0.52,0
BEHAVIOR_000706,12,0.49,0.34,0.48,0
BEHAVIOR_000706,17,0.36,0.61,0.51,0
BEHAVIOR_000707,4,0.0,0.9,0.3,0
BEHAVIOR_000707,8,0.0,0.97,0.27,0
BEHAVIOR_000707,12,0.08,1.0,0.28,0
BEHAVIOR_000707,17,0.03,0.97,0.03,0
BEHAVIOR_000708,4,0.17,0.91,0.29,0
BEHAVIOR_000708,8,0.3,0.69,0.34,0
BEHAVIOR_000708,12,0.26,0.75,0.37,0
BEHAVIOR_000708,17,0.36,0.74,0.44,0
BEHAVIOR_000709,4,0.83,0.14,0.8,1
BEHAVIOR_000709,8,0.83,0.22,0.86,1
BEHAVIOR_000709,12,0.78,0.1,0.72,0
BEHAVIOR_000709,17,0.87,0.08,0.84,1
BEHAVIOR_000710,4,0.42,0.39,0.34,0
BEHAVIOR_000710,8,0.56,0.46,0.64,0
BEHAVIOR_000710,12,0.6,0.25,0.52,0
BEHAVIOR_000710,17,0.53,0.5,0.38,0
BEHAVIOR_000711,4,0.33,0.68,0.52,0
BEHAVIOR_000711,8,0.3,0.69,0.28,0
BEHAVIOR_000711,12,0.25,0.76,0.26,0
BEHAVIOR_000711,17,0.42,0.6,0.5,0
BEHAVIOR_000712,4,0.3,0.81,0.35,0
BEHAVIOR_000712,8,0.43,0.61,0.54,0
BEHAVIOR_000712,12,0.35,0.59,0.44,0
BEHAVIOR_000712,17,0.3,0.73,0.42,0
BEHAVIOR_000713,4,0.28,0.68,0.45,0
BEHAVIOR_000713,8,0.21,0.82,0.24,0
BEHAVIOR_000713,12,0.21,0.86,0.35,0
BEHAVIOR_000713,17,0.05,0.8,0.32,0
BEHAVIOR_000714,4,0.33,0.59,0.45,0
BEHAVIOR_000714,8,0.45,0.58,0.55,0
BEHAVIOR_000714,12,0.51,0.32,0.58,0
BEHAVIOR_000714,17,0.39,0.59,0.55,0
BEHAVIOR_000715,4,0.15,0.87,0.37,0
BEHAVIOR_000715,8,0.08,0.63,0.18,0
BEHAVIOR_000715,12,0.13,0.86,0.33,0
BEHAVIOR_000715,17,0.07,0.84,0.34,0
BEHAVIOR_000716,4,0.49,0.44,0.46,0
BEHAVIOR_000716,8,0.57,0.43,0.57,0
BEHAVIOR_000716,12,0.63,0.47,0.52,0
BEHAVIOR_000716,17,0.52,0.44,0.52,0
BEHAVIOR_000717,4,0.39,0.42,0.29,0
BEHAVIOR_000717,8,0.08,0.93,0.22,0
BEHAVIOR_000717,12,0.15,0.79,0.37,0
BEHAVIOR_000717,17,0.37,0.53,0.54,0
BEHAVIOR_000718,4,0.59,0.41,0.55,0
BEHAVIOR_000718,8,0.47,0.52,0.44,0
BEHAVIOR_000718,12,0.56,0.48,0.42,0
BEHAVIOR_000718,17,0.6,0.34,0.56,0
BEHAVIOR_000719,4,0.51,0.64,0.36,0
BEHAVIOR_000719,8,0.6,0.43,0.57,0
BEHAVIOR_000719,12,0.42,0.61,0.36,0
BEHAVIOR_000719,17,0.5,0.35,0.63,0
BEHAVIOR_000720,4,0.09,0.84,0.25,0
BEHAVIOR_000720,8,0.0,0.79,0.17,0
BEHAVIOR_000720,12,0.0,0.98,0.01,0
BEHAVIOR_000720,17,0.07,0.9,0.15,0
BEHAVIOR_000721,4,0.24,0.86,0.35,0
BEHAVIOR_000721,8,0.12,0.96,0.35,0
BEHAVIOR_000721,12,0.01,0.83,0.13,0
BEHAVIOR_000721,17,0.12,0.79,0.18,0
BEHAVIOR_000722,4,0.24,0.79,0.47,0
BEHAVIOR_000722,8,0.07,0.85,0.34,0
BEHAVIOR_000722,12,0.06,0.94,0.12,0
BEHAVIOR_000722,17,0.02,0.92,0.14,0
BEHAVIOR_000723,4,0.52,0.46,0.64,0
BEHAVIOR_000723,8,0.65,0.25,0.51,0
BEHAVIOR_000723,12,0.67,0.23,0.59,0
BEHAVIOR_000723,17,0.49,0.52,0.63,0
BEHAVIOR_000724,4,0.65,0.52,0.66,0
BEHAVIOR_000724,8,0.56,0.51,0.66,0
BEHAVIOR_000724,12,0.36,0.56,0.36,0
BEHAVIOR_000724,17,0.65,0.44,0.63,0
BEHAVIOR_000725,4,1.0,0.0,0.87,1
BEHAVIOR_000725,8,0.94,0.13,0.76,1
BEHAVIOR_000725,12,0.71,0.49,0.72,0
BEHAVIOR_000725,17,0.91,0.02,0.91,1
BEHAVIOR_000726,4,0.02,1.0,0.14,0
BEHAVIOR_000726,8,0.0,1.0,0.18,0
BEHAVIOR_000726,12,0.05,1.0,0.18,0
BEHAVIOR_000726,17,0.0,0.96,0.22,0
BEHAVIOR_000727,4,0.05,0.81,0.07,0
BEHAVIOR_000727,8,0.14,0.82,0.2,0
BEHAVIOR_000727,12,0.15,0.93,0.32,0
BEHAVIOR_000727,17,0.19,0.73,0.28,0
BEHAVIOR_000728,4,0.58,0.45,0.43,0
BEHAVIOR_000728,8,0.47,0.41,0.55,0
BEHAVIOR_000728,12,0.54,0.63,0.53,0
BEHAVIOR_000728,17,0.6,0.42,0.67,0
BEHAVIOR_000729,4,0.14,0.95,0.32,0
BEHAVIOR_000729,8,0.06,0.99,0.09,0
BEHAVIOR_000729,12,0.1,0.85,0.21,0
BEHAVIOR_000729,17,0.21,0.9,0.21,0
BEHAVIOR_000730,4,0.6,0.48,0.53,0
BEHAVIOR_000730,8,0.64,0.44,0.46,0
BEHAVIOR_000730,12,0.83,0.3,0.63,0
BEHAVIOR_000730,17,0.6,0.25,0.66,0
BEHAVIOR_000731,4,0.18,0.88,0.29,0
BEHAVIOR_000731,8,0.21,0.73,0.2,0
BEHAVIOR_000731,12,0.03,0.91,0.23,0
BEHAVIOR_000731,17,0.23,0.9,0.29,0
BEHAVIOR_000732,4,0.02,0.85,0.05,0
BEHAVIOR_000732,8,0.04,0.82,0.1,0
BEHAVIOR_000732,12,0.0,1.0,0.15,0
BEHAVIOR_000732,17,0.1,0.93,0.1,0
BEHAVIOR_000733,4,0.54,0.58,0.42,0
BEHAVIOR_000733,8,0.49,0.32,0.55,0
BEHAVIOR_000733,12,0.53,0.31,0.58,0
BEHAVIOR_000733,17,0.62,0.37,0.69,0
BEHAVIOR_000734,4,0.32,0.82,0.41,0
BEHAVIOR_000734,8,0.16,0.73,0.16,0
BEHAVIOR_000734,12,0.32,0.8,0.4,0
BEHAVIOR_000734,17,0.45,0.52,0.52,0
BEHAVIOR_000735,4,0.27,0.73,0.47,0
BEHAVIOR_000735,8,0.26,0.81,0.37,0
BEHAVIOR_000735,12,0.0,1.0,0.12,0
BEHAVIOR_000735,17,0.27,0.84,0.21,0
BEHAVIOR_000736,4,0.35,0.71,0.45,0
BEHAVIOR_000736,8,0.3,0.76,0.41,0
BEHAVIOR_000736,12,0.27,0.53,0.37,0
BEHAVIOR_000736,17,0.37,0.62,0.38,0
BEHAVIOR_000737,4,0.16,0.84,0.28,0
BEHAVIOR_000737,8,0.16,0.81,0.25,0
BEHAVIOR_000737,12,0.26,0.6,0.26,0
BEHAVIOR_000737,17,0.0,0.97,0.08,0
BEHAVIOR_000738,4,0.26,0.74,0.32,0
BEHAVIOR_000738,8,0.43,0.28,0.42,0
BEHAVIOR_000738,12,0.21,1.0,0.35,0
BEHAVIOR_000738,17,0.22,0.7,0.27,0
BEHAVIOR_000739,4,0.54,0.24,0.51,0
BEHAVIOR_000739,8,0.51,0.56,0.62,0
BEHAVIOR_000739,12,0.51,0.5,0.4,0
BEHAVIOR_000739,17,0.48,0.46,0.63,0
BEHAVIOR_000740,4,0.0,1.0,0.09,0
BEHAVIOR_000740,8,0.03,0.94,0.12,0
BEHAVIOR_000740,12,0.06,0.81,0.07,0
BEHAVIOR_000740,17,0.0,0.93,0.26,0
BEHAVIOR_000741,4,0.07,0.98,0.2,0
BEHAVIOR_000741,8,0.41,0.44,0.32,0
BEHAVIOR_000741,12,0.16,0.92,0.12,0
BEHAVIOR_000741,17,0.52,0.62,0.49,0
BEHAVIOR_000742,4,0.05,0.86,0.05,0
BEHAVIOR_000742,8,0.4,0.73,0.5,0
BEHAVIOR_000742,12,0.06,0.98,0.15,0
BEHAVIOR_000742,17,0.0,1.0,0.07,0
BEHAVIOR_000743,4,0.65,0.48,0.46,0
BEHAVIOR_000743,8,0.57,0.68,0.46,0
BEHAVIOR_000743,12,0.62,0.2,0.53,0
BEHAVIOR_000743,17,0.7,0.25,0.64,0
BEHAVIOR_000744,4,0.74,0.0,0.72,0
BEHAVIOR_000744,8,0.85,0.06,0.88,1
BEHAVIOR_000744,12,0.64,0.46,0.53,0
BEHAVIOR_000744,17,0.8,0.24,0.66,0
BEHAVIOR_000745,4,0.13,0.75,0.21,0
BEHAVIOR_000745,8,0.13,0.89,0.32,0
BEHAVIOR_000745,12,0.17,0.91,0.13,0
BEHAVIOR_000745,17,0.0,0.94,0.02,0
BEHAVIOR_000746,4,0.28,0.82,0.48,0
BEHAVIOR_000746,8,0.35,0.72,0.35,0
BEHAVIOR_000746,12,0.35,0.85,0.43,0
BEHAVIOR_000746,17,0.32,0.63,0.33,0
BEHAVIOR_000747,4,0.52,0.43,0.42,0
BEHAVIOR_000747,8,0.65,0.26,0.6,0
BEHAVIOR_000747,12,0.76,0.33,0.58,0
BEHAVIOR_000747,17,0.75,0.49,0.82,1
BEHAVIOR_000748,4,0.46,0.52,0.33,0
BEHAVIOR_000748,8,0.33,0.61,0.26,0
BEHAVIOR_000748,12,0.34,0.58,0.42,0
BEHAVIOR_000748,17,0.4,0.58,0.34,0
BEHAVIOR_000749,4,0.16,0.77,0.32,0
BEHAVIOR_000749,8,0.37,0.67,0.42,0
BEHAVIOR_000749,12,0.37,0.57,0.37,0
BEHAVIOR_000749,17,0.23,0.71,0.42,0
BEHAVIOR_000750,4,0.51,0.59,0.57,0
BEHAVIOR_000750,8,0.25,0.76,0.46,0
BEHAVIOR_000750,12,0.37,0.67,0.54,0
BEHAVIOR_000750,17,0.41,0.68,0.36,0
BEHAVIOR_000751,4,0.14,0.93,0.17,0
BEHAVIOR_000751,8,0.14,0.92,0.21,0
BEHAVIOR_000751,12,0.09,0.91,0.31,0
BEHAVIOR_000751,17,0.19,0.57,0.22,0
BEHAVIOR_000752,4,0.42,0.74,0.58,0
BEHAVIOR_000752,8,0.28,0.88,0.23,0
BEHAVIOR_000752,12,0.7,0.28,0.64,0
BEHAVIOR_000752,17,0.65,0.21,0.66,0
BEHAVIOR_000753,4,0.39,0.58,0.35,0
BEHAVIOR_000753,8,0.51,0.58,0.46,0
BEHAVIOR_000753,12,0.39,0.75,0.53,0
BEHAVIOR_000753,17,0.42,0.62,0.3,0
BEHAVIOR_000754,4,0.44,0.66,0.45,0
BEHAVIOR_000754,8,0.45,0.51,0.41,0
BEHAVIOR_000754,12,0.55,0.43,0.62,0
BEHAVIOR_000754,17,0.55,0.6,0.41,0
BEHAVIOR_000755,4,0.16,0.84,0.37,0
BEHAVIOR_000755,8,0.06,0.92,0.17,0
BEHAVIOR_000755,12,0.12,0.8,0.14,0
BEHAVIOR_000755,17,0.2,0.68,0.28,0
BEHAVIOR_000756,4,0.15,0.8,0.12,0
BEHAVIOR_000756,8,0.07,0.89,0.15,0
BEHAVIOR_000756,12,0.13,0.89,0.39,0
BEHAVIOR_000756,17,0.26,0.6,0.28,0
BEHAVIOR_000757,4,0.36,0.52,0.45,0
BEHAVIOR_000757,8,0.24,0.82,0.21,0
BEHAVIOR_000757,12,0.49,0.48,0.38,0
BEHAVIOR_000757,17,0.4,0.75,0.3,0
BEHAVIOR_000758,4,0.34,0.7,0.25,0
BEHAVIOR_000758,8,0.18,0.88,0.34,0
BEHAVIOR_000758,12,0.13,0.84,0.35,0
BEHAVIOR_000758,17,0.2,0.71,0.29,0
BEHAVIOR_000759,4,0.29,0.86,0.33,0
BEHAVIOR_000759,8,0.2,0.76,0.41,0
BEHAVIOR_000759,12,0.18,1.0,0.3,0
BEHAVIOR_000759,17,0.33,0.74,0.51,0
BEHAVIOR_000760,4,0.05,0.84,0.21,0
BEHAVIOR_000760,8,0.29,0.6,0.34,0
BEHAVIOR_000760,12,0.08,1.0,0.2,0
BEHAVIOR_000760,17,0.17,0.8,0.35,0
BEHAVIOR_000761,4,0.17,0.76,0.27,0
BEHAVIOR_000761,8,0.07,0.86,0.08,0
BEHAVIOR_000761,12,0.0,1.0,0.02,0
BEHAVIOR_000761,17,0.0,1.0,0.21,0
BEHAVIOR_000762,4,0.64,0.54,0.62,0
BEHAVIOR_000762,8,0.42,0.76,0.58,0
BEHAVIOR_000762,12,0.39,0.59,0.36,0
BEHAVIOR_000762,17,0.51,0.39,0.62,0
BEHAVIOR_000763,4,0.22,0.88,0.29,0
BEHAVIOR_000763,8,0.37,0.63,0.43,0
BEHAVIOR_000763,12,0.0,1.0,0.14,0
BEHAVIOR_000763,17,0.15,0.78,0.32,0
BEHAVIOR_000764,4,0.73,0.33,0.53,0
BEHAVIOR_000764,8,0.52,0.57,0.46,0
BEHAVIOR_000764,12,0.49,0.47,0.37,0
BEHAVIOR_000764,17,0.6,0.33,0.65,0
BEHAVIOR_000765,4,0.42,0.52,0.34,0
BEHAVIOR_000765,8,0.51,0.48,0.55,0
BEHAVIOR_000765,12,0.39,0.63,0.34,0
BEHAVIOR_000765,17,0.42,0.58,0.32,0
BEHAVIOR_000766,4,0.22,0.76,0.34,0
BEHAVIOR_000766,8,0.01,0.91,0.19,0
BEHAVIOR_000766,12,0.04,0.98,0.26,0
BEHAVIOR_000766,17,0.18,0.68,0.26,0
BEHAVIOR_000767,4,0.17,0.97,0.37,0
BEHAVIOR_000767,8,0.09,0.88,0.33,0
BEHAVIOR_000767,12,0.25,0.77,0.47,0
BEHAVIOR_000767,17,0.03,0.97,0.08,0
BEHAVIOR_000768,4,0.28,0.88,0.39,0
BEHAVIOR_000768,8,0.5,0.62,0.51,0
BEHAVIOR_000768,12,0.32,0.69,0.51,0
BEHAVIOR_000768,17,0.36,0.63,0.4,0
BEHAVIOR_000769,4,0.22,0.71,0.35,0
BEHAVIOR_000769,8,0.0,1.0,0.07,0
BEHAVIOR_000769,12,0.23,0.73,0.27,0
BEHAVIOR_000769,17,0.09,1.0,0.3,0
BEHAVIOR_000770,4,0.52,0.53,0.49,0
BEHAVIOR_000770,8,0.53,0.5,0.59,0
BEHAVIOR_000770,12,0.42,0.67,0.53,0
BEHAVIOR_000770,17,0.37,0.58,0.34,0
BEHAVIOR_000771,4,0.21,0.93,0.22,0
BEHAVIOR_000771,8,0.0,1.0,0.24,0
BEHAVIOR_000771,12,0.27,0.69,0.3,0
BEHAVIOR_000771,17,0.11,0.99,0.21,0
BEHAVIOR_000772,4,0.44,0.57,0.46,0
BEHAVIOR_000772,8,0.48,0.53,0.49,0
BEHAVIOR_000772,12,0.43,0.6,0.4,0
BEHAVIOR_000772,17,0.33,0.47,0.35,0
BEHAVIOR_000773,4,0.3,0.83,0.51,0
BEHAVIOR_000773,8,0.19,0.9,0.21,0
BEHAVIOR_000773,12,0.35,0.6,0.26,0
BEHAVIOR_000773,17,0.29,0.69,0.39,0
BEHAVIOR_000774,4,0.0,0.95,0.25,0
BEHAVIOR_000774,8,0.0,1.0,0.16,0
BEHAVIOR_000774,12,0.12,0.85,0.13,0
BEHAVIOR_000774,17,0.13,0.91,0.35,0
BEHAVIOR_000775,4,0.48,0.39,0.35,0
BEHAVIOR_000775,8,0.53,0.55,0.48,0
BEHAVIOR_000775,12,0.4,0.45,0.53,0
BEHAVIOR_000775,17,0.26,0.65,0.27,0
BEHAVIOR_000776,4,0.51,0.41,0.65,0
BEHAVIOR_000776,8,0.5,0.5,0.47,0
BEHAVIOR_000776,12,0.71,0.26,0.58,0
BEHAVIOR_000776,17,0.5,0.53,0.53,0
BEHAVIOR_000777,4,0.19,0.86,0.33,0
BEHAVIOR_000777,8,0.25,0.87,0.42,0
BEHAVIOR_000777,12,0.45,0.48,0.32,0
BEHAVIOR_000777,17,0.37,0.64,0.55,0
BEHAVIOR_000778,4,0.0,0.8,0.03,0
BEHAVIOR_000778,8,0.18,0.83,0.21,0
BEHAVIOR_000778,12,0.12,0.75,0.27,0
BEHAVIOR_000778,17,0.0,1.0,0.13,0
BEHAVIOR_000779,4,0.0,0.88,0.3,0
BEHAVIOR_000779,8,0.11,0.84,0.36,0
BEHAVIOR_000779,12,0.06,0.94,0.15,0
BEHAVIOR_000779,17,0.05,0.85,0.27,0
BEHAVIOR_000780,4,0.0,1.0,0.26,0
BEHAVIOR_000780,8,0.15,0.95,0.27,0
BEHAVIOR_000780,12,0.0,0.89,0.11,0
BEHAVIOR_000780,17,0.0,0.87,0.28,0
BEHAVIOR_000781,4,0.38,0.63,0.28,0
BEHAVIOR_000781,8,0.37,0.59,0.27,0
BEHAVIOR_000781,12,0.2,0.78,0.27,0
BEHAVIOR_000781,17,0.34,0.77,0.46,0
BEHAVIOR_000782,4,0.27,0.66,0.32,0
BEHAVIOR_000782,8,0.46,0.56,0.53,0
BEHAVIOR_000782,12,0.37,0.49,0.47,0
BEHAVIOR_000782,17,0.25,0.76,0.36,0
BEHAVIOR_000783,4,0.66,0.28,0.75,0
BEHAVIOR_000783,8,0.57,0.5,0.52,0
BEHAVIOR_000783,12,0.64,0.49,0.61,0
BEHAVIOR_000783,17,0.61,0.47,0.58,0
BEHAVIOR_000784,4,0.0,1.0,0.18,0
BEHAVIOR_000784,8,0.11,0.98,0.13,0
BEHAVIOR_000784,12,0.0,0.91,0.2,0
BEHAVIOR_000784,17,0.0,1.0,0.03,0
BEHAVIOR_000785,4,0.07,0.82,0.32,0
BEHAVIOR_000785,8,0.2,0.92,0.33,0
BEHAVIOR_000785,12,0.0,1.0,0.16,0
BEHAVIOR_000785,17,0.0,0.79,0.16,0
BEHAVIOR_000786,4,0.42,0.55,0.56,0
BEHAVIOR_000786,8,0.45,0.43,0.43,0
BEHAVIOR_000786,12,0.5,0.48,0.37,0
BEHAVIOR_000786,17,0.48,0.65,0.51,0
BEHAVIOR_000787,4,0.16,0.89,0.21,0
BEHAVIOR_000787,8,0.28,0.84,0.45,0
BEHAVIOR_000787,12,0.17,0.7,0.35,0
BEHAVIOR_000787,17,0.22,0.86,0.44,0
BEHAVIOR_000788,4,0.54,0.45,0.38,0
BEHAVIOR_000788,8,0.52,0.32,0.49,0
BEHAVIOR_000788,12,0.55,0.38,0.53,0
BEHAVIOR_000788,17,0.47,0.7,0.52,0
BEHAVIOR_000789,4,0.5,0.45,0.42,0
BEHAVIOR_000789,8,0.6,0.3,0.72,0
BEHAVIOR_000789,12,0.66,0.5,0.59,0
BEHAVIOR_000789,17,0.61,0.37,0.72,0
BEHAVIOR_000790,4,0.32,0.63,0.46,0
BEHAVIOR_000790,8,0.36,0.62,0.55,0
BEHAVIOR_000790,12,0.34,0.49,0.41,0
BEHAVIOR_000790,17,0.32,0.54,0.35,0
BEHAVIOR_000791,4,0.72,0.3,0.6,0
BEHAVIOR_000791,8,0.72,0.3,0.79,1
BEHAVIOR_000791,12,0.78,0.19,0.78,1
BEHAVIOR_000791,17,0.69,0.58,0.5,0
BEHAVIOR_000792,4,0.53,0.42,0.58,0
BEHAVIOR_000792,8,0.53,0.61,0.56,0
BEHAVIOR_000792,12,0.41,0.76,0.39,0
BEHAVIOR_000792,17,0.47,0.39,0.54,0
BEHAVIOR_000793,4,0.25,0.77,0.35,0
BEHAVIOR_000793,8,0.25,0.86,0.32,0
BEHAVIOR_000793,12,0.27,0.79,0.25,0
BEHAVIOR_000793,17,0.07,0.86,0.18,0
BEHAVIOR_000794,4,0.17,0.93,0.27,0
BEHAVIOR_000794,8,0.06,1.0,0.19,0
BEHAVIOR_000794,12,0.1,0.84,0.12,0
BEHAVIOR_000794,17,0.12,0.87,0.37,0
BEHAVIOR_000795,4,0.01,0.99,0.21,0
BEHAVIOR_000795,8,0.16,0.76,0.11,0
BEHAVIOR_000795,12,0.02,0.95,0.21,0
BEHAVIOR_000795,17,0.0,0.77,0.27,0
BEHAVIOR_000796,4,0.2,0.76,0.44,0
BEHAVIOR_000796,8,0.0,0.88,0.15,0
BEHAVIOR_000796,12,0.0,1.0,0.21,0
BEHAVIOR_000796,17,0.13,0.84,0.37,0
BEHAVIOR_000797,4,0.19,0.86,0.31,0
BEHAVIOR_000797,8,0.07,0.83,0.34,0
BEHAVIOR_000797,12,0.19,0.77,0.16,0
BEHAVIOR_000797,17,0.0,0.87,0.02,0
BEHAVIOR_000798,4,0.32,0.77,0.42,0
BEHAVIOR_000798,8,0.5,0.38,0.56,0
BEHAVIOR_000798,12,0.29,0.68,0.35,0
BEHAVIOR_000798,17,0.37,0.56,0.48,0
BEHAVIOR_000799,4,0.23,0.79,0.26,0
BEHAVIOR_000799,8,0.37,0.73,0.45,0
BEHAVIOR_000799,12,0.31,0.67,0.34,0
BEHAVIOR_000799,17,0.22,0.85,0.41,0
BEHAVIOR_000800,4,0.0,0.98,0.01,0
BEHAVIOR_000800,8,0.0,0.93,0.14,0
BEHAVIOR_000800,12,0.0,0.83,0.16,0
BEHAVIOR_000800,17,0.03,0.77,0.27,0
BEHAVIOR_000801,4,0.01,1.0,0.29,0
BEHAVIOR_000801,8,0.11,1.0,0.16,0
BEHAVIOR_000801,12,0.29,0.74,0.3,0
BEHAVIOR_000801,17,0.29,0.69,0.43,0
BEHAVIOR_000802,4,0.21,0.81,0.22,0
BEHAVIOR_000802,8,0.55,0.52,0.41,0
BEHAVIOR_000802,12,0.18,0.77,0.25,0
BEHAVIOR_000802,17,0.49,0.5,0.59,0
BEHAVIOR_000803,4,0.39,0.6,0.34,0
BEHAVIOR_000803,8,0.28,0.8,0.49,0
BEHAVIOR_000803,12,0.42,0.58,0.45,0
BEHAVIOR_000803,17,0.1,0.76,0.17,0
BEHAVIOR_000804,4,0.17,0.87,0.3,0
BEHAVIOR_000804,8,0.0,0.9,0.12,0
BEHAVIOR_000804,12,0.0,1.0,0.17,0
BEHAVIOR_000804,17,0.0,1.0,0.15,0
BEHAVIOR_000805,4,0.19,0.69,0.4,0
BEHAVIOR_000805,8,0.19,0.92,0.25,0
BEHAVIOR_000805,12,0.15,0.76,0.33,0
BEHAVIOR_000805,17,0.03,0.9,0.3,0
BEHAVIOR_000806,4,0.8,0.23,0.59,0
BEHAVIOR_000806,8,0.6,0.32,0.63,0
BEHAVIOR_000806,12,0.47,0.61,0.37,0
BEHAVIOR_000806,17,0.79,0.36,0.62,0
BEHAVIOR_000807,4,0.18,0.95,0.22,0
BEHAVIOR_000807,8,0.22,0.85,0.43,0
BEHAVIOR_000807,12,0.27,0.62,0.37,0
BEHAVIOR_000807,17,0.23,0.78,0.16,0
BEHAVIOR_000808,4,0.44,0.52,0.55,0
BEHAVIOR_000808,8,0.84,0.37,0.59,0
BEHAVIOR_000808,12,0.45,0.46,0.52,0
BEHAVIOR_000808,17,0.59,0.22,0.55,0
BEHAVIOR_000809,4,0.29,0.74,0.29,0
BEHAVIOR_000809,8,0.06,1.0,0.34,0
BEHAVIOR_000809,12,0.0,1.0,0.12,0
BEHAVIOR_000809,17,0.0,0.87,0.23,0
BEHAVIOR_000810,4,0.17,0.8,0.42,0
BEHAVIOR_000810,8,0.23,0.72,0.32,0
BEHAVIOR_000810,12,0.22,0.71,0.34,0
BEHAVIOR_000810,17,0.07,0.91,0.21,0
BEHAVIOR_000811,4,0.69,0.3,0.69,0
BEHAVIOR_000811,8,0.55,0.28,0.51,0
BEHAVIOR_000811,12,0.8,0.21,0.73,0
BEHAVIOR_000811,17,0.6,0.33,0.43,0
BEHAVIOR_000812,4,0.67,0.37,0.54,0
BEHAVIOR_000812,8,0.67,0.43,0.7,0
BEHAVIOR_000812,12,0.54,0.56,0.39,0
BEHAVIOR_000812,17,0.69,0.29,0.73,0
BEHAVIOR_000813,4,0.42,0.63,0.57,0
BEHAVIOR_000813,8,0.43,0.48,0.55,0
BEHAVIOR_000813,12,0.49,0.48,0.5,0
BEHAVIOR_000813,17,0.49,0.54,0.51,0
BEHAVIOR_000814,4,0.38,0.53,0.3,0
BEHAVIOR_000814,8,0.53,0.71,0.58,0
BEHAVIOR_000814,12,0.33,0.71,0.3,0
BEHAVIOR_000814,17,0.51,0.5,0.43,0
BEHAVIOR_000815,4,0.64,0.34,0.71,0
BEHAVIOR_000815,8,0.54,0.45,0.39,0
BEHAVIOR_000815,12,0.67,0.19,0.64,0
BEHAVIOR_000815,17,0.72,0.36,0.51,0
BEHAVIOR_000816,4,0.24,0.87,0.4,0
BEHAVIOR_000816,8,0.37,0.68,0.48,0
BEHAVIOR_000816,12,0.42,0.52,0.38,0
BEHAVIOR_000816,17,0.26,0.79,0.34,0
BEHAVIOR_000817,4,0.68,0.36,0.58,0
BEHAVIOR_000817,8,0.69,0.32,0.76,1
BEHAVIOR_000817,12,0.77,0.23,0.64,0
BEHAVIOR_000817,17,0.68,0.5,0.66,0
BEHAVIOR_000818,4,0.19,0.7,0.4,0
BEHAVIOR_000818,8,0.27,0.64,0.22,0
BEHAVIOR_000818,12,0.04,0.93,0.11,0
BEHAVIOR_000818,17,0.24,0.8,0.44,0
BEHAVIOR_000819,4,0.26,0.8,0.33,0
BEHAVIOR_000819,8,0.0,0.98,0.25,0
BEHAVIOR_000819,12,0.02,0.79,0.14,0
BEHAVIOR_000819,17,0.05,1.0,0.27,0
BEHAVIOR_000820,4,0.5,0.54,0.47,0
BEHAVIOR_000820,8,0.39,0.55,0.46,0
BEHAVIOR_000820,12,0.39,0.53,0.56,0
BEHAVIOR_000820,17,0.53,0.6,0.53,0
BEHAVIOR_000821,4,0.05,0.9,0.28,0
BEHAVIOR_000821,8,0.15,0.68,0.18,0
BEHAVIOR_000821,12,0.0,1.0,0.25,0
BEHAVIOR_000821,17,0.0,0.94,0.15,0
BEHAVIOR_000822,4,0.48,0.6,0.51,0
BEHAVIOR_000822,8,0.46,0.58,0.44,0
BEHAVIOR_000822,12,0.61,0.39,0.49,0
BEHAVIOR_000822,17,0.51,0.34,0.53,0
BEHAVIOR_000823,4,0.61,0.4,0.59,0
BEHAVIOR_000823,8,0.51,0.58,0.49,0
BEHAVIOR_000823,12,0.38,0.6,0.38,0
BEHAVIOR_000823,17,0.7,0.48,0.68,0
BEHAVIOR_000824,4,0.16,0.74,0.19,0
BEHAVIOR_000824,8,0.3,0.77,0.23,0
BEHAVIOR_000824,12,0.15,0.93,0.34,0
BEHAVIOR_000824,17,0.26,0.79,0.28,0
BEHAVIOR_000825,4,0.1,1.0,0.27,0
BEHAVIOR_000825,8,0.01,1.0,0.07,0
BEHAVIOR_000825,12,0.2,0.79,0.14,0
BEHAVIOR_000825,17,0.33,0.63,0.44,0
BEHAVIOR_000826,4,0.49,0.44,0.39,0
BEHAVIOR_000826,8,0.57,0.46,0.45,0
BEHAVIOR_000826,12,0.77,0.32,0.54,0
BEHAVIOR_000826,17,0.56,0.37,0.4,0
BEHAVIOR_000827,4,0.04,0.85,0.27,0
BEHAVIOR_000827,8,0.15,0.71,0.23,0
BEHAVIOR_000827,12,0.07,0.77,0.29,0
BEHAVIOR_000827,17,0.09,0.93,0.17,0
BEHAVIOR_000828,4,0.09,0.91,0.26,0
BEHAVIOR_000828,8,0.0,0.91,0.29,0
BEHAVIOR_000828,12,0.08,0.81,0.06,0
BEHAVIOR_000828,17,0.07,0.96,0.23,0
BEHAVIOR_000829,4,0.0,1.0,0.23,0
BEHAVIOR_000829,8,0.09,0.93,0.27,0
BEHAVIOR_000829,12,0.0,1.0,0.16,0
BEHAVIOR_000829,17,0.23,0.83,0.46,0
BEHAVIOR_000830,4,0.43,0.6,0.4,0
BEHAVIOR_000830,8,0.36,0.49,0.51,0
BEHAVIOR_000830,12,0.44,0.62,0.48,0
BEHAVIOR_000830,17,0.47,0.52,0.63,0
BEHAVIOR_000831,4,0.03,1.0,0.11,0
BEHAVIOR_000831,8,0.12,0.85,0.11,0
BEHAVIOR_000831,12,0.0,0.89,0.05,0
BEHAVIOR_000831,17,0.07,0.93,0.14,0
BEHAVIOR_000832,4,0.5,0.46,0.52,0
BEHAVIOR_000832,8,0.24,0.71,0.43,0
BEHAVIOR_000832,12,0.51,0.57,0.38,0
BEHAVIOR_000832,17,0.55,0.45,0.65,0
BEHAVIOR_000833,4,0.18,0.86,0.16,0
BEHAVIOR_000833,8,0.43,0.67,0.35,0
BEHAVIOR_000833,12,0.31,0.65,0.39,0
BEHAVIOR_000833,17,0.41,0.65,0.47,0
BEHAVIOR_000834,4,0.41,0.55,0.51,0
BEHAVIOR_000834,8,0.55,0.49,0.46,0
BEHAVIOR_000834,12,0.56,0.43,0.43,0
BEHAVIOR_000834,17,0.54,0.49,0.51,0
BEHAVIOR_000835,4,0.02,0.93,0.26,0
BEHAVIOR_000835,8,0.0,1.0,0.21,0
BEHAVIOR_000835,12,0.11,0.85,0.2,0
BEHAVIOR_000835,17,0.07,0.93,0.33,0
BEHAVIOR_000836,4,0.11,0.93,0.08,0
BEHAVIOR_000836,8,0.11,0.9,0.15,0
BEHAVIOR_000836,12,0.05,0.92,0.12,0
BEHAVIOR_000836,17,0.09,0.95,0.1,0
BEHAVIOR_000837,4,0.74,0.24,0.78,1
BEHAVIOR_000837,8,0.84,0.08,0.61,0
BEHAVIOR_000837,12,0.67,0.65,0.52,0
BEHAVIOR_000837,17,0.8,0.38,0.76,1
BEHAVIOR_000838,4,0.08,0.79,0.12,0
BEHAVIOR_000838,8,0.17,0.93,0.3,0
BEHAVIOR_000838,12,0.02,0.93,0.29,0
BEHAVIOR_000838,17,0.2,0.73,0.17,0
BEHAVIOR_000839,4,0.18,0.7,0.18,0
BEHAVIOR_000839,8,0.22,0.86,0.26,0
BEHAVIOR_000839,12,0.13,0.67,0.22,0
BEHAVIOR_000839,17,0.42,0.58,0.54,0
BEHAVIOR_000840,4,0.01,0.96,0.04,0
BEHAVIOR_000840,8,0.02,1.0,0.31,0
BEHAVIOR_000840,12,0.01,1.0,0.24,0
BEHAVIOR_000840,17,0.15,0.79,0.33,0
BEHAVIOR_000841,4,0.36,0.6,0.35,0
BEHAVIOR_000841,8,0.48,0.51,0.54,0
BEHAVIOR_000841,12,0.5,0.51,0.62,0
BEHAVIOR_000841,17,0.54,0.46,0.5,0
BEHAVIOR_000842,4,0.03,0.97,0.22,0
BEHAVIOR_000842,8,0.31,0.69,0.28,0
BEHAVIOR_000842,12,0.04,1.0,0.2,0
BEHAVIOR_000842,17,0.31,0.79,0.47,0
BEHAVIOR_000843,4,0.11,0.92,0.28,0
BEHAVIOR_000843,8,0.18,0.78,0.34,0
BEHAVIOR_000843,12,0.18,0.81,0.39,0
BEHAVIOR_000843,17,0.05,1.0,0.14,0
BEHAVIOR_000844,4,0.0,1.0,0.23,0
BEHAVIOR_000844,8,0.0,0.88,0.16,0
BEHAVIOR_000844,12,0.16,0.85,0.31,0
BEHAVIOR_000844,17,0.0,1.0,0.19,0
BEHAVIOR_000845,4,0.33,0.68,0.4,0
BEHAVIOR_000845,8,0.15,0.95,0.36,0
BEHAVIOR_000845,12,0.36,0.62,0.32,0
BEHAVIOR_000845,17,0.4,0.64,0.53,0
BEHAVIOR_000846,4,0.23,0.8,0.38,0
BEHAVIOR_000846,8,0.51,0.5,0.44,0
BEHAVIOR_000846,12,0.24,0.78,0.27,0
BEHAVIOR_000846,17,0.34,0.63,0.46,0
BEHAVIOR_000847,4,0.63,0.39,0.5,0
BEHAVIOR_000847,8,0.73,0.24,0.56,0
BEHAVIOR_000847,12,0.41,0.69,0.35,0
BEHAVIOR_000847,17,0.27,0.86,0.47,0
BEHAVIOR_000848,4,0.5,0.36,0.43,0
BEHAVIOR_000848,8,0.29,0.85,0.29,0
BEHAVIOR_000848,12,0.42,0.57,0.32,0
BEHAVIOR_000848,17,0.26,0.75,0.33,0
BEHAVIOR_000849,4,0.34,0.63,0.27,0
BEHAVIOR_000849,8,0.25,0.84,0.44,0
BEHAVIOR_000849,12,0.23,0.8,0.41,0
BEHAVIOR_000849,17,0.32,0.59,0.42,0
BEHAVIOR_000850,4,0.33,0.79,0.41,0
BEHAVIOR_000850,8,0.31,0.73,0.22,0
BEHAVIOR_000850,12,0.21,0.92,0.28,0
BEHAVIOR_000850,17,0.16,0.87,0.27,0
BEHAVIOR_000851,4,0.06,0.95,0.12,0
BEHAVIOR_000851,8,0.12,0.86,0.11,0
BEHAVIOR_000851,12,0.31,0.72,0.5,0
BEHAVIOR_000851,17,0.2,0.81,0.36,0
BEHAVIOR_000852,4,0.53,0.54,0.66,0
BEHAVIOR_000852,8,0.7,0.39,0.57,0
BEHAVIOR_000852,12,0.71,0.26,0.54,0
BEHAVIOR_000852,17,0.67,0.28,0.73,0
BEHAVIOR_000853,4,0.44,0.69,0.42,0
BEHAVIOR_000853,8,0.29,0.6,0.38,0
BEHAVIOR_000853,12,0.19,0.8,0.17,0
BEHAVIOR_000853,17,0.31,0.67,0.39,0
BEHAVIOR_000854,4,0.29,0.66,0.25,0
BEHAVIOR_000854,8,0.49,0.45,0.48,0
BEHAVIOR_000854,12,0.37,0.69,0.41,0
BEHAVIOR_000854,17,0.45,0.64,0.48,0
BEHAVIOR_000855,4,0.46,0.73,0.43,0
BEHAVIOR_000855,8,0.23,0.81,0.3,0
BEHAVIOR_000855,12,0.33,0.63,0.33,0
BEHAVIOR_000855,17,0.36,0.74,0.48,0
BEHAVIOR_000856,4,0.14,1.0,0.16,0
BEHAVIOR_000856,8,0.42,0.69,0.34,0
BEHAVIOR_000856,12,0.25,0.68,0.31,0
BEHAVIOR_000856,17,0.49,0.42,0.63,0
BEHAVIOR_000857,4,0.29,0.75,0.37,0
BEHAVIOR_000857,8,0.55,0.57,0.56,0
BEHAVIOR_000857,12,0.45,0.43,0.33,0
BEHAVIOR_000857,17,0.51,0.7,0.56,0
BEHAVIOR_000858,4,0.96,0.04,0.92,1
BEHAVIOR_000858,8,1.0,0.0,0.91,1
BEHAVIOR_000858,12,0.73,0.3,0.61,0
BEHAVIOR_000858,17,0.94,0.02,0.66,0
BEHAVIOR_000859,4,0.08,0.92,0.11,0
BEHAVIOR_000859,8,0.19,0.92,0.32,0
BEHAVIOR_000859,12,0.21,0.74,0.41,0
BEHAVIOR_000859,17,0.25,0.75,0.43,0
BEHAVIOR_000860,4,0.55,0.42,0.4,0
BEHAVIOR_000860,8,0.41,0.56,0.58,0
BEHAVIOR_000860,12,0.51,0.35,0.5,0
BEHAVIOR_000860,17,0.51,0.49,0.38,0
BEHAVIOR_000861,4,0.72,0.42,0.57,0
BEHAVIOR_000861,8,0.58,0.44,0.55,0
BEHAVIOR_000861,12,0.54,0.51,0.48,0
BEHAVIOR_000861,17,0.65,0.29,0.47,0
BEHAVIOR_000862,4,0.34,0.62,0.42,0
BEHAVIOR_000862,8,0.05,1.0,0.14,0
BEHAVIOR_000862,12,0.47,0.68,0.35,0
BEHAVIOR_000862,17,0.26,0.83,0.38,0
BEHAVIOR_000863,4,0.65,0.28,0.74,0
BEHAVIOR_000863,8,0.64,0.46,0.73,0
BEHAVIOR_000863,12,0.68,0.42,0.59,0
BEHAVIOR_000863,17,0.87,0.14,0.71,0
BEHAVIOR_000864,4,0.82,0.22,0.66,0
BEHAVIOR_000864,8,0.9,0.21,0.87,1
BEHAVIOR_000864,12,0.87,0.24,0.62,0
BEHAVIOR_000864,17,0.85,0.09,0.68,0
BEHAVIOR_000865,4,0.18,0.78,0.28,0
BEHAVIOR_000865,8,0.28,0.77,0.25,0
BEHAVIOR_000865,12,0.43,0.71,0.45,0
BEHAVIOR_000865,17,0.55,0.48,0.6,0
BEHAVIOR_000866,4,0.07,0.93,0.19,0
BEHAVIOR_000866,8,0.09,1.0,0.13,0
BEHAVIOR_000866,12,0.0,0.92,0.17,0
BEHAVIOR_000866,17,0.0,0.95,0.03,0
BEHAVIOR_000867,4,0.61,0.43,0.49,0
BEHAVIOR_000867,8,0.5,0.56,0.37,0
BEHAVIOR_000867,12,0.5,0.49,0.47,0
BEHAVIOR_000867,17,0.24,0.8,0.34,0
BEHAVIOR_000868,4,0.85,0.0,0.89,1
BEHAVIOR_000868,8,0.7,0.26,0.49,0
BEHAVIOR_000868,12,0.89,0.15,0.78,1
BEHAVIOR_000868,17,0.71,0.36,0.8,1
BEHAVIOR_000869,4,0.55,0.58,0.55,0
BEHAVIOR_000869,8,0.28,0.89,0.4,0
BEHAVIOR_000869,12,0.31,0.63,0.47,0
BEHAVIOR_000869,17,0.35,0.74,0.26,0
BEHAVIOR_000870,4,0.15,1.0,0.24,0
BEHAVIOR_000870,8,0.0,1.0,0.05,0
BEHAVIOR_000870,12,0.1,0.81,0.14,0
BEHAVIOR_000870,17,0.07,0.92,0.23,0
BEHAVIOR_000871,4,0.14,0.88,0.28,0
BEHAVIOR_000871,8,0.17,0.81,0.21,0
BEHAVIOR_000871,12,0.25,0.55,0.38,0
BEHAVIOR_000871,17,0.14,0.94,0.2,0
BEHAVIOR_000872,4,0.05,0.78,0.18,0
BEHAVIOR_000872,8,0.05,1.0,0.17,0
BEHAVIOR_000872,12,0.16,0.93,0.37,0
BEHAVIOR_000872,17,0.12,1.0,0.1,0
BEHAVIOR_000873,4,0.23,0.78,0.17,0
BEHAVIOR_000873,8,0.13,0.96,0.32,0
BEHAVIOR_000873,12,0.3,0.88,0.24,0
BEHAVIOR_000873,17,0.4,0.76,0.44,0
BEHAVIOR_000874,4,0.41,0.59,0.32,0
BEHAVIOR_000874,8,0.36,0.51,0.43,0
BEHAVIOR_000874,12,0.32,0.65,0.25,0
BEHAVIOR_000874,17,0.52,0.39,0.57,0
BEHAVIOR_000875,4,0.5,0.38,0.52,0
BEHAVIOR_000875,8,0.51,0.56,0.4,0
BEHAVIOR_000875,12,0.68,0.24,0.69,0
BEHAVIOR_000875,17,0.47,0.56,0.61,0
BEHAVIOR_000876,4,0.37,0.61,0.27,0
BEHAVIOR_000876,8,0.29,0.56,0.46,0
BEHAVIOR_000876,12,0.3,0.88,0.41,0
BEHAVIOR_000876,17,0.22,0.66,0.26,0
BEHAVIOR_000877,4,0.4,0.74,0.35,0
BEHAVIOR_000877,8,0.3,0.87,0.43,0
BEHAVIOR_000877,12,0.37,0.65,0.39,0
BEHAVIOR_000877,17,0.4,0.56,0.41,0
BEHAVIOR_000878,4,0.62,0.37,0.7,0
BEHAVIOR_000878,8,0.65,0.17,0.67,0
BEHAVIOR_000878,12,0.64,0.46,0.51,0
BEHAVIOR_000878,17,0.73,0.18,0.74,0
BEHAVIOR_000879,4,0.06,1.0,0.14,0
BEHAVIOR_000879,8,0.01,1.0,0.19,0
BEHAVIOR_000879,12,0.07,1.0,0.31,0
BEHAVIOR_000879,17,0.08,0.94,0.23,0
BEHAVIOR_000880,4,0.48,0.37,0.53,0
BEHAVIOR_000880,8,0.33,0.81,0.51,0
BEHAVIOR_000880,12,0.35,0.54,0.43,0
BEHAVIOR_000880,17,0.45,0.63,0.38,0
BEHAVIOR_000881,4,0.59,0.37,0.54,0
BEHAVIOR_000881,8,0.79,0.35,0.64,0
BEHAVIOR_000881,12,0.5,0.3,0.56,0
BEHAVIOR_000881,17,0.51,0.64,0.48,0
BEHAVIOR_000882,4,0.06,1.0,0.27,0
BEHAVIOR_000882,8,0.09,0.85,0.29,0
BEHAVIOR_000882,12,0.26,0.74,0.42,0
BEHAVIOR_000882,17,0.11,0.84,0.27,0
BEHAVIOR_000883,4,0.98,0.11,0.92,1
BEHAVIOR_000883,8,0.91,0.1,0.75,1
BEHAVIOR_000883,12,1.0,0.03,0.83,1
BEHAVIOR_000883,17,0.91,0.24,0.78,1
BEHAVIOR_000884,4,0.09,0.91,0.22,0
BEHAVIOR_000884,8,0.0,1.0,0.2,0
BEHAVIOR_000884,12,0.0,1.0,0.05,0
BEHAVIOR_000884,17,0.18,0.95,0.35,0
BEHAVIOR_000885,4,0.21,0.88,0.27,0
BEHAVIOR_000885,8,0.0,1.0,0.05,0
BEHAVIOR_000885,12,0.05,0.79,0.31,0
BEHAVIOR_000885,17,0.0,1.0,0.09,0
BEHAVIOR_000886,4,0.67,0.23,0.58,0
BEHAVIOR_000886,8,0.82,0.25,0.79,1
BEHAVIOR_000886,12,0.48,0.61,0.59,0
BEHAVIOR_000886,17,0.52,0.56,0.42,0
BEHAVIOR_000887,4,0.0,0.83,0.13,0
BEHAVIOR_000887,8,0.0,1.0,0.27,0
BEHAVIOR_000887,12,0.05,1.0,0.14,0
BEHAVIOR_000887,17,0.07,0.8,0.18,0
BEHAVIOR_000888,4,0.44,0.29,0.55,0
BEHAVIOR_000888,8,0.39,0.45,0.53,0
BEHAVIOR_000888,12,0.3,0.86,0.39,0
BEHAVIOR_000888,17,0.52,0.38,0.38,0
BEHAVIOR_000889,4,0.87,0.16,0.82,1
BEHAVIOR_000889,8,0.87,0.06,0.63,0
BEHAVIOR_000889,12,1.0,0.03,0.75,1
BEHAVIOR_000889,17,0.96,0.02,0.8,1
BEHAVIOR_000890,4,0.2,0.85,0.14,0
BEHAVIOR_000890,8,0.24,0.75,0.24,0
BEHAVIOR_000890,12,0.21,0.79,0.27,0
BEHAVIOR_000890,17,0.26,0.56,0.28,0
BEHAVIOR_000891,4,0.0,0.93,0.05,0
BEHAVIOR_000891,8,0.07,0.96,0.2,0
BEHAVIOR_000891,12,0.0,0.95,0.25,0
BEHAVIOR_000891,17,0.0,1.0,0.09,0
BEHAVIOR_000892,4,0.94,0.28,0.87,1
BEHAVIOR_000892,8,0.81,0.24,0.72,0
BEHAVIOR_000892,12,1.0,0.0,0.74,0
BEHAVIOR_000892,17,1.0,0.31,0.76,1
BEHAVIOR_000893,4,0.0,0.97,0.16,0
BEHAVIOR_000893,8,0.01,0.8,0.07,0
BEHAVIOR_000893,12,0.0,1.0,0.01,0
BEHAVIOR_000893,17,0.0,1.0,0.28,0
BEHAVIOR_000894,4,0.0,1.0,0.11,0
BEHAVIOR_000894,8,0.04,0.82,0.3,0
BEHAVIOR_000894,12,0.0,0.89,0.06,0
BEHAVIOR_000894,17,0.08,0.84,0.13,0
BEHAVIOR_000895,4,0.08,0.95,0.17,0
BEHAVIOR_000895,8,0.01,1.0,0.03,0
BEHAVIOR_000895,12,0.21,0.89,0.16,0
BEHAVIOR_000895,17,0.01,0.92,0.18,0
BEHAVIOR_000896,4,0.75,0.17,0.74,0
BEHAVIOR_000896,8,0.45,0.64,0.33,0
BEHAVIOR_000896,12,0.4,0.46,0.51,0
BEHAVIOR_000896,17,0.61,0.35,0.59,0
BEHAVIOR_000897,4,0.15,0.75,0.22,0
BEHAVIOR_000897,8,0.21,0.69,0.42,0
BEHAVIOR_000897,12,0.22,0.74,0.24,0
BEHAVIOR_000897,17,0.2,0.85,0.37,0
BEHAVIOR_000898,4,0.25,0.78,0.18,0
BEHAVIOR_000898,8,0.35,0.8,0.28,0
BEHAVIOR_000898,12,0.42,0.49,0.52,0
BEHAVIOR_000898,17,0.3,0.72,0.26,0
BEHAVIOR_000899,4,0.64,0.43,0.69,0
BEHAVIOR_000899,8,0.33,0.65,0.52,0
BEHAVIOR_000899,12,0.66,0.43,0.74,0
BEHAVIOR_000899,17,0.45,0.62,0.4,0
BEHAVIOR_000900,4,0.64,0.46,0.59,0
BEHAVIOR_000900,8,0.82,0.21,0.82,1
BEHAVIOR_000900,12,0.88,0.19,0.73,0
BEHAVIOR_000900,17,0.89,0.0,0.66,0
BEHAVIOR_000901,4,0.52,0.41,0.58,0
BEHAVIOR_000901,8,0.52,0.44,0.45,0
BEHAVIOR_000901,12,0.47,0.68,0.55,0
BEHAVIOR_000901,17,0.32,0.56,0.48,0
BEHAVIOR_000902,4,0.37,0.54,0.41,0
BEHAVIOR_000902,8,0.21,0.74,0.34,0
BEHAVIOR_000902,12,0.35,0.64,0.54,0
BEHAVIOR_000902,17,0.04,1.0,0.2,0
BEHAVIOR_000903,4,0.2,0.91,0.29,0
BEHAVIOR_000903,8,0.0,1.0,0.12,0
BEHAVIOR_000903,12,0.0,1.0,0.12,0
BEHAVIOR_000903,17,0.21,0.74,0.22,0
BEHAVIOR_000904,4,0.31,0.66,0.49,0
BEHAVIOR_000904,8,0.38,0.57,0.4,0
BEHAVIOR_000904,12,0.38,0.71,0.5,0
BEHAVIOR_000904,17,0.18,0.84,0.33,0
BEHAVIOR_000905,4,0.46,0.47,0.35,0
BEHAVIOR_000905,8,0.23,0.87,0.18,0
BEHAVIOR_000905,12,0.22,0.86,0.41,0
BEHAVIOR_000905,17,0.25,0.78,0.19,0
BEHAVIOR_000906,4,0.48,0.51,0.47,0
BEHAVIOR_000906,8,0.61,0.33,0.62,0
BEHAVIOR_000906,12,0.46,0.19,0.37,0
BEHAVIOR_000906,17,0.66,0.08,0.73,0
BEHAVIOR_000907,4,0.41,0.63,0.3,0
BEHAVIOR_000907,8,0.35,0.67,0.34,0
BEHAVIOR_000907,12,0.58,0.29,0.57,0
BEHAVIOR_000907,17,0.52,0.4,0.6,0
BEHAVIOR_000908,4,0.34,0.75,0.39,0
BEHAVIOR_000908,8,0.52,0.41,0.37,0
BEHAVIOR_000908,12,0.35,0.66,0.43,0
BEHAVIOR_000908,17,0.27,0.53,0.35,0
BEHAVIOR_000909,4,0.57,0.44,0.48,0
BEHAVIOR_000909,8,0.68,0.29,0.65,0
BEHAVIOR_000909,12,0.46,0.52,0.54,0
BEHAVIOR_000909,17,0.59,0.45,0.46,0
BEHAVIOR_000910,4,0.4,0.41,0.54,0
BEHAVIOR_000910,8,0.18,0.87,0.21,0
BEHAVIOR_000910,12,0.45,0.57,0.61,0
BEHAVIOR_000910,17,0.36,0.77,0.49,0
BEHAVIOR_000911,4,0.71,0.28,0.51,0
BEHAVIOR_000911,8,0.81,0.05,0.74,0
BEHAVIOR_000911,12,0.74,0.3,0.7,0
BEHAVIOR_000911,17,0.63,0.46,0.51,0
BEHAVIOR_000912,4,0.78,0.28,0.67,0
BEHAVIOR_000912,8,0.75,0.36,0.81,1
BEHAVIOR_000912,12,0.99,0.1,0.96,1
BEHAVIOR_000912,17,0.92,0.0,0.9,1
BEHAVIOR_000913,4,0.69,0.46,0.7,0
BEHAVIOR_000913,8,0.73,0.3,0.64,0
BEHAVIOR_000913,12,0.71,0.24,0.76,1
BEHAVIOR_000913,17,0.87,0.0,0.81,1
BEHAVIOR_000914,4,0.05,0.9,0.15,0
BEHAVIOR_000914,8,0.0,1.0,0.1,0
BEHAVIOR_000914,12,0.0,0.93,0.23,0
BEHAVIOR_000914,17,0.07,0.83,0.13,0
BEHAVIOR_000915,4,0.53,0.41,0.39,0
BEHAVIOR_000915,8,0.51,0.58,0.55,0
BEHAVIOR_000915,12,0.32,0.74,0.4,0
BEHAVIOR_000915,17,0.4,0.66,0.46,0
BEHAVIOR_000916,4,0.8,0.25,0.56,0
BEHAVIOR_000916,8,0.7,0.27,0.63,0
BEHAVIOR_000916,12,0.72,0.31,0.77,1
BEHAVIOR_000916,17,0.71,0.28,0.69,0
BEHAVIOR_000917,4,0.12,0.76,0.22,0
BEHAVIOR_000917,8,0.28,0.89,0.44,0
BEHAVIOR_000917,12,0.19,1.0,0.27,0
BEHAVIOR_000917,17,0.3,0.83,0.48,0
BEHAVIOR_000918,4,0.91,0.0,0.93,1
BEHAVIOR_000918,8,0.7,0.5,0.57,0
BEHAVIOR_000918,12,0.79,0.1,0.76,1
BEHAVIOR_000918,17,0.61,0.57,0.61,0
BEHAVIOR_000919,4,0.34,0.67,0.47,0
BEHAVIOR_000919,8,0.55,0.52,0.49,0
BEHAVIOR_000919,12,0.22,0.73,0.45,0
BEHAVIOR_000919,17,0.38,0.62,0.42,0
BEHAVIOR_000920,4,0.7,0.36,0.67,0
BEHAVIOR_000920,8,0.93,0.16,0.83,1
BEHAVIOR_000920,12,0.78,0.22,0.76,1
BEHAVIOR_000920,17,0.71,0.13,0.76,1
BEHAVIOR_000921,4,0.64,0.27,0.53,0
BEHAVIOR_000921,8,0.65,0.33,0.53,0
BEHAVIOR_000921,12,0.82,0.19,0.67,0
BEHAVIOR_000921,17,0.56,0.46,0.65,0
BEHAVIOR_000922,4,0.49,0.66,0.38,0
BEHAVIOR_000922,8,0.37,0.55,0.4,0
BEHAVIOR_000922,12,0.4,0.46,0.29,0
BEHAVIOR_000922,17,0.46,0.46,0.34,0
BEHAVIOR_000923,4,0.91,0.0,0.89,1
BEHAVIOR_000923,8,0.71,0.31,0.56,0
BEHAVIOR_000923,12,0.67,0.3,0.61,0
BEHAVIOR_000923,17,0.74,0.29,0.74,0
BEHAVIOR_000924,4,0.5,0.57,0.61,0
BEHAVIOR_000924,8,0.37,0.58,0.55,0
BEHAVIOR_000924,12,0.35,0.58,0.41,0
BEHAVIOR_000924,17,0.54,0.43,0.49,0
BEHAVIOR_000925,4,0.14,0.74,0.33,0
BEHAVIOR_000925,8,0.0,1.0,0.13,0
BEHAVIOR_000925,12,0.04,1.0,0.09,0
BEHAVIOR_000925,17,0.04,0.84,0.26,0
BEHAVIOR_000926,4,0.32,0.66,0.5,0
BEHAVIOR_000926,8,0.34,0.68,0.46,0
BEHAVIOR_000926,12,0.23,0.87,0.27,0
BEHAVIOR_000926,17,0.06,0.88,0.11,0
BEHAVIOR_000927,4,0.71,0.3,0.77,1
BEHAVIOR_000927,8,0.54,0.37,0.41,0
BEHAVIOR_000927,12,0.76,0.06,0.71,0
BEHAVIOR_000927,17,0.42,0.63,0.51,0
BEHAVIOR_000928,4,0.11,0.86,0.12,0
BEHAVIOR_000928,8,0.0,0.88,0.14,0
BEHAVIOR_000928,12,0.0,1.0,0.01,0
BEHAVIOR_000928,17,0.0,0.88,0.0,0
BEHAVIOR_000929,4,0.15,0.94,0.13,0
BEHAVIOR_000929,8,0.22,0.94,0.29,0
BEHAVIOR_000929,12,0.2,0.78,0.22,0
BEHAVIOR_000929,17,0.0,0.9,0.23,0
BEHAVIOR_000930,4,0.49,0.65,0.62,0
BEHAVIOR_000930,8,0.48,0.53,0.34,0
BEHAVIOR_000930,12,0.47,0.53,0.46,0
BEHAVIOR_000930,17,0.38,0.4,0.54,0
BEHAVIOR_000931,4,0.18,0.79,0.39,0
BEHAVIOR_000931,8,0.0,1.0,0.23,0
BEHAVIOR_000931,12,0.0,1.0,0.03,0
BEHAVIOR_000931,17,0.02,0.94,0.1,0
BEHAVIOR_000932,4,0.52,0.49,0.64,0
BEHAVIOR_000932,8,0.68,0.39,0.6,0
BEHAVIOR_000932,12,0.74,0.35,0.79,1
BEHAVIOR_000932,17,0.61,0.37,0.67,0
BEHAVIOR_000933,4,0.29,0.85,0.41,0
BEHAVIOR_000933,8,0.29,0.79,0.36,0
BEHAVIOR_000933,12,0.18,0.71,0.37,0
BEHAVIOR_000933,17,0.16,0.82,0.14,0
BEHAVIOR_000934,4,0.0,0.96,0.04,0
BEHAVIOR_000934,8,0.21,0.88,0.2,0
BEHAVIOR_000934,12,0.0,1.0,0.23,0
BEHAVIOR_000934,17,0.17,0.94,0.19,0
BEHAVIOR_000935,4,0.14,0.93,0.22,0
BEHAVIOR_000935,8,0.21,0.67,0.18,0
BEHAVIOR_000935,12,0.11,0.78,0.11,0
BEHAVIOR_000935,17,0.17,0.88,0.38,0
BEHAVIOR_000936,4,0.18,0.78,0.3,0
BEHAVIOR_000936,8,0.1,0.98,0.18,0
BEHAVIOR_000936,12,0.08,0.99,0.12,0
BEHAVIOR_000936,17,0.35,0.69,0.38,0
BEHAVIOR_000937,4,0.0,0.9,0.09,0
BEHAVIOR_000937,8,0.01,0.89,0.24,0
BEHAVIOR_000937,12,0.12,0.91,0.12,0
BEHAVIOR_000937,17,0.2,0.68,0.34,0
BEHAVIOR_000938,4,0.44,0.49,0.52,0
BEHAVIOR_000938,8,0.37,0.74,0.42,0
BEHAVIOR_000938,12,0.46,0.59,0.35,0
BEHAVIOR_000938,17,0.48,0.62,0.57,0
BEHAVIOR_000939,4,0.68,0.24,0.56,0
BEHAVIOR_000939,8,0.57,0.51,0.6,0
BEHAVIOR_000939,12,0.56,0.47,0.59,0
BEHAVIOR_000939,17,0.71,0.23,0.61,0
BEHAVIOR_000940,4,0.51,0.47,0.46,0
BEHAVIOR_000940,8,0.42,0.54,0.5,0
BEHAVIOR_000940,12,0.63,0.4,0.72,0
BEHAVIOR_000940,17,0.5,0.67,0.6,0
BEHAVIOR_000941,4,0.5,0.38,0.48,0
BEHAVIOR_000941,8,0.6,0.27,0.62,0
BEHAVIOR_000941,12,0.82,0.18,0.59,0
BEHAVIOR_000941,17,0.7,0.33,0.53,0
BEHAVIOR_000942,4,0.32,0.51,0.4,0
BEHAVIOR_000942,8,0.21,0.89,0.26,0
BEHAVIOR_000942,12,0.16,0.88,0.18,0
BEHAVIOR_000942,17,0.4,0.7,0.39,0
BEHAVIOR_000943,4,0.56,0.49,0.5,0
BEHAVIOR_000943,8,0.33,0.48,0.29,0
BEHAVIOR_000943,12,0.32,0.66,0.32,0
BEHAVIOR_000943,17,0.37,0.62,0.44,0
BEHAVIOR_000944,4,0.56,0.54,0.64,0
BEHAVIOR_000944,8,0.28,0.74,0.41,0
BEHAVIOR_000944,12,0.45,0.65,0.54,0
BEHAVIOR_000944,17,0.41,0.67,0.56,0
BEHAVIOR_000945,4,0.4,0.68,0.3,0
BEHAVIOR_000945,8,0.58,0.38,0.45,0
BEHAVIOR_000945,12,0.43,0.49,0.33,0
BEHAVIOR_000945,17,0.38,0.7,0.42,0
BEHAVIOR_000946,4,0.17,1.0,0.15,0
BEHAVIOR_000946,8,0.27,0.78,0.31,0
BEHAVIOR_000946,12,0.23,0.58,0.4,0
BEHAVIOR_000946,17,0.28,0.67,0.43,0
BEHAVIOR_000947,4,0.08,0.88,0.25,0
BEHAVIOR_000947,8,0.16,0.88,0.2,0
BEHAVIOR_000947,12,0.17,0.7,0.35,0
BEHAVIOR_000947,17,0.32,0.81,0.22,0
BEHAVIOR_000948,4,0.03,0.9,0.14,0
BEHAVIOR_000948,8,0.03,0.98,0.26,0
BEHAVIOR_000948,12,0.06,0.86,0.31,0
BEHAVIOR_000948,17,0.09,0.99,0.23,0
BEHAVIOR_000949,4,0.28,0.52,0.35,0
BEHAVIOR_000949,8,0.37,0.61,0.48,0
BEHAVIOR_000949,12,0.35,0.5,0.45,0
BEHAVIOR_000949,17,0.27,0.64,0.46,0
BEHAVIOR_000950,4,0.28,0.73,0.36,0
BEHAVIOR_000950,8,0.14,0.98,0.12,0
BEHAVIOR_000950,12,0.1,0.92,0.09,0
BEHAVIOR_000950,17,0.13,0.77,0.21,0
BEHAVIOR_000951,4,0.25,0.91,0.39,0
BEHAVIOR_000951,8,0.51,0.5,0.59,0
BEHAVIOR_000951,12,0.41,0.74,0.52,0
BEHAVIOR_000951,17,0.24,0.81,0.34,0
BEHAVIOR_000952,4,0.08,1.0,0.21,0
BEHAVIOR_000952,8,0.12,0.97,0.15,0
BEHAVIOR_000952,12,0.14,0.85,0.31,0
BEHAVIOR_000952,17,0.1,0.7,0.27,0
BEHAVIOR_000953,4,0.47,0.45,0.37,0
BEHAVIOR_000953,8,0.55,0.34,0.63,0
BEHAVIOR_000953,12,0.45,0.64,0.42,0
BEHAVIOR_000953,17,0.35,0.61,0.51,0
BEHAVIOR_000954,4,0.22,0.91,0.35,0
BEHAVIOR_000954,8,0.4,0.54,0.33,0
BEHAVIOR_000954,12,0.43,0.5,0.4,0
BEHAVIOR_000954,17,0.28,0.8,0.45,0
BEHAVIOR_000955,4,0.15,0.81,0.17,0
BEHAVIOR_000955,8,0.22,0.83,0.21,0
BEHAVIOR_000955,12,0.18,0.93,0.39,0
BEHAVIOR_000955,17,0.15,0.71,0.25,0
BEHAVIOR_000956,4,0.57,0.46,0.58,0
BEHAVIOR_000956,8,0.53,0.44,0.53,0
BEHAVIOR_000956,12,0.68,0.49,0.73,0
BEHAVIOR_000956,17,0.48,0.19,0.43,0
BEHAVIOR_000957,4,0.39,0.55,0.49,0
BEHAVIOR_000957,8,0.37,0.65,0.31,0
BEHAVIOR_000957,12,0.42,0.64,0.38,0
BEHAVIOR_000957,17,0.38,0.7,0.51,0
BEHAVIOR_000958,4,0.86,0.25,0.74,0
BEHAVIOR_000958,8,0.88,0.0,0.67,0
BEHAVIOR_000958,12,1.0,0.1,0.71,0
BEHAVIOR_000958,17,1.0,0.0,0.92,1
BEHAVIOR_000959,4,0.02,0.91,0.08,0
BEHAVIOR_000959,8,0.0,0.95,0.11,0
BEHAVIOR_000959,12,0.14,1.0,0.12,0
BEHAVIOR_000959,17,0.03,1.0,0.3,0
BEHAVIOR_000960,4,0.77,0.14,0.81,1
BEHAVIOR_000960,8,0.94,0.26,0.7,0
BEHAVIOR_000960,12,0.86,0.2,0.69,0
BEHAVIOR_000960,17,0.71,0.05,0.69,0
BEHAVIOR_000961,4,0.0,1.0,0.19,0
BEHAVIOR_000961,8,0.0,0.91,0.03,0
BEHAVIOR_000961,12,0.0,0.93,0.28,0
BEHAVIOR_000961,17,0.0,0.99,0.04,0
BEHAVIOR_000962,4,0.13,0.87,0.2,0
BEHAVIOR_000962,8,0.07,0.87,0.19,0
BEHAVIOR_000962,12,0.31,0.64,0.45,0
BEHAVIOR_000962,17,0.37,0.53,0.41,0
BEHAVIOR_000963,4,0.27,0.75,0.46,0
BEHAVIOR_000963,8,0.26,0.61,0.45,0
BEHAVIOR_000963,12,0.19,0.8,0.39,0
BEHAVIOR_000963,17,0.3,0.61,0.51,0
BEHAVIOR_000964,4,0.1,0.96,0.1,0
BEHAVIOR_000964,8,0.12,0.8,0.25,0
BEHAVIOR_000964,12,0.14,0.87,0.11,0
BEHAVIOR_000964,17,0.31,0.83,0.25,0
BEHAVIOR_000965,4,0.78,0.37,0.71,0
BEHAVIOR_000965,8,0.65,0.23,0.74,0
BEHAVIOR_000965,12,0.76,0.22,0.71,0
BEHAVIOR_000965,17,0.72,0.18,0.79,1
BEHAVIOR_000966,4,0.27,0.77,0.45,0
BEHAVIOR_000966,8,0.14,0.86,0.29,0
BEHAVIOR_000966,12,0.38,0.57,0.35,0
BEHAVIOR_000966,17,0.27,0.65,0.49,0
BEHAVIOR_000967,4,0.77,0.1,0.74,0
BEHAVIOR_000967,8,0.79,0.19,0.58,0
BEHAVIOR_000967,12,0.77,0.22,0.82,1
BEHAVIOR_000967,17,0.89,0.24,0.79,1
BEHAVIOR_000968,4,0.09,0.8,0.27,0
BEHAVIOR_000968,8,0.21,0.77,0.39,0
BEHAVIOR_000968,12,0.21,0.91,0.27,0
BEHAVIOR_000968,17,0.38,0.78,0.49,0
BEHAVIOR_000969,4,0.23,0.77,0.45,0
BEHAVIOR_000969,8,0.3,0.67,0.37,0
BEHAVIOR_000969,12,0.11,0.89,0.25,0
BEHAVIOR_000969,17,0.19,0.83,0.37,0
BEHAVIOR_000970,4,0.15,0.77,0.28,0
BEHAVIOR_000970,8,0.15,0.94,0.23,0
BEHAVIOR_000970,12,0.05,0.89,0.31,0
BEHAVIOR_000970,17,0.23,0.8,0.23,0
BEHAVIOR_000971,4,0.46,0.54,0.62,0
BEHAVIOR_000971,8,0.55,0.37,0.43,0
BEHAVIOR_000971,12,0.41,0.6,0.51,0
BEHAVIOR_000971,17,0.41,0.61,0.54,0
BEHAVIOR_000972,4,0.35,0.65,0.32,0
BEHAVIOR_000972,8,0.37,0.55,0.48,0
BEHAVIOR_000972,12,0.43,0.62,0.38,0
BEHAVIOR_000972,17,0.4,0.45,0.43,0
BEHAVIOR_000973,4,0.0,0.88,0.15,0
BEHAVIOR_000973,8,0.13,0.88,0.25,0
BEHAVIOR_000973,12,0.07,0.81,0.29,0
BEHAVIOR_000973,17,0.11,0.75,0.12,0
BEHAVIOR_000974,4,0.79,0.23,0.76,1
BEHAVIOR_000974,8,0.9,0.39,0.75,1
BEHAVIOR_000974,12,0.77,0.22,0.77,1
BEHAVIOR_000974,17,0.74,0.27,0.53,0
BEHAVIOR_000975,4,0.26,0.75,0.24,0
BEHAVIOR_000975,8,0.36,0.74,0.48,0
BEHAVIOR_000975,12,0.34,0.59,0.44,0
BEHAVIOR_000975,17,0.32,0.6,0.24,0
BEHAVIOR_000976,4,0.04,0.98,0.2,0
BEHAVIOR_000976,8,0.04,0.7,0.28,0
BEHAVIOR_000976,12,0.08,1.0,0.3,0
BEHAVIOR_000976,17,0.0,1.0,0.24,0
BEHAVIOR_000977,4,0.52,0.42,0.38,0
BEHAVIOR_000977,8,0.5,0.64,0.62,0
BEHAVIOR_000977,12,0.55,0.29,0.57,0
BEHAVIOR_000977,17,0.58,0.52,0.52,0
BEHAVIOR_000978,4,0.1,0.89,0.31,0
BEHAVIOR_000978,8,0.0,1.0,0.18,0
BEHAVIOR_000978,12,0.0,0.98,0.08,0
BEHAVIOR_000978,17,0.06,0.74,0.26,0
BEHAVIOR_000979,4,0.13,0.94,0.34,0
BEHAVIOR_000979,8,0.0,1.0,0.3,0
BEHAVIOR_000979,12,0.07,0.84,0.21,0
BEHAVIOR_000979,17,0.0,1.0,0.24,0
BEHAVIOR_000980,4,0.05,1.0,0.14,0
BEHAVIOR_000980,8,0.2,0.78,0.29,0
BEHAVIOR_000980,12,0.0,0.94,0.15,0
BEHAVIOR_000980,17,0.0,0.85,0.18,0
BEHAVIOR_000981,4,0.25,0.85,0.43,0
BEHAVIOR_000981,8,0.25,0.66,0.35,0
BEHAVIOR_000981,12,0.07,0.85,0.24,0
BEHAVIOR_000981,17,0.27,0.72,0.22,0
BEHAVIOR_000982,4,0.26,0.83,0.38,0
BEHAVIOR_000982,8,0.37,0.67,0.53,0
BEHAVIOR_000982,12,0.32,0.86,0.52,0
BEHAVIOR_000982,17,0.17,0.83,0.37,0
BEHAVIOR_000983,4,0.35,0.51,0.29,0
BEHAVIOR_000983,8,0.5,0.38,0.51,0
BEHAVIOR_000983,12,0.39,0.47,0.39,0
BEHAVIOR_000983,17,0.52,0.46,0.47,0
BEHAVIOR_000984,4,0.55,0.61,0.47,0
BEHAVIOR_000984,8,0.44,0.61,0.61,0
BEHAVIOR_000984,12,0.38,0.69,0.54,0
BEHAVIOR_000984,17,0.53,0.41,0.57,0
BEHAVIOR_000985,4,0.43,0.57,0.6,0
BEHAVIOR_000985,8,0.48,0.67,0.52,0
BEHAVIOR_000985,12,0.52,0.39,0.64,0
BEHAVIOR_000985,17,0.49,0.58,0.5,0
BEHAVIOR_000986,4,0.47,0.53,0.51,0
BEHAVIOR_000986,8,0.26,0.68,0.35,0
BEHAVIOR_000986,12,0.22,0.67,0.42,0
BEHAVIOR_000986,17,0.24,0.76,0.46,0
BEHAVIOR_000987,4,0.14,0.94,0.23,0
BEHAVIOR_000987,8,0.0,1.0,0.14,0
BEHAVIOR_000987,12,0.0,0.79,0.24,0
BEHAVIOR_000987,17,0.05,1.0,0.15,0
BEHAVIOR_000988,4,0.02,1.0,0.3,0
BEHAVIOR_000988,8,0.18,1.0,0.29,0
BEHAVIOR_000988,12,0.0,0.99,0.16,0
BEHAVIOR_000988,17,0.0,0.99,0.29,0
BEHAVIOR_000989,4,0.29,0.74,0.26,0
BEHAVIOR_000989,8,0.43,0.45,0.31,0
BEHAVIOR_000989,12,0.47,0.52,0.53,0
BEHAVIOR_000989,17,0.4,0.63,0.42,0
BEHAVIOR_000990,4,0.79,0.19,0.73,0
BEHAVIOR_000990,8,0.69,0.43,0.56,0
BEHAVIOR_000990,12,0.83,0.29,0.74,0
BEHAVIOR_000990,17,0.77,0.19,0.77,1
BEHAVIOR_000991,4,0.83,0.2,0.84,1
BEHAVIOR_000991,8,0.67,0.34,0.47,0
BEHAVIOR_000991,12,0.81,0.4,0.8,1
BEHAVIOR_000991,17,0.55,0.49,0.47,0
BEHAVIOR_000992,4,0.37,0.52,0.34,0
BEHAVIOR_000992,8,0.31,0.69,0.23,0
BEHAVIOR_000992,12,0.31,0.61,0.28,0
BEHAVIOR_000992,17,0.52,0.53,0.57,0
BEHAVIOR_000993,4,0.23,0.77,0.38,0
BEHAVIOR_000993,8,0.06,0.96,0.3,0
BEHAVIOR_000993,12,0.11,0.88,0.16,0
BEHAVIOR_000993,17,0.09,0.91,0.21,0
BEHAVIOR_000994,4,0.51,0.42,0.38,0
BEHAVIOR_000994,8,0.36,0.53,0.33,0
BEHAVIOR_000994,12,0.51,0.46,0.53,0
BEHAVIOR_000994,17,0.53,0.4,0.48,0
BEHAVIOR_000995,4,0.43,0.55,0.4,0
BEHAVIOR_000995,8,0.47,0.48,0.55,0
BEHAVIOR_000995,12,0.3,0.83,0.45,0
BEHAVIOR_000995,17,0.16,0.85,0.2,0
BEHAVIOR_000996,4,0.27,0.84,0.25,0
BEHAVIOR_000996,8,0.34,0.66,0.26,0
BEHAVIOR_000996,12,0.41,0.55,0.3,0
BEHAVIOR_000996,17,0.23,0.73,0.23,0
BEHAVIOR_000997,4,0.08,0.84,0.26,0
BEHAVIOR_000997,8,0.13,0.97,0.35,0
BEHAVIOR_000997,12,0.05,0.89,0.13,0
BEHAVIOR_000997,17,0.0,1.0,0.2,0
BEHAVIOR_000998,4,0.22,0.72,0.32,0
BEHAVIOR_000998,8,0.11,0.78,0.33,0
BEHAVIOR_000998,12,0.4,0.51,0.57,0
BEHAVIOR_000998,17,0.4,0.55,0.32,0
BEHAVIOR_000999,4,0.55,0.46,0.51,0
BEHAVIOR_000999,8,0.83,0.1,0.64,0
BEHAVIOR_000999,12,0.62,0.48,0.57,0
BEHAVIOR_000999,17,0.73,0.4,0.61,0
BEHAVIOR_001000,4,0.0,0.83,0.22,0
BEHAVIOR_001000,8,0.17,0.72,0.22,0
BEHAVIOR_001000,12,0.1,0.84,0.23,0
BEHAVIOR_001000,17,0.0,1.0,0.06,0
