student_index,student_id,actual_label,academic_risk,week4_risk,week8_risk,week12_risk,week17_risk,alert_level,top_feature_1,top_feature_1_pct,top_feature_2,top_feature_2_pct,top_feature_3,top_feature_3_pct,most_important_week,main_reason,id_num,behavior_risk_mean,behavior_risk_max,compliance_mean,anomaly_mean,high_anomaly_weeks,final_burnout_risk,final_alert
0,OULAD_TEST_0000,0,0.2561,0.5022,0.1955,0.3702,0.2561,LOW,F1_login_count,17.7,F6_inactive_days,14.7,F4_num_submitted,14.6,16,F1 login count (17.7%) and F6 inactive days (14.7%),0,0.22894141530112325,0.19300637692353442,0.5934193925516169,0.20105495643879684,3,0.2776,LOW
1,OULAD_TEST_0001,0,0.0329,0.2391,0.1514,0.0785,0.0329,LOW,F13_weeks_since_active,12.9,F1_login_count,12.3,F4_num_submitted,12.1,8,F13 weeks since active (12.9%) and F1 login count (12.3%),1,0.009203569882881532,0.2221023189076418,0.8241821088273767,0.1484915537408816,0,0.0695,LOW
2,OULAD_TEST_0002,0,0.0641,0.4741,0.3526,0.2374,0.0641,LOW,F1_login_count,17.6,F6_inactive_days,15.7,F4_num_submitted,15.2,8,F1 login count (17.6%) and F6 inactive days (15.7%),2,0.10963885381006924,0.08912178602885569,0.7571718475815328,0.0,0,0.0929,LOW
3,OULAD_TEST_0003,0,0.3921,0.7116,0.537,0.4801,0.3921,LOW,F1_login_count,16.3,F13_weeks_since_active,14.1,F5_on_time_rate,9.5,5,F1 login count (16.3%) and F13 weeks since active (14.1%),3,0.42677298564080257,0.22307559993966103,0.41496153300928246,0.35109920005933515,3,0.4284,MEDIUM
4,OULAD_TEST_0004,1,0.1083,0.3392,0.1664,0.098,0.1083,LOW,F6_inactive_days,15.8,F4_num_submitted,15.7,F1_login_count,11.2,1,F6 inactive days (15.8%) and F4 num submitted (15.7%),4,0.05239466252766639,0.04687307966632462,0.5312839722197985,0.14950034518248945,0,0.093,LOW
5,OULAD_TEST_0005,1,0.2509,0.6736,0.507,0.2366,0.2509,LOW,F1_login_count,19.2,F6_inactive_days,15.7,F4_num_submitted,14.5,11,F1 login count (19.2%) and F6 inactive days (15.7%),5,0.15221630430508196,0.2949756636343519,0.5287026516904635,0.37278480537764036,3,0.2665,LOW
6,OULAD_TEST_0006,0,0.222,0.4774,0.4732,0.3893,0.222,LOW,F6_inactive_days,14.9,F13_weeks_since_active,14.6,F4_num_submitted,14.6,7,F6 inactive days (14.9%) and F13 weeks since active (14.6%),6,0.31332128155073913,0.355775421829594,0.48320416190482696,0.08306603849836572,4,0.3277,LOW
7,OULAD_TEST_0007,1,0.9917,0.4419,0.744,0.8357,0.9917,HIGH,F1_login_count,29.0,F5_on_time_rate,15.1,F6_inactive_days,8.7,14,F1 login count (29.0%) and F5 on time rate (15.1%),7,0.7709334729152908,0.7160663350209634,0.17705020780591177,0.4633066821269128,11,0.906,HIGH
8,OULAD_TEST_0008,0,0.3976,0.7782,0.8052,0.7185,0.3976,LOW,F1_login_count,14.8,F4_num_submitted,14.2,F6_inactive_days,13.4,17,F1 login count (14.8%) and F4 num submitted (14.2%),8,0.2313725614065048,0.18756604918887637,0.47040903060767614,0.1951646268752945,1,0.3033,LOW
9,OULAD_TEST_0009,1,0.4141,0.297,0.1871,0.254,0.4141,MEDIUM,F1_login_count,21.8,F5_on_time_rate,14.3,F6_inactive_days,13.0,1,F1 login count (21.8%) and F5 on time rate (14.3%),9,0.34412600435859647,0.5016622140297425,0.43412806709528295,0.42072851917963483,4,0.46,MEDIUM
10,OULAD_TEST_0010,1,0.8649,0.5247,0.3401,0.3961,0.8649,HIGH,F1_login_count,21.2,F4_num_submitted,14.8,F6_inactive_days,14.2,10,F1 login count (21.2%) and F4 num submitted (14.8%),10,0.5590882307187537,0.7663341341896722,0.19699538247878062,0.2995312942989644,9,0.8047,HIGH
11,OULAD_TEST_0011,1,0.9992,0.8397,0.941,0.9799,0.9992,HIGH,F1_login_count,22.4,F4_num_submitted,13.1,F6_inactive_days,13.1,9,F1 login count (22.4%) and F4 num submitted (13.1%),11,0.6528670246429743,0.7798565814498907,0.0,0.3513149141482761,10,0.9157,HIGH
12,OULAD_TEST_0012,0,0.3868,0.4353,0.5341,0.5384,0.3868,LOW,F1_login_count,27.8,F5_on_time_rate,17.0,F2_vle_clicks,10.0,7,F1 login count (27.8%) and F5 on time rate (17.0%),12,0.29495622715660336,0.3715503268897948,0.4138735961995448,0.24280743347179357,2,0.3796,LOW
13,OULAD_TEST_0013,0,0.1827,0.2326,0.2794,0.4934,0.1827,LOW,F1_login_count,17.3,F5_on_time_rate,14.9,F6_inactive_days,14.0,13,F1 login count (17.3%) and F5 on time rate (14.9%),13,0.0,0.0,0.6606472269248622,0.05650928486710126,6,0.2223,LOW
14,OULAD_TEST_0014,0,0.0696,0.4183,0.4476,0.1651,0.0696,LOW,F1_login_count,20.1,F6_inactive_days,13.8,F4_num_submitted,13.0,9,F1 login count (20.1%) and F6 inactive days (13.8%),14,0.0,0.05943004052777288,0.8471968991423482,0.04268734718108216,0,0.0691,LOW
15,OULAD_TEST_0015,0,0.1024,0.6679,0.2132,0.2366,0.1024,LOW,F6_inactive_days,15.9,F4_num_submitted,15.1,F13_weeks_since_active,11.6,6,F6 inactive days (15.9%) and F4 num submitted (15.1%),15,0.015451247075902723,0.11326569382744683,0.7682485045168789,0.17487741254830383,0,0.1025,LOW
16,OULAD_TEST_0016,0,0.0252,0.3626,0.0793,0.0479,0.0252,LOW,F1_login_count,17.6,F6_inactive_days,17.0,F4_num_submitted,15.5,2,F1 login count (17.6%) and F6 inactive days (17.0%),16,0.0,0.09536161116302638,0.8046725142515883,0.0,0,0.0629,LOW
17,OULAD_TEST_0017,0,0.1491,0.3039,0.1072,0.1232,0.1491,LOW,F1_login_count,19.9,F6_inactive_days,15.1,F4_num_submitted,14.8,1,F1 login count (19.9%) and F6 inactive days (15.1%),17,0.1357947332595274,0.04562332381659699,0.6885317735236016,0.0,4,0.1483,LOW
18,OULAD_TEST_0018,0,0.5634,0.5622,0.447,0.5581,0.5634,MEDIUM,F1_login_count,22.5,F4_num_submitted,11.1,F6_inactive_days,11.0,6,F1 login count (22.5%) and F4 num submitted (11.1%),18,0.3035775924478789,0.4857449729122687,0.3893035855526775,0.5833777868639933,4,0.6845,MEDIUM
19,OULAD_TEST_0019,1,0.2385,0.3375,0.5025,0.3976,0.2385,LOW,F1_login_count,23.1,F5_on_time_rate,13.1,F6_inactive_days,12.1,12,F1 login count (23.1%) and F5 on time rate (13.1%),19,0.025719629866470833,0.128691029915233,0.6293652905129256,0.023432605507346854,1,0.1504,LOW
20,OULAD_TEST_0020,1,0.9972,0.8506,0.9485,0.9877,0.9972,HIGH,F1_login_count,21.5,F6_inactive_days,12.1,F4_num_submitted,11.7,17,F1 login count (21.5%) and F6 inactive days (12.1%),20,0.8446048768921555,0.8680507004539453,0.0,0.4712355453585483,11,0.9358,HIGH
21,OULAD_TEST_0021,0,0.0232,0.3603,0.0995,0.0675,0.0232,LOW,F1_login_count,19.3,F6_inactive_days,12.4,F4_num_submitted,12.0,2,F1 login count (19.3%) and F6 inactive days (12.4%),21,0.0,0.0,0.7860479221633152,0.14636640164671155,0,0.0619,LOW
22,OULAD_TEST_0022,1,0.9826,0.8437,0.8566,0.938,0.9826,HIGH,F1_login_count,20.3,F5_on_time_rate,12.4,F13_weeks_since_active,12.0,11,F1 login count (20.3%) and F5 on time rate (12.4%),22,0.6945728204687923,0.8025619328671824,0.0,0.5434213054750179,9,0.9214,HIGH
23,OULAD_TEST_0023,0,0.0299,0.2015,0.2283,0.1014,0.0299,LOW,F1_login_count,18.1,F4_num_submitted,14.6,F6_inactive_days,14.1,8,F1 login count (18.1%) and F4 num submitted (14.6%),23,0.0,0.0,0.7841882542900823,0.010333217755822705,1,0.063,LOW
24,OULAD_TEST_0024,1,0.1784,0.6279,0.4357,0.3534,0.1784,LOW,F1_login_count,14.8,F13_weeks_since_active,14.0,F4_num_submitted,10.7,8,F1 login count (14.8%) and F13 weeks since active (14.0%),24,0.07044172754748172,0.20373089934589256,0.609215205851176,0.16497481488723814,2,0.1937,LOW
25,OULAD_TEST_0025,1,0.4044,0.4926,0.5168,0.5316,0.4044,MEDIUM,F1_login_count,21.5,F5_on_time_rate,16.0,F6_inactive_days,11.0,8,F1 login count (21.5%) and F5 on time rate (16.0%),25,0.29417225897098653,0.4124160893325332,0.7304181622782862,0.37266997237319943,5,0.4799,MEDIUM
26,OULAD_TEST_0026,0,0.4547,0.5329,0.3812,0.3003,0.4547,MEDIUM,F1_login_count,16.9,F4_num_submitted,12.0,F5_on_time_rate,11.6,10,F1 login count (16.9%) and F4 num submitted (12.0%),26,0.20319064225776967,0.36772535440340687,0.43225056162482883,0.23280471681818737,6,0.4436,MEDIUM
27,OULAD_TEST_0027,1,0.5887,0.5293,0.4736,0.531,0.5887,MEDIUM,F1_login_count,22.7,F5_on_time_rate,12.6,F6_inactive_days,11.3,17,F1 login count (22.7%) and F5 on time rate (12.6%),27,0.44965980183456716,0.5034540395968023,0.1886160433738411,0.5356142407097159,6,0.7379,HIGH
28,OULAD_TEST_0028,0,0.0567,0.395,0.1714,0.0767,0.0567,LOW,F1_login_count,16.5,F6_inactive_days,11.0,F13_weeks_since_active,10.5,1,F1 login count (16.5%) and F6 inactive days (11.0%),28,0.0,0.0,0.7412219789323077,0.0,1,0.0744,LOW
29,OULAD_TEST_0029,1,0.9973,0.435,0.6505,0.7704,0.9973,HIGH,F1_login_count,27.0,F5_on_time_rate,15.4,F6_inactive_days,9.2,16,F1 login count (27.0%) and F5 on time rate (15.4%),29,0.6689406250206722,0.823730868159457,0.054095874563788844,0.6895544684343692,10,0.9163,HIGH
30,OULAD_TEST_0030,1,0.2512,0.6393,0.3844,0.3782,0.2512,LOW,F1_login_count,14.7,F4_num_submitted,14.5,F6_inactive_days,14.2,4,F1 login count (14.7%) and F4 num submitted (14.5%),30,0.11566933877706027,0.20950363063666042,0.7663763946152524,0.04997669303788112,3,0.2269,LOW
31,OULAD_TEST_0031,1,0.9215,0.8044,0.9374,0.874,0.9215,HIGH,F1_login_count,15.9,F6_inactive_days,15.1,F4_num_submitted,14.8,16,F1 login count (15.9%) and F6 inactive days (15.1%),31,0.8302778184508937,0.9929384472823979,0.0038547600061281592,0.7175725579929589,9,0.9376,HIGH
32,OULAD_TEST_0032,0,0.5564,0.4281,0.525,0.4394,0.5564,MEDIUM,F1_login_count,18.5,F5_on_time_rate,11.5,F6_inactive_days,11.3,7,F1 login count (18.5%) and F5 on time rate (11.5%),32,0.3881302775262066,0.38398263793806686,0.196637202597636,0.3508853374596654,5,0.6611,MEDIUM
33,OULAD_TEST_0033,0,0.6005,0.7998,0.6882,0.6983,0.6005,MEDIUM,F1_login_count,16.7,F13_weeks_since_active,14.3,F6_inactive_days,12.2,6,F1 login count (16.7%) and F13 weeks since active (14.3%),33,0.31457890710440994,0.627559179100195,0.40128370114309814,0.27955136015887183,7,0.7232,HIGH
34,OULAD_TEST_0034,1,0.6485,0.8189,0.8288,0.855,0.6485,MEDIUM,F1_login_count,13.9,F6_inactive_days,12.7,F4_num_submitted,12.0,13,F1 login count (13.9%) and F6 inactive days (12.7%),34,0.5362044912103189,0.6309737018772646,0.14314012941003493,0.46864093116259586,8,0.8282,HIGH
35,OULAD_TEST_0035,0,0.3219,0.4768,0.322,0.1868,0.3219,LOW,F1_login_count,19.4,F6_inactive_days,15.7,F4_num_submitted,14.3,11,F1 login count (19.4%) and F6 inactive days (15.7%),35,0.10324563500289777,0.2960659123592109,0.49886445584925143,0.3003226016648702,0,0.1895,LOW
36,OULAD_TEST_0036,0,0.3803,0.3337,0.3352,0.2621,0.3803,LOW,F1_login_count,22.3,F6_inactive_days,12.3,F4_num_submitted,10.8,9,F1 login count (22.3%) and F6 inactive days (12.3%),36,0.2870963595004755,0.46394463873561065,0.46999795144890055,0.3052072947430366,3,0.3477,LOW
37,OULAD_TEST_0037,0,0.2813,0.5377,0.6665,0.8031,0.2813,LOW,F1_login_count,26.0,F5_on_time_rate,14.9,F4_num_submitted,11.7,14,F1 login count (26.0%) and F5 on time rate (14.9%),37,0.0009429876120224112,0.268873437808549,0.5679966546699892,0.04521645124403273,1,0.2553,LOW
38,OULAD_TEST_0038,1,0.8821,0.6653,0.6635,0.6308,0.8821,HIGH,F1_login_count,17.7,F4_num_submitted,17.6,F6_inactive_days,17.2,15,F1 login count (17.7%) and F4 num submitted (17.6%),38,0.48465139511015687,0.7809177356534343,0.16323644570743356,0.4711779451653498,8,0.8549,HIGH
39,OULAD_TEST_0039,0,0.448,0.568,0.5537,0.6249,0.448,MEDIUM,F1_login_count,26.0,F5_on_time_rate,16.0,F6_inactive_days,9.3,13,F1 login count (26.0%) and F5 on time rate (16.0%),39,0.33328612358691234,0.37655034775859636,0.37323657177136127,0.2683112595454278,5,0.5654,MEDIUM
40,OULAD_TEST_0040,0,0.1485,0.3737,0.2132,0.1236,0.1485,LOW,F4_num_submitted,16.9,F6_inactive_days,16.7,F1_login_count,11.3,1,F4 num submitted (16.9%) and F6 inactive days (16.7%),40,0.17779665799954103,0.2241105105934902,0.6538270747833239,0.08414884168199276,2,0.1486,LOW
41,OULAD_TEST_0041,0,0.4732,0.7635,0.8103,0.74,0.4732,MEDIUM,F1_login_count,19.4,F6_inactive_days,14.3,F4_num_submitted,12.8,8,F1 login count (19.4%) and F6 inactive days (14.3%),41,0.348376828118997,0.4899375387048707,0.4200129647050611,0.37388945705260174,4,0.6687,MEDIUM
42,OULAD_TEST_0042,0,0.142,0.3004,0.2573,0.2171,0.142,LOW,F13_weeks_since_active,11.9,F7_score_change,10.7,F1_login_count,10.3,1,F13 weeks since active (11.9%) and F7 score change (10.7%),42,0.08783517176117593,0.070645817000303,0.7013597957518788,0.0,0,0.0965,LOW
43,OULAD_TEST_0043,0,0.4371,0.8126,0.7774,0.6132,0.4371,MEDIUM,F1_login_count,17.2,F6_inactive_days,15.0,F4_num_submitted,13.5,8,F1 login count (17.2%) and F6 inactive days (15.0%),43,0.2758596304410711,0.2659952244320986,0.4601027174707923,0.3023792465464204,2,0.3803,LOW
44,OULAD_TEST_0044,1,0.9997,0.6915,0.948,0.9722,0.9997,HIGH,F1_login_count,27.0,F5_on_time_rate,14.4,F4_num_submitted,10.4,7,F1 login count (27.0%) and F5 on time rate (14.4%),44,0.5519378009632573,0.8335065490083474,0.04384057752225796,0.5650222374676033,11,0.9228,HIGH
45,OULAD_TEST_0045,1,0.9898,0.4647,0.5024,0.5204,0.9898,HIGH,F1_login_count,27.5,F5_on_time_rate,14.4,F13_weeks_since_active,8.9,7,F1 login count (27.5%) and F5 on time rate (14.4%),45,0.620875579160529,0.7773269148481883,0.09254395096417371,0.4932599260339257,5,0.87,HIGH
46,OULAD_TEST_0046,1,0.6727,0.5629,0.7951,0.8823,0.6727,MEDIUM,F1_login_count,16.8,F4_num_submitted,14.5,F6_inactive_days,14.3,15,F1 login count (16.8%) and F4 num submitted (14.5%),46,0.42482612290402116,0.5667130340307716,0.3011034115650968,0.314521586667648,8,0.7886,HIGH
47,OULAD_TEST_0047,0,0.3508,0.4721,0.4314,0.3549,0.3508,LOW,F1_login_count,20.1,F5_on_time_rate,15.8,F13_weeks_since_active,14.9,6,F1 login count (20.1%) and F5 on time rate (15.8%),47,0.35127222262189156,0.39717505077473114,0.5647185523509219,0.18473548025784436,4,0.3839,LOW
48,OULAD_TEST_0048,0,0.3043,0.5488,0.4464,0.6285,0.3043,LOW,F1_login_count,27.7,F5_on_time_rate,14.3,F4_num_submitted,11.6,6,F1 login count (27.7%) and F5 on time rate (14.3%),48,0.24737182895684615,0.22207086759305683,0.39833768332535224,0.0,5,0.37,LOW
49,OULAD_TEST_0049,1,0.9385,0.8034,0.7899,0.8866,0.9385,HIGH,F1_login_count,22.0,F5_on_time_rate,12.1,F13_weeks_since_active,10.7,11,F1 login count (22.0%) and F5 on time rate (12.1%),49,0.4806459844637265,0.794299129495074,0.05422276991656805,0.47894525150501394,9,0.8921,HIGH
50,OULAD_TEST_0050,0,0.0207,0.3844,0.2466,0.0708,0.0207,LOW,F1_login_count,18.9,F6_inactive_days,11.4,F5_on_time_rate,9.9,4,F1 login count (18.9%) and F6 inactive days (11.4%),50,0.0468983969394795,0.022236818784671618,0.8313907548001609,0.0,0,0.0609,LOW
51,OULAD_TEST_0051,0,0.2727,0.451,0.4111,0.3611,0.2727,LOW,F1_login_count,18.2,F13_weeks_since_active,14.4,F5_on_time_rate,12.3,6,F1 login count (18.2%) and F13 weeks since active (14.4%),51,0.15238177195836833,0.2996694705764228,0.6547341194570451,0.22755398511871489,3,0.2621,LOW
52,OULAD_TEST_0052,0,0.5626,0.4174,0.5757,0.4812,0.5626,MEDIUM,F1_login_count,23.5,F5_on_time_rate,10.9,F6_inactive_days,10.2,11,F1 login count (23.5%) and F5 on time rate (10.9%),52,0.32612779996940405,0.29845885328123156,0.2806849225766206,0.2408967980987375,7,0.6264,MEDIUM
53,OULAD_TEST_0053,0,0.0725,0.4203,0.1681,0.0892,0.0725,LOW,F1_login_count,18.8,F6_inactive_days,12.4,F4_num_submitted,11.4,4,F1 login count (18.8%) and F6 inactive days (12.4%),53,0.1119176288840868,0.013088976418776252,0.6760960725111355,0.017686343979541212,2,0.1041,LOW
54,OULAD_TEST_0054,0,0.0254,0.3203,0.1318,0.0706,0.0254,LOW,F4_num_submitted,16.0,F6_inactive_days,16.0,F5_on_time_rate,10.0,1,F4 num submitted (16.0%) and F6 inactive days (16.0%),54,0.12087995224959511,0.03849269538235782,0.7222699324716402,0.20031319531935624,0,0.0757,LOW
55,OULAD_TEST_0055,0,0.1672,0.3187,0.1782,0.141,0.1672,LOW,F1_login_count,14.0,F4_num_submitted,12.8,F6_inactive_days,12.7,1,F1 login count (14.0%) and F4 num submitted (12.8%),55,0.21016801191161982,0.2381263165141489,0.7198813899891344,0.2196421823778508,1,0.1425,LOW
56,OULAD_TEST_0056,0,0.4914,0.4892,0.4474,0.3425,0.4914,MEDIUM,F1_login_count,16.7,F6_inactive_days,15.7,F4_num_submitted,14.8,11,F1 login count (16.7%) and F6 inactive days (15.7%),56,0.26005824767773617,0.3783378041995036,0.5102681054924209,0.4031125679932143,4,0.464,MEDIUM
57,OULAD_TEST_0057,0,0.3426,0.2,0.5831,0.3807,0.3426,LOW,F6_inactive_days,15.4,F4_num_submitted,14.9,F1_login_count,13.4,17,F6 inactive days (15.4%) and F4 num submitted (14.9%),57,0.20889876241487854,0.1410857835166501,0.4851739892708399,0.1455753083506978,2,0.23,LOW
58,OULAD_TEST_0058,0,0.0405,0.3995,0.2385,0.0582,0.0405,LOW,F1_login_count,19.4,F4_num_submitted,11.3,F5_on_time_rate,11.1,7,F1 login count (19.4%) and F4 num submitted (11.3%),58,0.061476343140356396,0.0840019156772909,0.8583962313627049,0.08946387351475828,1,0.0759,LOW
59,OULAD_TEST_0059,0,0.9186,0.4942,0.5638,0.7863,0.9186,HIGH,F1_login_count,19.1,F4_num_submitted,14.3,F6_inactive_days,13.5,6,F1 login count (19.1%) and F4 num submitted (14.3%),59,0.7405745127122358,0.7299810088939497,0.07746798091645944,0.5230922639455687,7,0.8895,HIGH
60,OULAD_TEST_0060,1,0.3129,0.5305,0.4646,0.2131,0.3129,LOW,F1_login_count,17.3,F13_weeks_since_active,14.2,F6_inactive_days,11.6,5,F1 login count (17.3%) and F13 weeks since active (14.2%),60,0.171112576215471,0.17079166727277112,0.5372514222837564,0.16420881471876744,1,0.197,LOW
61,OULAD_TEST_0061,1,0.4164,0.4766,0.5245,0.4783,0.4164,MEDIUM,F1_login_count,24.2,F5_on_time_rate,15.9,F2_vle_clicks,9.8,7,F1 login count (24.2%) and F5 on time rate (15.9%),61,0.27291410233361824,0.30399236882294206,0.4457415770182031,0.29900224124958596,2,0.3717,LOW
62,OULAD_TEST_0062,0,0.3234,0.3497,0.4374,0.4786,0.3234,LOW,F1_login_count,16.7,F13_weeks_since_active,15.4,F5_on_time_rate,11.1,8,F1 login count (16.7%) and F13 weeks since active (15.4%),62,0.11574650259939717,0.2601279713875321,0.6159411364602156,0.12240076938948813,0,0.2046,LOW
63,OULAD_TEST_0063,0,0.0863,0.4468,0.3177,0.404,0.0863,LOW,F1_login_count,19.0,F13_weeks_since_active,12.8,F5_on_time_rate,12.2,7,F1 login count (19.0%) and F13 weeks since active (12.8%),63,0.0,0.024975426836942982,0.7635177816787071,0.23094037253318442,1,0.1133,LOW
64,OULAD_TEST_0064,1,0.2794,0.496,0.436,0.2823,0.2794,LOW,F13_weeks_since_active,11.2,F1_login_count,10.8,F7_score_change,10.1,13,F13 weeks since active (11.2%) and F1 login count (10.8%),64,0.27683258223941976,0.06104471543207443,0.8040625427647637,0.14842438324824753,4,0.2322,LOW
65,OULAD_TEST_0065,1,0.0999,0.4219,0.3283,0.122,0.0999,LOW,F1_login_count,20.7,F4_num_submitted,13.7,F6_inactive_days,12.9,5,F1 login count (20.7%) and F4 num submitted (13.7%),65,0.20555400285708228,0.1566802957509706,0.6348575357002676,0.1341432679511598,0,0.1119,LOW
66,OULAD_TEST_0066,0,0.6447,0.5523,0.8661,0.8721,0.6447,MEDIUM,F1_login_count,25.6,F5_on_time_rate,13.3,F6_inactive_days,12.8,13,F1 login count (25.6%) and F5 on time rate (13.3%),66,0.44408898784196665,0.6499850033022978,0.33605017020299754,0.5614920575108757,4,0.8076,HIGH
67,OULAD_TEST_0067,1,0.9998,0.3606,0.3853,0.7276,0.9998,HIGH,F1_login_count,19.1,F6_inactive_days,15.8,F4_num_submitted,15.7,17,F1 login count (19.1%) and F6 inactive days (15.8%),67,0.8002132897892024,0.9019517593071604,0.0,0.723678452949021,11,0.9223,HIGH
68,OULAD_TEST_0068,0,0.7451,0.7176,0.8515,0.8365,0.7451,HIGH,F4_num_submitted,15.7,F6_inactive_days,14.8,F1_login_count,14.3,15,F4 num submitted (15.7%) and F6 inactive days (14.8%),68,0.5577336025047634,0.5423201463660147,0.11699130130113564,0.27798970767713704,9,0.8291,HIGH
69,OULAD_TEST_0069,0,0.1115,0.3702,0.1469,0.1306,0.1115,LOW,F1_login_count,21.7,F6_inactive_days,15.1,F4_num_submitted,14.6,1,F1 login count (21.7%) and F6 inactive days (15.1%),69,0.013538024539487561,0.07865567728419856,0.7097132862965028,0.1202875074011861,0,0.0856,LOW
70,OULAD_TEST_0070,1,0.9966,0.8118,0.843,0.8929,0.9966,HIGH,F1_login_count,22.5,F5_on_time_rate,13.6,F4_num_submitted,11.0,9,F1 login count (22.5%) and F5 on time rate (13.6%),70,0.7337595605508415,0.8465882947816434,0.01645524794070357,0.7000463273352777,9,0.9314,HIGH
71,OULAD_TEST_0071,0,0.0757,0.4176,0.1055,0.1152,0.0757,LOW,F1_login_count,21.2,F6_inactive_days,15.5,F4_num_submitted,15.5,5,F1 login count (21.2%) and F6 inactive days (15.5%),71,0.20679365664659694,0.11224855116495282,1.0,0.15244356265928985,1,0.094,LOW
72,OULAD_TEST_0072,1,0.4553,0.6137,0.4998,0.4509,0.4553,MEDIUM,F1_login_count,15.3,F4_num_submitted,14.7,F6_inactive_days,14.6,12,F1 login count (15.3%) and F4 num submitted (14.7%),72,0.31512739608900486,0.4404722390974465,0.41734541843167977,0.13958461990624424,6,0.5344,MEDIUM
73,OULAD_TEST_0073,0,0.4818,0.3706,0.4117,0.5695,0.4818,MEDIUM,F1_login_count,20.5,F5_on_time_rate,13.4,F6_inactive_days,13.0,16,F1 login count (20.5%) and F5 on time rate (13.4%),73,0.49372436558140065,0.35079609609772033,0.3015421270515317,0.21023577155792114,4,0.5864,MEDIUM
74,OULAD_TEST_0074,0,0.542,0.4839,0.7597,0.7017,0.542,MEDIUM,F1_login_count,20.6,F6_inactive_days,14.1,F4_num_submitted,13.0,15,F1 login count (20.6%) and F6 inactive days (14.1%),74,0.11742548959102556,0.4672596445130848,0.3937010717494386,0.4445469882889946,3,0.6017,MEDIUM
75,OULAD_TEST_0075,0,0.3682,0.5008,0.2668,0.2224,0.3682,LOW,F1_login_count,23.4,F6_inactive_days,11.6,F5_on_time_rate,11.3,6,F1 login count (23.4%) and F6 inactive days (11.6%),75,0.3399302504375224,0.3495524323692193,0.2979759962453632,0.12950875551808252,4,0.3735,LOW
76,OULAD_TEST_0076,1,0.8866,0.6548,0.6714,0.841,0.8866,HIGH,F4_num_submitted,16.3,F1_login_count,16.3,F6_inactive_days,15.8,17,F4 num submitted (16.3%) and F1 login count (16.3%),76,0.629324706823817,0.8700757857717414,0.08152432173957339,0.4959964732002823,10,0.8949,HIGH
77,OULAD_TEST_0077,0,0.0438,0.2049,0.0845,0.1222,0.0438,LOW,F1_login_count,19.1,F6_inactive_days,13.8,F5_on_time_rate,13.0,1,F1 login count (19.1%) and F6 inactive days (13.8%),77,0.0007592649534132502,0.09359052318597785,0.7665625282295161,0.21538509714023632,0,0.071,LOW
78,OULAD_TEST_0078,0,0.0529,0.7533,0.6081,0.181,0.0529,LOW,F1_login_count,18.4,F13_weeks_since_active,11.9,F5_on_time_rate,11.8,11,F1 login count (18.4%) and F13 weeks since active (11.9%),78,0.04620607765355023,0.10808953499004151,0.8371400382945213,0.02600408995382522,0,0.082,LOW
79,OULAD_TEST_0079,1,0.5685,0.7238,0.5846,0.5009,0.5685,MEDIUM,F1_login_count,15.3,F6_inactive_days,12.2,F5_on_time_rate,10.3,9,F1 login count (15.3%) and F6 inactive days (12.2%),79,0.19919310853991068,0.48993113023434887,0.4425622249427847,0.25388710345993887,7,0.6431,MEDIUM
80,OULAD_TEST_0080,0,0.0358,0.2192,0.1107,0.1404,0.0358,LOW,F6_inactive_days,13.8,F4_num_submitted,13.4,F5_on_time_rate,13.2,1,F6 inactive days (13.8%) and F4 num submitted (13.4%),80,0.0030928112162488045,0.14326673161628029,0.7210030381092283,0.0,1,0.0796,LOW
81,OULAD_TEST_0081,1,0.8631,0.5011,0.7818,0.6854,0.8631,HIGH,F1_login_count,20.3,F5_on_time_rate,12.6,F4_num_submitted,12.6,6,F1 login count (20.3%) and F5 on time rate (12.6%),81,0.6398812571511746,0.7664160236767598,0.09445859853700672,0.5577863195502225,7,0.8818,HIGH
82,OULAD_TEST_0082,0,0.5244,0.4991,0.4173,0.5421,0.5244,MEDIUM,F1_login_count,19.0,F13_weeks_since_active,14.1,F5_on_time_rate,14.1,5,F1 login count (19.0%) and F13 weeks since active (14.1%),82,0.5148694044741515,0.37685296718611433,0.30386791693893295,0.1546622389827349,5,0.6298,MEDIUM
83,OULAD_TEST_0083,0,0.5384,0.5432,0.6466,0.6889,0.5384,MEDIUM,F1_login_count,24.9,F5_on_time_rate,14.9,F6_inactive_days,10.1,8,F1 login count (24.9%) and F5 on time rate (14.9%),83,0.32505297817263523,0.5699095976100153,0.25647374451923066,0.2933596843324298,3,0.6783,MEDIUM
84,OULAD_TEST_0084,0,0.125,0.4004,0.1945,0.1498,0.125,LOW,F1_login_count,22.1,F6_inactive_days,13.6,F4_num_submitted,13.5,6,F1 login count (22.1%) and F6 inactive days (13.6%),84,0.006650639710681222,0.1620822618031222,0.7309894779380636,0.1149876641988026,2,0.1184,LOW
85,OULAD_TEST_0085,0,0.0205,0.217,0.091,0.0683,0.0205,LOW,F6_inactive_days,15.0,F4_num_submitted,14.0,F7_score_change,10.3,1,F6 inactive days (15.0%) and F4 num submitted (14.0%),85,0.0,0.0,0.6562414451403401,0.1681979784657201,0,0.0637,LOW
86,OULAD_TEST_0086,0,0.2799,0.558,0.4269,0.2038,0.2799,LOW,F1_login_count,18.9,F6_inactive_days,14.1,F4_num_submitted,13.8,11,F1 login count (18.9%) and F6 inactive days (14.1%),86,0.2874702117702074,0.1995555626080605,0.5346173099428138,0.24804576964439945,2,0.2429,LOW
87,OULAD_TEST_0087,0,0.2874,0.5405,0.3579,0.4175,0.2874,LOW,F1_login_count,27.2,F5_on_time_rate,14.8,F6_inactive_days,11.0,6,F1 login count (27.2%) and F5 on time rate (14.8%),87,0.23405511096596843,0.2680160436112609,0.47056260401007627,0.08675218584213854,2,0.2883,LOW
88,OULAD_TEST_0088,1,0.9898,0.5047,0.4556,0.5579,0.9898,HIGH,F1_login_count,25.8,F5_on_time_rate,13.0,F6_inactive_days,11.6,17,F1 login count (25.8%) and F5 on time rate (13.0%),88,0.639883979623296,0.8783847836214068,0.06312831862902596,0.7352903181076463,9,0.9015,HIGH
89,OULAD_TEST_0089,0,0.0585,0.3221,0.3537,0.2686,0.0585,LOW,F6_inactive_days,12.3,F4_num_submitted,12.3,F5_on_time_rate,11.5,1,F6 inactive days (12.3%) and F4 num submitted (12.3%),89,0.09227674331133562,0.06550838125049652,0.9333430099266489,0.0,1,0.0866,LOW
90,OULAD_TEST_0090,0,0.4953,0.5965,0.5546,0.5408,0.4953,MEDIUM,F1_login_count,25.6,F5_on_time_rate,16.6,F6_inactive_days,10.9,8,F1 login count (25.6%) and F5 on time rate (16.6%),90,0.35641775493480404,0.4459096938754308,0.27360120171966684,0.14889563735407094,5,0.5905,MEDIUM
91,OULAD_TEST_0091,0,0.7726,0.5305,0.771,0.6298,0.7726,HIGH,F1_login_count,23.7,F5_on_time_rate,14.0,F6_inactive_days,9.9,6,F1 login count (23.7%) and F5 on time rate (14.0%),91,0.6376844990532888,0.7927065899661103,0.0,0.44291503688814327,7,0.8614,HIGH
92,OULAD_TEST_0092,0,0.5433,0.6722,0.6585,0.8264,0.5433,MEDIUM,F1_login_count,19.8,F5_on_time_rate,11.2,F2_vle_clicks,8.7,16,F1 login count (19.8%) and F5 on time rate (11.2%),92,0.31010469061226476,0.5475284521787909,0.3528713114649933,0.4985603041374842,6,0.7312,HIGH
93,OULAD_TEST_0093,0,0.035,0.213,0.115,0.0339,0.035,LOW,F1_login_count,19.1,F6_inactive_days,15.5,F4_num_submitted,15.3,1,F1 login count (19.1%) and F6 inactive days (15.5%),93,0.0,0.04500084730120195,0.7735697795957759,0.04082880600779103,0,0.0568,LOW
94,OULAD_TEST_0094,0,0.0789,0.4091,0.2382,0.1676,0.0789,LOW,F1_login_count,15.1,F13_weeks_since_active,12.9,F4_num_submitted,11.2,8,F1 login count (15.1%) and F13 weeks since active (12.9%),94,0.016019184686784226,0.14236984646139866,0.7587459306757298,0.04884262371957436,0,0.0848,LOW
95,OULAD_TEST_0095,0,0.1584,0.2936,0.5183,0.3537,0.1584,LOW,F5_on_time_rate,13.2,F6_inactive_days,13.1,F4_num_submitted,12.7,1,F5 on time rate (13.2%) and F6 inactive days (13.1%),95,0.0,0.052038087717796846,0.6286479484765656,0.2915053973643424,1,0.1251,LOW
96,OULAD_TEST_0096,0,0.1193,0.2908,0.2138,0.1881,0.1193,LOW,F1_login_count,18.8,F6_inactive_days,14.7,F4_num_submitted,14.2,1,F1 login count (18.8%) and F6 inactive days (14.7%),96,0.1131220277064576,0.1332391639957447,0.684496070117457,0.0,0,0.0982,LOW
97,OULAD_TEST_0097,0,0.0532,0.4482,0.1931,0.1189,0.0532,LOW,F6_inactive_days,16.0,F4_num_submitted,15.3,F1_login_count,12.2,16,F6 inactive days (16.0%) and F4 num submitted (15.3%),97,0.06334552721798893,0.18996450797864883,0.7941910410540602,0.0,1,0.0941,LOW
98,OULAD_TEST_0098,0,0.4364,0.5879,0.5199,0.4749,0.4364,MEDIUM,F1_login_count,15.7,F13_weeks_since_active,15.1,F5_on_time_rate,11.7,7,F1 login count (15.7%) and F13 weeks since active (15.1%),98,0.3059913456642461,0.3534963283686101,0.5549230892644839,0.06793842348398016,3,0.3821,LOW
99,OULAD_TEST_0099,1,0.9188,0.5687,0.7527,0.7264,0.9188,HIGH,F1_login_count,20.3,F4_num_submitted,13.9,F6_inactive_days,13.6,17,F1 login count (20.3%) and F4 num submitted (13.9%),99,0.6197012866624853,0.7131692857104731,0.0,0.5959977823776066,8,0.8942,HIGH
100,OULAD_TEST_0100,0,0.1368,0.4027,0.2133,0.1564,0.1368,LOW,F13_weeks_since_active,12.9,F4_num_submitted,12.6,F6_inactive_days,12.3,2,F13 weeks since active (12.9%) and F4 num submitted (12.6%),100,0.0,0.06411288891255514,0.6536660560968538,0.10205917525381494,4,0.1462,LOW
101,OULAD_TEST_0101,0,0.274,0.5513,0.7122,0.5094,0.274,LOW,F1_login_count,21.0,F6_inactive_days,11.7,F13_weeks_since_active,11.5,5,F1 login count (21.0%) and F6 inactive days (11.7%),101,0.14973546772346408,0.14572935701260897,0.6021808793941064,0.34952836407357313,4,0.292,LOW
102,OULAD_TEST_0102,0,0.1808,0.378,0.2141,0.1386,0.1808,LOW,F1_login_count,23.5,F5_on_time_rate,13.7,F6_inactive_days,11.5,5,F1 login count (23.5%) and F5 on time rate (13.7%),102,0.09228854834732303,0.09089904734978371,0.5635623895389265,0.13769700925641243,0,0.1146,LOW
103,OULAD_TEST_0103,0,0.2044,0.6521,0.5812,0.4627,0.2044,LOW,F1_login_count,21.7,F6_inactive_days,12.9,F4_num_submitted,11.4,6,F1 login count (21.7%) and F6 inactive days (12.9%),103,0.06285227307783808,0.14409935211279767,0.80959696317673,0.07414114086248366,2,0.1768,LOW
104,OULAD_TEST_0104,0,0.3955,0.5166,0.5271,0.3703,0.3955,LOW,F1_login_count,17.5,F6_inactive_days,15.1,F4_num_submitted,13.7,11,F1 login count (17.5%) and F6 inactive days (15.1%),104,0.26072142883339905,0.22372963846570865,0.4200590119771263,0.23751538474537287,4,0.3763,LOW
105,OULAD_TEST_0105,0,0.3428,0.5633,0.2361,0.3642,0.3428,LOW,F1_login_count,18.2,F5_on_time_rate,10.3,F13_weeks_since_active,10.2,9,F1 login count (18.2%) and F5 on time rate (10.3%),105,0.2803650856814538,0.29262946671596823,0.5216307312992717,0.21980489021531496,4,0.3705,LOW
106,OULAD_TEST_0106,0,0.3153,0.502,0.4135,0.2387,0.3153,LOW,F1_login_count,21.5,F5_on_time_rate,15.0,F13_weeks_since_active,13.1,5,F1 login count (21.5%) and F5 on time rate (15.0%),106,0.40932859012105305,0.34018717390293174,0.603362209684229,0.0,3,0.2995,LOW
107,OULAD_TEST_0107,0,0.5504,0.47,0.5514,0.6281,0.5504,MEDIUM,F6_inactive_days,16.0,F4_num_submitted,15.8,F1_login_count,14.0,16,F6 inactive days (16.0%) and F4 num submitted (15.8%),107,0.4027377812831838,0.39521950558824637,0.30055152111981054,0.6554797973201871,7,0.7325,HIGH
108,OULAD_TEST_0108,0,0.3036,0.5044,0.4307,0.4376,0.3036,LOW,F1_login_count,17.1,F13_weeks_since_active,16.8,F5_on_time_rate,14.2,11,F1 login count (17.1%) and F13 weeks since active (16.8%),108,0.23827503907227643,0.3796027138913415,0.3724626952195583,0.24454452217222936,3,0.3584,LOW
109,OULAD_TEST_0109,1,0.9933,0.5285,0.4535,0.7814,0.9933,HIGH,F1_login_count,27.1,F5_on_time_rate,14.8,F4_num_submitted,8.8,9,F1 login count (27.1%) and F5 on time rate (14.8%),109,0.6878654084233833,0.8851683670822076,0.0,0.6211809969627107,9,0.9116,HIGH
110,OULAD_TEST_0110,0,0.3969,0.5864,0.4172,0.5719,0.3969,LOW,F1_login_count,17.3,F6_inactive_days,14.5,F4_num_submitted,14.3,16,F1 login count (17.3%) and F6 inactive days (14.5%),110,0.0859528784700958,0.41981144684992455,0.585424055592704,0.3119596781134296,5,0.4422,MEDIUM
111,OULAD_TEST_0111,1,0.9949,0.7164,0.614,0.728,0.9949,HIGH,F1_login_count,25.8,F5_on_time_rate,14.9,F4_num_submitted,10.9,5,F1 login count (25.8%) and F5 on time rate (14.9%),111,0.6937786124550783,0.7930382356918291,0.0,0.6820693176703926,10,0.9149,HIGH
112,OULAD_TEST_0112,0,0.163,0.3071,0.3853,0.324,0.163,LOW,F1_login_count,18.4,F5_on_time_rate,14.6,F13_weeks_since_active,12.7,14,F1 login count (18.4%) and F5 on time rate (14.6%),112,0.12012302099410263,0.20691201816532928,0.5849565698541022,0.08093358173970819,1,0.152,LOW
113,OULAD_TEST_0113,0,0.2692,0.5829,0.2175,0.3183,0.2692,LOW,F1_login_count,18.3,F4_num_submitted,12.6,F5_on_time_rate,12.2,17,F1 login count (18.3%) and F4 num submitted (12.6%),113,0.4347642112485286,0.14146528796837496,0.6772072209502722,0.08577106365111593,3,0.28,LOW
114,OULAD_TEST_0114,0,0.4203,0.5289,0.5523,0.5079,0.4203,MEDIUM,F1_login_count,19.4,F4_num_submitted,14.5,F6_inactive_days,13.9,17,F1 login count (19.4%) and F4 num submitted (14.5%),114,0.2749739035218877,0.4284748000669207,0.43068251039769473,0.3241140823586045,4,0.4866,MEDIUM
115,OULAD_TEST_0115,0,0.1269,0.4985,0.1992,0.1762,0.1269,LOW,F1_login_count,24.4,F5_on_time_rate,14.7,F6_inactive_days,11.5,5,F1 login count (24.4%) and F5 on time rate (14.7%),115,0.11898473423336126,0.1216121471834825,0.6474639186349782,0.12242530086377429,1,0.1292,LOW
116,OULAD_TEST_0116,0,0.1638,0.484,0.233,0.1609,0.1638,LOW,F1_login_count,18.7,F13_weeks_since_active,12.1,F5_on_time_rate,10.6,8,F1 login count (18.7%) and F13 weeks since active (12.1%),116,0.11118882302947566,0.18349009759878268,0.683905608966331,0.0010931881092710177,0,0.1165,LOW
117,OULAD_TEST_0117,0,0.1936,0.476,0.5045,0.2961,0.1936,LOW,F1_login_count,23.5,F5_on_time_rate,13.1,F4_num_submitted,12.1,5,F1 login count (23.5%) and F5 on time rate (13.1%),117,0.01865219623804676,0.07051243155001186,0.7221950209618788,0.28644427336407163,0,0.113,LOW
118,OULAD_TEST_0118,0,0.0876,0.2063,0.0839,0.0644,0.0876,LOW,F1_login_count,19.5,F4_num_submitted,13.8,F6_inactive_days,13.8,8,F1 login count (19.5%) and F4 num submitted (13.8%),118,0.17560228145150206,0.0028544126178716156,0.9680913531732547,0.087762244358758,0,0.0667,LOW
119,OULAD_TEST_0119,0,0.1298,0.3826,0.3655,0.5722,0.1298,LOW,F1_login_count,13.9,F13_weeks_since_active,10.4,F5_on_time_rate,10.0,11,F1 login count (13.9%) and F13 weeks since active (10.4%),119,0.1660533032686774,0.1581082574602708,0.7788836107657423,0.16545832347211567,0,0.1545,LOW
120,OULAD_TEST_0120,1,0.7718,0.801,0.6714,0.6395,0.7718,HIGH,F1_login_count,22.0,F5_on_time_rate,11.8,F6_inactive_days,11.5,11,F1 login count (22.0%) and F5 on time rate (11.8%),120,0.6193631947043047,0.580162159662064,0.2985439966388344,0.6301105065215903,6,0.8332,HIGH
121,OULAD_TEST_0121,0,0.214,0.5915,0.4768,0.4091,0.214,LOW,F1_login_count,19.6,F5_on_time_rate,14.0,F13_weeks_since_active,10.5,9,F1 login count (19.6%) and F5 on time rate (14.0%),121,0.058861254520526096,0.21895650336792982,0.5782033801012145,0.13102665853978016,1,0.19,LOW
122,OULAD_TEST_0122,1,0.6429,0.423,0.5028,0.7768,0.6429,MEDIUM,F1_login_count,19.0,F5_on_time_rate,13.6,F4_num_submitted,12.9,17,F1 login count (19.0%) and F5 on time rate (13.6%),122,0.5903094310936099,0.4370939754831803,0.18309318940305236,0.4237742408380939,6,0.7752,HIGH
123,OULAD_TEST_0123,0,0.5363,0.5176,0.6127,0.581,0.5363,MEDIUM,F1_login_count,22.3,F5_on_time_rate,13.8,F6_inactive_days,10.0,6,F1 login count (22.3%) and F5 on time rate (13.8%),123,0.23522489372077188,0.5237089370133334,0.3771931349619123,0.418983268620734,4,0.6611,MEDIUM
124,OULAD_TEST_0124,0,0.0548,0.3919,0.1059,0.0491,0.0548,LOW,F1_login_count,14.4,F6_inactive_days,10.8,F4_num_submitted,10.2,1,F1 login count (14.4%) and F6 inactive days (10.8%),124,0.09704570938002703,0.0,0.7668769915259597,0.0,0,0.0701,LOW
125,OULAD_TEST_0125,0,0.0458,0.3717,0.217,0.1328,0.0458,LOW,F1_login_count,19.0,F5_on_time_rate,12.3,F13_weeks_since_active,11.4,8,F1 login count (19.0%) and F5 on time rate (12.3%),125,0.25110556258099787,0.08311399501436187,0.6555087258635404,0.033966199541520116,2,0.1239,LOW
126,OULAD_TEST_0126,1,0.4487,0.5226,0.587,0.4631,0.4487,MEDIUM,F1_login_count,19.4,F5_on_time_rate,11.8,F6_inactive_days,11.3,7,F1 login count (19.4%) and F5 on time rate (11.8%),126,0.21503636748693114,0.43144547469168004,0.4235105470095988,0.28428583039813776,6,0.5453,MEDIUM
127,OULAD_TEST_0127,0,0.0747,0.4729,0.4946,0.211,0.0747,LOW,F1_login_count,17.5,F6_inactive_days,14.3,F4_num_submitted,12.7,11,F1 login count (17.5%) and F6 inactive days (14.3%),127,0.0,0.007753254525634003,0.7801717601719131,0.0,1,0.0839,LOW
128,OULAD_TEST_0128,0,0.1527,0.3733,0.3781,0.268,0.1527,LOW,F1_login_count,15.4,F13_weeks_since_active,15.1,F5_on_time_rate,14.6,11,F1 login count (15.4%) and F13 weeks since active (15.1%),128,0.11685513650876413,0.17635712536677814,0.713879339501808,0.3697364146408654,4,0.2009,LOW
129,OULAD_TEST_0129,0,0.099,0.3939,0.3266,0.1463,0.099,LOW,F1_login_count,19.7,F6_inactive_days,15.6,F4_num_submitted,14.1,11,F1 login count (19.7%) and F6 inactive days (15.6%),129,0.018952434588380078,0.10498538106668448,0.7712287853384273,0.0,0,0.0795,LOW
130,OULAD_TEST_0130,0,0.0962,0.4011,0.2472,0.1372,0.0962,LOW,F13_weeks_since_active,13.6,F4_num_submitted,10.8,F1_login_count,10.1,5,F13 weeks since active (13.6%) and F4 num submitted (10.8%),130,0.0,0.03866265150458093,0.7521364730137444,0.0,3,0.1074,LOW
131,OULAD_TEST_0131,0,0.085,0.2337,0.1779,0.0558,0.085,LOW,F1_login_count,18.0,F6_inactive_days,13.3,F5_on_time_rate,12.9,1,F1 login count (18.0%) and F6 inactive days (13.3%),131,0.06635629748060273,0.0,0.6812991340729945,0.20870718908442948,0,0.0732,LOW
132,OULAD_TEST_0132,0,0.2573,0.5176,0.4361,0.4451,0.2573,LOW,F13_weeks_since_active,15.6,F1_login_count,14.2,F5_on_time_rate,12.1,6,F13 weeks since active (15.6%) and F1 login count (14.2%),132,0.07387962862738948,0.06169494466619366,0.5427699373351157,0.23997195009558508,2,0.2151,LOW
133,OULAD_TEST_0133,1,0.5734,0.3184,0.3816,0.6855,0.5734,MEDIUM,F1_login_count,21.9,F6_inactive_days,13.2,F4_num_submitted,11.9,16,F1 login count (21.9%) and F6 inactive days (13.2%),133,0.4487392430635182,0.5153620037839755,0.22138486020061243,0.22092422190230668,3,0.6789,MEDIUM
134,OULAD_TEST_0134,0,0.0206,0.2654,0.0634,0.0662,0.0206,LOW,F1_login_count,14.4,F6_inactive_days,14.0,F4_num_submitted,12.2,1,F1 login count (14.4%) and F6 inactive days (14.0%),134,0.0,0.0,0.9619975039185096,0.08523468181220313,0,0.0517,LOW
135,OULAD_TEST_0135,0,0.0626,0.2849,0.052,0.1307,0.0626,LOW,F1_login_count,19.3,F6_inactive_days,14.5,F4_num_submitted,13.5,1,F1 login count (19.3%) and F6 inactive days (14.5%),135,0.19881344050175395,0.06083753595530465,0.7512650364619293,0.21370205339967718,1,0.1046,LOW
136,OULAD_TEST_0136,1,0.9973,0.7105,0.8636,0.8034,0.9973,HIGH,F1_login_count,17.7,F4_num_submitted,16.0,F6_inactive_days,15.4,8,F1 login count (17.7%) and F4 num submitted (16.0%),136,0.6197846707663762,0.82662914271342,0.0,0.5947484330883617,9,0.9178,HIGH
137,OULAD_TEST_0137,1,0.9897,0.3655,0.592,0.5982,0.9897,HIGH,F1_login_count,26.5,F5_on_time_rate,14.9,F6_inactive_days,10.1,14,F1 login count (26.5%) and F5 on time rate (14.9%),137,0.6605838483794324,0.8955764220350556,0.0,0.9056787480089499,10,0.9225,HIGH
138,OULAD_TEST_0138,1,0.9995,0.8081,0.9366,0.9432,0.9995,HIGH,F1_login_count,27.0,F5_on_time_rate,13.3,F13_weeks_since_active,11.3,7,F1 login count (27.0%) and F5 on time rate (13.3%),138,0.7810017217369669,0.825411360040811,0.2939657902327778,0.39281258269583574,10,0.9142,HIGH
139,OULAD_TEST_0139,0,0.4927,0.7131,0.6811,0.4794,0.4927,MEDIUM,F1_login_count,22.6,F5_on_time_rate,13.6,F6_inactive_days,10.6,11,F1 login count (22.6%) and F5 on time rate (13.6%),139,0.22180356835660445,0.3924391770922327,0.2985071967777104,0.37887881446309224,4,0.5622,MEDIUM
140,OULAD_TEST_0140,0,0.0631,0.2485,0.1887,0.1485,0.0631,LOW,F4_num_submitted,15.5,F6_inactive_days,15.4,F1_login_count,13.5,1,F4 num submitted (15.5%) and F6 inactive days (15.4%),140,0.06691599346041294,0.11218465634306365,0.7066352074393927,0.17784340034652038,0,0.0838,LOW
141,OULAD_TEST_0141,0,0.2059,0.5378,0.3736,0.2008,0.2059,LOW,F1_login_count,18.5,F6_inactive_days,15.8,F4_num_submitted,14.4,11,F1 login count (18.5%) and F6 inactive days (15.8%),141,0.2748442754282428,0.20181964232672941,0.6768636836286062,0.2305012681926296,3,0.2229,LOW
142,OULAD_TEST_0142,1,0.435,0.5017,0.3923,0.4784,0.435,MEDIUM,F1_login_count,18.3,F5_on_time_rate,12.9,F13_weeks_since_active,12.1,17,F1 login count (18.3%) and F5 on time rate (12.9%),142,0.14375167654387722,0.3950424765746222,0.5120212965744277,0.2364773128025222,3,0.386,LOW
143,OULAD_TEST_0143,0,0.348,0.7458,0.6052,0.5273,0.348,LOW,F1_login_count,18.7,F13_weeks_since_active,12.8,F5_on_time_rate,11.7,9,F1 login count (18.7%) and F13 weeks since active (12.8%),143,0.26206338585323036,0.3333414071846821,0.6173932055215685,0.17394702215866206,4,0.3671,LOW
144,OULAD_TEST_0144,0,0.3316,0.4533,0.3754,0.4958,0.3316,LOW,F1_login_count,23.0,F5_on_time_rate,15.4,F6_inactive_days,13.3,15,F1 login count (23.0%) and F5 on time rate (15.4%),144,0.2581082794248423,0.15901423014343152,0.7154808507769264,0.2522574205304709,5,0.3479,LOW
145,OULAD_TEST_0145,1,0.7939,0.6975,0.6703,0.5964,0.7939,HIGH,F1_login_count,18.4,F6_inactive_days,13.3,F4_num_submitted,12.7,9,F1 login count (18.4%) and F6 inactive days (13.3%),145,0.633912287177731,0.7353580943989586,0.2154957655460712,0.5742305383982483,5,0.8474,HIGH
146,OULAD_TEST_0146,0,0.4506,0.5356,0.569,0.4418,0.4506,MEDIUM,F1_login_count,17.7,F6_inactive_days,14.2,F4_num_submitted,14.1,9,F1 login count (17.7%) and F6 inactive days (14.2%),146,0.19172492891219178,0.4320075035210882,0.3339169200033333,0.34265681235388357,6,0.5494,MEDIUM
147,OULAD_TEST_0147,0,0.3704,0.6557,0.6327,0.5512,0.3704,LOW,F1_login_count,18.5,F5_on_time_rate,13.3,F13_weeks_since_active,12.4,8,F1 login count (18.5%) and F5 on time rate (13.3%),147,0.12723433869157239,0.23350534971388023,0.4779854874878219,0.3470469468952067,6,0.3979,LOW
148,OULAD_TEST_0148,0,0.5663,0.5949,0.4972,0.381,0.5663,MEDIUM,F1_login_count,16.8,F6_inactive_days,13.3,F4_num_submitted,11.7,8,F1 login count (16.8%) and F6 inactive days (13.3%),148,0.4486041565616897,0.46182856210606393,0.3777432372513885,0.2175156051519918,6,0.649,MEDIUM
149,OULAD_TEST_0149,0,0.8432,0.6609,0.5701,0.8804,0.8432,HIGH,F1_login_count,20.7,F6_inactive_days,15.8,F4_num_submitted,15.3,17,F1 login count (20.7%) and F6 inactive days (15.8%),149,0.6199384673233185,0.7135754169897894,0.33226260415058245,0.47858748250516375,9,0.8596,HIGH
150,OULAD_TEST_0150,0,0.0929,0.4705,0.4177,0.2297,0.0929,LOW,F1_login_count,17.7,F6_inactive_days,13.7,F4_num_submitted,12.8,11,F1 login count (17.7%) and F6 inactive days (13.7%),150,0.09007928503458765,0.06820525724786138,0.5858994521575704,0.0,2,0.1301,LOW
151,OULAD_TEST_0151,0,0.697,0.6068,0.77,0.763,0.697,MEDIUM,F1_login_count,18.0,F6_inactive_days,12.9,F4_num_submitted,12.8,13,F1 login count (18.0%) and F6 inactive days (12.9%),151,0.5225448209496976,0.6191587973254827,0.3626576505225228,0.37186646686966296,6,0.7961,HIGH
152,OULAD_TEST_0152,1,0.9742,0.6598,0.6131,0.4385,0.9742,HIGH,F1_login_count,18.3,F4_num_submitted,15.9,F6_inactive_days,15.9,11,F1 login count (18.3%) and F4 num submitted (15.9%),152,0.6139375278421508,0.9425793425464947,0.03863143695464172,0.7063465070177166,10,0.9017,HIGH
153,OULAD_TEST_0153,1,0.6722,0.7494,0.7385,0.764,0.6722,MEDIUM,F1_login_count,16.5,F5_on_time_rate,13.9,F4_num_submitted,10.9,12,F1 login count (16.5%) and F5 on time rate (13.9%),153,0.4937653697161003,0.6579113382138263,0.34602305352294804,0.4162780704870275,4,0.7869,HIGH
154,OULAD_TEST_0154,0,0.2315,0.2883,0.214,0.3046,0.2315,LOW,F1_login_count,22.0,F6_inactive_days,13.9,F5_on_time_rate,13.6,17,F1 login count (22.0%) and F6 inactive days (13.9%),154,0.19135724732986814,0.09179746452548751,0.6046005283364068,0.4517230995779723,2,0.2007,LOW
155,OULAD_TEST_0155,0,0.2146,0.5071,0.4273,0.3126,0.2146,LOW,F13_weeks_since_active,17.1,F1_login_count,17.0,F5_on_time_rate,13.3,5,F13 weeks since active (17.1%) and F1 login count (17.0%),155,0.07878485819736321,0.23217559922448391,0.5440767369873674,0.15196876406276605,2,0.202,LOW
156,OULAD_TEST_0156,1,0.4112,0.4097,0.4601,0.4555,0.4112,MEDIUM,F1_login_count,21.5,F5_on_time_rate,13.4,F6_inactive_days,10.1,9,F1 login count (21.5%) and F5 on time rate (13.4%),156,0.47441745111447564,0.45583466556283275,0.5461272779401332,0.25388302566956833,4,0.5238,MEDIUM
157,OULAD_TEST_0157,0,0.2212,0.4785,0.4608,0.5183,0.2212,LOW,F1_login_count,25.1,F5_on_time_rate,14.6,F6_inactive_days,11.9,13,F1 login count (25.1%) and F5 on time rate (14.6%),157,0.20222329209117876,0.21896468165513622,0.6884831027105621,0.14546195033282597,3,0.2644,LOW
158,OULAD_TEST_0158,0,0.4708,0.4206,0.4786,0.4661,0.4708,MEDIUM,F1_login_count,18.8,F4_num_submitted,13.9,F6_inactive_days,13.9,7,F1 login count (18.8%) and F4 num submitted (13.9%),158,0.2104296502797351,0.4874584340148773,0.5205656965739722,0.2059429568568077,3,0.4212,MEDIUM
159,OULAD_TEST_0159,0,0.5473,0.5976,0.4639,0.5729,0.5473,MEDIUM,F1_login_count,19.7,F4_num_submitted,15.8,F6_inactive_days,15.6,16,F1 login count (19.7%) and F4 num submitted (15.8%),159,0.448765360863383,0.6261866356560613,0.3608295364621365,0.3214396065146888,4,0.6922,MEDIUM
160,OULAD_TEST_0160,1,0.5185,0.4648,0.5197,0.5801,0.5185,MEDIUM,F1_login_count,27.8,F5_on_time_rate,14.8,F2_vle_clicks,9.3,7,F1 login count (27.8%) and F5 on time rate (14.8%),160,0.2654818329772678,0.5226217636885585,0.3252177976680151,0.4464345632533975,8,0.6813,MEDIUM
161,OULAD_TEST_0161,0,0.1483,0.3463,0.4015,0.4417,0.1483,LOW,F13_weeks_since_active,15.1,F4_num_submitted,13.4,F6_inactive_days,13.2,10,F13 weeks since active (15.1%) and F4 num submitted (13.4%),161,0.18251846037424518,0.14599968765133828,0.5254813004976159,0.10265648017533267,1,0.1819,LOW
162,OULAD_TEST_0162,0,0.0277,0.4122,0.1049,0.0514,0.0277,LOW,F1_login_count,20.6,F6_inactive_days,12.7,F4_num_submitted,11.7,5,F1 login count (20.6%) and F6 inactive days (12.7%),162,0.13524955790074042,0.10715207792678028,0.8597773268139407,0.0,0,0.072,LOW
163,OULAD_TEST_0163,1,0.7887,0.8858,0.8645,0.8608,0.7887,HIGH,F5_on_time_rate,16.2,F1_login_count,14.3,F6_inactive_days,13.0,17,F5 on time rate (16.2%) and F1 login count (14.3%),163,0.47002176816482893,0.6819860266477512,0.21142894824439867,0.36220984554256375,7,0.8389,HIGH
164,OULAD_TEST_0164,0,0.9581,0.2536,0.7375,0.8642,0.9581,HIGH,F1_login_count,18.9,F6_inactive_days,10.8,F13_weeks_since_active,10.1,14,F1 login count (18.9%) and F6 inactive days (10.8%),164,0.7670076129244321,0.8162972434627963,0.0,0.5208357730000988,8,0.9149,HIGH
165,OULAD_TEST_0165,0,0.0501,0.4507,0.168,0.1276,0.0501,LOW,F1_login_count,21.8,F5_on_time_rate,12.1,F6_inactive_days,10.0,9,F1 login count (21.8%) and F5 on time rate (12.1%),165,0.07634809269364984,0.014471861142901395,0.7060626326703376,0.03892361212930564,2,0.1022,LOW
166,OULAD_TEST_0166,0,0.2853,0.6674,0.4133,0.2745,0.2853,LOW,F1_login_count,20.8,F5_on_time_rate,14.4,F4_num_submitted,9.3,12,F1 login count (20.8%) and F5 on time rate (14.4%),166,0.281916015999449,0.3675780687065686,0.525084118804856,0.3144103842571514,2,0.2985,LOW
167,OULAD_TEST_0167,0,0.3135,0.4431,0.5286,0.468,0.3135,LOW,F6_inactive_days,14.3,F4_num_submitted,14.0,F1_login_count,12.6,14,F6 inactive days (14.3%) and F4 num submitted (14.0%),167,0.40912929826539474,0.2010007067246399,0.4009015568017582,0.027241363036027588,1,0.2874,LOW
168,OULAD_TEST_0168,1,0.0498,0.3422,0.3897,0.2673,0.0498,LOW,F13_weeks_since_active,15.0,F1_login_count,14.8,F5_on_time_rate,12.3,7,F13 weeks since active (15.0%) and F1 login count (14.8%),168,0.010321188399712945,0.16491941797424928,0.6783917603394867,0.0,0,0.0886,LOW
169,OULAD_TEST_0169,1,0.2884,0.3583,0.4456,0.3806,0.2884,LOW,F1_login_count,15.1,F13_weeks_since_active,12.5,F5_on_time_rate,11.1,16,F1 login count (15.1%) and F13 weeks since active (12.5%),169,0.126506383564251,0.2851291298992297,0.4558969643193646,0.19035720233220946,0,0.2046,LOW
170,OULAD_TEST_0170,0,0.3205,0.4999,0.4958,0.4725,0.3205,LOW,F6_inactive_days,14.2,F13_weeks_since_active,13.8,F4_num_submitted,13.6,10,F6 inactive days (14.2%) and F13 weeks since active (13.8%),170,0.13539855703744766,0.16048050601584465,0.5023520988112063,0.0,2,0.2563,LOW
171,OULAD_TEST_0171,0,0.5713,0.4972,0.4377,0.4224,0.5713,MEDIUM,F1_login_count,21.9,F5_on_time_rate,16.3,F13_weeks_since_active,12.7,11,F1 login count (21.9%) and F5 on time rate (16.3%),171,0.3183289715034562,0.5150169434393137,0.2690902501670437,0.24274820604403127,4,0.6258,MEDIUM
172,OULAD_TEST_0172,0,0.1813,0.423,0.2015,0.0702,0.1813,LOW,F1_login_count,16.3,F4_num_submitted,12.1,F13_weeks_since_active,11.5,7,F1 login count (16.3%) and F4 num submitted (12.1%),172,0.11919982905858957,0.0,0.49225950791332507,0.02719337523165763,2,0.1327,LOW
173,OULAD_TEST_0173,0,0.0628,0.3352,0.1617,0.0771,0.0628,LOW,F6_inactive_days,15.2,F4_num_submitted,14.5,F1_login_count,12.5,5,F6 inactive days (15.2%) and F4 num submitted (14.5%),173,0.07807519748166439,0.10342064134648285,0.9520190230569483,0.0,0,0.0658,LOW
174,OULAD_TEST_0174,1,0.6276,0.5763,0.6128,0.7048,0.6276,MEDIUM,F1_login_count,24.3,F5_on_time_rate,12.9,F4_num_submitted,11.4,7,F1 login count (24.3%) and F5 on time rate (12.9%),174,0.46698907993300187,0.6042785186391193,0.42317407310292304,0.3995867454025977,7,0.7557,HIGH
175,OULAD_TEST_0175,0,0.4342,0.5261,0.445,0.4512,0.4342,MEDIUM,F1_login_count,19.3,F5_on_time_rate,16.5,F13_weeks_since_active,13.4,11,F1 login count (19.3%) and F5 on time rate (16.5%),175,0.38665832490360236,0.3216815235478357,0.3747380578480015,0.2412528468597843,6,0.5218,MEDIUM
176,OULAD_TEST_0176,0,0.0492,0.348,0.1319,0.1356,0.0492,LOW,F1_login_count,17.3,F6_inactive_days,12.7,F4_num_submitted,12.4,1,F1 login count (17.3%) and F6 inactive days (12.7%),176,0.0357401891877907,0.05170381567644658,0.787882139665361,0.0,1,0.0808,LOW
177,OULAD_TEST_0177,0,0.4493,0.5155,0.4504,0.4366,0.4493,MEDIUM,F1_login_count,22.4,F5_on_time_rate,17.0,F13_weeks_since_active,13.2,11,F1 login count (22.4%) and F5 on time rate (17.0%),177,0.45986340771573164,0.5382375947000229,0.4823065089821295,0.3209355151863162,4,0.6016,MEDIUM
178,OULAD_TEST_0178,0,0.2581,0.3581,0.2017,0.2214,0.2581,LOW,F1_login_count,26.3,F5_on_time_rate,13.2,F6_inactive_days,12.0,9,F1 login count (26.3%) and F5 on time rate (13.2%),178,0.15420431667620438,0.17892526365904507,0.7126285854773478,0.36162896611754997,2,0.1874,LOW
179,OULAD_TEST_0179,1,0.9992,0.5142,0.8371,0.8891,0.9992,HIGH,F1_login_count,27.4,F5_on_time_rate,15.4,F13_weeks_since_active,10.3,17,F1 login count (27.4%) and F5 on time rate (15.4%),179,0.9714569166589618,0.764607393035472,0.0,0.7962307820090102,7,0.9414,HIGH
180,OULAD_TEST_0180,0,0.5018,0.4095,0.5569,0.5918,0.5018,MEDIUM,F1_login_count,28.9,F5_on_time_rate,15.9,F2_vle_clicks,9.4,9,F1 login count (28.9%) and F5 on time rate (15.9%),180,0.41382673477650067,0.5450630721970079,0.5077706783982426,0.07034738735251966,4,0.5921,MEDIUM
181,OULAD_TEST_0181,0,0.0667,0.3701,0.2661,0.2841,0.0667,LOW,F4_num_submitted,14.2,F6_inactive_days,13.8,F5_on_time_rate,12.1,1,F4 num submitted (14.2%) and F6 inactive days (13.8%),181,0.0,0.2137019752424636,0.6918494695793066,0.10926866206021674,0,0.1018,LOW
182,OULAD_TEST_0182,0,0.5157,0.7071,0.6149,0.5622,0.5157,MEDIUM,F1_login_count,16.4,F4_num_submitted,15.5,F6_inactive_days,15.0,16,F1 login count (16.4%) and F4 num submitted (15.5%),182,0.2539007501938888,0.43864065374782785,0.25385375958313866,0.2880572051923394,6,0.6378,MEDIUM
183,OULAD_TEST_0183,0,0.621,0.5584,0.8419,0.6467,0.621,MEDIUM,F6_inactive_days,15.7,F4_num_submitted,14.7,F1_login_count,14.7,9,F6 inactive days (15.7%) and F4 num submitted (14.7%),183,0.4829472415243185,0.6087670428326685,0.37561365593144974,0.39121864114384275,10,0.7781,HIGH
184,OULAD_TEST_0184,0,0.6531,0.3341,0.3008,0.8005,0.6531,MEDIUM,F1_login_count,18.8,F6_inactive_days,12.8,F4_num_submitted,11.2,16,F1 login count (18.8%) and F6 inactive days (12.8%),184,0.4348237214674149,0.6624530732424705,0.4065958424122428,0.34406603597489416,7,0.7441,HIGH
185,OULAD_TEST_0185,0,0.3766,0.8381,0.8278,0.5011,0.3766,LOW,F6_inactive_days,15.8,F4_num_submitted,15.6,F1_login_count,13.8,10,F6 inactive days (15.8%) and F4 num submitted (15.6%),185,0.33502004940920915,0.2607112613969293,0.7575108973530684,0.24007063558646427,0,0.2429,LOW
186,OULAD_TEST_0186,1,0.5115,0.7446,0.6876,0.6456,0.5115,MEDIUM,F1_login_count,18.4,F5_on_time_rate,12.6,F13_weeks_since_active,10.9,5,F1 login count (18.4%) and F5 on time rate (12.6%),186,0.4053737624573544,0.3959505331705705,0.2708274734909787,0.3250688875286422,4,0.6701,MEDIUM
187,OULAD_TEST_0187,1,0.4122,0.7114,0.5106,0.6491,0.4122,MEDIUM,F1_login_count,17.4,F13_weeks_since_active,12.8,F5_on_time_rate,12.1,11,F1 login count (17.4%) and F13 weeks since active (12.8%),187,0.2812571087343127,0.44883996105237883,0.5401319685080789,0.1778457891181292,4,0.4579,MEDIUM
188,OULAD_TEST_0188,1,0.6832,0.5865,0.3625,0.221,0.6832,MEDIUM,F1_login_count,18.6,F6_inactive_days,13.8,F4_num_submitted,12.7,8,F1 login count (18.6%) and F6 inactive days (13.8%),188,0.3935606281931595,0.7155211422966807,0.2124598756206467,0.3023558942609783,6,0.7038,HIGH
189,OULAD_TEST_0189,1,0.8273,0.8481,0.9092,0.941,0.8273,HIGH,F1_login_count,18.4,F6_inactive_days,9.8,F5_on_time_rate,9.6,11,F1 login count (18.4%) and F6 inactive days (9.8%),189,0.42762527753141355,0.7482354688139483,0.21649587105240312,0.44253651808566186,7,0.8608,HIGH
190,OULAD_TEST_0190,1,0.5561,0.3407,0.361,0.2775,0.5561,MEDIUM,F1_login_count,18.3,F4_num_submitted,12.8,F6_inactive_days,12.3,1,F1 login count (18.3%) and F4 num submitted (12.8%),190,0.3446185047932979,0.4022998517198357,0.20807104487687492,0.36177111173481186,5,0.6005,MEDIUM
191,OULAD_TEST_0191,0,0.1167,0.3268,0.243,0.2706,0.1167,LOW,F1_login_count,24.7,F5_on_time_rate,13.0,F6_inactive_days,13.0,14,F1 login count (24.7%) and F5 on time rate (13.0%),191,0.16732987943234723,0.2581598889359553,0.5803630224301436,0.14189956100211168,0,0.1394,LOW
192,OULAD_TEST_0192,1,0.9622,0.681,0.7956,0.8129,0.9622,HIGH,F1_login_count,17.0,F4_num_submitted,16.2,F6_inactive_days,16.0,9,F1 login count (17.0%) and F4 num submitted (16.2%),192,0.6949493744130204,0.7753923281750428,0.0,0.6797218772808177,8,0.9172,HIGH
193,OULAD_TEST_0193,1,0.9937,0.6578,0.6357,0.7598,0.9937,HIGH,F1_login_count,28.7,F5_on_time_rate,16.7,F2_vle_clicks,9.6,9,F1 login count (28.7%) and F5 on time rate (16.7%),193,0.5710161221288012,0.8178339775062838,0.01293640456680843,0.5369171972319704,10,0.9019,HIGH
194,OULAD_TEST_0194,1,0.0719,0.411,0.2106,0.3322,0.0719,LOW,F1_login_count,20.6,F5_on_time_rate,13.1,F6_inactive_days,12.8,6,F1 login count (20.6%) and F5 on time rate (13.1%),194,0.0676480925851182,0.08850202675916972,0.6783718733461644,0.07720134807632842,0,0.1068,LOW
195,OULAD_TEST_0195,1,0.9882,0.5929,0.6177,0.6848,0.9882,HIGH,F1_login_count,27.0,F5_on_time_rate,14.6,F6_inactive_days,9.5,16,F1 login count (27.0%) and F5 on time rate (14.6%),195,0.7302717379728836,0.964302833657182,0.075345434391342,0.7084203110343958,10,0.9208,HIGH
196,OULAD_TEST_0196,0,0.0787,0.2357,0.2125,0.17,0.0787,LOW,F1_login_count,20.1,F5_on_time_rate,12.2,F4_num_submitted,11.6,8,F1 login count (20.1%) and F5 on time rate (12.2%),196,0.0,0.1352130781241779,0.8397294618257914,0.1870913874172954,0,0.076,LOW
197,OULAD_TEST_0197,0,0.323,0.5017,0.6478,0.5223,0.323,LOW,F1_login_count,19.2,F5_on_time_rate,13.1,F6_inactive_days,12.7,8,F1 login count (19.2%) and F5 on time rate (13.1%),197,0.2414725105945528,0.30773924002895287,0.6015577541245356,0.18674005750421735,5,0.381,LOW
198,OULAD_TEST_0198,1,0.9997,0.563,0.8437,0.9855,0.9997,HIGH,F1_login_count,25.2,F4_num_submitted,13.3,F6_inactive_days,12.7,12,F1 login count (25.2%) and F4 num submitted (13.3%),198,0.7056108718446,0.8868080824094484,0.16211876396608677,0.5733081930072466,8,0.9239,HIGH
199,OULAD_TEST_0199,1,0.9395,0.8035,0.9213,0.9525,0.9395,HIGH,F1_login_count,18.2,F4_num_submitted,12.3,F6_inactive_days,11.7,11,F1 login count (18.2%) and F4 num submitted (12.3%),199,0.5433529702169376,0.8020561734914773,0.08998266294553431,0.586634908060367,9,0.9096,HIGH
200,OULAD_TEST_0200,0,0.1547,0.5435,0.521,0.3488,0.1547,LOW,F1_login_count,19.7,F5_on_time_rate,12.4,F4_num_submitted,10.3,14,F1 login count (19.7%) and F5 on time rate (12.4%),200,0.14406873603482834,0.17614616116148052,0.5545503289659832,0.0,2,0.1858,LOW
201,OULAD_TEST_0201,0,0.1902,0.2861,0.5329,0.2479,0.1902,LOW,F1_login_count,19.7,F6_inactive_days,13.7,F5_on_time_rate,13.3,1,F1 login count (19.7%) and F6 inactive days (13.7%),201,0.18921845263682346,0.0,0.784177651353834,0.09088685867573904,1,0.1155,LOW
202,OULAD_TEST_0202,0,0.0353,0.3614,0.2074,0.0455,0.0353,LOW,F1_login_count,20.6,F6_inactive_days,10.8,F2_vle_clicks,9.5,1,F1 login count (20.6%) and F6 inactive days (10.8%),202,0.1330151243175277,0.0062764032744161286,0.7112443764394003,0.11053036781677558,0,0.073,LOW
203,OULAD_TEST_0203,0,0.5027,0.5878,0.722,0.8013,0.5027,MEDIUM,F1_login_count,23.7,F5_on_time_rate,16.2,F6_inactive_days,12.2,9,F1 login count (23.7%) and F5 on time rate (16.2%),203,0.45727020520349027,0.4466007547933425,0.488881849968557,0.37865365553324415,5,0.7001,HIGH
204,OULAD_TEST_0204,0,0.0358,0.3006,0.1163,0.197,0.0358,LOW,F1_login_count,16.2,F6_inactive_days,16.2,F4_num_submitted,15.0,1,F1 login count (16.2%) and F6 inactive days (16.2%),204,0.0,0.0,0.9287334216555106,0.0,1,0.0699,LOW
205,OULAD_TEST_0205,0,0.0429,0.3318,0.1753,0.0693,0.0429,LOW,F1_login_count,16.0,F6_inactive_days,11.7,F4_num_submitted,10.4,6,F1 login count (16.0%) and F6 inactive days (11.7%),205,0.0,0.06737086542492479,0.81134880107304,0.051866184130459986,1,0.0712,LOW
206,OULAD_TEST_0206,0,0.5634,0.6208,0.5008,0.5218,0.5634,MEDIUM,F1_login_count,19.7,F5_on_time_rate,12.8,F6_inactive_days,12.5,8,F1 login count (19.7%) and F5 on time rate (12.8%),206,0.445883526720866,0.46253230232111026,0.19966411868353506,0.2390819591651175,5,0.6741,MEDIUM
207,OULAD_TEST_0207,0,0.3471,0.4478,0.9312,0.8613,0.3471,LOW,F1_login_count,19.2,F13_weeks_since_active,12.9,F5_on_time_rate,12.2,15,F1 login count (19.2%) and F13 weeks since active (12.9%),207,0.29434859509122085,0.4354730558652392,0.43049878334902086,0.292679057787003,3,0.4935,MEDIUM
208,OULAD_TEST_0208,0,0.1433,0.2611,0.2244,0.1164,0.1433,LOW,F6_inactive_days,13.7,F1_login_count,12.9,F4_num_submitted,12.9,1,F6 inactive days (13.7%) and F1 login count (12.9%),208,0.15181476863060478,0.24764657801718853,0.8176344466885137,0.07664142766362322,4,0.1529,LOW
209,OULAD_TEST_0209,0,0.1414,0.3449,0.3877,0.3155,0.1414,LOW,F1_login_count,13.6,F5_on_time_rate,12.1,F4_num_submitted,11.7,15,F1 login count (13.6%) and F5 on time rate (12.1%),209,0.4842531490654722,0.08292555447054696,0.6699677314357184,0.05172582579646342,2,0.1986,LOW
210,OULAD_TEST_0210,0,0.4324,0.5769,0.283,0.3112,0.4324,MEDIUM,F1_login_count,21.0,F5_on_time_rate,14.9,F6_inactive_days,12.8,9,F1 login count (21.0%) and F5 on time rate (14.9%),210,0.3597690510693167,0.35547298307466435,0.4620373534942166,0.21603313966879362,2,0.3586,LOW
211,OULAD_TEST_0211,0,0.9285,0.8407,0.8709,0.885,0.9285,HIGH,F1_login_count,20.1,F4_num_submitted,12.4,F5_on_time_rate,12.4,14,F1 login count (20.1%) and F4 num submitted (12.4%),211,0.7635065640180598,0.7833091947513285,0.13308244161636093,0.5495527359720169,9,0.9127,HIGH
212,OULAD_TEST_0212,0,0.1331,0.307,0.2795,0.1875,0.1331,LOW,F1_login_count,13.3,F5_on_time_rate,10.4,F6_inactive_days,9.9,16,F1 login count (13.3%) and F5 on time rate (10.4%),212,0.18857017634932022,0.07700224190723018,0.7631522862080323,0.026114682608164998,0,0.0992,LOW
213,OULAD_TEST_0213,1,0.9979,0.3917,0.4104,0.7706,0.9979,HIGH,F1_login_count,28.0,F5_on_time_rate,13.7,F6_inactive_days,12.1,13,F1 login count (28.0%) and F5 on time rate (13.7%),213,0.7636691251305798,0.86381699872225,0.029559981238546064,0.6777171643203075,9,0.9155,HIGH
214,OULAD_TEST_0214,0,0.0608,0.3977,0.4886,0.2954,0.0608,LOW,F1_login_count,16.9,F13_weeks_since_active,15.2,F5_on_time_rate,12.0,7,F1 login count (16.9%) and F13 weeks since active (15.2%),214,0.011033075535965435,0.0,0.7304931628779534,0.0,0,0.0799,LOW
215,OULAD_TEST_0215,0,0.1018,0.5662,0.1945,0.1199,0.1018,LOW,F6_inactive_days,16.3,F4_num_submitted,15.9,F1_login_count,11.6,16,F6 inactive days (16.3%) and F4 num submitted (15.9%),215,0.14715692204932673,0.0,0.6872931554267644,0.25223569152328573,0,0.099,LOW
216,OULAD_TEST_0216,1,0.6074,0.3388,0.6353,0.5637,0.6074,MEDIUM,F1_login_count,17.1,F6_inactive_days,15.6,F4_num_submitted,14.7,16,F1 login count (17.1%) and F6 inactive days (15.6%),216,0.3478974785462428,0.5661068979120215,0.39986988252913425,0.5402652604177658,8,0.7453,HIGH
217,OULAD_TEST_0217,1,0.9692,0.8871,0.9692,0.9862,0.9692,HIGH,F1_login_count,22.3,F4_num_submitted,13.7,F6_inactive_days,13.0,13,F1 login count (22.3%) and F4 num submitted (13.7%),217,0.654758139325999,0.8741823667377447,0.07999695310677937,0.47453478121745934,10,0.9214,HIGH
218,OULAD_TEST_0218,0,0.6998,0.4545,0.6977,0.7276,0.6998,MEDIUM,F1_login_count,17.7,F6_inactive_days,12.5,F4_num_submitted,12.1,14,F1 login count (17.7%) and F6 inactive days (12.5%),218,0.4413236452170896,0.5304847392272005,0.21442999993822107,0.4282445123315136,3,0.7778,HIGH
219,OULAD_TEST_0219,0,0.913,0.7112,0.915,0.931,0.913,HIGH,F1_login_count,17.5,F4_num_submitted,15.6,F6_inactive_days,15.0,17,F1 login count (17.5%) and F4 num submitted (15.6%),219,0.6472874139386322,0.847678434461008,0.17781123129931406,0.46972120543965656,10,0.9054,HIGH
220,OULAD_TEST_0220,0,0.0382,0.391,0.3559,0.0848,0.0382,LOW,F1_login_count,16.1,F6_inactive_days,14.6,F4_num_submitted,14.4,5,F1 login count (16.1%) and F6 inactive days (14.6%),220,0.25820585666735085,0.0,0.7565365884870217,0.0,2,0.1006,LOW
221,OULAD_TEST_0221,0,0.0791,0.3944,0.1781,0.1558,0.0791,LOW,F1_login_count,15.2,F4_num_submitted,13.0,F6_inactive_days,12.9,1,F1 login count (15.2%) and F4 num submitted (13.0%),221,0.0,0.0874882190430385,0.6515537825665607,0.28775129611737565,0,0.09,LOW
222,OULAD_TEST_0222,1,0.9987,0.4288,0.6325,0.6892,0.9987,HIGH,F1_login_count,19.4,F6_inactive_days,15.6,F4_num_submitted,15.3,17,F1 login count (19.4%) and F6 inactive days (15.6%),222,0.7677160190374513,0.9145225210089964,0.0,0.5623114299461041,11,0.9186,HIGH
223,OULAD_TEST_0223,1,0.9637,0.732,0.8254,0.9155,0.9637,HIGH,F1_login_count,20.7,F4_num_submitted,15.0,F6_inactive_days,14.3,17,F1 login count (20.7%) and F4 num submitted (15.0%),223,0.5133184128810347,0.816455994823703,0.0,0.6214471244492914,8,0.9103,HIGH
224,OULAD_TEST_0224,1,0.5845,0.6175,0.4883,0.517,0.5845,MEDIUM,F1_login_count,23.7,F4_num_submitted,12.3,F6_inactive_days,12.0,6,F1 login count (23.7%) and F4 num submitted (12.3%),224,0.3619568134210567,0.5332042729712908,0.30515899833963134,0.4156585552809934,5,0.6954,MEDIUM
225,OULAD_TEST_0225,0,0.7016,0.6031,0.5952,0.6014,0.7016,HIGH,F1_login_count,24.4,F5_on_time_rate,13.6,F6_inactive_days,11.9,7,F1 login count (24.4%) and F5 on time rate (13.6%),225,0.6000150596967365,0.5550456284889943,0.36209242783361933,0.3008844753020111,9,0.7734,HIGH
226,OULAD_TEST_0226,0,0.1553,0.4839,0.385,0.3279,0.1553,LOW,F1_login_count,18.7,F5_on_time_rate,16.0,F6_inactive_days,11.9,8,F1 login count (18.7%) and F5 on time rate (16.0%),226,0.11513800190954626,0.11628767332575221,0.5952504818969492,0.0,1,0.1506,LOW
227,OULAD_TEST_0227,0,0.822,0.4016,0.7333,0.765,0.822,HIGH,F1_login_count,20.7,F6_inactive_days,11.5,F5_on_time_rate,10.5,15,F1 login count (20.7%) and F6 inactive days (11.5%),227,0.4676255222070693,0.6822312455295727,0.16124757610181034,0.3484773154310257,5,0.829,HIGH
228,OULAD_TEST_0228,1,0.9985,0.7404,0.7866,0.901,0.9985,HIGH,F1_login_count,17.8,F4_num_submitted,17.4,F6_inactive_days,17.1,13,F1 login count (17.8%) and F4 num submitted (17.4%),228,0.6274196290740032,0.788998732276781,0.0,0.49278351193226677,9,0.9126,HIGH
229,OULAD_TEST_0229,0,0.0214,0.4951,0.0661,0.0521,0.0214,LOW,F6_inactive_days,17.8,F4_num_submitted,16.4,F1_login_count,12.8,1,F6 inactive days (17.8%) and F4 num submitted (16.4%),229,0.08293977489346759,0.004048066950737431,0.7568490958728563,0.0,0,0.0696,LOW
230,OULAD_TEST_0230,0,0.1934,0.5924,0.3596,0.2833,0.1934,LOW,F1_login_count,19.4,F4_num_submitted,12.3,F6_inactive_days,11.8,8,F1 login count (19.4%) and F4 num submitted (12.3%),230,0.0623433368282863,0.04050053609090025,0.49427587880147483,0.18138988809523537,3,0.1978,LOW
231,OULAD_TEST_0231,1,0.3856,0.6327,0.7509,0.5476,0.3856,LOW,F5_on_time_rate,14.0,F1_login_count,10.2,F6_inactive_days,9.8,13,F5 on time rate (14.0%) and F1 login count (10.2%),231,0.2915658589581975,0.2884677002286316,0.46946617708434635,0.4778632609507284,3,0.4296,MEDIUM
232,OULAD_TEST_0232,0,0.2069,0.717,0.6323,0.3309,0.2069,LOW,F1_login_count,18.4,F6_inactive_days,13.9,F4_num_submitted,13.2,11,F1 login count (18.4%) and F6 inactive days (13.9%),232,0.14938718399038137,0.15307496053042632,0.6151094620195039,0.14187848868438324,1,0.1772,LOW
233,OULAD_TEST_0233,0,0.469,0.3764,0.4242,0.4779,0.469,MEDIUM,F1_login_count,13.1,F6_inactive_days,11.2,F4_num_submitted,10.1,13,F1 login count (13.1%) and F6 inactive days (11.2%),233,0.2631399652394183,0.37815561980036955,0.4788287944035696,0.1114477368791271,6,0.4806,MEDIUM
234,OULAD_TEST_0234,1,0.5454,0.8172,0.8231,0.7797,0.5454,MEDIUM,F1_login_count,19.7,F5_on_time_rate,15.6,F6_inactive_days,11.9,5,F1 login count (19.7%) and F5 on time rate (15.6%),234,0.5961744089325325,0.4442702043303377,0.38600809132553704,0.25010683405200623,5,0.7379,HIGH
235,OULAD_TEST_0235,0,0.1769,0.4744,0.5758,0.4061,0.1769,LOW,F1_login_count,17.4,F5_on_time_rate,12.5,F13_weeks_since_active,10.9,4,F1 login count (17.4%) and F5 on time rate (12.5%),235,0.18722190223180113,0.14542386401118967,0.5386407875047954,0.05107477859700037,0,0.1635,LOW
236,OULAD_TEST_0236,1,0.987,0.8352,0.9557,0.9132,0.987,HIGH,F1_login_count,18.6,F6_inactive_days,15.0,F4_num_submitted,14.9,15,F1 login count (18.6%) and F6 inactive days (15.0%),236,0.48838574133423923,0.8773053214468851,0.11881982440435428,0.47008982673439487,11,0.9099,HIGH
237,OULAD_TEST_0237,0,0.3381,0.4823,0.7325,0.7525,0.3381,LOW,F1_login_count,20.0,F13_weeks_since_active,15.8,F5_on_time_rate,13.7,14,F1 login count (20.0%) and F13 weeks since active (15.8%),237,0.25531543147694274,0.3573463659306018,0.5505503040221995,0.3060819166074188,3,0.3953,LOW
238,OULAD_TEST_0238,1,0.9936,0.4444,0.8326,0.8154,0.9936,HIGH,F1_login_count,24.2,F5_on_time_rate,13.7,F13_weeks_since_active,12.3,14,F1 login count (24.2%) and F5 on time rate (13.7%),238,0.6293413535231612,0.7925787818521386,0.02495935171774864,0.6933912053250401,9,0.92,HIGH
239,OULAD_TEST_0239,0,0.8166,0.5915,0.7733,0.883,0.8166,HIGH,F1_login_count,19.3,F4_num_submitted,11.3,F6_inactive_days,11.1,17,F1 login count (19.3%) and F4 num submitted (11.3%),239,0.6568633334796223,0.5978539315688685,0.14580176466148612,0.3513057847418808,8,0.8583,HIGH
240,OULAD_TEST_0240,0,0.0737,0.3136,0.2789,0.254,0.0737,LOW,F1_login_count,22.4,F6_inactive_days,14.1,F4_num_submitted,13.3,10,F1 login count (22.4%) and F6 inactive days (14.1%),240,0.0,0.0,0.689264255277778,0.13122972533370095,0,0.0825,LOW
241,OULAD_TEST_0241,0,0.0779,0.3784,0.2799,0.2291,0.0779,LOW,F1_login_count,22.7,F6_inactive_days,13.8,F4_num_submitted,12.6,2,F1 login count (22.7%) and F6 inactive days (13.8%),241,0.043056355853310094,0.027238766304405825,0.7594602339748727,0.22995751962927183,0,0.0855,LOW
242,OULAD_TEST_0242,1,0.991,0.4216,0.6951,0.599,0.991,HIGH,F1_login_count,20.3,F6_inactive_days,15.4,F4_num_submitted,15.4,17,F1 login count (20.3%) and F6 inactive days (15.4%),242,0.7441987278980458,0.8141962945746792,0.05475884359285825,0.8229069846275472,9,0.9195,HIGH
243,OULAD_TEST_0243,1,0.9929,0.6128,0.5847,0.5807,0.9929,HIGH,F1_login_count,27.7,F5_on_time_rate,15.8,F13_weeks_since_active,10.3,8,F1 login count (27.7%) and F5 on time rate (15.8%),243,0.7816055194170121,0.7823653147042033,0.0,0.9395654427703155,9,0.9241,HIGH
244,OULAD_TEST_0244,0,0.5389,0.5184,0.6175,0.4821,0.5389,MEDIUM,F6_inactive_days,13.8,F4_num_submitted,13.3,F1_login_count,12.3,13,F6 inactive days (13.8%) and F4 num submitted (13.3%),244,0.25720035929442236,0.35437566686000843,0.3150039162653904,0.21510088206681632,7,0.6012,MEDIUM
245,OULAD_TEST_0245,0,0.3445,0.7175,0.6619,0.4333,0.3445,LOW,F13_weeks_since_active,15.2,F5_on_time_rate,13.3,F1_login_count,12.6,5,F13 weeks since active (15.2%) and F5 on time rate (13.3%),245,0.20769987641590515,0.2563353338020649,0.49890530295964103,0.5456064511674243,3,0.3355,LOW
246,OULAD_TEST_0246,0,0.9519,0.6326,0.5185,0.6076,0.9519,HIGH,F1_login_count,27.7,F5_on_time_rate,14.6,F4_num_submitted,9.4,5,F1 login count (27.7%) and F5 on time rate (14.6%),246,0.6188354688839044,0.8236291296091176,0.06409706056942785,0.5286352333789454,10,0.8847,HIGH
247,OULAD_TEST_0247,0,0.0299,0.3787,0.2605,0.1036,0.0299,LOW,F1_login_count,16.5,F13_weeks_since_active,11.0,F6_inactive_days,10.0,2,F1 login count (16.5%) and F13 weeks since active (11.0%),247,0.0,0.07301735726684518,0.8954111005927126,0.0,0,0.0603,LOW
248,OULAD_TEST_0248,0,0.1306,0.3848,0.2947,0.1717,0.1306,LOW,F1_login_count,20.2,F6_inactive_days,14.1,F4_num_submitted,13.4,16,F1 login count (20.2%) and F6 inactive days (14.1%),248,0.2679654240281097,0.0664161557513343,0.6183459185403217,0.11760868498534144,2,0.1521,LOW
249,OULAD_TEST_0249,0,0.0387,0.336,0.3291,0.2284,0.0387,LOW,F1_login_count,17.2,F13_weeks_since_active,15.4,F5_on_time_rate,10.0,8,F1 login count (17.2%) and F13 weeks since active (15.4%),249,0.06758817109609555,0.0,0.7192438153182159,0.0,0,0.0775,LOW
250,OULAD_TEST_0250,0,0.3655,0.6751,0.5194,0.4342,0.3655,LOW,F1_login_count,17.0,F13_weeks_since_active,14.7,F5_on_time_rate,11.8,8,F1 login count (17.0%) and F13 weeks since active (14.7%),250,0.12976160456649544,0.2365391352922151,0.456346588935345,0.26718529687758313,3,0.3348,LOW
251,OULAD_TEST_0251,1,0.9967,0.411,0.8272,0.8981,0.9967,HIGH,F1_login_count,27.9,F5_on_time_rate,15.4,F6_inactive_days,9.6,14,F1 login count (27.9%) and F5 on time rate (15.4%),251,0.7894761947054776,0.8446798663700179,0.0,0.4396107374715238,9,0.9224,HIGH
252,OULAD_TEST_0252,0,0.2845,0.6629,0.6634,0.5157,0.2845,LOW,F1_login_count,24.5,F5_on_time_rate,15.1,F13_weeks_since_active,12.2,5,F1 login count (24.5%) and F5 on time rate (15.1%),252,0.4113656197012633,0.17395070926473483,0.5376813504887737,0.14204968775238788,1,0.2781,LOW
253,OULAD_TEST_0253,0,0.0533,0.5877,0.2156,0.0923,0.0533,LOW,F1_login_count,16.3,F4_num_submitted,15.4,F6_inactive_days,15.4,4,F1 login count (16.3%) and F4 num submitted (15.4%),253,0.1405565260551147,0.091155225059296,0.8344402219987972,0.18624986812340152,1,0.0968,LOW
254,OULAD_TEST_0254,0,0.3266,0.4072,0.2421,0.2097,0.3266,LOW,F6_inactive_days,13.8,F4_num_submitted,13.4,F5_on_time_rate,11.8,1,F6 inactive days (13.8%) and F4 num submitted (13.4%),254,0.07668300340459863,0.13474068064527106,0.4333364504635654,0.18911264502826128,3,0.232,LOW
255,OULAD_TEST_0255,1,0.8927,0.5177,0.5263,0.5773,0.8927,HIGH,F1_login_count,20.0,F6_inactive_days,13.4,F4_num_submitted,12.9,5,F1 login count (20.0%) and F6 inactive days (13.4%),255,0.5764665927133747,0.730024626203803,0.1286214395152903,0.5526114944087859,8,0.8598,HIGH
256,OULAD_TEST_0256,1,0.6841,0.4401,0.407,0.5695,0.6841,MEDIUM,F1_login_count,21.8,F5_on_time_rate,17.0,F6_inactive_days,11.4,11,F1 login count (21.8%) and F5 on time rate (17.0%),256,0.6055611149186623,0.6055735871353394,0.08252977699816644,0.4674910325660774,8,0.7994,HIGH
257,OULAD_TEST_0257,1,0.932,0.6305,0.5965,0.7649,0.932,HIGH,F1_login_count,21.3,F4_num_submitted,12.6,F6_inactive_days,12.1,14,F1 login count (21.3%) and F4 num submitted (12.6%),257,0.5816330534381219,0.8069067613058004,0.0,0.6996793955181193,7,0.8989,HIGH
258,OULAD_TEST_0258,1,0.9895,0.6823,0.4803,0.504,0.9895,HIGH,F1_login_count,26.6,F5_on_time_rate,15.0,F6_inactive_days,8.8,9,F1 login count (26.6%) and F5 on time rate (15.0%),258,0.7370319428146228,1.0,0.0,0.39507303453726805,9,0.8944,HIGH
259,OULAD_TEST_0259,0,0.0921,0.3371,0.2032,0.0873,0.0921,LOW,F1_login_count,22.8,F5_on_time_rate,17.3,F6_inactive_days,10.9,9,F1 login count (22.8%) and F5 on time rate (17.3%),259,0.1419334053429337,0.1062690019654326,0.8938059672914066,0.12540288622049217,2,0.1012,LOW
260,OULAD_TEST_0260,0,0.0467,0.3434,0.2017,0.0828,0.0467,LOW,F1_login_count,18.7,F13_weeks_since_active,9.7,F5_on_time_rate,9.2,2,F1 login count (18.7%) and F13 weeks since active (9.7%),260,0.0,0.0,0.7351597695247313,0.0,0,0.0634,LOW
261,OULAD_TEST_0261,1,0.2116,0.8305,0.549,0.4933,0.2116,LOW,F1_login_count,16.4,F13_weeks_since_active,15.3,F4_num_submitted,11.0,6,F1 login count (16.4%) and F13 weeks since active (15.3%),261,0.14216746439382,0.17222286023287414,0.4105956526549082,0.14695654743742062,2,0.2468,LOW
262,OULAD_TEST_0262,1,0.5595,0.5974,0.5937,0.7195,0.5595,MEDIUM,F1_login_count,21.2,F5_on_time_rate,13.1,F6_inactive_days,12.7,14,F1 login count (21.2%) and F5 on time rate (13.1%),262,0.06752326599309272,0.33347529332268383,0.15251110931387504,0.4628940203714852,5,0.6286,MEDIUM
263,OULAD_TEST_0263,0,0.3712,0.6087,0.5953,0.5694,0.3712,LOW,F1_login_count,26.8,F5_on_time_rate,18.3,F6_inactive_days,9.5,8,F1 login count (26.8%) and F5 on time rate (18.3%),263,0.15740123586657095,0.3090720200562591,0.5064429586346681,0.07941760183057867,3,0.3445,LOW
264,OULAD_TEST_0264,0,0.1758,0.532,0.386,0.3641,0.1758,LOW,F1_login_count,17.5,F6_inactive_days,14.9,F4_num_submitted,14.2,11,F1 login count (17.5%) and F6 inactive days (14.9%),264,0.09780318486068397,0.08278551543993931,0.720737085578991,0.0,0,0.1266,LOW
265,OULAD_TEST_0265,0,0.1274,0.3718,0.3225,0.1932,0.1274,LOW,F1_login_count,23.5,F5_on_time_rate,14.3,F13_weeks_since_active,10.8,8,F1 login count (23.5%) and F5 on time rate (14.3%),265,0.0,0.18152122204481297,0.7356255857627253,0.0,0,0.0916,LOW
266,OULAD_TEST_0266,1,0.2351,0.5811,0.5871,0.342,0.2351,LOW,F1_login_count,18.3,F13_weeks_since_active,12.0,F6_inactive_days,11.6,9,F1 login count (18.3%) and F13 weeks since active (12.0%),266,0.32781113039316356,0.1558717780323572,0.6286770105800991,0.07516092698834682,4,0.2755,LOW
267,OULAD_TEST_0267,0,0.9936,0.7197,0.7189,0.934,0.9936,HIGH,F1_login_count,15.5,F6_inactive_days,14.9,F4_num_submitted,13.2,12,F1 login count (15.5%) and F6 inactive days (14.9%),267,0.5525058622039367,0.8352187267363802,0.12134595975056667,0.755811881325458,8,0.9167,HIGH
268,OULAD_TEST_0268,0,0.1714,0.6109,0.2911,0.1861,0.1714,LOW,F1_login_count,24.6,F5_on_time_rate,15.5,F4_num_submitted,11.7,8,F1 login count (24.6%) and F5 on time rate (15.5%),268,0.07597555133030161,0.09484537268764771,0.6089208779262869,0.08836953738318366,1,0.1361,LOW
269,OULAD_TEST_0269,0,0.0211,0.2428,0.084,0.035,0.0211,LOW,F1_login_count,19.8,F6_inactive_days,14.6,F4_num_submitted,14.4,1,F1 login count (19.8%) and F6 inactive days (14.6%),269,0.027844057728609137,0.15704310814826652,0.8726110556026826,0.0,0,0.0591,LOW
270,OULAD_TEST_0270,1,0.5254,0.475,0.5096,0.553,0.5254,MEDIUM,F1_login_count,19.9,F5_on_time_rate,13.2,F13_weeks_since_active,11.4,17,F1 login count (19.9%) and F5 on time rate (13.2%),270,0.5119073289066115,0.42089057871056706,0.21647851149735828,0.2569585506509943,5,0.6746,MEDIUM
271,OULAD_TEST_0271,0,0.4611,0.7258,0.7734,0.7813,0.4611,MEDIUM,F1_login_count,16.8,F5_on_time_rate,15.0,F13_weeks_since_active,12.7,14,F1 login count (16.8%) and F5 on time rate (15.0%),271,0.17918378488205605,0.5385395634783361,0.34062521670619333,0.09811659558112526,3,0.4828,MEDIUM
272,OULAD_TEST_0272,0,0.4393,0.4496,0.2681,0.2441,0.4393,MEDIUM,F1_login_count,23.5,F5_on_time_rate,13.3,F6_inactive_days,12.5,6,F1 login count (23.5%) and F5 on time rate (13.3%),272,0.423826375215496,0.4385371409694613,0.26785586050681837,0.12855766779226058,5,0.453,MEDIUM
273,OULAD_TEST_0273,0,0.5825,0.6232,0.4765,0.3609,0.5825,MEDIUM,F1_login_count,21.7,F6_inactive_days,12.4,F4_num_submitted,12.1,6,F1 login count (21.7%) and F6 inactive days (12.4%),273,0.4087733061019587,0.5336903381868309,0.3065154699330208,0.39615826923164554,6,0.6857,MEDIUM
274,OULAD_TEST_0274,0,0.0993,0.4313,0.206,0.0594,0.0993,LOW,F1_login_count,14.6,F13_weeks_since_active,13.3,F4_num_submitted,11.0,7,F1 login count (14.6%) and F13 weeks since active (13.3%),274,0.0,0.11390365178540157,0.7159338782733659,0.0,2,0.0976,LOW
275,OULAD_TEST_0275,1,0.372,0.5642,0.4058,0.4153,0.372,LOW,F1_login_count,18.8,F6_inactive_days,15.0,F4_num_submitted,14.2,11,F1 login count (18.8%) and F6 inactive days (15.0%),275,0.30661034742632703,0.3477037838573001,0.5138101492226521,0.3567161166243962,2,0.354,LOW
276,OULAD_TEST_0276,0,0.0537,0.2919,0.1102,0.0981,0.0537,LOW,F6_inactive_days,17.0,F4_num_submitted,16.4,F1_login_count,14.3,1,F6 inactive days (17.0%) and F4 num submitted (16.4%),276,0.057495969557347,0.0,0.7632283352887136,0.023685565100359678,0,0.0679,LOW
277,OULAD_TEST_0277,1,0.6974,0.6581,0.8781,0.8975,0.6974,MEDIUM,F1_login_count,25.5,F5_on_time_rate,14.4,F6_inactive_days,10.6,15,F1 login count (25.5%) and F5 on time rate (14.4%),277,0.42815831228412055,0.5704793284679395,0.14932466691882718,0.428711364473343,6,0.8179,HIGH
278,OULAD_TEST_0278,1,0.9992,0.7541,0.8327,0.9522,0.9992,HIGH,F1_login_count,24.1,F5_on_time_rate,12.8,F4_num_submitted,12.7,15,F1 login count (24.1%) and F5 on time rate (12.8%),278,0.7064202084990019,0.9169326376947456,0.0,0.5661152438870527,10,0.9306,HIGH
279,OULAD_TEST_0279,1,0.7258,0.7971,0.8002,0.7537,0.7258,HIGH,F1_login_count,16.1,F6_inactive_days,10.9,F13_weeks_since_active,9.0,13,F1 login count (16.1%) and F6 inactive days (10.9%),279,0.4695286403138239,0.6130182253220715,0.06961533313942514,0.5282217406252467,6,0.8316,HIGH
280,OULAD_TEST_0280,1,0.7603,0.4115,0.7097,0.6926,0.7603,HIGH,F1_login_count,24.0,F5_on_time_rate,11.5,F6_inactive_days,11.0,15,F1 login count (24.0%) and F5 on time rate (11.5%),280,0.5435617345251248,0.5338398122557139,0.32808289751322506,0.5501591865332413,8,0.8211,HIGH
281,OULAD_TEST_0281,1,0.5928,0.6438,0.405,0.4622,0.5928,MEDIUM,F1_login_count,16.8,F6_inactive_days,12.2,F4_num_submitted,12.0,12,F1 login count (16.8%) and F6 inactive days (12.2%),281,0.48117306745210464,0.49968764395380244,0.29539739271019994,0.3958865222294606,7,0.7083,HIGH
282,OULAD_TEST_0282,0,0.0638,0.5476,0.4676,0.3576,0.0638,LOW,F6_inactive_days,16.3,F4_num_submitted,15.9,F13_weeks_since_active,11.7,8,F6 inactive days (16.3%) and F4 num submitted (15.9%),282,0.20326168161453523,0.1905584413004393,0.700071388095631,0.10605469270891776,0,0.1326,LOW
283,OULAD_TEST_0283,1,0.7073,0.4435,0.4952,0.3724,0.7073,HIGH,F1_login_count,15.8,F6_inactive_days,14.4,F4_num_submitted,14.0,17,F1 login count (15.8%) and F6 inactive days (14.4%),283,0.3713284501173151,0.7009563372427775,0.39305403284440826,0.39892923960954896,6,0.7331,HIGH
284,OULAD_TEST_0284,1,0.9806,0.7535,0.8843,0.9326,0.9806,HIGH,F1_login_count,20.0,F4_num_submitted,15.1,F6_inactive_days,14.9,7,F1 login count (20.0%) and F4 num submitted (15.1%),284,0.8997233374656267,0.8285496792507174,0.0,0.6534243608290858,9,0.9378,HIGH
285,OULAD_TEST_0285,1,0.0434,0.556,0.0983,0.1141,0.0434,LOW,F1_login_count,20.2,F6_inactive_days,15.4,F4_num_submitted,14.5,1,F1 login count (20.2%) and F6 inactive days (15.4%),285,0.0,0.11300594216464693,0.6527212885968031,0.0,4,0.1363,LOW
286,OULAD_TEST_0286,0,0.2239,0.6965,0.475,0.5277,0.2239,LOW,F13_weeks_since_active,16.3,F1_login_count,13.4,F6_inactive_days,13.3,6,F13 weeks since active (16.3%) and F1 login count (13.4%),286,0.14155149049644164,0.16099443837055583,0.5112579675131436,0.13460779465948822,1,0.2286,LOW
287,OULAD_TEST_0287,0,0.1707,0.6218,0.4476,0.4011,0.1707,LOW,F1_login_count,22.7,F5_on_time_rate,15.6,F6_inactive_days,9.9,8,F1 login count (22.7%) and F5 on time rate (15.6%),287,0.17832172064845764,0.00878527305386248,0.6566528618300519,0.0694627500760443,4,0.22,LOW
288,OULAD_TEST_0288,0,0.0365,0.2991,0.246,0.107,0.0365,LOW,F13_weeks_since_active,13.3,F4_num_submitted,12.7,F6_inactive_days,11.7,2,F13 weeks since active (13.3%) and F4 num submitted (12.7%),288,0.05364918677350326,0.0,0.8139631629637598,0.0,0,0.0622,LOW
289,OULAD_TEST_0289,0,0.1342,0.2924,0.3542,0.3011,0.1342,LOW,F6_inactive_days,18.4,F4_num_submitted,17.8,F1_login_count,12.7,16,F6 inactive days (18.4%) and F4 num submitted (17.8%),289,0.03167004801794063,0.23910110148065583,0.7666075468117834,0.0,0,0.1043,LOW
290,OULAD_TEST_0290,0,0.2231,0.4405,0.3956,0.3594,0.2231,LOW,F13_weeks_since_active,17.4,F1_login_count,15.5,F5_on_time_rate,12.9,14,F13 weeks since active (17.4%) and F1 login count (15.5%),290,0.13535777496427245,0.16771555345365566,0.8787195317494969,0.18998281246306623,1,0.1509,LOW
291,OULAD_TEST_0291,0,0.5217,0.4702,0.7536,0.906,0.5217,MEDIUM,F1_login_count,18.5,F5_on_time_rate,13.9,F6_inactive_days,13.8,17,F1 login count (18.5%) and F5 on time rate (13.9%),291,0.31588990653411675,0.42397428164999856,0.1576967545799236,0.4702927095376156,3,0.7119,HIGH
292,OULAD_TEST_0292,0,0.0262,0.3021,0.1108,0.1665,0.0262,LOW,F6_inactive_days,17.6,F4_num_submitted,17.1,F5_on_time_rate,11.3,1,F6 inactive days (17.6%) and F4 num submitted (17.1%),292,0.0,0.0,0.8399135589124418,0.15625223660034715,0,0.0647,LOW
293,OULAD_TEST_0293,0,0.0152,0.1836,0.0993,0.0572,0.0152,LOW,F1_login_count,12.5,F13_weeks_since_active,11.0,F6_inactive_days,10.4,1,F1 login count (12.5%) and F13 weeks since active (11.0%),293,0.09560020970210246,0.16525092716584056,0.732126942742777,0.0,0,0.0676,LOW
294,OULAD_TEST_0294,0,0.3783,0.5615,0.5096,0.4805,0.3783,LOW,F1_login_count,27.5,F5_on_time_rate,15.8,F6_inactive_days,10.1,8,F1 login count (27.5%) and F5 on time rate (15.8%),294,0.30051154859650475,0.4516317132289651,0.4387184851111226,0.38168436616882484,2,0.3987,LOW
295,OULAD_TEST_0295,0,0.1004,0.5709,0.2849,0.1398,0.1004,LOW,F1_login_count,17.8,F6_inactive_days,14.1,F4_num_submitted,13.7,11,F1 login count (17.8%) and F6 inactive days (14.1%),295,0.0009890404739345687,0.2628424186758507,0.6577027871746122,0.022060979805848542,2,0.1314,LOW
296,OULAD_TEST_0296,0,0.4591,0.5288,0.7327,0.6303,0.4591,MEDIUM,F1_login_count,25.8,F5_on_time_rate,16.1,F13_weeks_since_active,11.8,17,F1 login count (25.8%) and F5 on time rate (16.1%),296,0.41132998754332506,0.3775113831679959,0.34184303291920265,0.347547961817471,6,0.6594,MEDIUM
297,OULAD_TEST_0297,0,0.1323,0.2214,0.3928,0.1882,0.1323,LOW,F6_inactive_days,14.2,F4_num_submitted,14.1,F5_on_time_rate,11.9,1,F6 inactive days (14.2%) and F4 num submitted (14.1%),297,0.12333995208766094,0.1361049590997676,0.8626124834603452,0.0,2,0.1054,LOW
298,OULAD_TEST_0298,1,0.9977,0.4805,0.7103,0.7471,0.9977,HIGH,F1_login_count,24.1,F5_on_time_rate,13.9,F6_inactive_days,12.8,17,F1 login count (24.1%) and F5 on time rate (13.9%),298,0.779676211883896,0.7267135960463368,0.08606973270139026,0.6156575896648807,10,0.9138,HIGH
299,OULAD_TEST_0299,0,0.3084,0.207,0.2158,0.3037,0.3084,LOW,F1_login_count,19.9,F4_num_submitted,14.8,F6_inactive_days,14.6,14,F1 login count (19.9%) and F4 num submitted (14.8%),299,0.2788428841923612,0.38029475408946195,0.5555995978557374,0.22268678194762886,3,0.2834,LOW
300,OULAD_TEST_0300,1,0.9094,0.5035,0.4813,0.3865,0.9094,HIGH,F1_login_count,18.8,F4_num_submitted,17.0,F6_inactive_days,16.7,17,F1 login count (18.8%) and F4 num submitted (17.0%),300,0.5536804989077927,0.6795676358985652,0.20758157524870005,0.3674874249696417,8,0.8176,HIGH
301,OULAD_TEST_0301,0,0.5281,0.6823,0.6961,0.5509,0.5281,MEDIUM,F1_login_count,21.7,F5_on_time_rate,13.6,F6_inactive_days,11.6,9,F1 login count (21.7%) and F5 on time rate (13.6%),301,0.313651895980303,0.4662270451010103,0.22626710347011245,0.3898520599613027,3,0.6655,MEDIUM
302,OULAD_TEST_0302,1,0.9992,0.7824,0.7459,0.9605,0.9992,HIGH,F1_login_count,24.5,F4_num_submitted,13.7,F6_inactive_days,13.5,8,F1 login count (24.5%) and F4 num submitted (13.7%),302,0.7741693605123261,0.7615357977893724,0.0,0.7610322009405978,10,0.9339,HIGH
303,OULAD_TEST_0303,1,0.9995,0.8327,0.9648,0.9768,0.9995,HIGH,F1_login_count,20.7,F4_num_submitted,14.7,F6_inactive_days,13.9,5,F1 login count (20.7%) and F4 num submitted (14.7%),303,0.7606870265433465,0.8024656538609044,0.0,0.5787422465182046,8,0.931,HIGH
304,OULAD_TEST_0304,1,0.9965,0.4437,0.4764,0.6795,0.9965,HIGH,F1_login_count,29.4,F5_on_time_rate,15.5,F6_inactive_days,9.5,17,F1 login count (29.4%) and F5 on time rate (15.5%),304,0.6954598406035852,0.780044005516024,0.0,0.7611201756993615,8,0.9102,HIGH
305,OULAD_TEST_0305,0,0.5428,0.3855,0.5914,0.709,0.5428,MEDIUM,F1_login_count,21.2,F4_num_submitted,12.3,F6_inactive_days,12.2,17,F1 login count (21.2%) and F4 num submitted (12.3%),305,0.39169273833087814,0.41274997914593453,0.38192985267047536,0.30291678078571105,7,0.6829,MEDIUM
306,OULAD_TEST_0306,1,0.9963,0.6218,0.5128,0.9103,0.9963,HIGH,F1_login_count,27.5,F5_on_time_rate,13.8,F6_inactive_days,11.8,13,F1 login count (27.5%) and F5 on time rate (13.8%),306,0.8251764895788425,0.8037251837480817,0.013245857793233437,0.6997301437255941,12,0.9289,HIGH
307,OULAD_TEST_0307,1,0.9995,0.5927,0.8338,0.9204,0.9995,HIGH,F4_num_submitted,16.4,F1_login_count,16.2,F6_inactive_days,15.2,16,F4 num submitted (16.4%) and F1 login count (16.2%),307,0.640492861116417,0.8057134964059939,0.015334191105988002,0.33347160408586807,10,0.9086,HIGH
308,OULAD_TEST_0308,1,0.9894,0.4835,0.3096,0.4691,0.9894,HIGH,F1_login_count,25.5,F5_on_time_rate,14.1,F13_weeks_since_active,9.5,17,F1 login count (25.5%) and F5 on time rate (14.1%),308,0.7472897381170037,0.9076567129424244,0.0,0.8838933335176156,11,0.9139,HIGH
309,OULAD_TEST_0309,1,0.9948,0.3835,0.5518,0.834,0.9948,HIGH,F1_login_count,18.8,F6_inactive_days,15.5,F4_num_submitted,15.4,14,F1 login count (18.8%) and F6 inactive days (15.5%),309,0.6761407347566106,0.7571909765549983,0.08447547426140219,0.7763349894291548,9,0.9154,HIGH
310,OULAD_TEST_0310,1,0.4261,0.5859,0.2861,0.2868,0.4261,MEDIUM,F1_login_count,25.0,F5_on_time_rate,16.6,F6_inactive_days,10.5,8,F1 login count (25.0%) and F5 on time rate (16.6%),310,0.27650187967727796,0.37982831416110935,0.48308275182389987,0.22150493948955852,2,0.3406,LOW
311,OULAD_TEST_0311,0,0.1341,0.4,0.4162,0.2571,0.1341,LOW,F6_inactive_days,16.4,F4_num_submitted,15.9,F1_login_count,12.3,1,F6 inactive days (16.4%) and F4 num submitted (15.9%),311,0.203747685198719,0.21142173218444466,0.7660254281465999,0.0,2,0.151,LOW
312,OULAD_TEST_0312,0,0.2747,0.4896,0.7674,0.4841,0.2747,LOW,F1_login_count,16.1,F13_weeks_since_active,15.9,F4_num_submitted,10.6,6,F1 login count (16.1%) and F13 weeks since active (15.9%),312,0.27483163489880297,0.1924392908389283,0.39096378224099493,0.1993834041966587,3,0.3185,LOW
313,OULAD_TEST_0313,0,0.3693,0.4835,0.6689,0.78,0.3693,LOW,F1_login_count,27.6,F5_on_time_rate,14.4,F6_inactive_days,10.1,13,F1 login count (27.6%) and F5 on time rate (14.4%),313,0.3398609636000639,0.2564714887401918,0.535709085879779,0.04830893435114919,3,0.3835,LOW
314,OULAD_TEST_0314,0,0.1263,0.2234,0.2565,0.0904,0.1263,LOW,F1_login_count,18.8,F5_on_time_rate,12.9,F4_num_submitted,12.3,8,F1 login count (18.8%) and F5 on time rate (12.9%),314,0.2189578807154329,0.08891302998557993,0.5801834760082474,0.12916242450689858,0,0.1012,LOW
315,OULAD_TEST_0315,0,0.3974,0.3962,0.5177,0.471,0.3974,LOW,F1_login_count,18.2,F6_inactive_days,16.2,F4_num_submitted,14.6,11,F1 login count (18.2%) and F6 inactive days (16.2%),315,0.2802803841632759,0.4321680166688568,0.44234767474486386,0.2878278862997138,5,0.4886,MEDIUM
316,OULAD_TEST_0316,0,0.058,0.2505,0.2039,0.0987,0.058,LOW,F1_login_count,19.5,F6_inactive_days,14.7,F4_num_submitted,14.3,1,F1 login count (19.5%) and F6 inactive days (14.7%),316,0.10879529712949638,0.06482861047626862,0.8070364898636384,0.0,0,0.0696,LOW
317,OULAD_TEST_0317,0,0.8233,0.6117,0.6373,0.712,0.8233,HIGH,F1_login_count,19.0,F4_num_submitted,14.8,F6_inactive_days,14.6,9,F1 login count (19.0%) and F4 num submitted (14.8%),317,0.5452833243406544,0.6573078564313921,0.1504693606255913,0.6284960428337253,7,0.8567,HIGH
318,OULAD_TEST_0318,0,0.3268,0.4198,0.8094,0.582,0.3268,LOW,F6_inactive_days,16.0,F4_num_submitted,15.3,F5_on_time_rate,11.9,14,F6 inactive days (16.0%) and F4 num submitted (15.3%),318,0.26117663524884416,0.3164901320950432,0.45340600202206816,0.2927489643367408,1,0.3254,LOW
319,OULAD_TEST_0319,0,0.2639,0.55,0.4313,0.3713,0.2639,LOW,F1_login_count,18.2,F5_on_time_rate,15.2,F6_inactive_days,12.0,8,F1 login count (18.2%) and F5 on time rate (15.2%),319,0.17171569456323155,0.13613162801308615,0.5895073156184418,0.2754388004746276,2,0.2304,LOW
320,OULAD_TEST_0320,1,0.4276,0.3801,0.7809,0.6235,0.4276,MEDIUM,F1_login_count,16.8,F6_inactive_days,15.2,F4_num_submitted,14.2,14,F1 login count (16.8%) and F6 inactive days (15.2%),320,0.3090195964992718,0.41796876083543577,0.3047664684756357,0.2576229244402674,2,0.4654,MEDIUM
321,OULAD_TEST_0321,0,0.5041,0.3641,0.4639,0.6103,0.5041,MEDIUM,F1_login_count,19.3,F5_on_time_rate,12.6,F6_inactive_days,11.4,17,F1 login count (19.3%) and F5 on time rate (12.6%),321,0.41238570254369133,0.46117358461614144,0.5117467395898296,0.13259711197035523,4,0.5684,MEDIUM
322,OULAD_TEST_0322,0,0.8488,0.6787,0.6179,0.6451,0.8488,HIGH,F1_login_count,23.5,F5_on_time_rate,12.6,F6_inactive_days,10.9,7,F1 login count (23.5%) and F5 on time rate (12.6%),322,0.5123379316766526,0.6968553223088892,0.10043159805037488,0.6266246726653365,7,0.8586,HIGH
323,OULAD_TEST_0323,1,0.8602,0.2621,0.5217,0.4629,0.8602,HIGH,F1_login_count,17.6,F6_inactive_days,16.4,F4_num_submitted,16.0,17,F1 login count (17.6%) and F6 inactive days (16.4%),323,0.8113787275685459,0.6640831361242215,0.22369499442553265,0.48367543210370495,8,0.8514,HIGH
324,OULAD_TEST_0324,0,0.315,0.3736,0.2965,0.2572,0.315,LOW,F1_login_count,15.8,F13_weeks_since_active,11.8,F6_inactive_days,10.0,16,F1 login count (15.8%) and F13 weeks since active (11.8%),324,0.11989826185002977,0.1968155262173234,0.49534683129039575,0.02222638281687972,0,0.1696,LOW
325,OULAD_TEST_0325,1,0.8742,0.6873,0.7346,0.8001,0.8742,HIGH,F1_login_count,17.2,F4_num_submitted,17.0,F6_inactive_days,16.6,13,F1 login count (17.2%) and F4 num submitted (17.0%),325,0.4905211387212267,0.7858553869076729,0.04828240115934172,0.6867647239169191,8,0.8892,HIGH
326,OULAD_TEST_0326,0,0.0456,0.5374,0.3889,0.3151,0.0456,LOW,F13_weeks_since_active,16.3,F1_login_count,11.3,F4_num_submitted,11.1,7,F13 weeks since active (16.3%) and F1 login count (11.3%),326,0.14773108735000678,0.13707844019912496,0.6871013213362154,0.2792889024603011,2,0.1514,LOW
327,OULAD_TEST_0327,1,0.516,0.6258,0.6846,0.6714,0.516,MEDIUM,F1_login_count,22.1,F5_on_time_rate,13.2,F6_inactive_days,11.5,9,F1 login count (22.1%) and F5 on time rate (13.2%),327,0.44036626939629353,0.3876153802376964,0.47481739316930754,0.3046502245224956,5,0.6698,MEDIUM
328,OULAD_TEST_0328,0,0.0733,0.4166,0.4979,0.181,0.0733,LOW,F1_login_count,21.4,F5_on_time_rate,12.0,F4_num_submitted,11.1,5,F1 login count (21.4%) and F5 on time rate (12.0%),328,0.11372198170521552,0.09897593628411874,0.6704168842671524,0.303074538552395,3,0.1403,LOW
329,OULAD_TEST_0329,1,0.2587,0.3524,0.447,0.2951,0.2587,LOW,F1_login_count,19.8,F6_inactive_days,15.5,F4_num_submitted,14.1,11,F1 login count (19.8%) and F6 inactive days (15.5%),329,0.24392455092642795,0.052932838511834474,0.6574995432415178,0.16617776743336196,4,0.2311,LOW
330,OULAD_TEST_0330,0,0.1193,0.3583,0.4272,0.3307,0.1193,LOW,F1_login_count,20.6,F6_inactive_days,14.4,F4_num_submitted,13.5,1,F1 login count (20.6%) and F6 inactive days (14.4%),330,0.08228532271530854,0.054635581547424025,0.666314760233071,0.02592529150003787,2,0.1338,LOW
331,OULAD_TEST_0331,0,0.1213,0.237,0.1116,0.06,0.1213,LOW,F1_login_count,17.1,F5_on_time_rate,12.4,F4_num_submitted,11.4,1,F1 login count (17.1%) and F5 on time rate (12.4%),331,0.0,0.10062028537032784,0.505363670010838,0.0,1,0.0912,LOW
332,OULAD_TEST_0332,0,0.3353,0.4838,0.5044,0.4798,0.3353,LOW,F1_login_count,16.9,F5_on_time_rate,13.2,F6_inactive_days,11.4,12,F1 login count (16.9%) and F5 on time rate (13.2%),332,0.2422904558193726,0.2122303266414533,0.4747285932213535,0.3976298889591291,3,0.3446,LOW
333,OULAD_TEST_0333,1,0.8866,0.5038,0.7851,0.8872,0.8866,HIGH,F1_login_count,19.2,F4_num_submitted,15.7,F6_inactive_days,15.1,13,F1 login count (19.2%) and F4 num submitted (15.7%),333,0.5529038288487887,0.6786894900168323,0.0,0.43834273423346737,10,0.885,HIGH
334,OULAD_TEST_0334,1,0.9991,0.7966,0.9583,0.9335,0.9991,HIGH,F1_login_count,25.0,F5_on_time_rate,13.1,F4_num_submitted,12.3,8,F1 login count (25.0%) and F5 on time rate (13.1%),334,0.796881973341775,0.795812635482489,0.00411027236823376,0.6876923171969985,9,0.9366,HIGH
335,OULAD_TEST_0335,1,0.9957,0.4317,0.5652,0.6745,0.9957,HIGH,F1_login_count,25.8,F5_on_time_rate,14.7,F6_inactive_days,11.5,17,F1 login count (25.8%) and F5 on time rate (14.7%),335,0.6822842618497862,0.8697204182661099,0.0,0.530320339792895,7,0.9018,HIGH
336,OULAD_TEST_0336,0,0.9094,0.5303,0.4267,0.5324,0.9094,HIGH,F1_login_count,19.9,F4_num_submitted,12.7,F6_inactive_days,12.6,17,F1 login count (19.9%) and F4 num submitted (12.7%),336,0.5540302803207487,0.75800367852749,0.1650775100714617,0.49040318849107645,9,0.8487,HIGH
337,OULAD_TEST_0337,0,0.0352,0.2432,0.0914,0.1269,0.0352,LOW,F1_login_count,17.6,F6_inactive_days,17.5,F4_num_submitted,17.0,1,F1 login count (17.6%) and F6 inactive days (17.5%),337,0.0,0.0,0.7627324139646974,0.14474996327634804,0,0.0656,LOW
338,OULAD_TEST_0338,0,0.4258,0.5863,0.5859,0.6463,0.4258,MEDIUM,F5_on_time_rate,13.5,F1_login_count,13.2,F4_num_submitted,11.4,12,F5 on time rate (13.5%) and F1 login count (13.2%),338,0.33935314542756245,0.1922739877891947,0.44160040052412614,0.20987557844527754,2,0.3849,LOW
339,OULAD_TEST_0339,0,0.5818,0.7009,0.6849,0.7226,0.5818,MEDIUM,F1_login_count,18.8,F5_on_time_rate,11.2,F6_inactive_days,11.0,12,F1 login count (18.8%) and F5 on time rate (11.2%),339,0.3508875447196025,0.4459807857714259,0.4001492137787583,0.3005045544695648,5,0.6934,MEDIUM
340,OULAD_TEST_0340,0,0.0505,0.3058,0.1631,0.1109,0.0505,LOW,F1_login_count,20.2,F5_on_time_rate,12.8,F4_num_submitted,12.1,2,F1 login count (20.2%) and F5 on time rate (12.8%),340,0.0,0.07953992688428417,0.8559906934075863,0.16623656366097683,0,0.0666,LOW
341,OULAD_TEST_0341,0,0.1522,0.4882,0.4114,0.3746,0.1522,LOW,F1_login_count,18.2,F13_weeks_since_active,15.8,F5_on_time_rate,14.8,5,F1 login count (18.2%) and F13 weeks since active (15.8%),341,0.13090872114919122,0.0,0.6762301248230349,0.28300767518659475,0,0.1276,LOW
342,OULAD_TEST_0342,0,0.4511,0.4835,0.5453,0.65,0.4511,MEDIUM,F1_login_count,21.2,F5_on_time_rate,15.6,F6_inactive_days,12.0,8,F1 login count (21.2%) and F5 on time rate (15.6%),342,0.3402666571108723,0.34345658590786954,0.3619999700450709,0.348022776394108,4,0.563,MEDIUM
343,OULAD_TEST_0343,0,0.6634,0.4609,0.689,0.5141,0.6634,MEDIUM,F4_num_submitted,17.9,F6_inactive_days,17.9,F1_login_count,13.7,16,F4 num submitted (17.9%) and F6 inactive days (17.9%),343,0.41368568246288695,0.5217901714786063,0.09188303838878706,0.3194676269251261,8,0.7566,HIGH
344,OULAD_TEST_0344,0,0.1722,0.5914,0.402,0.4286,0.1722,LOW,F1_login_count,27.7,F5_on_time_rate,15.4,F6_inactive_days,10.3,7,F1 login count (27.7%) and F5 on time rate (15.4%),344,0.07343616943816769,0.25743702225667586,0.5936350242964821,0.04204698008429046,0,0.1676,LOW
345,OULAD_TEST_0345,0,0.0922,0.4329,0.2722,0.1708,0.0922,LOW,F1_login_count,20.7,F6_inactive_days,14.8,F4_num_submitted,13.8,11,F1 login count (20.7%) and F6 inactive days (14.8%),345,0.08774499373576364,0.0475682550629709,0.6645187753352039,0.0649098316488045,2,0.1181,LOW
346,OULAD_TEST_0346,0,0.1093,0.3751,0.4163,0.1759,0.1093,LOW,F1_login_count,23.5,F5_on_time_rate,14.1,F6_inactive_days,9.1,7,F1 login count (23.5%) and F5 on time rate (14.1%),346,0.0,0.12354411877927426,0.7232657452992297,0.1040916074310789,0,0.086,LOW
347,OULAD_TEST_0347,0,0.1173,0.3507,0.2196,0.1467,0.1173,LOW,F4_num_submitted,12.9,F6_inactive_days,12.8,F1_login_count,11.0,1,F4 num submitted (12.9%) and F6 inactive days (12.8%),347,0.0,0.11100557120699706,0.6716453118861974,0.0,4,0.1349,LOW
348,OULAD_TEST_0348,0,0.1553,0.4436,0.5132,0.1685,0.1553,LOW,F1_login_count,19.2,F6_inactive_days,13.5,F5_on_time_rate,12.1,11,F1 login count (19.2%) and F6 inactive days (13.5%),348,0.03686557787475639,0.0,0.7445532972051428,0.17994455274958365,0,0.0862,LOW
349,OULAD_TEST_0349,0,0.3755,0.4908,0.4266,0.6339,0.3755,LOW,F1_login_count,19.9,F5_on_time_rate,15.4,F6_inactive_days,13.3,9,F1 login count (19.9%) and F5 on time rate (15.4%),349,0.24150528482881525,0.380631577330539,0.4383016728729311,0.23556159955675188,3,0.4053,MEDIUM
350,OULAD_TEST_0350,0,0.4986,0.4636,0.4508,0.4012,0.4986,MEDIUM,F1_login_count,18.1,F6_inactive_days,13.8,F4_num_submitted,13.4,4,F1 login count (18.1%) and F6 inactive days (13.8%),350,0.3801107565598005,0.441041720436503,0.3954158833147059,0.09327500176342446,2,0.418,MEDIUM
351,OULAD_TEST_0351,1,0.7297,0.4983,0.3993,0.6835,0.7297,HIGH,F1_login_count,15.7,F6_inactive_days,12.8,F4_num_submitted,11.6,16,F1 login count (15.7%) and F6 inactive days (12.8%),351,0.6583256216949551,0.6609064911739673,0.33463874431968893,0.32634882210471233,7,0.7931,HIGH
352,OULAD_TEST_0352,0,0.0745,0.4309,0.1303,0.0916,0.0745,LOW,F1_login_count,22.2,F6_inactive_days,14.3,F4_num_submitted,14.2,5,F1 login count (22.2%) and F6 inactive days (14.3%),352,0.13791596232020195,0.3774240165149061,0.7745825213954967,0.0,1,0.1177,LOW
353,OULAD_TEST_0353,1,0.9913,0.4475,0.3015,0.3854,0.9913,HIGH,F1_login_count,27.3,F5_on_time_rate,12.8,F6_inactive_days,10.6,17,F1 login count (27.3%) and F5 on time rate (12.8%),353,0.6779161470036572,0.6758759648401129,0.0009562458311435816,0.5860370773390734,9,0.8693,HIGH
354,OULAD_TEST_0354,0,0.0288,0.3077,0.2469,0.0889,0.0288,LOW,F1_login_count,19.1,F6_inactive_days,12.9,F4_num_submitted,11.9,8,F1 login count (19.1%) and F6 inactive days (12.9%),354,0.018258379209731113,0.1624557319808887,0.7167655558064823,0.2439934554604795,0,0.0761,LOW
355,OULAD_TEST_0355,1,0.5333,0.608,0.6419,0.9352,0.5333,MEDIUM,F1_login_count,24.0,F4_num_submitted,12.2,F6_inactive_days,11.9,12,F1 login count (24.0%) and F4 num submitted (12.2%),355,0.27305706353621906,0.4303091984479715,0.3100368603285023,0.3485605567367554,3,0.6453,MEDIUM
356,OULAD_TEST_0356,0,0.1055,0.3605,0.1329,0.1381,0.1055,LOW,F1_login_count,17.4,F4_num_submitted,13.3,F6_inactive_days,13.3,4,F1 login count (17.4%) and F4 num submitted (13.3%),356,0.071998686400761,0.11266131235224074,0.6305386747048052,0.0,2,0.1186,LOW
357,OULAD_TEST_0357,0,0.1271,0.4695,0.337,0.2007,0.1271,LOW,F1_login_count,18.1,F13_weeks_since_active,13.1,F5_on_time_rate,11.7,5,F1 login count (18.1%) and F13 weeks since active (13.1%),357,0.060104136107986164,0.10439402037590062,0.6442193134217101,0.10273569651685958,1,0.1191,LOW
358,OULAD_TEST_0358,0,0.191,0.6809,0.5302,0.5081,0.191,LOW,F1_login_count,24.7,F5_on_time_rate,15.7,F6_inactive_days,12.0,8,F1 login count (24.7%) and F5 on time rate (15.7%),358,0.16597185603380893,0.1284110933281565,0.7227665838744315,0.07234947030553429,4,0.25,LOW
359,OULAD_TEST_0359,0,0.3251,0.348,0.4595,0.3734,0.3251,LOW,F1_login_count,27.6,F5_on_time_rate,15.0,F6_inactive_days,10.8,10,F1 login count (27.6%) and F5 on time rate (15.0%),359,0.1448469056447677,0.2307483657408993,0.5177311728707732,0.234030988744025,2,0.2488,LOW
360,OULAD_TEST_0360,0,0.7595,0.5603,0.7352,0.8282,0.7595,HIGH,F1_login_count,19.7,F4_num_submitted,13.1,F6_inactive_days,12.6,17,F1 login count (19.7%) and F4 num submitted (13.1%),360,0.5835846514241172,0.6719356988458406,0.05742269306187692,0.5253681224442737,6,0.8564,HIGH
361,OULAD_TEST_0361,1,0.6439,0.5305,0.4546,0.5317,0.6439,MEDIUM,F1_login_count,21.8,F5_on_time_rate,16.7,F13_weeks_since_active,12.0,11,F1 login count (21.8%) and F5 on time rate (16.7%),361,0.6040038913002578,0.42594110426626564,0.46169692930597833,0.5314476776668726,7,0.7416,HIGH
362,OULAD_TEST_0362,1,0.9977,0.4589,0.733,0.797,0.9977,HIGH,F1_login_count,26.6,F5_on_time_rate,14.9,F6_inactive_days,11.3,14,F1 login count (26.6%) and F5 on time rate (14.9%),362,0.6875139851543142,0.9080913334017413,0.03383651911451628,0.595705620519597,7,0.9176,HIGH
363,OULAD_TEST_0363,1,0.5564,0.4612,0.4247,0.4878,0.5564,MEDIUM,F1_login_count,21.9,F6_inactive_days,11.8,F4_num_submitted,10.7,15,F1 login count (21.9%) and F6 inactive days (11.8%),363,0.4296511722098941,0.43964444760917964,0.21418565994868308,0.53051526331198,3,0.6942,MEDIUM
364,OULAD_TEST_0364,0,0.4394,0.6277,0.653,0.8196,0.4394,MEDIUM,F1_login_count,22.2,F5_on_time_rate,12.7,F6_inactive_days,12.0,15,F1 login count (22.2%) and F5 on time rate (12.7%),364,0.3765943991711112,0.28308445287677136,0.4042951072759176,0.3726027195043429,6,0.622,MEDIUM
365,OULAD_TEST_0365,0,0.453,0.6196,0.5385,0.4672,0.453,MEDIUM,F1_login_count,14.7,F13_weeks_since_active,12.5,F6_inactive_days,11.2,9,F1 login count (14.7%) and F13 weeks since active (12.5%),365,0.27697795281141635,0.3490489713603349,0.4486886382828418,0.18690725462253743,2,0.3787,LOW
366,OULAD_TEST_0366,1,0.9967,0.4538,0.341,0.2335,0.9967,HIGH,F1_login_count,17.0,F4_num_submitted,16.8,F6_inactive_days,16.7,17,F1 login count (17.0%) and F4 num submitted (16.8%),366,0.7200992481810418,0.9477669373490059,0.17309920932973769,0.8632026798898157,7,0.8929,HIGH
367,OULAD_TEST_0367,0,0.1143,0.1744,0.3224,0.4603,0.1143,LOW,F6_inactive_days,14.3,F1_login_count,13.0,F4_num_submitted,12.6,14,F6 inactive days (14.3%) and F1 login count (13.0%),367,0.08126924007817948,0.05432819303870214,0.5977487541741131,0.10781934159241172,3,0.1679,LOW
368,OULAD_TEST_0368,0,0.1453,0.3154,0.2787,0.1925,0.1453,LOW,F1_login_count,24.5,F5_on_time_rate,16.1,F6_inactive_days,10.6,14,F1 login count (24.5%) and F5 on time rate (16.1%),368,0.11147760985488318,0.15218128945676962,0.7813640719355948,0.0,0,0.0977,LOW
369,OULAD_TEST_0369,1,0.971,0.6303,0.5443,0.8094,0.971,HIGH,F1_login_count,26.4,F5_on_time_rate,14.6,F13_weeks_since_active,8.9,10,F1 login count (26.4%) and F5 on time rate (14.6%),369,0.6023990216144534,0.766873497942762,0.16314864269723434,0.7809495661476507,9,0.9045,HIGH
370,OULAD_TEST_0370,0,0.0527,0.4478,0.1863,0.1119,0.0527,LOW,F1_login_count,16.7,F13_weeks_since_active,12.6,F4_num_submitted,10.7,6,F1 login count (16.7%) and F13 weeks since active (12.6%),370,0.03934101742589426,0.10542874799388956,0.6949745694925431,0.2809533102238133,0,0.0859,LOW
371,OULAD_TEST_0371,0,0.1318,0.4104,0.2171,0.2036,0.1318,LOW,F1_login_count,20.5,F6_inactive_days,13.0,F4_num_submitted,12.9,1,F1 login count (20.5%) and F6 inactive days (13.0%),371,0.14205982912454496,0.16687061910321632,0.6668086381139767,0.07511696835365272,0,0.1184,LOW
372,OULAD_TEST_0372,0,0.3434,0.4128,0.4023,0.4356,0.3434,LOW,F1_login_count,22.0,F5_on_time_rate,12.4,F6_inactive_days,10.7,12,F1 login count (22.0%) and F5 on time rate (12.4%),372,0.38549436077950416,0.4397787066637129,0.4216490752626231,0.14560196875492842,3,0.3793,LOW
373,OULAD_TEST_0373,0,0.1392,0.3459,0.2936,0.3371,0.1392,LOW,F1_login_count,21.5,F6_inactive_days,14.6,F4_num_submitted,14.0,13,F1 login count (21.5%) and F6 inactive days (14.6%),373,0.19336708260852067,0.10427488436006276,0.6682938858919696,0.06283500510556056,2,0.164,LOW
374,OULAD_TEST_0374,0,0.8924,0.7242,0.5765,0.7701,0.8924,HIGH,F1_login_count,18.0,F6_inactive_days,13.9,F4_num_submitted,12.5,17,F1 login count (18.0%) and F6 inactive days (13.9%),374,0.8399982457511556,0.8120323843806325,0.08242100256570692,0.6212078073021239,9,0.9059,HIGH
375,OULAD_TEST_0375,0,0.0492,0.2623,0.1461,0.1622,0.0492,LOW,F6_inactive_days,16.5,F4_num_submitted,15.9,F1_login_count,11.5,1,F6 inactive days (16.5%) and F4 num submitted (15.9%),375,0.0,0.04966540316311556,0.826604999808237,0.18286279860366167,1,0.0789,LOW
376,OULAD_TEST_0376,1,0.9129,0.8618,0.8354,0.9411,0.9129,HIGH,F1_login_count,22.5,F13_weeks_since_active,12.6,F6_inactive_days,10.3,5,F1 login count (22.5%) and F13 weeks since active (12.6%),376,0.7262620636720678,0.8796347425490412,0.17869834710204463,0.6161984797036288,8,0.9145,HIGH
377,OULAD_TEST_0377,1,0.8122,0.9284,0.9395,0.8948,0.8122,HIGH,F1_login_count,14.3,F13_weeks_since_active,11.4,F5_on_time_rate,10.1,9,F1 login count (14.3%) and F13 weeks since active (11.4%),377,0.5868742005738351,0.6328634089913017,0.07543039353783527,0.49952678501661235,9,0.8786,HIGH
378,OULAD_TEST_0378,1,0.8775,0.8318,0.9161,0.8463,0.8775,HIGH,F1_login_count,19.3,F4_num_submitted,13.0,F6_inactive_days,12.0,12,F1 login count (19.3%) and F4 num submitted (13.0%),378,0.8332302933217672,0.8054754250301824,0.0,0.7062614124365313,7,0.9217,HIGH
379,OULAD_TEST_0379,0,0.0849,0.2938,0.2943,0.1179,0.0849,LOW,F1_login_count,18.5,F6_inactive_days,14.6,F4_num_submitted,13.3,1,F1 login count (18.5%) and F6 inactive days (14.6%),379,0.0,0.05658921631066547,0.7299555220723759,0.01339962323381734,0,0.0697,LOW
380,OULAD_TEST_0380,0,0.2328,0.2226,0.1598,0.2313,0.2328,LOW,F1_login_count,14.9,F5_on_time_rate,10.7,F6_inactive_days,10.5,17,F1 login count (14.9%) and F5 on time rate (10.7%),380,0.07898781578192238,0.19274494583132018,0.6431137529968641,0.26339032060402884,0,0.1336,LOW
381,OULAD_TEST_0381,0,0.3814,0.3284,0.2553,0.3566,0.3814,LOW,F1_login_count,20.8,F6_inactive_days,11.8,F5_on_time_rate,11.0,15,F1 login count (20.8%) and F6 inactive days (11.8%),381,0.20704073545559779,0.3315301987558698,0.5198217687685042,0.19427246419784655,1,0.2605,LOW
382,OULAD_TEST_0382,0,0.1982,0.4788,0.2206,0.1082,0.1982,LOW,F1_login_count,23.9,F5_on_time_rate,14.6,F4_num_submitted,12.7,8,F1 login count (23.9%) and F5 on time rate (14.6%),382,0.0,0.18864923171413417,0.6087726752490957,0.17064275496130715,3,0.1609,LOW
383,OULAD_TEST_0383,0,0.0957,0.4394,0.176,0.097,0.0957,LOW,F1_login_count,16.5,F5_on_time_rate,11.6,F4_num_submitted,10.1,4,F1 login count (16.5%) and F5 on time rate (11.6%),383,0.01441449783192389,0.07204667655024333,0.7359152099663935,0.043792492225145814,0,0.0792,LOW
384,OULAD_TEST_0384,0,0.4017,0.4324,0.4668,0.2171,0.4017,MEDIUM,F1_login_count,13.7,F6_inactive_days,12.8,F4_num_submitted,12.1,8,F1 login count (13.7%) and F6 inactive days (12.8%),384,0.2052767338446302,0.3586220546536421,0.6301844808352248,0.23431773808166267,4,0.3165,LOW
385,OULAD_TEST_0385,1,0.9969,0.5152,0.8621,0.8556,0.9969,HIGH,F1_login_count,27.3,F5_on_time_rate,14.7,F13_weeks_since_active,10.2,8,F1 login count (27.3%) and F5 on time rate (14.7%),385,0.7128693786476207,0.9736144446049748,0.040653416896250925,0.5528536179045348,9,0.9273,HIGH
386,OULAD_TEST_0386,1,0.787,0.6983,0.9261,0.9532,0.787,HIGH,F1_login_count,16.8,F4_num_submitted,13.2,F6_inactive_days,11.8,11,F1 login count (16.8%) and F4 num submitted (13.2%),386,0.5850755975777159,0.7477859748492175,0.13306315749969155,0.6335824837416834,7,0.8874,HIGH
387,OULAD_TEST_0387,0,0.6511,0.3793,0.6899,0.4047,0.6511,MEDIUM,F1_login_count,24.3,F5_on_time_rate,11.8,F6_inactive_days,10.8,17,F1 login count (24.3%) and F5 on time rate (11.8%),387,0.6433870839215886,0.6229673673997518,0.2291002182904004,0.3027088754269758,8,0.7691,HIGH
388,OULAD_TEST_0388,0,0.2689,0.3735,0.2541,0.258,0.2689,LOW,F1_login_count,24.3,F5_on_time_rate,12.2,F6_inactive_days,10.8,8,F1 login count (24.3%) and F5 on time rate (12.2%),388,0.283272383818605,0.1921218379180903,0.567894764232227,0.07251212969415498,2,0.2232,LOW
389,OULAD_TEST_0389,0,0.0956,0.347,0.2549,0.2369,0.0956,LOW,F1_login_count,21.4,F5_on_time_rate,12.8,F13_weeks_since_active,11.2,8,F1 login count (21.4%) and F5 on time rate (12.8%),389,0.009229634433759681,0.010120733741734056,0.887193996183064,0.31187922790141315,1,0.088,LOW
390,OULAD_TEST_0390,0,0.2403,0.4209,0.3193,0.5329,0.2403,LOW,F1_login_count,20.9,F6_inactive_days,13.4,F4_num_submitted,12.5,13,F1 login count (20.9%) and F6 inactive days (13.4%),390,0.0783685328651642,0.28067904465902027,0.5894299290473803,0.2615217077585198,2,0.2556,LOW
391,OULAD_TEST_0391,1,0.9947,0.4353,0.7054,0.6989,0.9947,HIGH,F1_login_count,23.7,F5_on_time_rate,14.5,F6_inactive_days,12.7,17,F1 login count (23.7%) and F5 on time rate (14.5%),391,0.7454819171506506,0.9155787434023835,0.00226056554792918,0.3106063561568357,9,0.9033,HIGH
392,OULAD_TEST_0392,1,0.9723,0.8386,0.8891,0.9477,0.9723,HIGH,F1_login_count,20.3,F5_on_time_rate,12.1,F13_weeks_since_active,12.0,11,F1 login count (20.3%) and F5 on time rate (12.1%),392,0.5485866792979358,0.9442686540600786,0.0,0.5155489512947515,13,0.9231,HIGH
393,OULAD_TEST_0393,0,0.0452,0.3016,0.4785,0.1254,0.0452,LOW,F1_login_count,16.5,F6_inactive_days,15.5,F4_num_submitted,13.9,1,F1 login count (16.5%) and F6 inactive days (15.5%),393,0.21478587658543538,0.0,0.8737383357441966,0.0,0,0.0693,LOW
394,OULAD_TEST_0394,0,0.3135,0.5293,0.4437,0.4261,0.3135,LOW,F1_login_count,17.7,F13_weeks_since_active,16.5,F5_on_time_rate,14.3,11,F1 login count (17.7%) and F13 weeks since active (16.5%),394,0.3373940120721287,0.24811110757117225,0.7451837254744675,0.07401711679016938,5,0.3479,LOW
395,OULAD_TEST_0395,0,0.3221,0.5052,0.7571,0.6141,0.3221,LOW,F1_login_count,19.6,F5_on_time_rate,14.5,F6_inactive_days,12.8,9,F1 login count (19.6%) and F5 on time rate (14.5%),395,0.17855243478952948,0.14262626699796527,0.5873813049431389,0.0,4,0.3096,LOW
396,OULAD_TEST_0396,0,0.0911,0.2478,0.1182,0.1922,0.0911,LOW,F1_login_count,17.4,F6_inactive_days,16.0,F4_num_submitted,15.6,2,F1 login count (17.4%) and F6 inactive days (16.0%),396,0.0,0.04603731151513017,0.7353972903785426,0.038221250676726916,0,0.0778,LOW
397,OULAD_TEST_0397,1,0.5274,0.7411,0.6068,0.5602,0.5274,MEDIUM,F1_login_count,21.7,F5_on_time_rate,13.9,F13_weeks_since_active,12.3,10,F1 login count (21.7%) and F5 on time rate (13.9%),397,0.5045672374165413,0.5280156408463558,0.3817582833174235,0.17940698170064262,7,0.6931,MEDIUM
398,OULAD_TEST_0398,0,0.5428,0.3409,0.3057,0.359,0.5428,MEDIUM,F1_login_count,19.0,F6_inactive_days,13.3,F4_num_submitted,11.7,17,F1 login count (19.0%) and F6 inactive days (13.3%),398,0.36850601547473816,0.4240603696617441,0.1273293211214255,0.33286863081557255,2,0.5408,MEDIUM
399,OULAD_TEST_0399,1,0.3312,0.572,0.5618,0.4399,0.3312,LOW,F1_login_count,18.3,F13_weeks_since_active,15.9,F5_on_time_rate,13.2,5,F1 login count (18.3%) and F13 weeks since active (15.9%),399,0.3556216311973462,0.3327583836160659,0.6095550864284818,0.003705448934097022,2,0.3019,LOW
400,OULAD_TEST_0400,0,0.881,0.8308,0.8982,0.9002,0.881,HIGH,F1_login_count,21.2,F4_num_submitted,14.0,F6_inactive_days,13.5,14,F1 login count (21.2%) and F4 num submitted (14.0%),400,0.4572572341205632,0.7336097515201752,0.10861664159958437,0.5385494223806447,6,0.8788,HIGH
401,OULAD_TEST_0401,0,0.4253,0.5307,0.4557,0.4499,0.4253,MEDIUM,F1_login_count,16.8,F6_inactive_days,13.2,F13_weeks_since_active,12.5,4,F1 login count (16.8%) and F6 inactive days (13.2%),401,0.2377724977046227,0.38742956225772485,0.5025942050660726,0.20539004662556076,4,0.4205,MEDIUM
402,OULAD_TEST_0402,0,0.332,0.4057,0.3425,0.447,0.332,LOW,F1_login_count,17.2,F6_inactive_days,13.1,F5_on_time_rate,13.0,16,F1 login count (17.2%) and F6 inactive days (13.1%),402,0.2329243699718183,0.19038468881474663,0.46325378059162947,0.3794343558226315,1,0.2742,LOW
403,OULAD_TEST_0403,0,0.016,0.2097,0.0594,0.0365,0.016,LOW,F1_login_count,15.8,F4_num_submitted,15.7,F6_inactive_days,15.6,1,F1 login count (15.8%) and F4 num submitted (15.7%),403,0.015898059376474205,0.020416755970712085,0.7487543121022908,0.17896282340947497,0,0.0597,LOW
404,OULAD_TEST_0404,0,0.4779,0.3926,0.4399,0.6933,0.4779,MEDIUM,F1_login_count,21.7,F6_inactive_days,12.7,F4_num_submitted,11.7,11,F1 login count (21.7%) and F6 inactive days (12.7%),404,0.28952345285207565,0.16692412232794213,0.37657750634968273,0.3809814723612339,4,0.516,MEDIUM
405,OULAD_TEST_0405,0,0.735,0.3903,0.7434,0.8059,0.735,HIGH,F4_num_submitted,16.3,F6_inactive_days,16.1,F1_login_count,16.1,17,F4 num submitted (16.3%) and F6 inactive days (16.1%),405,0.5767849932347499,0.6097983073470412,0.3141622984073039,0.4018063463206545,6,0.8185,HIGH
406,OULAD_TEST_0406,0,0.0288,0.2738,0.1406,0.1145,0.0288,LOW,F1_login_count,18.9,F6_inactive_days,14.6,F4_num_submitted,13.5,1,F1 login count (18.9%) and F6 inactive days (14.6%),406,0.0,0.0,0.7390840163396907,0.2555256474312352,0,0.0668,LOW
407,OULAD_TEST_0407,0,0.22,0.438,0.3787,0.3052,0.22,LOW,F4_num_submitted,13.6,F13_weeks_since_active,13.5,F6_inactive_days,13.5,7,F4 num submitted (13.6%) and F13 weeks since active (13.5%),407,0.13976205149787066,0.2834795613237453,0.8322660322109798,0.0,1,0.1568,LOW
408,OULAD_TEST_0408,0,0.1472,0.4578,0.3655,0.2124,0.1472,LOW,F1_login_count,19.6,F6_inactive_days,15.1,F4_num_submitted,13.8,11,F1 login count (19.6%) and F6 inactive days (15.1%),408,0.11506956317118988,0.18731258822116087,0.7253262419015039,0.0,0,0.1131,LOW
409,OULAD_TEST_0409,0,0.025,0.2394,0.1212,0.0545,0.025,LOW,F1_login_count,17.4,F4_num_submitted,13.0,F6_inactive_days,12.5,1,F1 login count (17.4%) and F4 num submitted (13.0%),409,0.0689438834058749,0.05858367855728648,0.6524317340004269,0.004946028013312242,4,0.1066,LOW
410,OULAD_TEST_0410,0,0.0965,0.5723,0.3149,0.2961,0.0965,LOW,F1_login_count,13.5,F13_weeks_since_active,11.9,F6_inactive_days,9.7,5,F1 login count (13.5%) and F13 weeks since active (11.9%),410,0.13871148780888898,0.2037054981727504,0.7099453706748043,0.3283845730705343,0,0.1332,LOW
411,OULAD_TEST_0411,1,0.9542,0.5923,0.8828,0.836,0.9542,HIGH,F1_login_count,20.5,F4_num_submitted,13.7,F6_inactive_days,12.8,14,F1 login count (20.5%) and F4 num submitted (13.7%),411,0.555475790816213,0.7351566783340131,0.0,0.5482393311755895,6,0.8991,HIGH
412,OULAD_TEST_0412,1,0.6602,0.5947,0.4362,0.3141,0.6602,MEDIUM,F1_login_count,21.7,F6_inactive_days,14.0,F4_num_submitted,13.0,9,F1 login count (21.7%) and F6 inactive days (14.0%),412,0.3087285829264378,0.7009590558332446,0.0524017530179976,0.37413057081488615,5,0.7157,HIGH
413,OULAD_TEST_0413,1,0.7497,0.6488,0.5959,0.7789,0.7497,HIGH,F1_login_count,24.3,F5_on_time_rate,12.6,F6_inactive_days,11.6,9,F1 login count (24.3%) and F5 on time rate (12.6%),413,0.6525576821898509,0.7118203251408308,0.36018709401137894,0.27679075726658287,5,0.8094,HIGH
414,OULAD_TEST_0414,0,0.0469,0.3028,0.1885,0.087,0.0469,LOW,F1_login_count,19.2,F4_num_submitted,14.0,F6_inactive_days,13.4,1,F1 login count (19.2%) and F4 num submitted (14.0%),414,0.06606140119795917,0.020940577022484315,0.8327942542220005,0.1416515502324454,1,0.0754,LOW
415,OULAD_TEST_0415,1,0.6296,0.5016,0.6522,0.63,0.6296,MEDIUM,F1_login_count,25.2,F5_on_time_rate,14.6,F6_inactive_days,8.4,6,F1 login count (25.2%) and F5 on time rate (14.6%),415,0.36587134634434465,0.6260096117746357,0.3496407317899312,0.4921411505195225,6,0.7554,HIGH
416,OULAD_TEST_0416,0,0.1742,0.289,0.5778,0.6055,0.1742,LOW,F1_login_count,15.9,F6_inactive_days,14.2,F4_num_submitted,13.1,13,F1 login count (15.9%) and F6 inactive days (14.2%),416,0.2770551975522523,0.059566519007069246,0.6771803660299704,0.1992090241679892,2,0.2177,LOW
417,OULAD_TEST_0417,1,0.7207,0.6401,0.6719,0.5902,0.7207,HIGH,F1_login_count,17.2,F4_num_submitted,16.2,F6_inactive_days,16.1,9,F1 login count (17.2%) and F4 num submitted (16.2%),417,0.5160574634292858,0.5466338670777862,0.08523824313075623,0.3569135192583165,6,0.791,HIGH
418,OULAD_TEST_0418,0,0.0271,0.3183,0.2872,0.1198,0.0271,LOW,F6_inactive_days,14.7,F4_num_submitted,14.1,F1_login_count,11.6,1,F6 inactive days (14.7%) and F4 num submitted (14.1%),418,0.13689971840638265,0.0,0.7299582860444563,0.0,0,0.0716,LOW
419,OULAD_TEST_0419,1,0.7668,0.6652,0.8102,0.9029,0.7668,HIGH,F1_login_count,18.3,F6_inactive_days,13.3,F4_num_submitted,13.0,9,F1 login count (18.3%) and F6 inactive days (13.3%),419,0.543511848141011,0.6094617833548788,0.2707380774784013,0.3049053299514035,7,0.8277,HIGH
420,OULAD_TEST_0420,1,0.9981,0.2867,0.7384,0.951,0.9981,HIGH,F1_login_count,19.5,F4_num_submitted,15.4,F6_inactive_days,14.4,10,F1 login count (19.5%) and F4 num submitted (15.4%),420,0.9047447924881986,0.7638603885791797,0.0,0.608924700211312,9,0.9323,HIGH
421,OULAD_TEST_0421,0,0.1927,0.3212,0.2801,0.1302,0.1927,LOW,F6_inactive_days,13.8,F4_num_submitted,13.3,F1_login_count,13.3,2,F6 inactive days (13.8%) and F4 num submitted (13.3%),421,0.31042408424432044,0.261641645367626,0.3926630683749187,0.0,3,0.2166,LOW
422,OULAD_TEST_0422,0,0.4646,0.5152,0.5789,0.6737,0.4646,MEDIUM,F1_login_count,19.4,F6_inactive_days,13.6,F5_on_time_rate,13.2,16,F1 login count (19.4%) and F6 inactive days (13.6%),422,0.3003235851520927,0.37420164797041344,0.4056093992219074,0.13747001937008538,5,0.5234,MEDIUM
423,OULAD_TEST_0423,0,0.09,0.237,0.1551,0.0931,0.09,LOW,F4_num_submitted,12.2,F6_inactive_days,11.9,F5_on_time_rate,11.7,1,F4 num submitted (12.2%) and F6 inactive days (11.9%),423,0.16015709509543555,0.10470039746855037,0.7138242445972462,0.0031571139707188903,1,0.094,LOW
424,OULAD_TEST_0424,0,0.0589,0.1806,0.1553,0.0577,0.0589,LOW,F4_num_submitted,12.2,F1_login_count,12.1,F6_inactive_days,11.0,1,F4 num submitted (12.2%) and F1 login count (12.1%),424,0.10576759495851476,0.004436890686905552,0.766436341641471,0.0,1,0.0709,LOW
425,OULAD_TEST_0425,0,0.349,0.4762,0.4392,0.5446,0.349,LOW,F1_login_count,17.2,F4_num_submitted,12.9,F6_inactive_days,12.4,12,F1 login count (17.2%) and F4 num submitted (12.9%),425,0.38116315575323484,0.1510017359561186,0.5936518643514537,0.14484257654136537,4,0.3762,LOW
426,OULAD_TEST_0426,1,0.6933,0.4777,0.6366,0.7836,0.6933,MEDIUM,F1_login_count,16.4,F4_num_submitted,14.5,F6_inactive_days,13.9,17,F1 login count (16.4%) and F4 num submitted (14.5%),426,0.3888176539419895,0.6109095886713137,0.30912058122312086,0.47195335162083135,7,0.7886,HIGH
427,OULAD_TEST_0427,0,0.037,0.352,0.1216,0.0998,0.037,LOW,F1_login_count,16.0,F4_num_submitted,11.8,F6_inactive_days,11.8,1,F1 login count (16.0%) and F4 num submitted (11.8%),427,0.09450514599984393,0.0,0.7962769805243921,0.0316857362580335,0,0.0694,LOW
428,OULAD_TEST_0428,0,0.9704,0.6238,0.8873,0.9512,0.9704,HIGH,F4_num_submitted,17.3,F1_login_count,16.7,F6_inactive_days,16.6,14,F4 num submitted (17.3%) and F1 login count (16.7%),428,0.7851224486849588,0.8193492763131626,0.14323313880867092,0.5476612763386659,11,0.9244,HIGH
429,OULAD_TEST_0429,0,0.0916,0.4201,0.2124,0.055,0.0916,LOW,F1_login_count,13.8,F13_weeks_since_active,11.5,F6_inactive_days,11.0,1,F1 login count (13.8%) and F13 weeks since active (11.5%),429,0.0,0.0,0.5748230219186685,0.07692155139737784,0,0.0779,LOW
430,OULAD_TEST_0430,0,0.3913,0.5605,0.5323,0.6294,0.3913,LOW,F1_login_count,23.0,F5_on_time_rate,15.8,F6_inactive_days,11.3,8,F1 login count (23.0%) and F5 on time rate (15.8%),430,0.15558414873342247,0.4915870799384646,0.5374181814477391,0.11579675506744413,2,0.3581,LOW
431,OULAD_TEST_0431,0,0.6629,0.5041,0.4501,0.5134,0.6629,MEDIUM,F1_login_count,20.6,F5_on_time_rate,15.9,F13_weeks_since_active,11.5,11,F1 login count (20.6%) and F5 on time rate (15.9%),431,0.2601067822239899,0.6363740177739777,0.33233383633369423,0.4103734348691614,4,0.7064,HIGH
432,OULAD_TEST_0432,1,0.9496,0.5312,0.7852,0.9263,0.9496,HIGH,F1_login_count,19.0,F4_num_submitted,14.8,F6_inactive_days,14.1,17,F1 login count (19.0%) and F4 num submitted (14.8%),432,0.6377793165555442,0.8156203033017184,0.0,0.587832299141356,9,0.9151,HIGH
433,OULAD_TEST_0433,1,0.7289,0.4839,0.815,0.7984,0.7289,HIGH,F1_login_count,19.2,F6_inactive_days,14.3,F4_num_submitted,14.0,15,F1 login count (19.2%) and F6 inactive days (14.3%),433,0.5819842255795962,0.7206615342123736,0.06659293913176106,0.25697437687710234,4,0.8246,HIGH
434,OULAD_TEST_0434,0,0.3694,0.5004,0.7398,0.6535,0.3694,LOW,F13_weeks_since_active,16.1,F1_login_count,15.8,F5_on_time_rate,11.3,6,F13 weeks since active (16.1%) and F1 login count (15.8%),434,0.4088157052096028,0.24628472180274114,0.4298857873524399,0.3411232505244434,4,0.49,MEDIUM
435,OULAD_TEST_0435,0,0.0505,0.2553,0.1372,0.1549,0.0505,LOW,F4_num_submitted,13.9,F6_inactive_days,13.5,F13_weeks_since_active,11.4,1,F4 num submitted (13.9%) and F6 inactive days (13.5%),435,0.04275947804197752,0.08640335029360745,0.6934458557484708,0.0,0,0.0762,LOW
436,OULAD_TEST_0436,0,0.13,0.4267,0.3924,0.3549,0.13,LOW,F13_weeks_since_active,16.7,F1_login_count,14.5,F5_on_time_rate,9.7,7,F13 weeks since active (16.7%) and F1 login count (14.5%),436,0.2538615545571292,0.12648483469749708,0.7713419463502431,0.08883717590477219,3,0.19,LOW
437,OULAD_TEST_0437,0,0.1537,0.3162,0.305,0.1781,0.1537,LOW,F1_login_count,16.3,F4_num_submitted,14.8,F6_inactive_days,14.6,1,F1 login count (16.3%) and F4 num submitted (14.8%),437,0.0,0.1517666065066936,0.6155861216308905,0.23194940886423243,0,0.1039,LOW
438,OULAD_TEST_0438,0,0.2471,0.4798,0.342,0.3487,0.2471,LOW,F1_login_count,20.1,F5_on_time_rate,14.6,F6_inactive_days,11.2,8,F1 login count (20.1%) and F5 on time rate (14.6%),438,0.002631756064484514,0.3118232800085414,0.5166851481718797,0.2593412109256643,2,0.2248,LOW
439,OULAD_TEST_0439,0,0.224,0.6269,0.328,0.269,0.224,LOW,F1_login_count,14.4,F4_num_submitted,14.0,F6_inactive_days,13.9,8,F1 login count (14.4%) and F4 num submitted (14.0%),439,0.1512452301103381,0.24899936822238417,0.5596366263305441,0.13852000662826025,3,0.2459,LOW
440,OULAD_TEST_0440,1,0.8535,0.6369,0.5116,0.4922,0.8535,HIGH,F1_login_count,23.0,F5_on_time_rate,11.2,F6_inactive_days,10.9,7,F1 login count (23.0%) and F5 on time rate (11.2%),440,0.6358565448939307,0.7485728930260018,0.22906323341542115,0.46860011965415177,10,0.8429,HIGH
441,OULAD_TEST_0441,0,0.7008,0.2685,0.5213,0.7574,0.7008,HIGH,F1_login_count,17.2,F4_num_submitted,14.8,F6_inactive_days,14.4,11,F1 login count (17.2%) and F4 num submitted (14.8%),441,0.48729052519059063,0.4632890051017363,0.24066433743769522,0.5341814290290681,5,0.7852,HIGH
442,OULAD_TEST_0442,1,0.9945,0.327,0.47,0.4868,0.9945,HIGH,F4_num_submitted,17.4,F6_inactive_days,17.3,F1_login_count,14.9,16,F4 num submitted (17.4%) and F6 inactive days (17.3%),442,0.48940578999601236,0.7685212963776429,0.0,0.6776633973370344,10,0.8825,HIGH
443,OULAD_TEST_0443,1,0.9898,0.2942,0.2438,0.0666,0.9898,HIGH,F1_login_count,22.7,F6_inactive_days,13.5,F5_on_time_rate,13.4,17,F1 login count (22.7%) and F6 inactive days (13.5%),443,0.683947996048721,0.8315132853123421,0.0,0.5196761975947044,10,0.8567,HIGH
444,OULAD_TEST_0444,0,0.5321,0.4798,0.552,0.4778,0.5321,MEDIUM,F1_login_count,21.1,F5_on_time_rate,12.7,F6_inactive_days,11.3,7,F1 login count (21.1%) and F5 on time rate (12.7%),444,0.24202304994951465,0.4597547899421321,0.5035260334326522,0.22387276235979714,5,0.5828,MEDIUM
445,OULAD_TEST_0445,1,0.2725,0.6736,0.6649,0.5033,0.2725,LOW,F6_inactive_days,16.6,F4_num_submitted,15.8,F1_login_count,14.7,9,F6 inactive days (16.6%) and F4 num submitted (15.8%),445,0.25771725488300384,0.1412087020260861,0.5070828273396759,0.0,2,0.2562,LOW
446,OULAD_TEST_0446,0,0.1918,0.5531,0.3139,0.334,0.1918,LOW,F1_login_count,19.4,F5_on_time_rate,11.3,F6_inactive_days,9.9,9,F1 login count (19.4%) and F5 on time rate (11.3%),446,0.17091982460968483,0.3559641340462737,0.7781108290940104,0.1335638210020305,3,0.2339,LOW
447,OULAD_TEST_0447,1,0.9507,0.7099,0.8008,0.9558,0.9507,HIGH,F1_login_count,18.6,F4_num_submitted,16.6,F6_inactive_days,15.7,13,F1 login count (18.6%) and F4 num submitted (16.6%),447,0.5715020213672644,0.9294065244202858,0.06048962989215037,0.5604962705977921,6,0.9102,HIGH
448,OULAD_TEST_0448,0,0.0781,0.2809,0.2148,0.1397,0.0781,LOW,F1_login_count,22.7,F5_on_time_rate,13.1,F6_inactive_days,10.7,8,F1 login count (22.7%) and F5 on time rate (13.1%),448,0.0032833082663306368,0.11455446563139868,0.7214780618024652,0.18320296495710509,0,0.0801,LOW
449,OULAD_TEST_0449,0,0.0492,0.2272,0.1196,0.1758,0.0492,LOW,F6_inactive_days,16.6,F4_num_submitted,16.4,F5_on_time_rate,10.8,1,F6 inactive days (16.6%) and F4 num submitted (16.4%),449,0.0,0.047582948902699575,1.0,0.072606611217644,1,0.068,LOW
450,OULAD_TEST_0450,1,0.2779,0.5338,0.5576,0.42,0.2779,LOW,F1_login_count,13.3,F13_weeks_since_active,11.4,F5_on_time_rate,10.4,9,F1 login count (13.3%) and F13 weeks since active (11.4%),450,0.18826209027268279,0.21923828240790785,0.4721160510201403,0.3268475033007228,3,0.3018,LOW
451,OULAD_TEST_0451,1,0.8619,0.4822,0.4627,0.5583,0.8619,HIGH,F1_login_count,21.8,F4_num_submitted,12.4,F5_on_time_rate,12.4,6,F1 login count (21.8%) and F4 num submitted (12.4%),451,0.6988442320501238,0.6564615231982212,0.0751114240432994,0.43345629265005947,10,0.8522,HIGH
452,OULAD_TEST_0452,0,0.1012,0.4346,0.1627,0.0979,0.1012,LOW,F1_login_count,18.6,F6_inactive_days,10.9,F13_weeks_since_active,10.8,6,F1 login count (18.6%) and F6 inactive days (10.9%),452,0.0,0.092218441481509,0.5957968760836001,0.1972980397161142,2,0.1169,LOW
453,OULAD_TEST_0453,1,0.4239,0.4827,0.5303,0.5152,0.4239,MEDIUM,F1_login_count,27.9,F5_on_time_rate,17.4,F2_vle_clicks,10.5,7,F1 login count (27.9%) and F5 on time rate (17.4%),453,0.34713465155178447,0.38093520321142005,0.556126197053617,0.1908700345074414,3,0.4232,MEDIUM
454,OULAD_TEST_0454,0,0.6,0.5972,0.8574,0.6311,0.6,MEDIUM,F1_login_count,20.8,F13_weeks_since_active,11.9,F6_inactive_days,11.7,11,F1 login count (20.8%) and F13 weeks since active (11.9%),454,0.3669742381627559,0.41065915396147007,0.488918893365168,0.45331152741507263,7,0.7243,HIGH
455,OULAD_TEST_0455,1,0.9594,0.7823,0.7185,0.9527,0.9594,HIGH,F1_login_count,21.9,F6_inactive_days,11.9,F5_on_time_rate,11.5,15,F1 login count (21.9%) and F6 inactive days (11.9%),455,0.5922927167737655,0.8422241133795918,0.1994722781404639,0.40058899289631683,8,0.8931,HIGH
456,OULAD_TEST_0456,0,0.3176,0.4546,0.3137,0.3155,0.3176,LOW,F1_login_count,19.7,F4_num_submitted,14.0,F6_inactive_days,13.7,7,F1 login count (19.7%) and F4 num submitted (14.0%),456,0.21161696400454422,0.25753927609402005,0.6683148753146005,0.2187762359239426,4,0.3004,LOW
457,OULAD_TEST_0457,0,0.7152,0.57,0.6639,0.6278,0.7152,HIGH,F1_login_count,17.7,F4_num_submitted,15.4,F6_inactive_days,15.2,12,F1 login count (17.7%) and F4 num submitted (15.4%),457,0.39711576775806257,0.4552953953698086,0.20807795322040348,0.19095744702649076,9,0.7488,HIGH
458,OULAD_TEST_0458,0,0.183,0.4441,0.2084,0.1367,0.183,LOW,F1_login_count,25.5,F5_on_time_rate,14.2,F6_inactive_days,11.0,7,F1 login count (25.5%) and F5 on time rate (14.2%),458,0.07273506946528178,0.08671919913763984,0.6170759022510153,0.07774350168698943,3,0.1543,LOW
459,OULAD_TEST_0459,0,0.0298,0.3832,0.129,0.0879,0.0298,LOW,F1_login_count,18.5,F6_inactive_days,12.6,F4_num_submitted,12.1,2,F1 login count (18.5%) and F6 inactive days (12.6%),459,0.0,0.0,0.6090430227505934,0.07072247926534964,0,0.0718,LOW
460,OULAD_TEST_0460,0,0.2542,0.4095,0.288,0.2982,0.2542,LOW,F13_weeks_since_active,14.8,F1_login_count,13.3,F4_num_submitted,11.6,7,F13 weeks since active (14.8%) and F1 login count (13.3%),460,0.37441251329163894,0.3670850125872152,0.8002273535181793,0.0900037738522685,2,0.2413,LOW
461,OULAD_TEST_0461,0,0.0227,0.2286,0.0803,0.048,0.0227,LOW,F4_num_submitted,10.5,F5_on_time_rate,10.4,F6_inactive_days,10.1,1,F4 num submitted (10.5%) and F5 on time rate (10.4%),461,0.019416355197172865,0.06381924996270065,0.8287378078148467,0.0,0,0.0568,LOW
462,OULAD_TEST_0462,1,0.5783,0.3588,0.2099,0.105,0.5783,MEDIUM,F1_login_count,24.4,F5_on_time_rate,13.8,F6_inactive_days,11.5,7,F1 login count (24.4%) and F5 on time rate (13.8%),462,0.33483744920074143,0.38471647447200874,0.28816430951305166,0.448514216315512,6,0.555,MEDIUM
463,OULAD_TEST_0463,0,0.1406,0.4118,0.3453,0.0737,0.1406,LOW,F1_login_count,17.2,F5_on_time_rate,11.8,F6_inactive_days,10.9,1,F1 login count (17.2%) and F5 on time rate (11.8%),463,0.1198179910734222,0.15839290315341098,0.8203256888986967,0.0719444652183692,0,0.0895,LOW
464,OULAD_TEST_0464,1,0.9979,0.8026,0.9213,0.9498,0.9979,HIGH,F1_login_count,18.3,F4_num_submitted,15.9,F6_inactive_days,15.9,8,F1 login count (18.3%) and F4 num submitted (15.9%),464,0.687297195030917,0.7244306808849307,0.0,0.5399915223563193,8,0.92,HIGH
465,OULAD_TEST_0465,1,0.1283,0.2066,0.3136,0.2119,0.1283,LOW,F1_login_count,19.6,F5_on_time_rate,14.0,F4_num_submitted,13.8,14,F1 login count (19.6%) and F5 on time rate (14.0%),465,0.06771304004667769,0.19567028431096586,0.7380222034222675,0.08200751053851317,0,0.0943,LOW
466,OULAD_TEST_0466,0,0.2532,0.4168,0.5405,0.4616,0.2532,LOW,F1_login_count,18.5,F6_inactive_days,12.8,F4_num_submitted,12.3,13,F1 login count (18.5%) and F6 inactive days (12.8%),466,0.2386566700043425,0.17753002785456967,0.5801770865709166,0.46832029703347056,1,0.24,LOW
467,OULAD_TEST_0467,1,0.7454,0.6124,0.3294,0.6401,0.7454,HIGH,F1_login_count,16.8,F6_inactive_days,14.9,F4_num_submitted,13.7,16,F1 login count (16.8%) and F6 inactive days (14.9%),467,0.5975307710047304,0.6260991049008663,0.2675477139880301,0.5856603419737852,7,0.8105,HIGH
468,OULAD_TEST_0468,1,0.5024,0.577,0.4323,0.1955,0.5024,MEDIUM,F1_login_count,17.9,F6_inactive_days,15.7,F4_num_submitted,14.3,11,F1 login count (17.9%) and F6 inactive days (15.7%),468,0.2986298852389472,0.5331037318033752,0.3917226460813879,0.44094884018254077,5,0.5998,MEDIUM
469,OULAD_TEST_0469,1,0.9973,0.4622,0.5131,0.6769,0.9973,HIGH,F1_login_count,26.6,F5_on_time_rate,15.6,F4_num_submitted,9.1,17,F1 login count (26.6%) and F5 on time rate (15.6%),469,0.6405281759355319,0.7447319145132599,0.0,0.6506455582790835,9,0.9008,HIGH
470,OULAD_TEST_0470,0,0.0377,0.2451,0.25,0.1893,0.0377,LOW,F4_num_submitted,12.2,F6_inactive_days,11.5,F13_weeks_since_active,10.4,1,F4 num submitted (12.2%) and F6 inactive days (11.5%),470,0.0,0.0,0.7773976372670038,0.042598232709257645,1,0.0736,LOW
471,OULAD_TEST_0471,1,0.611,0.5978,0.6586,0.7487,0.611,MEDIUM,F1_login_count,17.6,F6_inactive_days,15.3,F4_num_submitted,14.8,14,F1 login count (17.6%) and F6 inactive days (15.3%),471,0.19750788352644147,0.4726620538923196,0.4160864141875362,0.07907012540035002,5,0.6308,MEDIUM
472,OULAD_TEST_0472,1,0.2426,0.3876,0.4688,0.4434,0.2426,LOW,F1_login_count,18.6,F5_on_time_rate,13.4,F6_inactive_days,12.3,1,F1 login count (18.6%) and F5 on time rate (13.4%),472,0.018300893780144767,0.28928030808154537,0.6029983594146014,0.06408235842442414,1,0.1864,LOW
473,OULAD_TEST_0473,0,0.925,0.9262,0.9108,0.9284,0.925,HIGH,F1_login_count,18.4,F4_num_submitted,15.6,F6_inactive_days,14.7,12,F1 login count (18.4%) and F4 num submitted (15.6%),473,0.7841874267444524,0.6647023139618526,0.13751151215890858,0.4973310704157031,9,0.9074,HIGH
474,OULAD_TEST_0474,0,0.0257,0.3424,0.1865,0.1313,0.0257,LOW,F6_inactive_days,17.0,F4_num_submitted,16.2,F1_login_count,13.7,1,F6 inactive days (17.0%) and F4 num submitted (16.2%),474,0.1824867713501284,0.0,0.6748870514325946,0.0,3,0.115,LOW
475,OULAD_TEST_0475,0,0.1511,0.3119,0.3549,0.3524,0.1511,LOW,F1_login_count,13.5,F6_inactive_days,12.9,F5_on_time_rate,12.7,16,F1 login count (13.5%) and F6 inactive days (12.9%),475,0.08086639604436217,0.09234229132728008,0.6764939206730148,0.0,2,0.1434,LOW
476,OULAD_TEST_0476,1,0.9885,0.5094,0.5791,0.9279,0.9885,HIGH,F1_login_count,25.1,F5_on_time_rate,12.7,F13_weeks_since_active,11.5,12,F1 login count (25.1%) and F5 on time rate (12.7%),476,0.7496056963055766,0.8843642639928736,0.0,0.3553996234892839,9,0.9105,HIGH
477,OULAD_TEST_0477,1,0.8266,0.6373,0.7923,0.8414,0.8266,HIGH,F1_login_count,17.5,F4_num_submitted,15.5,F6_inactive_days,14.6,17,F1 login count (17.5%) and F4 num submitted (15.5%),477,0.6097450154543536,0.7986309399791063,0.213418084010471,0.49136113971631523,5,0.8695,HIGH
478,OULAD_TEST_0478,0,0.1127,0.2993,0.2827,0.3041,0.1127,LOW,F1_login_count,19.9,F6_inactive_days,14.2,F5_on_time_rate,13.7,2,F1 login count (19.9%) and F6 inactive days (14.2%),478,0.3867780808455238,0.05874209103316807,0.7129891562261996,0.16587191650185792,0,0.1381,LOW
479,OULAD_TEST_0479,0,0.0941,0.3495,0.2831,0.1326,0.0941,LOW,F1_login_count,14.8,F13_weeks_since_active,12.8,F5_on_time_rate,10.4,7,F1 login count (14.8%) and F13 weeks since active (12.8%),479,0.1778274911434577,0.04707087143071981,0.7937273676336613,0.18927294223491942,1,0.1006,LOW
480,OULAD_TEST_0480,0,0.2394,0.731,0.4591,0.3772,0.2394,LOW,F13_weeks_since_active,17.3,F1_login_count,17.2,F5_on_time_rate,12.4,5,F13 weeks since active (17.3%) and F1 login count (17.2%),480,0.15478824085192333,0.2958020587404598,0.7172510426157866,0.19341413544950892,1,0.2117,LOW
481,OULAD_TEST_0481,1,0.7745,0.8342,0.8305,0.8483,0.7745,HIGH,F1_login_count,20.2,F4_num_submitted,12.9,F5_on_time_rate,12.6,11,F1 login count (20.2%) and F4 num submitted (12.9%),481,0.4465959559399573,0.5087456640243663,0.24956185751213888,0.34909243905617166,5,0.8047,HIGH
482,OULAD_TEST_0482,1,0.4495,0.4948,0.2441,0.2911,0.4495,MEDIUM,F1_login_count,25.7,F5_on_time_rate,14.2,F6_inactive_days,11.5,6,F1 login count (25.7%) and F5 on time rate (14.2%),482,0.15400536797424272,0.35099333798535925,0.46771184342936445,0.03785218097760487,3,0.3313,LOW
483,OULAD_TEST_0483,1,0.7771,0.6778,0.8049,0.7741,0.7771,HIGH,F1_login_count,24.0,F5_on_time_rate,12.1,F13_weeks_since_active,10.1,7,F1 login count (24.0%) and F5 on time rate (12.1%),483,0.5643163635867222,0.6757689111940046,0.07849877414885947,0.2554357560718198,9,0.8411,HIGH
484,OULAD_TEST_0484,0,0.2699,0.4647,0.6092,0.6633,0.2699,LOW,F1_login_count,23.1,F5_on_time_rate,12.8,F6_inactive_days,11.3,13,F1 login count (23.1%) and F5 on time rate (12.8%),484,0.11329492547156962,0.2653524977028027,0.5838013889333099,0.009662090729460171,4,0.3174,LOW
485,OULAD_TEST_0485,1,0.5219,0.3563,0.6811,0.8521,0.5219,MEDIUM,F1_login_count,18.4,F6_inactive_days,14.6,F5_on_time_rate,13.6,16,F1 login count (18.4%) and F6 inactive days (14.6%),485,0.22310462904023257,0.4028304645447294,0.32917095979841665,0.20647683623571908,3,0.5729,MEDIUM
486,OULAD_TEST_0486,0,0.6535,0.3536,0.585,0.3831,0.6535,MEDIUM,F1_login_count,16.8,F6_inactive_days,14.1,F4_num_submitted,13.2,17,F1 login count (16.8%) and F6 inactive days (14.1%),486,0.3927927115757473,0.5582302809364672,0.2427936043295774,0.37293018024100955,7,0.7241,HIGH
487,OULAD_TEST_0487,1,0.9688,0.8035,0.8878,0.9236,0.9688,HIGH,F1_login_count,20.3,F4_num_submitted,14.9,F6_inactive_days,14.1,8,F1 login count (20.3%) and F4 num submitted (14.9%),487,0.5700051996385604,0.6244138117269609,0.0,0.45958029382476384,7,0.8957,HIGH
488,OULAD_TEST_0488,0,0.2809,0.6219,0.4782,0.5087,0.2809,LOW,F1_login_count,19.3,F5_on_time_rate,13.5,F6_inactive_days,11.0,8,F1 login count (19.3%) and F5 on time rate (13.5%),488,0.36534416350725646,0.1861051270132921,0.4772874425217757,0.20921710724019138,4,0.3708,LOW
489,OULAD_TEST_0489,1,0.9972,0.4442,0.7095,0.8029,0.9972,HIGH,F1_login_count,25.4,F5_on_time_rate,14.7,F4_num_submitted,10.7,17,F1 login count (25.4%) and F5 on time rate (14.7%),489,0.786203975694945,0.8839006970043574,0.0,0.5704471796640632,10,0.9243,HIGH
490,OULAD_TEST_0490,0,0.0734,0.3807,0.1454,0.0834,0.0734,LOW,F1_login_count,14.9,F6_inactive_days,12.6,F4_num_submitted,12.4,1,F1 login count (14.9%) and F6 inactive days (12.6%),490,0.050582735868338266,0.0,0.6744656951672233,0.045305485408923075,2,0.096,LOW
491,OULAD_TEST_0491,0,0.135,0.3255,0.3242,0.1471,0.135,LOW,F1_login_count,15.8,F4_num_submitted,12.0,F13_weeks_since_active,11.9,7,F1 login count (15.8%) and F4 num submitted (12.0%),491,0.24249441388900259,0.11946873772716779,0.711337945192416,0.21783006632054458,0,0.1134,LOW
492,OULAD_TEST_0492,1,0.7581,0.518,0.6637,0.6237,0.7581,HIGH,F1_login_count,17.6,F6_inactive_days,13.7,F4_num_submitted,13.4,12,F1 login count (17.6%) and F6 inactive days (13.7%),492,0.5384068307647618,0.6801348000642158,0.058702295457251,0.3132321918959556,8,0.8209,HIGH
493,OULAD_TEST_0493,1,0.5045,0.4151,0.6637,0.7256,0.5045,MEDIUM,F1_login_count,28.1,F5_on_time_rate,15.9,F6_inactive_days,11.0,15,F1 login count (28.1%) and F5 on time rate (15.9%),493,0.26702157986717356,0.4014210639313788,0.3979682236471625,0.3529445493950842,5,0.6432,MEDIUM
494,OULAD_TEST_0494,0,0.3204,0.4046,0.3196,0.3429,0.3204,LOW,F1_login_count,25.1,F5_on_time_rate,15.3,F6_inactive_days,10.6,6,F1 login count (25.1%) and F5 on time rate (15.3%),494,0.3765924077269658,0.2859771016797257,0.7337068424310965,0.1905632125828712,4,0.329,LOW
495,OULAD_TEST_0495,0,0.1717,0.4268,0.3572,0.3509,0.1717,LOW,F1_login_count,23.9,F5_on_time_rate,13.8,F6_inactive_days,11.7,15,F1 login count (23.9%) and F5 on time rate (13.8%),495,0.17408100436846585,0.068926394777231,0.7649456555252241,0.06300164628363655,3,0.1799,LOW
496,OULAD_TEST_0496,1,0.9924,0.8838,0.9702,0.9718,0.9924,HIGH,F1_login_count,23.7,F5_on_time_rate,15.1,F6_inactive_days,7.8,14,F1 login count (23.7%) and F5 on time rate (15.1%),496,0.5909553845673543,0.8270110976243162,0.17043415091205297,0.7016707585039152,10,0.9253,HIGH
497,OULAD_TEST_0497,0,0.0841,0.4651,0.2932,0.2041,0.0841,LOW,F4_num_submitted,14.8,F6_inactive_days,14.1,F13_weeks_since_active,12.4,7,F4 num submitted (14.8%) and F6 inactive days (14.1%),497,0.03983613219163917,0.1203022935671378,0.7718327876932727,0.15594169854684087,0,0.091,LOW
498,OULAD_TEST_0498,0,0.194,0.3622,0.4443,0.4804,0.194,LOW,F13_weeks_since_active,14.7,F4_num_submitted,14.2,F6_inactive_days,14.0,17,F13 weeks since active (14.7%) and F4 num submitted (14.2%),498,0.048238174661524275,0.17745783687747474,0.7615509822986446,0.0028211044813886282,3,0.1904,LOW
499,OULAD_TEST_0499,0,0.1258,0.3421,0.1703,0.1733,0.1258,LOW,F1_login_count,23.4,F6_inactive_days,13.2,F5_on_time_rate,13.1,1,F1 login count (23.4%) and F6 inactive days (13.2%),499,0.0,0.060007498434885155,0.6269635269532212,0.0536207299370491,1,0.102,LOW
500,OULAD_TEST_0500,1,0.2671,0.5704,0.4176,0.4053,0.2671,LOW,F1_login_count,18.8,F5_on_time_rate,12.6,F6_inactive_days,11.6,8,F1 login count (18.8%) and F5 on time rate (12.6%),500,0.2795877547531641,0.24497231234326344,0.5218859732978016,0.19400540191008783,1,0.2581,LOW
501,OULAD_TEST_0501,0,0.0296,0.3275,0.2073,0.1192,0.0296,LOW,F6_inactive_days,17.2,F4_num_submitted,16.1,F1_login_count,13.6,1,F6 inactive days (17.2%) and F4 num submitted (16.1%),501,0.21166166404701306,0.08232878325092945,0.5024059793862528,0.0,0,0.0964,LOW
502,OULAD_TEST_0502,0,0.5424,0.4632,0.5978,0.6546,0.5424,MEDIUM,F6_inactive_days,16.7,F4_num_submitted,16.0,F13_weeks_since_active,13.7,15,F6 inactive days (16.7%) and F4 num submitted (16.0%),502,0.23982324261808582,0.29704469771380176,0.4846945474042299,0.3956425598745358,3,0.5453,MEDIUM
503,OULAD_TEST_0503,0,0.6979,0.6346,0.6132,0.5306,0.6979,MEDIUM,F1_login_count,24.7,F5_on_time_rate,14.4,F6_inactive_days,10.4,8,F1 login count (24.7%) and F5 on time rate (14.4%),503,0.544826923669057,0.6859409251964718,0.39571239798198865,0.452483042149233,6,0.7818,HIGH
504,OULAD_TEST_0504,0,0.0616,0.3052,0.6496,0.3365,0.0616,LOW,F1_login_count,16.5,F5_on_time_rate,13.0,F6_inactive_days,12.4,1,F1 login count (16.5%) and F5 on time rate (13.0%),504,0.0,0.025459620905514246,0.6954022754652731,0.2568673488427215,2,0.1101,LOW
505,OULAD_TEST_0505,1,0.875,0.6115,0.6119,0.8619,0.875,HIGH,F1_login_count,24.9,F5_on_time_rate,12.6,F4_num_submitted,11.5,9,F1 login count (24.9%) and F5 on time rate (12.6%),505,0.5637874616235303,0.7777891946592185,0.0746048293602765,0.3413665036884255,9,0.8688,HIGH
506,OULAD_TEST_0506,1,0.9994,0.3013,0.3061,0.8244,0.9994,HIGH,F1_login_count,24.0,F4_num_submitted,15.3,F6_inactive_days,15.2,17,F1 login count (24.0%) and F4 num submitted (15.3%),506,0.6403406075761131,0.9452697538916182,0.0,0.5849476812303123,9,0.9073,HIGH
507,OULAD_TEST_0507,0,0.5903,0.5298,0.784,0.6533,0.5903,MEDIUM,F1_login_count,19.1,F4_num_submitted,12.0,F6_inactive_days,11.6,17,F1 login count (19.1%) and F4 num submitted (12.0%),507,0.3268109230320184,0.3920211042215628,0.36602535514774914,0.24515969861853706,7,0.6913,MEDIUM
508,OULAD_TEST_0508,0,0.0375,0.2969,0.1306,0.085,0.0375,LOW,F4_num_submitted,14.0,F6_inactive_days,13.5,F1_login_count,12.9,1,F4 num submitted (14.0%) and F6 inactive days (13.5%),508,0.031102162794482698,0.0,0.8824932545303241,0.09499289465268529,0,0.0595,LOW
509,OULAD_TEST_0509,1,0.6516,0.4541,0.3685,0.7276,0.6516,MEDIUM,F1_login_count,23.6,F6_inactive_days,13.5,F4_num_submitted,13.0,17,F1 login count (23.6%) and F6 inactive days (13.5%),509,0.37302498835889614,0.5307761043299435,0.10444280261189592,0.19689937319453463,6,0.7204,HIGH
510,OULAD_TEST_0510,0,0.2091,0.6071,0.5369,0.5463,0.2091,LOW,F13_weeks_since_active,15.9,F1_login_count,13.5,F6_inactive_days,12.7,5,F13 weeks since active (15.9%) and F1 login count (13.5%),510,0.1734156825779839,0.11503471831004573,0.6736638530642252,0.16701752522698637,1,0.2016,LOW
511,OULAD_TEST_0511,1,0.9971,0.5832,0.6735,0.8016,0.9971,HIGH,F1_login_count,28.4,F5_on_time_rate,15.0,F6_inactive_days,10.8,14,F1 login count (28.4%) and F5 on time rate (15.0%),511,0.6929461890550863,0.9863299260669446,0.0,0.5226541882381991,11,0.9214,HIGH
512,OULAD_TEST_0512,0,0.776,0.8119,0.8293,0.8399,0.776,HIGH,F1_login_count,13.9,F4_num_submitted,12.7,F6_inactive_days,12.2,13,F1 login count (13.9%) and F4 num submitted (12.7%),512,0.5193051953133591,0.5910582324938566,0.19053943919666894,0.3775005760654783,5,0.8278,HIGH
513,OULAD_TEST_0513,0,0.0977,0.4267,0.3282,0.1824,0.0977,LOW,F1_login_count,19.9,F6_inactive_days,15.2,F4_num_submitted,14.0,11,F1 login count (19.9%) and F6 inactive days (15.2%),513,0.0,0.038601257641050664,0.7677394001674291,0.0,0,0.0778,LOW
514,OULAD_TEST_0514,0,0.3759,0.4229,0.5201,0.5499,0.3759,LOW,F1_login_count,27.6,F5_on_time_rate,15.3,F6_inactive_days,9.4,10,F1 login count (27.6%) and F5 on time rate (15.3%),514,0.2054528669431667,0.3358661225282381,0.4804597561227179,0.16973088645587925,1,0.313,LOW
515,OULAD_TEST_0515,0,0.1865,0.3898,0.4561,0.4614,0.1865,LOW,F1_login_count,16.2,F13_weeks_since_active,13.2,F5_on_time_rate,12.9,9,F1 login count (16.2%) and F13 weeks since active (13.2%),515,0.2060891225825756,0.06235303791391289,0.640441314659422,0.24204006363491107,1,0.1799,LOW
516,OULAD_TEST_0516,0,0.2776,0.3596,0.4848,0.3147,0.2776,LOW,F1_login_count,14.9,F4_num_submitted,13.6,F6_inactive_days,13.4,17,F1 login count (14.9%) and F4 num submitted (13.6%),516,0.24441171876243806,0.20430554305949888,0.5565324832445361,0.1635373579764625,4,0.2764,LOW
517,OULAD_TEST_0517,0,0.1032,0.3617,0.4786,0.3808,0.1032,LOW,F1_login_count,20.2,F5_on_time_rate,13.4,F6_inactive_days,11.6,14,F1 login count (20.2%) and F5 on time rate (13.4%),517,0.0,0.113116260900014,0.8144716201788282,0.13724165014493694,0,0.096,LOW
518,OULAD_TEST_0518,1,0.3503,0.3546,0.3161,0.1563,0.3503,LOW,F1_login_count,19.8,F6_inactive_days,14.6,F4_num_submitted,14.3,16,F1 login count (19.8%) and F6 inactive days (14.6%),518,0.2551432305429226,0.2711261676493991,0.5616359960127497,0.409937018635953,2,0.2484,LOW
519,OULAD_TEST_0519,0,0.096,0.3131,0.4899,0.2011,0.096,LOW,F1_login_count,17.5,F6_inactive_days,13.1,F4_num_submitted,12.3,1,F1 login count (17.5%) and F6 inactive days (13.1%),519,0.1423387123371789,0.07412905128800415,0.7452583537737362,0.0892506701787091,2,0.1131,LOW
520,OULAD_TEST_0520,0,0.0659,0.32,0.1649,0.1755,0.0659,LOW,F6_inactive_days,16.0,F4_num_submitted,15.1,F1_login_count,12.8,14,F6 inactive days (16.0%) and F4 num submitted (15.1%),520,0.0,0.013668431004130323,0.6201848278907718,0.0,2,0.0991,LOW
521,OULAD_TEST_0521,1,0.4375,0.8445,0.6565,0.7658,0.4375,MEDIUM,F1_login_count,21.8,F5_on_time_rate,15.5,F6_inactive_days,12.8,9,F1 login count (21.8%) and F5 on time rate (15.5%),521,0.3605860192379935,0.25071737526553867,0.4121420256786846,0.3185702658219348,4,0.5496,MEDIUM
522,OULAD_TEST_0522,1,0.9082,0.3703,0.4732,0.7119,0.9082,HIGH,F1_login_count,19.7,F4_num_submitted,14.8,F6_inactive_days,14.0,7,F1 login count (19.7%) and F4 num submitted (14.8%),522,0.5694776241054154,0.797697456907139,0.16330691603391742,0.47960446244228494,10,0.8678,HIGH
523,OULAD_TEST_0523,1,0.7101,0.7816,0.8255,0.731,0.7101,HIGH,F1_login_count,16.0,F5_on_time_rate,15.4,F6_inactive_days,9.9,17,F1 login count (16.0%) and F5 on time rate (15.4%),523,0.5541298668593159,0.7439796457317792,0.23568965731239233,0.3655292780043396,5,0.8204,HIGH
524,OULAD_TEST_0524,1,0.2371,0.3011,0.2272,0.2862,0.2371,LOW,F1_login_count,24.3,F5_on_time_rate,14.2,F6_inactive_days,12.2,17,F1 login count (24.3%) and F5 on time rate (14.2%),524,0.08964408434574832,0.20300713046267505,0.6762731469589139,0.0,4,0.2055,LOW
525,OULAD_TEST_0525,0,0.0979,0.2914,0.1247,0.1096,0.0979,LOW,F1_login_count,17.0,F6_inactive_days,16.1,F4_num_submitted,15.4,1,F1 login count (17.0%) and F6 inactive days (16.1%),525,0.0,0.10123612937980396,0.8983311800327635,0.16989089893012707,4,0.1145,LOW
526,OULAD_TEST_0526,0,0.1915,0.519,0.4836,0.3007,0.1915,LOW,F1_login_count,22.2,F6_inactive_days,12.4,F4_num_submitted,9.9,4,F1 login count (22.2%) and F6 inactive days (12.4%),526,0.0,0.21819282040934876,0.7506606069208817,0.06857969092206728,2,0.1527,LOW
527,OULAD_TEST_0527,0,0.658,0.6159,0.6478,0.6709,0.658,MEDIUM,F1_login_count,15.0,F4_num_submitted,14.6,F6_inactive_days,14.3,17,F1 login count (15.0%) and F4 num submitted (14.6%),527,0.4654084946661382,0.45775356027626407,0.28291583376997426,0.41665178949790344,3,0.7454,HIGH
528,OULAD_TEST_0528,0,0.678,0.4679,0.879,0.8366,0.678,MEDIUM,F1_login_count,21.5,F5_on_time_rate,11.2,F6_inactive_days,10.5,15,F1 login count (21.5%) and F5 on time rate (11.2%),528,0.5005722501721482,0.7125011726503685,0.2065010829804273,0.2824845685672033,5,0.8065,HIGH
529,OULAD_TEST_0529,0,0.2136,0.496,0.2341,0.3125,0.2136,LOW,F1_login_count,27.0,F5_on_time_rate,14.6,F6_inactive_days,11.4,6,F1 login count (27.0%) and F5 on time rate (14.6%),529,0.05908833748955912,0.19774630371382415,0.37376504039441016,0.18047371556585667,3,0.2442,LOW
530,OULAD_TEST_0530,0,0.3138,0.5131,0.342,0.3576,0.3138,LOW,F4_num_submitted,14.2,F6_inactive_days,14.1,F13_weeks_since_active,13.7,6,F4 num submitted (14.2%) and F6 inactive days (14.1%),530,0.28351924587773736,0.39727855192712874,0.5321215077527147,0.09684705142378995,2,0.3021,LOW
531,OULAD_TEST_0531,0,0.0419,0.3366,0.2488,0.1106,0.0419,LOW,F1_login_count,17.3,F6_inactive_days,15.8,F4_num_submitted,14.5,1,F1 login count (17.3%) and F6 inactive days (15.8%),531,0.0,0.0,0.7338787504183152,0.008134953395781089,2,0.0815,LOW
532,OULAD_TEST_0532,0,0.1163,0.2894,0.165,0.2157,0.1163,LOW,F1_login_count,17.7,F4_num_submitted,15.0,F6_inactive_days,14.8,1,F1 login count (17.7%) and F4 num submitted (15.0%),532,0.07480202013526834,0.244299953804626,0.7459966194395375,0.1751191237486951,2,0.1359,LOW
533,OULAD_TEST_0533,1,0.9962,0.6553,0.8287,0.9324,0.9962,HIGH,F6_inactive_days,17.0,F4_num_submitted,15.4,F13_weeks_since_active,13.5,14,F6 inactive days (17.0%) and F4 num submitted (15.4%),533,0.5762383800237543,0.9087824395227826,0.0,0.6926111174679034,8,0.9259,HIGH
534,OULAD_TEST_0534,0,0.2945,0.4031,0.2693,0.2322,0.2945,LOW,F1_login_count,14.7,F6_inactive_days,13.5,F4_num_submitted,13.3,1,F1 login count (14.7%) and F6 inactive days (13.5%),534,0.14096638921978405,0.29456820686818863,0.5323614940563206,0.17405639129796713,2,0.2253,LOW
535,OULAD_TEST_0535,0,0.7431,0.8049,0.833,0.8201,0.7431,HIGH,F4_num_submitted,16.4,F6_inactive_days,16.1,F1_login_count,16.1,13,F4 num submitted (16.4%) and F6 inactive days (16.1%),535,0.5249098671316413,0.6503569563482517,0.027580106949277955,0.2336842760751938,6,0.824,HIGH
536,OULAD_TEST_0536,0,0.1223,0.3526,0.3145,0.2463,0.1223,LOW,F1_login_count,18.2,F6_inactive_days,12.8,F4_num_submitted,11.0,9,F1 login count (18.2%) and F6 inactive days (12.8%),536,0.0,0.08407271055404406,0.6081632170849934,0.43251726840727694,0,0.1068,LOW
537,OULAD_TEST_0537,1,0.9994,0.8447,0.9873,0.9877,0.9994,HIGH,F1_login_count,19.1,F4_num_submitted,16.8,F6_inactive_days,16.1,11,F1 login count (19.1%) and F4 num submitted (16.8%),537,0.6611244455770174,0.9455325326779098,0.04814510408005579,0.8091430764327763,9,0.9415,HIGH
538,OULAD_TEST_0538,0,0.132,0.4826,0.3397,0.1373,0.132,LOW,F1_login_count,19.0,F6_inactive_days,15.4,F4_num_submitted,14.2,11,F1 login count (19.0%) and F6 inactive days (15.4%),538,0.19302928092144406,0.12342878958784377,0.8659907631132695,0.1659209789865958,3,0.144,LOW
539,OULAD_TEST_0539,0,0.3749,0.5392,0.3504,0.2821,0.3749,LOW,F1_login_count,18.7,F6_inactive_days,15.4,F4_num_submitted,14.7,11,F1 login count (18.7%) and F6 inactive days (15.4%),539,0.20474081304768513,0.1612994237130278,0.4903274616254376,0.1345555462090835,6,0.3533,LOW
540,OULAD_TEST_0540,0,0.0687,0.3588,0.0884,0.1263,0.0687,LOW,F1_login_count,18.7,F6_inactive_days,17.3,F4_num_submitted,16.9,1,F1 login count (18.7%) and F6 inactive days (17.3%),540,0.1316592112065142,0.0,0.7778211073574124,0.02758894059576424,0,0.0793,LOW
541,OULAD_TEST_0541,0,0.0313,0.3564,0.1905,0.0936,0.0313,LOW,F1_login_count,20.7,F5_on_time_rate,12.2,F6_inactive_days,10.8,8,F1 login count (20.7%) and F5 on time rate (12.2%),541,0.0,0.011737339824580216,0.8702078156952806,0.0,0,0.0582,LOW
542,OULAD_TEST_0542,0,0.1028,0.1551,0.1922,0.2842,0.1028,LOW,F6_inactive_days,15.4,F4_num_submitted,13.9,F5_on_time_rate,12.7,14,F6 inactive days (15.4%) and F4 num submitted (13.9%),542,0.12494041779152829,0.1121799186532444,0.6366706063799751,0.21334271269156657,0,0.1097,LOW
543,OULAD_TEST_0543,0,0.4364,0.7079,0.6392,0.5485,0.4364,MEDIUM,F1_login_count,18.6,F6_inactive_days,11.5,F4_num_submitted,10.2,9,F1 login count (18.6%) and F6 inactive days (11.5%),543,0.44963686206579,0.3664129208880083,0.4875614043285442,0.29334034690222005,2,0.4869,MEDIUM
544,OULAD_TEST_0544,1,0.4716,0.4387,0.3373,0.382,0.4716,MEDIUM,F6_inactive_days,15.6,F4_num_submitted,15.3,F1_login_count,14.9,17,F6 inactive days (15.6%) and F4 num submitted (15.3%),544,0.08295554998727103,0.4983776631834931,0.34867098936678415,0.18886033699682006,4,0.4067,MEDIUM
545,OULAD_TEST_0545,0,0.0599,0.4393,0.1655,0.0622,0.0599,LOW,F13_weeks_since_active,14.1,F4_num_submitted,11.2,F1_login_count,10.6,5,F13 weeks since active (14.1%) and F4 num submitted (11.2%),545,0.0,0.0,0.8385624438491013,0.0,1,0.0704,LOW
546,OULAD_TEST_0546,0,0.2675,0.6791,0.6335,0.2098,0.2675,LOW,F1_login_count,22.9,F5_on_time_rate,11.6,F13_weeks_since_active,11.2,9,F1 login count (22.9%) and F5 on time rate (11.6%),546,0.244957212718054,0.2388620349204128,0.6011403047951732,0.29504257710838855,4,0.2778,LOW
547,OULAD_TEST_0547,1,0.6063,0.6072,0.5776,0.5308,0.6063,MEDIUM,F1_login_count,19.3,F4_num_submitted,11.5,F5_on_time_rate,11.3,17,F1 login count (19.3%) and F4 num submitted (11.5%),547,0.4041054613957007,0.3699166619690275,0.34480518139814403,0.5557917416184573,6,0.7163,HIGH
548,OULAD_TEST_0548,0,0.0662,0.3865,0.2477,0.1477,0.0662,LOW,F1_login_count,18.4,F13_weeks_since_active,11.6,F5_on_time_rate,10.2,5,F1 login count (18.4%) and F13 weeks since active (11.6%),548,0.08345458733713088,0.11704698363873348,0.6687801402581411,0.22311978761834947,0,0.0936,LOW
549,OULAD_TEST_0549,1,0.9987,0.2161,0.2104,0.2616,0.9987,HIGH,F1_login_count,22.3,F6_inactive_days,13.9,F5_on_time_rate,13.6,17,F1 login count (22.3%) and F6 inactive days (13.9%),549,0.6386914813284179,0.8413383028446397,0.07174323596107847,0.6900638478064772,7,0.8721,HIGH
550,OULAD_TEST_0550,1,0.9987,0.8728,0.9337,0.9385,0.9987,HIGH,F1_login_count,24.6,F5_on_time_rate,11.6,F13_weeks_since_active,11.3,9,F1 login count (24.6%) and F5 on time rate (11.6%),550,0.7077489787472899,0.8824637977619294,0.2095112921231016,0.5689050157436836,10,0.9244,HIGH
551,OULAD_TEST_0551,0,0.1956,0.3203,0.3237,0.1887,0.1956,LOW,F1_login_count,13.6,F13_weeks_since_active,12.1,F7_score_change,10.1,1,F1 login count (13.6%) and F13 weeks since active (12.1%),551,0.12135227646079204,0.0971493631528187,0.5427288304571795,0.0,2,0.1449,LOW
552,OULAD_TEST_0552,0,0.0771,0.4123,0.1755,0.1931,0.0771,LOW,F1_login_count,23.0,F6_inactive_days,14.2,F4_num_submitted,13.7,7,F1 login count (23.0%) and F6 inactive days (14.2%),552,0.17074820616598074,0.16789219453262008,0.7043440992352477,0.08191920285698659,1,0.1237,LOW
553,OULAD_TEST_0553,0,0.0715,0.3063,0.3364,0.1613,0.0715,LOW,F4_num_submitted,14.4,F6_inactive_days,13.4,F13_weeks_since_active,13.3,1,F4 num submitted (14.4%) and F6 inactive days (13.4%),553,0.0754920843301213,0.1441129731247081,0.7659607474168092,0.04268054893870794,0,0.0816,LOW
554,OULAD_TEST_0554,0,0.0834,0.3341,0.323,0.1702,0.0834,LOW,F4_num_submitted,14.8,F6_inactive_days,13.3,F1_login_count,11.0,2,F4 num submitted (14.8%) and F6 inactive days (13.3%),554,0.09214026620752022,0.11757354424095101,0.8119206211995817,0.06683785155856245,0,0.0836,LOW
555,OULAD_TEST_0555,0,0.0437,0.2793,0.1514,0.1023,0.0437,LOW,F1_login_count,15.3,F13_weeks_since_active,13.0,F5_on_time_rate,11.6,1,F1 login count (15.3%) and F13 weeks since active (13.0%),555,0.0,0.02678362025092474,0.7090853714710532,0.032687681643984765,0,0.066,LOW
556,OULAD_TEST_0556,1,0.949,0.487,0.7103,0.8655,0.949,HIGH,F1_login_count,19.7,F4_num_submitted,13.4,F6_inactive_days,12.2,6,F1 login count (19.7%) and F4 num submitted (13.4%),556,0.6155393775927506,0.8530385828236106,0.0,0.41024854056610105,6,0.8952,HIGH
557,OULAD_TEST_0557,0,0.0242,0.2752,0.1542,0.074,0.0242,LOW,F1_login_count,18.3,F6_inactive_days,12.9,F4_num_submitted,12.1,2,F1 login count (18.3%) and F6 inactive days (12.9%),557,0.0,0.0,0.9165589494164025,0.08140902682214227,0,0.0535,LOW
558,OULAD_TEST_0558,0,0.1044,0.374,0.3471,0.1847,0.1044,LOW,F1_login_count,19.9,F6_inactive_days,13.5,F4_num_submitted,12.5,11,F1 login count (19.9%) and F6 inactive days (13.5%),558,0.11252521423782968,0.157184452721657,0.7925306119584142,0.13850595768382204,0,0.0959,LOW
559,OULAD_TEST_0559,0,0.0292,0.2822,0.1268,0.0996,0.0292,LOW,F13_weeks_since_active,11.5,F7_score_change,10.7,F4_num_submitted,10.4,1,F13 weeks since active (11.5%) and F7 score change (10.7%),559,0.0,0.15677847154591368,0.6023452469513335,0.0994006538471591,0,0.0777,LOW
560,OULAD_TEST_0560,0,0.2204,0.4686,0.3527,0.4041,0.2204,LOW,F1_login_count,27.4,F5_on_time_rate,16.6,F6_inactive_days,10.8,9,F1 login count (27.4%) and F5 on time rate (16.6%),560,0.1832574856896413,0.2729888447983349,0.5629231208220444,0.24582924042880638,1,0.2236,LOW
561,OULAD_TEST_0561,1,0.8975,0.5144,0.8412,0.8568,0.8975,HIGH,F1_login_count,18.0,F6_inactive_days,13.6,F4_num_submitted,12.3,15,F1 login count (18.0%) and F6 inactive days (13.6%),561,0.8357900798645439,0.7045068024154072,0.23881824295273263,0.6109861973905948,8,0.9053,HIGH
562,OULAD_TEST_0562,1,0.9371,0.6077,0.6993,0.8426,0.9371,HIGH,F1_login_count,19.9,F13_weeks_since_active,11.5,F6_inactive_days,11.5,12,F1 login count (19.9%) and F13 weeks since active (11.5%),562,0.7430824703431692,0.8254483853818482,0.19509964184578657,0.5130564706153307,7,0.8998,HIGH
563,OULAD_TEST_0563,1,0.0684,0.1574,0.4022,0.2171,0.0684,LOW,F1_login_count,12.4,F13_weeks_since_active,11.6,F6_inactive_days,11.0,9,F1 login count (12.4%) and F13 weeks since active (11.6%),563,0.015277646783215887,0.0,0.8391440022678945,0.03253957825006917,0,0.0627,LOW
564,OULAD_TEST_0564,0,0.367,0.4842,0.8119,0.744,0.367,LOW,F1_login_count,23.1,F5_on_time_rate,14.4,F6_inactive_days,9.9,14,F1 login count (23.1%) and F5 on time rate (14.4%),564,0.37702139221639447,0.3577412248940541,0.48878875660401383,0.2311349840704052,5,0.5362,MEDIUM
565,OULAD_TEST_0565,1,0.6959,0.6414,0.7973,0.6112,0.6959,MEDIUM,F1_login_count,15.1,F6_inactive_days,14.2,F4_num_submitted,13.9,13,F1 login count (15.1%) and F6 inactive days (14.2%),565,0.4463224626978448,0.627563273029003,0.25157874188125107,0.4304639338927942,5,0.7886,HIGH
566,OULAD_TEST_0566,1,0.1711,0.4619,0.289,0.3419,0.1711,LOW,F1_login_count,19.5,F5_on_time_rate,16.2,F6_inactive_days,13.6,8,F1 login count (19.5%) and F5 on time rate (16.2%),566,0.0,0.0,0.6500274194873874,0.22244611871660758,1,0.1292,LOW
567,OULAD_TEST_0567,0,0.1221,0.3237,0.3187,0.2282,0.1221,LOW,F1_login_count,19.2,F6_inactive_days,15.1,F4_num_submitted,13.8,11,F1 login count (19.2%) and F6 inactive days (15.1%),567,0.0,0.010842292487010893,0.8151439783268838,0.15050025036269887,0,0.0793,LOW
568,OULAD_TEST_0568,1,0.9246,0.5425,0.7155,0.6984,0.9246,HIGH,F1_login_count,19.3,F4_num_submitted,14.7,F6_inactive_days,14.3,13,F1 login count (19.3%) and F4 num submitted (14.7%),568,0.4601408078974143,0.7632588882604986,0.0,0.8040412127483942,10,0.9,HIGH
569,OULAD_TEST_0569,0,0.1014,0.4973,0.358,0.1657,0.1014,LOW,F1_login_count,19.4,F6_inactive_days,13.9,F4_num_submitted,13.2,11,F1 login count (19.4%) and F6 inactive days (13.9%),569,0.035828651595869135,0.0621212202287339,0.6383000345115795,0.32561627758616063,1,0.1103,LOW
570,OULAD_TEST_0570,0,0.2063,0.4488,0.3799,0.1738,0.2063,LOW,F1_login_count,20.3,F6_inactive_days,14.5,F4_num_submitted,13.4,11,F1 login count (20.3%) and F6 inactive days (14.5%),570,0.14625183791895519,0.07859684516649558,0.7359874586836015,0.133337949913671,0,0.1134,LOW
571,OULAD_TEST_0571,1,0.9642,0.4253,0.6157,0.7884,0.9642,HIGH,F1_login_count,25.0,F5_on_time_rate,15.3,F6_inactive_days,9.6,16,F1 login count (25.0%) and F5 on time rate (15.3%),571,0.8425837312275282,0.8506882983481746,0.02420385444884388,0.11812133418487564,9,0.8904,HIGH
572,OULAD_TEST_0572,0,0.0875,0.5014,0.2729,0.1589,0.0875,LOW,F1_login_count,22.9,F5_on_time_rate,15.0,F6_inactive_days,10.0,8,F1 login count (22.9%) and F5 on time rate (15.0%),572,0.09394273737641626,0.09449288871524096,0.8678467355453808,0.20091989593527196,3,0.1257,LOW
573,OULAD_TEST_0573,0,0.1708,0.2466,0.1126,0.3734,0.1708,LOW,F1_login_count,20.9,F6_inactive_days,15.5,F4_num_submitted,14.8,14,F1 login count (20.9%) and F6 inactive days (15.5%),573,0.09764994711911357,0.12963846944171845,0.5962087793019454,0.03763483932155348,1,0.1516,LOW
574,OULAD_TEST_0574,0,0.0257,0.3057,0.1161,0.088,0.0257,LOW,F6_inactive_days,19.1,F4_num_submitted,18.0,F1_login_count,11.8,1,F6 inactive days (19.1%) and F4 num submitted (18.0%),574,0.10093055811834892,0.0,0.7739621639661175,0.0,0,0.0666,LOW
575,OULAD_TEST_0575,0,0.641,0.5305,0.6868,0.4891,0.641,MEDIUM,F1_login_count,22.9,F5_on_time_rate,14.5,F6_inactive_days,10.9,6,F1 login count (22.9%) and F5 on time rate (14.5%),575,0.22758646909921146,0.628746570113325,0.19495870151560468,0.33678656700127596,4,0.7025,HIGH
576,OULAD_TEST_0576,0,0.2568,0.4518,0.4677,0.4299,0.2568,LOW,F1_login_count,15.4,F13_weeks_since_active,12.2,F5_on_time_rate,10.8,13,F1 login count (15.4%) and F13 weeks since active (12.2%),576,0.20332145581085656,0.3507125690470636,0.5952962681423568,0.1004828343822472,0,0.2134,LOW
577,OULAD_TEST_0577,0,0.1027,0.6249,0.3885,0.3148,0.1027,LOW,F13_weeks_since_active,14.7,F1_login_count,14.5,F5_on_time_rate,10.4,8,F13 weeks since active (14.7%) and F1 login count (14.5%),577,0.1489765193886967,0.04861008129227703,0.5699853063001201,0.1350923772126471,0,0.1305,LOW
578,OULAD_TEST_0578,0,0.0933,0.3251,0.1047,0.369,0.0933,LOW,F1_login_count,14.7,F5_on_time_rate,14.7,F6_inactive_days,11.4,17,F1 login count (14.7%) and F5 on time rate (14.7%),578,0.0,0.030331646627614325,0.6765966579045039,0.0,1,0.113,LOW
579,OULAD_TEST_0579,0,0.2159,0.484,0.3925,0.2464,0.2159,LOW,F1_login_count,22.5,F5_on_time_rate,11.7,F6_inactive_days,10.7,4,F1 login count (22.5%) and F5 on time rate (11.7%),579,0.2655054043206929,0.22281161323295973,0.4836546135071883,0.00021351050500781343,3,0.2386,LOW
580,OULAD_TEST_0580,0,0.311,0.5232,0.412,0.4181,0.311,LOW,F1_login_count,24.8,F5_on_time_rate,16.2,F4_num_submitted,12.4,8,F1 login count (24.8%) and F5 on time rate (16.2%),580,0.2515496407494414,0.23570764962024107,0.6205923233191258,0.22777902650368997,0,0.2268,LOW
581,OULAD_TEST_0581,0,0.0837,0.2351,0.0872,0.0381,0.0837,LOW,F4_num_submitted,13.3,F6_inactive_days,11.7,F5_on_time_rate,10.4,1,F4 num submitted (13.3%) and F6 inactive days (11.7%),581,0.017061208609919866,0.05999322394694127,0.8046989339759651,0.12497328364959698,0,0.0653,LOW
582,OULAD_TEST_0582,0,0.9417,0.889,0.9659,0.9598,0.9417,HIGH,F1_login_count,20.3,F4_num_submitted,14.1,F6_inactive_days,13.6,14,F1 login count (20.3%) and F4 num submitted (14.1%),582,0.7224681866106284,0.8596172521379737,0.0,0.6420049973923214,8,0.9281,HIGH
583,OULAD_TEST_0583,0,0.2534,0.4341,0.3379,0.4407,0.2534,LOW,F1_login_count,17.7,F13_weeks_since_active,12.1,F5_on_time_rate,11.3,13,F1 login count (17.7%) and F13 weeks since active (12.1%),583,0.4044492857804396,0.06264151299941656,0.7306685745500572,0.05759564652800414,2,0.238,LOW
584,OULAD_TEST_0584,0,0.1154,0.4184,0.2987,0.2075,0.1154,LOW,F1_login_count,23.9,F5_on_time_rate,13.0,F4_num_submitted,9.9,4,F1 login count (23.9%) and F5 on time rate (13.0%),584,0.0989666255058495,0.20355418598821354,0.9574215126419855,0.0,0,0.0902,LOW
585,OULAD_TEST_0585,1,0.6891,0.579,0.4835,0.4044,0.6891,MEDIUM,F1_login_count,21.7,F5_on_time_rate,13.7,F6_inactive_days,11.3,8,F1 login count (21.7%) and F5 on time rate (13.7%),585,0.5071920586300336,0.5915494419463473,0.2533206386736341,0.3526638199454497,6,0.7413,HIGH
586,OULAD_TEST_0586,0,0.2535,0.4222,0.1302,0.1867,0.2535,LOW,F1_login_count,21.3,F6_inactive_days,14.9,F4_num_submitted,14.5,17,F1 login count (21.3%) and F6 inactive days (14.9%),586,0.13151391004597557,0.18255554843502558,0.5330885739775355,0.180884730274167,3,0.2172,LOW
587,OULAD_TEST_0587,0,0.7913,0.5202,0.6356,0.6022,0.7913,HIGH,F1_login_count,25.3,F5_on_time_rate,13.5,F13_weeks_since_active,8.7,5,F1 login count (25.3%) and F5 on time rate (13.5%),587,0.46892556305352084,0.6654662676622841,0.44939305910030464,0.6530372843127059,6,0.8183,HIGH
588,OULAD_TEST_0588,0,0.4094,0.5109,0.4625,0.3696,0.4094,MEDIUM,F1_login_count,14.0,F6_inactive_days,12.9,F13_weeks_since_active,12.6,4,F1 login count (14.0%) and F6 inactive days (12.9%),588,0.3696135816544245,0.34498434840164144,0.34058315016974894,0.0,5,0.4076,MEDIUM
589,OULAD_TEST_0589,0,0.4522,0.5127,0.6409,0.604,0.4522,MEDIUM,F1_login_count,22.6,F5_on_time_rate,14.6,F13_weeks_since_active,13.8,5,F1 login count (22.6%) and F5 on time rate (14.6%),589,0.23093161740911328,0.24587389572440596,0.4402506466869099,0.24483254916499603,5,0.4642,MEDIUM
590,OULAD_TEST_0590,1,0.1414,0.4199,0.525,0.4416,0.1414,LOW,F1_login_count,14.0,F13_weeks_since_active,13.2,F5_on_time_rate,10.6,13,F1 login count (14.0%) and F13 weeks since active (13.2%),590,0.10613662372193924,0.23978505819625887,0.7048422272631923,0.0,0,0.1407,LOW
591,OULAD_TEST_0591,1,0.9119,0.6252,0.7713,0.8613,0.9119,HIGH,F1_login_count,20.2,F4_num_submitted,13.2,F6_inactive_days,12.1,17,F1 login count (20.2%) and F4 num submitted (13.2%),591,0.5905642553234883,0.7784210505816495,0.20499476204524142,0.3488708787175812,11,0.8803,HIGH
592,OULAD_TEST_0592,0,0.0661,0.2468,0.0935,0.12,0.0661,LOW,F6_inactive_days,15.8,F4_num_submitted,15.4,F1_login_count,12.7,1,F6 inactive days (15.8%) and F4 num submitted (15.4%),592,0.09416798257463918,0.09162517043579002,0.7830938975126789,0.15569479744137799,2,0.1005,LOW
593,OULAD_TEST_0593,0,0.3691,0.4773,0.2128,0.1824,0.3691,LOW,F1_login_count,17.3,F4_num_submitted,12.4,F6_inactive_days,12.2,4,F1 login count (17.3%) and F4 num submitted (12.4%),593,0.2917362105286948,0.3898589816459234,0.4548566104211549,0.28681494893992066,5,0.3759,LOW
594,OULAD_TEST_0594,0,0.3524,0.4836,0.409,0.3291,0.3524,LOW,F1_login_count,21.0,F5_on_time_rate,15.8,F13_weeks_since_active,13.8,5,F1 login count (21.0%) and F5 on time rate (15.8%),594,0.35043399442578993,0.21784700339517596,0.42296156296120435,0.26537202191367143,0,0.2639,LOW
595,OULAD_TEST_0595,0,0.5536,0.5313,0.7253,0.7128,0.5536,MEDIUM,F6_inactive_days,15.7,F4_num_submitted,15.2,F13_weeks_since_active,13.7,16,F6 inactive days (15.7%) and F4 num submitted (15.2%),595,0.3365183601145253,0.5084377519228183,0.3229378179753865,0.44268310076771916,7,0.7282,HIGH
596,OULAD_TEST_0596,1,0.9907,0.5305,0.6262,0.7176,0.9907,HIGH,F1_login_count,24.5,F5_on_time_rate,13.6,F6_inactive_days,10.9,17,F1 login count (24.5%) and F5 on time rate (13.6%),596,0.6665025064706628,0.8206837127280966,0.0,0.5368537323880637,11,0.9071,HIGH
597,OULAD_TEST_0597,1,0.9997,0.7498,0.9308,0.961,0.9997,HIGH,F1_login_count,21.6,F4_num_submitted,14.5,F6_inactive_days,13.8,15,F1 login count (21.6%) and F4 num submitted (14.5%),597,0.6019136284217693,0.9174866620173194,0.005022531978468268,0.5479034980399766,13,0.9302,HIGH
598,OULAD_TEST_0598,0,0.0265,0.4205,0.1536,0.1185,0.0265,LOW,F1_login_count,14.4,F13_weeks_since_active,12.7,F5_on_time_rate,9.9,14,F1 login count (14.4%) and F13 weeks since active (12.7%),598,0.0,0.0,0.7223803820139514,0.27818767400670885,2,0.0926,LOW
599,OULAD_TEST_0599,1,0.9844,0.4421,0.6278,0.6128,0.9844,HIGH,F1_login_count,27.9,F5_on_time_rate,14.4,F6_inactive_days,8.8,10,F1 login count (27.9%) and F5 on time rate (14.4%),599,0.7268100493044852,0.8288124559806985,0.0,0.5610514734888511,12,0.9081,HIGH
600,OULAD_TEST_0600,0,0.1406,0.4549,0.2041,0.138,0.1406,LOW,F1_login_count,16.8,F13_weeks_since_active,13.3,F5_on_time_rate,12.0,6,F1 login count (16.8%) and F13 weeks since active (13.3%),600,0.1741188616645352,0.07128434753728308,0.8130345788374904,0.17257585356649097,2,0.1284,LOW
601,OULAD_TEST_0601,0,0.5253,0.5805,0.604,0.3638,0.5253,MEDIUM,F1_login_count,17.9,F6_inactive_days,14.6,F4_num_submitted,13.2,13,F1 login count (17.9%) and F6 inactive days (14.6%),601,0.2754934675822374,0.4810860360507324,0.3299927476570961,0.31594578491559777,7,0.6399,MEDIUM
602,OULAD_TEST_0602,0,0.4193,0.5197,0.5345,0.4565,0.4193,MEDIUM,F1_login_count,18.8,F5_on_time_rate,12.0,F13_weeks_since_active,10.4,8,F1 login count (18.8%) and F5 on time rate (12.0%),602,0.380470592010566,0.39400853498945615,0.3377463195024688,0.029788976390590166,7,0.4977,MEDIUM
603,OULAD_TEST_0603,0,0.3596,0.2579,0.1621,0.2001,0.3596,LOW,F4_num_submitted,15.4,F6_inactive_days,15.1,F1_login_count,12.5,1,F4 num submitted (15.4%) and F6 inactive days (15.1%),603,0.38728378588049506,0.2490499284142379,0.49549408655124594,0.0,3,0.2756,LOW
604,OULAD_TEST_0604,0,0.0702,0.3817,0.2316,0.1757,0.0702,LOW,F1_login_count,19.2,F6_inactive_days,12.0,F4_num_submitted,11.9,9,F1 login count (19.2%) and F6 inactive days (12.0%),604,0.09048349032237007,0.0026960908659165103,0.7506771565967659,0.0,0,0.0801,LOW
605,OULAD_TEST_0605,1,0.9079,0.3909,0.408,0.3018,0.9079,HIGH,F1_login_count,18.5,F4_num_submitted,15.9,F6_inactive_days,15.8,17,F1 login count (18.5%) and F4 num submitted (15.9%),605,0.8232095812558067,0.7628617705154137,0.0,0.6714721502003986,8,0.8787,HIGH
606,OULAD_TEST_0606,1,0.5408,0.3772,0.3779,0.4035,0.5408,MEDIUM,F6_inactive_days,17.2,F1_login_count,16.4,F4_num_submitted,16.1,16,F6 inactive days (17.2%) and F1 login count (16.4%),606,0.3011810800896426,0.3879486218147833,0.40052476671257636,0.4190749987963204,5,0.6024,MEDIUM
607,OULAD_TEST_0607,0,0.1859,0.5655,0.7451,0.6444,0.1859,LOW,F6_inactive_days,17.8,F4_num_submitted,17.1,F1_login_count,12.5,14,F6 inactive days (17.8%) and F4 num submitted (17.1%),607,0.00566452966885829,0.22537369563617016,0.5465642431309736,0.22122925970688403,1,0.2091,LOW
608,OULAD_TEST_0608,0,0.112,0.3573,0.2915,0.2924,0.112,LOW,F13_weeks_since_active,14.3,F1_login_count,13.9,F7_score_change,10.8,6,F13 weeks since active (14.3%) and F1 login count (13.9%),608,0.0,0.0656634239642043,0.8815028809190788,0.0,0,0.0819,LOW
609,OULAD_TEST_0609,1,0.1061,0.4002,0.216,0.1314,0.1061,LOW,F6_inactive_days,15.5,F4_num_submitted,15.2,F13_weeks_since_active,11.2,16,F6 inactive days (15.5%) and F4 num submitted (15.2%),609,0.2238744311489183,0.0,0.7675160512076735,0.2575646988146776,0,0.0965,LOW
610,OULAD_TEST_0610,1,0.5115,0.3848,0.3215,0.3864,0.5115,MEDIUM,F1_login_count,19.1,F6_inactive_days,11.8,F5_on_time_rate,10.4,17,F1 login count (19.1%) and F6 inactive days (11.8%),610,0.4234865656354057,0.40478923547025547,0.3508100009890684,0.19111280397763383,4,0.5151,MEDIUM
611,OULAD_TEST_0611,1,0.7478,0.4621,0.4567,0.663,0.7478,HIGH,F1_login_count,21.0,F6_inactive_days,13.5,F4_num_submitted,11.9,15,F1 login count (21.0%) and F6 inactive days (13.5%),611,0.5179015329089546,0.5525464943324823,0.12724322296826496,0.47421892784039626,8,0.8062,HIGH
612,OULAD_TEST_0612,0,0.5026,0.5622,0.5804,0.538,0.5026,MEDIUM,F1_login_count,20.0,F13_weeks_since_active,13.2,F5_on_time_rate,12.7,7,F1 login count (20.0%) and F13 weeks since active (13.2%),612,0.37981686263198206,0.2967079347631244,0.3874232292436376,0.3003177252110716,7,0.6242,MEDIUM
613,OULAD_TEST_0613,1,0.992,0.4936,0.8577,0.8377,0.992,HIGH,F1_login_count,25.9,F5_on_time_rate,13.1,F13_weeks_since_active,10.7,17,F1 login count (25.9%) and F5 on time rate (13.1%),613,0.5818510952701622,0.7442058689421942,0.06767907415832898,0.5743351415622496,11,0.9107,HIGH
614,OULAD_TEST_0614,0,0.3502,0.7663,0.5447,0.5141,0.3502,LOW,F1_login_count,15.8,F13_weeks_since_active,14.5,F5_on_time_rate,9.1,11,F1 login count (15.8%) and F13 weeks since active (14.5%),614,0.4897151979616826,0.3064226777466376,0.51729058714148,0.3707510565954728,5,0.5131,MEDIUM
615,OULAD_TEST_0615,0,0.9733,0.8448,0.8069,0.9335,0.9733,HIGH,F1_login_count,17.8,F5_on_time_rate,12.0,F6_inactive_days,11.5,11,F1 login count (17.8%) and F5 on time rate (12.0%),615,0.6942321181975227,0.9335962662598586,0.0,0.49936673758008476,9,0.9224,HIGH
616,OULAD_TEST_0616,0,0.5926,0.6866,0.5301,0.5476,0.5926,MEDIUM,F1_login_count,21.4,F5_on_time_rate,12.1,F6_inactive_days,11.9,5,F1 login count (21.4%) and F5 on time rate (12.1%),616,0.42575947946048925,0.5287647579091984,0.33175702908178956,0.19360736931456862,3,0.6658,MEDIUM
617,OULAD_TEST_0617,1,0.9408,0.4842,0.4737,0.9183,0.9408,HIGH,F1_login_count,21.3,F4_num_submitted,16.4,F6_inactive_days,16.1,17,F1 login count (21.3%) and F4 num submitted (16.4%),617,0.7311366623898691,0.7511597289427407,0.0,0.5668794583447703,8,0.903,HIGH
618,OULAD_TEST_0618,1,0.9154,0.7755,0.7056,0.7948,0.9154,HIGH,F1_login_count,19.0,F4_num_submitted,15.1,F6_inactive_days,14.6,13,F1 login count (19.0%) and F4 num submitted (15.1%),618,0.6888809231736712,0.8145623356136562,0.033359407315696234,0.5012607918856168,8,0.8981,HIGH
619,OULAD_TEST_0619,0,0.0651,0.3245,0.2008,0.2113,0.0651,LOW,F4_num_submitted,13.4,F6_inactive_days,12.9,F5_on_time_rate,11.5,1,F4 num submitted (13.4%) and F6 inactive days (12.9%),619,0.06795840242791314,0.018607775182480663,0.5393407561094996,0.44434595028991747,0,0.1025,LOW
620,OULAD_TEST_0620,0,0.1802,0.4891,0.2685,0.4198,0.1802,LOW,F1_login_count,17.9,F13_weeks_since_active,11.0,F5_on_time_rate,9.7,4,F1 login count (17.9%) and F13 weeks since active (11.0%),620,0.04709255445546881,0.09760197046694843,0.7532126230852367,0.189300897172797,1,0.1487,LOW
621,OULAD_TEST_0621,0,0.178,0.4613,0.498,0.3082,0.178,LOW,F1_login_count,22.9,F5_on_time_rate,13.9,F6_inactive_days,10.9,4,F1 login count (22.9%) and F5 on time rate (13.9%),621,0.17174683571359955,0.05895098654136123,0.6874797780321763,0.05767913097376508,2,0.16,LOW
622,OULAD_TEST_0622,0,0.0549,0.481,0.2987,0.2793,0.0549,LOW,F1_login_count,17.5,F13_weeks_since_active,13.2,F5_on_time_rate,11.8,13,F1 login count (17.5%) and F13 weeks since active (13.2%),622,0.22663244964750337,0.0,0.678734415596657,0.0,1,0.1211,LOW
623,OULAD_TEST_0623,0,0.9429,0.7764,0.7777,0.8346,0.9429,HIGH,F1_login_count,19.0,F6_inactive_days,15.2,F4_num_submitted,15.2,7,F1 login count (19.0%) and F6 inactive days (15.2%),623,0.7945720046154977,0.7702711034752443,0.23555349813552393,0.3401053907317457,9,0.893,HIGH
624,OULAD_TEST_0624,0,0.6848,0.5333,0.4311,0.5797,0.6848,MEDIUM,F1_login_count,17.3,F6_inactive_days,15.3,F4_num_submitted,15.1,16,F1 login count (17.3%) and F6 inactive days (15.3%),624,0.6386786626639397,0.5947242791936105,0.2608616480392387,0.28785370971150803,3,0.7545,HIGH
625,OULAD_TEST_0625,0,0.1425,0.4851,0.1739,0.4375,0.1425,LOW,F1_login_count,24.0,F5_on_time_rate,13.6,F6_inactive_days,11.0,8,F1 login count (24.0%) and F5 on time rate (13.6%),625,0.048628432356881475,0.1133951063988088,0.5823856428024804,0.0992930126110958,0,0.1452,LOW
626,OULAD_TEST_0626,0,0.3602,0.49,0.6861,0.6188,0.3602,LOW,F1_login_count,21.8,F6_inactive_days,11.1,F13_weeks_since_active,10.1,6,F1 login count (21.8%) and F6 inactive days (11.1%),626,0.15317951797414187,0.2728926457642113,0.5975137421470458,0.38739943819137235,3,0.3396,LOW
627,OULAD_TEST_0627,0,0.1722,0.4355,0.3995,0.3241,0.1722,LOW,F1_login_count,21.7,F13_weeks_since_active,13.2,F5_on_time_rate,12.7,8,F1 login count (21.7%) and F13 weeks since active (13.2%),627,0.10796130799003517,0.0707103151442575,0.7020448216509263,0.23792269708655026,3,0.1776,LOW
628,OULAD_TEST_0628,0,0.3615,0.3863,0.2931,0.4053,0.3615,LOW,F1_login_count,22.0,F5_on_time_rate,13.1,F6_inactive_days,12.4,7,F1 login count (22.0%) and F5 on time rate (13.1%),628,0.25862249122886943,0.35593469533479744,0.550257998548422,0.2443913797975655,2,0.3132,LOW
629,OULAD_TEST_0629,0,0.0212,0.3797,0.1295,0.0564,0.0212,LOW,F1_login_count,19.5,F6_inactive_days,12.8,F4_num_submitted,11.7,1,F1 login count (19.5%) and F6 inactive days (12.8%),629,0.12425915184709485,0.0,0.740464439534841,0.0,0,0.0694,LOW
630,OULAD_TEST_0630,0,0.1002,0.6448,0.2167,0.2962,0.1002,LOW,F6_inactive_days,10.9,F13_weeks_since_active,10.8,F4_num_submitted,10.3,9,F6 inactive days (10.9%) and F13 weeks since active (10.8%),630,0.0,0.14725223310747804,0.7648895723778035,0.09237748276945851,1,0.1215,LOW
631,OULAD_TEST_0631,1,0.8469,0.9109,0.9255,0.9233,0.8469,HIGH,F1_login_count,23.5,F4_num_submitted,11.8,F6_inactive_days,11.4,17,F1 login count (23.5%) and F4 num submitted (11.8%),631,0.7457850319460614,0.639687638485862,0.09630417097789057,0.4459034403018508,8,0.8905,HIGH
632,OULAD_TEST_0632,1,0.5511,0.5777,0.5143,0.5017,0.5511,MEDIUM,F1_login_count,24.5,F5_on_time_rate,13.0,F6_inactive_days,10.9,8,F1 login count (24.5%) and F5 on time rate (13.0%),632,0.36996921014210105,0.4082401810117572,0.4147141451645842,0.536863679491665,6,0.6799,MEDIUM
633,OULAD_TEST_0633,1,0.9925,0.6856,0.5476,0.6215,0.9925,HIGH,F1_login_count,26.7,F5_on_time_rate,15.1,F6_inactive_days,9.3,9,F1 login count (26.7%) and F5 on time rate (15.1%),633,0.652061893005258,0.7262821847507459,0.0,0.5727971782469904,8,0.8923,HIGH
634,OULAD_TEST_0634,0,0.1266,0.334,0.365,0.2284,0.1266,LOW,F1_login_count,21.0,F5_on_time_rate,14.7,F6_inactive_days,14.2,13,F1 login count (21.0%) and F5 on time rate (14.7%),634,0.0,0.06749782824914904,0.655332653702081,0.06559945701039276,0,0.0914,LOW
635,OULAD_TEST_0635,0,0.099,0.4501,0.4518,0.1943,0.099,LOW,F4_num_submitted,14.4,F13_weeks_since_active,14.2,F6_inactive_days,13.8,7,F4 num submitted (14.4%) and F13 weeks since active (14.2%),635,0.0,0.16217499667823831,0.8930155097808196,0.0,0,0.0784,LOW
636,OULAD_TEST_0636,1,0.8955,0.638,0.8131,0.879,0.8955,HIGH,F1_login_count,25.6,F5_on_time_rate,14.7,F6_inactive_days,9.8,9,F1 login count (25.6%) and F5 on time rate (14.7%),636,0.7091670583961913,0.8024252470755164,0.00689325445996998,0.5138478184172683,7,0.9041,HIGH
637,OULAD_TEST_0637,0,0.3703,0.5551,0.4197,0.4887,0.3703,LOW,F1_login_count,18.6,F13_weeks_since_active,14.6,F5_on_time_rate,12.5,6,F1 login count (18.6%) and F13 weeks since active (14.6%),637,0.2665417967188404,0.3930287689622428,0.4433761702506813,0.32255809655579293,4,0.4393,MEDIUM
638,OULAD_TEST_0638,1,0.0954,0.443,0.1618,0.1589,0.0954,LOW,F1_login_count,20.2,F6_inactive_days,14.8,F4_num_submitted,14.0,1,F1 login count (20.2%) and F6 inactive days (14.8%),638,0.0,0.12286140367471486,0.6788838661550025,0.0,0,0.09,LOW
639,OULAD_TEST_0639,0,0.2158,0.4655,0.2266,0.2981,0.2158,LOW,F1_login_count,22.6,F6_inactive_days,13.4,F5_on_time_rate,12.9,5,F1 login count (22.6%) and F6 inactive days (13.4%),639,0.021552122793638356,0.09513641371757044,0.5058793864111357,0.039393559860862445,2,0.1745,LOW
640,OULAD_TEST_0640,0,0.4549,0.5196,0.6882,0.5532,0.4549,MEDIUM,F1_login_count,24.2,F5_on_time_rate,14.8,F6_inactive_days,9.8,8,F1 login count (24.2%) and F5 on time rate (14.8%),640,0.2848515300709872,0.36020186205379545,0.21525192237717475,0.3680653221280398,4,0.5658,MEDIUM
641,OULAD_TEST_0641,0,0.1899,0.6559,0.5885,0.4323,0.1899,LOW,F1_login_count,15.8,F13_weeks_since_active,13.2,F6_inactive_days,11.8,5,F1 login count (15.8%) and F13 weeks since active (13.2%),641,0.2998321525289393,0.09899906967060298,0.6250213601476389,0.0,2,0.2153,LOW
642,OULAD_TEST_0642,0,0.0575,0.4122,0.1965,0.1693,0.0575,LOW,F1_login_count,17.3,F4_num_submitted,12.5,F6_inactive_days,12.3,1,F1 login count (17.3%) and F4 num submitted (12.5%),642,0.014290864863639521,0.15532099232312324,0.7675859424081657,0.1614361209050302,0,0.085,LOW
643,OULAD_TEST_0643,0,0.5113,0.5055,0.5851,0.5778,0.5113,MEDIUM,F1_login_count,25.9,F5_on_time_rate,15.3,F2_vle_clicks,9.8,6,F1 login count (25.9%) and F5 on time rate (15.3%),643,0.20759570468818933,0.338861908285895,0.3857094931461348,0.24292273317922775,4,0.4946,MEDIUM
644,OULAD_TEST_0644,0,0.1099,0.4372,0.2037,0.212,0.1099,LOW,F1_login_count,16.8,F6_inactive_days,14.3,F5_on_time_rate,14.0,16,F1 login count (16.8%) and F6 inactive days (14.3%),644,0.052355693591405565,0.16491081515112888,0.6975921438052114,0.01931181354105565,1,0.1168,LOW
645,OULAD_TEST_0645,0,0.0651,0.5374,0.5369,0.5898,0.0651,LOW,F4_num_submitted,13.7,F1_login_count,13.0,F6_inactive_days,12.7,12,F4 num submitted (13.7%) and F1 login count (13.0%),645,0.01829764302523295,0.12677130960870153,0.7522240870850387,0.0,0,0.1223,LOW
646,OULAD_TEST_0646,0,0.281,0.4998,0.2984,0.3003,0.281,LOW,F6_inactive_days,17.2,F1_login_count,17.1,F4_num_submitted,16.6,17,F6 inactive days (17.2%) and F1 login count (17.1%),646,0.0,0.38521961613728695,0.6774841471550764,0.21396555125134598,2,0.2145,LOW
647,OULAD_TEST_0647,0,0.637,0.4225,0.3929,0.3937,0.637,MEDIUM,F1_login_count,18.6,F5_on_time_rate,14.7,F6_inactive_days,12.7,17,F1 login count (18.6%) and F5 on time rate (14.7%),647,0.44047051334821874,0.5086750725896402,0.2713553814070783,0.6773846382035256,8,0.7552,HIGH
648,OULAD_TEST_0648,0,0.3,0.4564,0.1749,0.2584,0.3,LOW,F1_login_count,22.6,F6_inactive_days,14.2,F5_on_time_rate,14.2,7,F1 login count (22.6%) and F6 inactive days (14.2%),648,0.1869065469791322,0.311985772766413,0.502591742291273,0.2737796687352758,1,0.2364,LOW
649,OULAD_TEST_0649,0,0.2758,0.3211,0.4791,0.5194,0.2758,LOW,F1_login_count,14.9,F5_on_time_rate,14.1,F6_inactive_days,13.0,14,F1 login count (14.9%) and F5 on time rate (14.1%),649,0.2626806364813418,0.4169621469231074,0.5512474515111914,0.0617657685671357,2,0.2911,LOW
650,OULAD_TEST_0650,1,0.6511,0.5942,0.8513,0.8491,0.6511,MEDIUM,F4_num_submitted,14.6,F5_on_time_rate,14.3,F6_inactive_days,14.2,17,F4 num submitted (14.6%) and F5 on time rate (14.3%),650,0.6406656094945344,0.5040236658453043,0.33705467597567756,0.5269344702589771,4,0.8116,HIGH
651,OULAD_TEST_0651,0,0.188,0.3316,0.3818,0.3055,0.188,LOW,F1_login_count,20.9,F5_on_time_rate,15.9,F7_score_change,8.5,7,F1 login count (20.9%) and F5 on time rate (15.9%),651,0.24425650295477574,0.03699678019741122,0.7908026878543251,0.07479845448789006,2,0.155,LOW
652,OULAD_TEST_0652,0,0.8748,0.6166,0.5573,0.9243,0.8748,HIGH,F1_login_count,20.9,F4_num_submitted,16.4,F6_inactive_days,16.0,16,F1 login count (20.9%) and F4 num submitted (16.4%),652,0.585471130944517,0.5931791972873789,0.037345626083082145,0.6898181977713072,7,0.8818,HIGH
653,OULAD_TEST_0653,0,0.1435,0.3757,0.3843,0.331,0.1435,LOW,F4_num_submitted,15.3,F6_inactive_days,14.9,F13_weeks_since_active,12.4,1,F4 num submitted (15.3%) and F6 inactive days (14.9%),653,0.0,0.1789919623089065,0.6950933787028885,0.18290116825972352,1,0.1301,LOW
654,OULAD_TEST_0654,0,0.0789,0.3265,0.1095,0.081,0.0789,LOW,F4_num_submitted,15.5,F6_inactive_days,15.4,F5_on_time_rate,12.7,1,F4 num submitted (15.5%) and F6 inactive days (15.4%),654,0.31256598032498606,0.0,0.770715744193596,0.0,0,0.09,LOW
655,OULAD_TEST_0655,1,0.2156,0.3703,0.4145,0.2697,0.2156,LOW,F4_num_submitted,13.3,F13_weeks_since_active,13.3,F6_inactive_days,12.9,1,F4 num submitted (13.3%) and F13 weeks since active (13.3%),655,0.15684184340144883,0.15347447576496617,0.5282621993271178,0.00887044404539672,2,0.1774,LOW
656,OULAD_TEST_0656,1,0.0693,0.5759,0.3111,0.2898,0.0693,LOW,F1_login_count,18.0,F13_weeks_since_active,11.1,F7_score_change,9.9,4,F1 login count (18.0%) and F13 weeks since active (11.1%),656,0.04990292919129462,0.09389005496311686,0.7466017167212918,0.15490622674024676,0,0.1011,LOW
657,OULAD_TEST_0657,0,0.2422,0.4961,0.4073,0.3372,0.2422,LOW,F1_login_count,19.8,F5_on_time_rate,16.1,F13_weeks_since_active,14.7,5,F1 login count (19.8%) and F5 on time rate (16.1%),657,0.16712749128899967,0.22068404294639313,0.4596726142657906,0.16351887265740211,1,0.2173,LOW
658,OULAD_TEST_0658,0,0.0652,0.2823,0.0907,0.113,0.0652,LOW,F6_inactive_days,17.0,F4_num_submitted,16.2,F1_login_count,15.5,16,F6 inactive days (17.0%) and F4 num submitted (16.2%),658,0.06544847607678549,0.08945558913473378,0.5709349696260602,0.0,2,0.106,LOW
659,OULAD_TEST_0659,0,0.1164,0.368,0.0689,0.2539,0.1164,LOW,F1_login_count,17.2,F6_inactive_days,14.7,F4_num_submitted,14.0,1,F1 login count (17.2%) and F6 inactive days (14.7%),659,0.06704395880760575,0.11672318846406832,0.7435546407892256,0.0,1,0.116,LOW
660,OULAD_TEST_0660,0,0.7669,0.9048,0.8504,0.6998,0.7669,HIGH,F4_num_submitted,14.6,F1_login_count,14.2,F6_inactive_days,13.8,6,F4 num submitted (14.6%) and F1 login count (14.2%),660,0.4794637993119764,0.7541742650650715,0.1480925258669217,0.23139160558927432,6,0.8161,HIGH
661,OULAD_TEST_0661,1,0.9988,0.4379,0.5946,0.6657,0.9988,HIGH,F1_login_count,24.2,F5_on_time_rate,15.0,F6_inactive_days,12.3,17,F1 login count (24.2%) and F5 on time rate (15.0%),661,0.6444741058759608,0.7727946895408961,0.021188040762121895,0.5886752054968325,9,0.9004,HIGH
662,OULAD_TEST_0662,0,0.2805,0.2916,0.4412,0.3007,0.2805,LOW,F5_on_time_rate,15.2,F4_num_submitted,13.1,F1_login_count,13.0,17,F5 on time rate (15.2%) and F4 num submitted (13.1%),662,0.19307467297840017,0.1842653889233175,0.573810502299165,0.4335827671218917,5,0.2755,LOW
663,OULAD_TEST_0663,0,0.7442,0.6994,0.7016,0.7119,0.7442,HIGH,F1_login_count,25.9,F5_on_time_rate,11.6,F6_inactive_days,10.5,11,F1 login count (25.9%) and F5 on time rate (11.6%),663,0.4665975228866235,0.5707572443783341,0.1069999951336203,0.5431120068878791,7,0.825,HIGH
664,OULAD_TEST_0664,0,0.5555,0.7624,0.723,0.6424,0.5555,MEDIUM,F4_num_submitted,14.1,F6_inactive_days,13.6,F1_login_count,13.2,16,F4 num submitted (14.1%) and F6 inactive days (13.6%),664,0.3175654217322835,0.5385903449490088,0.3510745698035664,0.5961500401426107,4,0.7258,HIGH
665,OULAD_TEST_0665,1,0.8716,0.8047,0.8485,0.832,0.8716,HIGH,F6_inactive_days,14.5,F4_num_submitted,13.9,F1_login_count,13.9,13,F6 inactive days (14.5%) and F4 num submitted (13.9%),665,0.6207630227691897,0.8128918870716051,0.0,0.6288476507747977,7,0.9019,HIGH
666,OULAD_TEST_0666,0,0.1758,0.6043,0.3032,0.2829,0.1758,LOW,F6_inactive_days,13.6,F5_on_time_rate,13.1,F4_num_submitted,12.4,16,F6 inactive days (13.6%) and F5 on time rate (13.1%),666,0.09756227825791447,0.18552802554548065,0.7984572358001402,0.228777521202323,0,0.1302,LOW
667,OULAD_TEST_0667,0,0.4712,0.426,0.4684,0.3772,0.4712,MEDIUM,F1_login_count,18.0,F6_inactive_days,16.0,F4_num_submitted,14.6,11,F1 login count (18.0%) and F6 inactive days (16.0%),667,0.4802392988582688,0.49519949335119423,0.2874429655140036,0.5196094425294029,3,0.6609,MEDIUM
668,OULAD_TEST_0668,0,0.5703,0.7015,0.5727,0.441,0.5703,MEDIUM,F1_login_count,17.4,F6_inactive_days,12.6,F5_on_time_rate,12.3,8,F1 login count (17.4%) and F6 inactive days (12.6%),668,0.1341130191606988,0.39051173060988953,0.32418147290314187,0.38745159112106714,3,0.5217,MEDIUM
669,OULAD_TEST_0669,0,0.0488,0.3533,0.3082,0.1279,0.0488,LOW,F4_num_submitted,14.4,F6_inactive_days,14.2,F1_login_count,10.5,1,F4 num submitted (14.4%) and F6 inactive days (14.2%),669,0.14331068519224618,0.17485792892409097,0.6567328411952752,0.006812721419174373,0,0.0906,LOW
670,OULAD_TEST_0670,0,0.0171,0.2926,0.2459,0.0929,0.0171,LOW,F1_login_count,17.5,F6_inactive_days,13.9,F4_num_submitted,12.9,1,F1 login count (17.5%) and F6 inactive days (13.9%),670,0.13657851924976291,0.13639408973698067,0.8433621173360796,0.13417890199464147,0,0.0732,LOW
671,OULAD_TEST_0671,0,0.8512,0.5936,0.7168,0.7718,0.8512,HIGH,F6_inactive_days,16.8,F4_num_submitted,16.3,F1_login_count,14.4,16,F6 inactive days (16.8%) and F4 num submitted (16.3%),671,0.38850097675918494,0.7823697597796597,0.08589686287184975,0.6851808284546261,9,0.8757,HIGH
672,OULAD_TEST_0672,0,0.0355,0.3832,0.1582,0.0976,0.0355,LOW,F6_inactive_days,16.9,F1_login_count,15.3,F4_num_submitted,15.2,1,F6 inactive days (16.9%) and F1 login count (15.3%),672,0.0,0.1727189127016848,0.719733328037879,0.0,0,0.075,LOW
673,OULAD_TEST_0673,0,0.0702,0.4777,0.1701,0.1322,0.0702,LOW,F6_inactive_days,15.1,F4_num_submitted,14.8,F5_on_time_rate,10.9,16,F6 inactive days (15.1%) and F4 num submitted (14.8%),673,0.011995913400420846,0.0,0.8291601545051555,0.0,0,0.0696,LOW
674,OULAD_TEST_0674,0,0.0548,0.3008,0.2996,0.1296,0.0548,LOW,F1_login_count,20.2,F5_on_time_rate,13.0,F13_weeks_since_active,10.8,8,F1 login count (20.2%) and F5 on time rate (13.0%),674,0.0,0.004624149098987854,0.7591030591677552,0.04954272389170562,2,0.0824,LOW
675,OULAD_TEST_0675,1,0.8824,0.5273,0.4512,0.6685,0.8824,HIGH,F1_login_count,19.6,F6_inactive_days,13.3,F4_num_submitted,12.8,11,F1 login count (19.6%) and F6 inactive days (13.3%),675,0.5398983312409124,0.6912157231454438,0.14574444459359676,0.6292198640317994,10,0.8629,HIGH
676,OULAD_TEST_0676,0,0.388,0.6349,0.5489,0.5633,0.388,LOW,F1_login_count,27.3,F5_on_time_rate,15.3,F6_inactive_days,10.7,7,F1 login count (27.3%) and F5 on time rate (15.3%),676,0.16054241545341713,0.3875183459005874,0.39146740634825355,0.3285709258393874,3,0.3954,LOW
677,OULAD_TEST_0677,0,0.1087,0.4876,0.2932,0.2028,0.1087,LOW,F1_login_count,19.6,F5_on_time_rate,11.7,F13_weeks_since_active,10.1,5,F1 login count (19.6%) and F5 on time rate (11.7%),677,0.2513170443423623,0.008383740831828357,0.5725583056072493,0.0,0,0.1199,LOW
678,OULAD_TEST_0678,0,0.4121,0.494,0.4506,0.4697,0.4121,MEDIUM,F1_login_count,22.6,F5_on_time_rate,17.8,F13_weeks_since_active,12.6,11,F1 login count (22.6%) and F5 on time rate (17.8%),678,0.3820378393147461,0.4108846119469989,0.4810407962040134,0.4766527280475986,2,0.4781,MEDIUM
679,OULAD_TEST_0679,0,0.3831,0.2739,0.1429,0.1942,0.3831,LOW,F1_login_count,21.7,F4_num_submitted,14.6,F6_inactive_days,14.6,1,F1 login count (21.7%) and F4 num submitted (14.6%),679,0.3953255094994158,0.43527789151973706,0.4616353644505269,0.15292020847237792,4,0.3478,LOW
680,OULAD_TEST_0680,0,0.0437,0.3288,0.2253,0.2545,0.0437,LOW,F6_inactive_days,17.2,F1_login_count,17.0,F4_num_submitted,16.1,16,F6 inactive days (17.2%) and F1 login count (17.0%),680,0.10275720640432351,0.09276123200671996,0.8276834672453944,0.0,0,0.0843,LOW
681,OULAD_TEST_0681,0,0.618,0.5984,0.6008,0.6783,0.618,MEDIUM,F1_login_count,24.8,F5_on_time_rate,13.1,F4_num_submitted,11.2,7,F1 login count (24.8%) and F5 on time rate (13.1%),681,0.31969482287827705,0.54800008189292,0.29760915473374505,0.2624814768014616,5,0.706,HIGH
682,OULAD_TEST_0682,1,0.6153,0.6474,0.571,0.5938,0.6153,MEDIUM,F1_login_count,18.4,F6_inactive_days,13.1,F4_num_submitted,12.6,5,F1 login count (18.4%) and F6 inactive days (13.1%),682,0.37825797337202255,0.44397513272794,0.32826753392346303,0.6929794603124504,4,0.7391,HIGH
683,OULAD_TEST_0683,1,0.9998,0.8399,0.9476,0.9893,0.9998,HIGH,F1_login_count,26.0,F5_on_time_rate,13.4,F4_num_submitted,11.6,14,F1 login count (26.0%) and F5 on time rate (13.4%),683,0.7487974561227917,0.7820819227099708,0.0,0.6289284804345561,8,0.9316,HIGH
684,OULAD_TEST_0684,0,0.3492,0.4265,0.244,0.3395,0.3492,LOW,F1_login_count,17.7,F4_num_submitted,13.9,F6_inactive_days,13.8,1,F1 login count (17.7%) and F4 num submitted (13.9%),684,0.12222721911080545,0.3967895124237334,0.7094836939614257,0.10740299031821222,3,0.2794,LOW
685,OULAD_TEST_0685,1,0.9997,0.8546,0.9058,0.9573,0.9997,HIGH,F1_login_count,25.6,F5_on_time_rate,14.6,F4_num_submitted,10.7,17,F1 login count (25.6%) and F5 on time rate (14.6%),685,0.7710898430172388,0.9120929203124266,0.0,0.7034908259954935,8,0.9385,HIGH
686,OULAD_TEST_0686,1,0.9973,0.2252,0.3041,0.5419,0.9973,HIGH,F1_login_count,24.9,F5_on_time_rate,14.7,F6_inactive_days,11.2,17,F1 login count (24.9%) and F5 on time rate (14.7%),686,0.6740774601841864,0.8445834384497964,0.07191869703391993,0.6906762935172038,11,0.8957,HIGH
687,OULAD_TEST_0687,0,0.2515,0.4731,0.3665,0.3512,0.2515,LOW,F13_weeks_since_active,17.0,F1_login_count,14.2,F5_on_time_rate,14.1,11,F13 weeks since active (17.0%) and F1 login count (14.2%),687,0.13856791924504022,0.18034223633872876,0.5151908329780374,0.12837275717041394,1,0.2023,LOW
688,OULAD_TEST_0688,1,0.9927,0.6353,0.8352,0.9392,0.9927,HIGH,F1_login_count,17.8,F4_num_submitted,15.5,F6_inactive_days,14.6,17,F1 login count (17.8%) and F4 num submitted (15.5%),688,0.7659859968203492,0.6817303701510898,0.036640990221734074,0.696492805534006,9,0.9267,HIGH
689,OULAD_TEST_0689,0,0.1918,0.5467,0.511,0.2815,0.1918,LOW,F1_login_count,17.8,F13_weeks_since_active,13.7,F5_on_time_rate,10.5,9,F1 login count (17.8%) and F13 weeks since active (13.7%),689,0.17868633114860397,0.07736180650524488,0.5162755236475255,0.01604496470029626,0,0.1467,LOW
690,OULAD_TEST_0690,0,0.1706,0.385,0.3408,0.2628,0.1706,LOW,F1_login_count,17.1,F4_num_submitted,14.0,F5_on_time_rate,13.4,17,F1 login count (17.1%) and F4 num submitted (14.0%),690,0.083323383418092,0.29792352697117785,0.7087267838259672,0.04320980700608972,1,0.1434,LOW
691,OULAD_TEST_0691,0,0.2725,0.4172,0.4105,0.3418,0.2725,LOW,F1_login_count,22.4,F5_on_time_rate,16.5,F13_weeks_since_active,12.4,14,F1 login count (22.4%) and F5 on time rate (16.5%),691,0.3066829803364248,0.12918855431980264,0.5464025915614168,0.0,2,0.2329,LOW
692,OULAD_TEST_0692,0,0.1938,0.2846,0.1378,0.1623,0.1938,LOW,F1_login_count,19.4,F5_on_time_rate,13.6,F6_inactive_days,11.5,2,F1 login count (19.4%) and F5 on time rate (13.6%),692,0.027553667240010266,0.17988838569768645,0.6478790503935569,0.0,1,0.1171,LOW
693,OULAD_TEST_0693,1,0.7588,0.8069,0.7998,0.8428,0.7588,HIGH,F4_num_submitted,14.4,F6_inactive_days,14.3,F1_login_count,13.5,13,F4 num submitted (14.4%) and F6 inactive days (14.3%),693,0.5927535606944263,0.7255755178556159,0.26275740301300976,0.6721956966804823,9,0.8713,HIGH
694,OULAD_TEST_0694,1,0.994,0.4322,0.3248,0.421,0.994,HIGH,F1_login_count,25.2,F5_on_time_rate,14.0,F13_weeks_since_active,9.4,17,F1 login count (25.2%) and F5 on time rate (14.0%),694,0.7551101257968383,0.7445061865598166,0.0,0.7933714353266776,10,0.8985,HIGH
695,OULAD_TEST_0695,1,0.9915,0.3326,0.3759,0.8151,0.9915,HIGH,F1_login_count,17.3,F4_num_submitted,15.2,F6_inactive_days,14.8,17,F1 login count (17.3%) and F4 num submitted (15.2%),695,0.6630953560686009,0.8575518379824867,0.0,0.6027946378378755,8,0.9049,HIGH
696,OULAD_TEST_0696,0,0.0804,0.4652,0.2881,0.1482,0.0804,LOW,F1_login_count,21.4,F6_inactive_days,11.6,F4_num_submitted,11.6,11,F1 login count (21.4%) and F6 inactive days (11.6%),696,0.0888933022242118,0.1433732430008524,0.7814124281086765,0.2477917736627805,0,0.0926,LOW
697,OULAD_TEST_0697,0,0.0464,0.4939,0.3462,0.2529,0.0464,LOW,F13_weeks_since_active,13.7,F4_num_submitted,11.4,F1_login_count,11.3,4,F13 weeks since active (13.7%) and F4 num submitted (11.4%),697,0.0,0.040439945752580024,0.9727021474546746,0.008631061607003422,1,0.0773,LOW
698,OULAD_TEST_0698,0,0.2624,0.391,0.2543,0.3632,0.2624,LOW,F1_login_count,24.5,F6_inactive_days,13.6,F4_num_submitted,12.9,7,F1 login count (24.5%) and F6 inactive days (13.6%),698,0.2760827019206901,0.4525122444533415,0.5762717665338519,0.12823076369185105,4,0.3344,LOW
699,OULAD_TEST_0699,1,0.9986,0.4124,0.6404,0.6362,0.9986,HIGH,F1_login_count,19.8,F6_inactive_days,15.6,F4_num_submitted,15.6,17,F1 login count (19.8%) and F6 inactive days (15.6%),699,0.680529786355701,0.7153220592897445,0.06023361179239322,0.6059412778158668,10,0.9003,HIGH
700,OULAD_TEST_0700,1,0.6456,0.7761,0.8605,0.7431,0.6456,MEDIUM,F1_login_count,18.3,F6_inactive_days,13.4,F4_num_submitted,11.3,13,F1 login count (18.3%) and F6 inactive days (13.4%),700,0.39964769794809596,0.6334582823907102,0.27282285301415204,0.3723694085611721,7,0.7835,HIGH
701,OULAD_TEST_0701,1,0.5112,0.6172,0.727,0.7208,0.5112,MEDIUM,F1_login_count,21.2,F5_on_time_rate,14.6,F13_weeks_since_active,11.3,14,F1 login count (21.2%) and F5 on time rate (14.6%),701,0.46274092258368893,0.4206958610082828,0.58526455947563,0.28089644117277834,6,0.6774,MEDIUM
702,OULAD_TEST_0702,1,0.8422,0.8368,0.8627,0.8981,0.8422,HIGH,F1_login_count,20.2,F4_num_submitted,15.3,F6_inactive_days,14.6,14,F1 login count (20.2%) and F4 num submitted (15.3%),702,0.519105630945724,0.7776236123869339,0.0,0.6425277728579464,10,0.8985,HIGH
703,OULAD_TEST_0703,1,0.8017,0.7821,0.9218,0.9133,0.8017,HIGH,F1_login_count,16.4,F4_num_submitted,12.8,F6_inactive_days,12.5,13,F1 login count (16.4%) and F4 num submitted (12.8%),703,0.42034387036364396,0.7167495721359396,0.16810210446693583,0.4990362784747443,5,0.855,HIGH
704,OULAD_TEST_0704,0,0.332,0.4178,0.2232,0.203,0.332,LOW,F1_login_count,25.1,F5_on_time_rate,14.9,F6_inactive_days,9.8,6,F1 login count (25.1%) and F5 on time rate (14.9%),704,0.07673708264760962,0.2235475042312003,0.3718455966437939,0.28469781173205655,4,0.2816,LOW
705,OULAD_TEST_0705,0,0.2995,0.5293,0.302,0.2615,0.2995,LOW,F1_login_count,19.3,F13_weeks_since_active,12.9,F5_on_time_rate,11.2,8,F1 login count (19.3%) and F13 weeks since active (12.9%),705,0.27025099513456396,0.2728947113967472,0.3097428429463283,0.3034656630332797,4,0.3547,LOW
706,OULAD_TEST_0706,0,0.8581,0.5556,0.4031,0.4535,0.8581,HIGH,F1_login_count,22.0,F4_num_submitted,15.1,F6_inactive_days,15.0,17,F1 login count (22.0%) and F4 num submitted (15.1%),706,0.47262706475037164,0.580752883888137,0.1432662053117817,0.5614422954785679,6,0.8109,HIGH
707,OULAD_TEST_0707,1,0.999,0.4663,0.6782,0.7753,0.999,HIGH,F1_login_count,23.4,F5_on_time_rate,14.4,F6_inactive_days,12.9,17,F1 login count (23.4%) and F5 on time rate (14.4%),707,0.8747794181984364,0.8974098000457115,0.014749779614745887,0.4829674408910113,8,0.9209,HIGH
708,OULAD_TEST_0708,1,0.5587,0.4125,0.3913,0.8722,0.5587,MEDIUM,F1_login_count,16.8,F6_inactive_days,14.3,F4_num_submitted,13.9,15,F1 login count (16.8%) and F6 inactive days (14.3%),708,0.18289705921162772,0.498747677279242,0.3245563062257799,0.1728760933243153,4,0.5855,MEDIUM
709,OULAD_TEST_0709,0,0.3031,0.6484,0.4157,0.5254,0.3031,LOW,F1_login_count,19.6,F13_weeks_since_active,13.2,F5_on_time_rate,13.2,6,F1 login count (19.6%) and F13 weeks since active (13.2%),709,0.38181563682900377,0.3087278134914482,0.5469005909960248,0.19971367617687663,1,0.3063,LOW
710,OULAD_TEST_0710,0,0.1332,0.2838,0.2988,0.1586,0.1332,LOW,F1_login_count,18.9,F6_inactive_days,14.1,F4_num_submitted,12.7,1,F1 login count (18.9%) and F6 inactive days (14.1%),710,0.11434174672026184,0.19786946600697203,1.0,0.05936924342100787,0,0.0834,LOW
711,OULAD_TEST_0711,0,0.0998,0.3552,0.388,0.1831,0.0998,LOW,F1_login_count,23.7,F5_on_time_rate,14.2,F6_inactive_days,12.1,14,F1 login count (23.7%) and F5 on time rate (14.2%),711,0.06018868881296075,0.11423958721677688,0.6943424861968566,0.0703669714704146,1,0.1014,LOW
712,OULAD_TEST_0712,1,0.5458,0.6533,0.5537,0.3942,0.5458,MEDIUM,F6_inactive_days,14.1,F1_login_count,13.0,F4_num_submitted,13.0,17,F6 inactive days (14.1%) and F1 login count (13.0%),712,0.32756809131910497,0.4757771535838621,0.41437243612500757,0.32555351529016957,6,0.6447,MEDIUM
713,OULAD_TEST_0713,0,0.2516,0.4138,0.5258,0.4742,0.2516,LOW,F1_login_count,20.4,F5_on_time_rate,12.7,F6_inactive_days,11.6,9,F1 login count (20.4%) and F5 on time rate (12.7%),713,0.21603361143520705,0.14337453306709663,0.5337835180386119,0.460988839219988,4,0.301,LOW
714,OULAD_TEST_0714,0,0.1548,0.3955,0.4817,0.4229,0.1548,LOW,F4_num_submitted,13.3,F6_inactive_days,11.9,F13_weeks_since_active,11.2,14,F4 num submitted (13.3%) and F6 inactive days (11.9%),714,0.10459652975751514,0.07460233890807592,0.7056832575040602,0.0,0,0.1235,LOW
715,OULAD_TEST_0715,1,0.8199,0.6881,0.7959,0.8111,0.8199,HIGH,F1_login_count,18.8,F6_inactive_days,12.3,F5_on_time_rate,11.9,9,F1 login count (18.8%) and F6 inactive days (12.3%),715,0.6842601882016521,0.7918537696141864,0.12025663249443828,0.253146447621465,6,0.8614,HIGH
716,OULAD_TEST_0716,1,0.6788,0.5889,0.7813,0.7739,0.6788,MEDIUM,F1_login_count,18.4,F5_on_time_rate,11.6,F6_inactive_days,11.0,9,F1 login count (18.4%) and F5 on time rate (11.6%),716,0.4865827648662039,0.6918868324564782,0.21590815172702701,0.44716522002235315,8,0.82,HIGH
717,OULAD_TEST_0717,1,0.6615,0.4794,0.6114,0.5575,0.6615,MEDIUM,F1_login_count,21.9,F5_on_time_rate,13.5,F6_inactive_days,11.2,6,F1 login count (21.9%) and F5 on time rate (13.5%),717,0.4780801761461877,0.5432261650950356,0.4526898532200325,0.35172929344941656,7,0.7344,HIGH
718,OULAD_TEST_0718,1,0.9994,0.6936,0.9369,0.9586,0.9994,HIGH,F1_login_count,18.6,F4_num_submitted,15.3,F6_inactive_days,13.9,7,F1 login count (18.6%) and F4 num submitted (15.3%),718,0.6632187787786143,0.8531702197802619,0.11819849631843393,0.6375681443675941,10,0.9283,HIGH
719,OULAD_TEST_0719,0,0.4906,0.5239,0.5691,0.4399,0.4906,MEDIUM,F1_login_count,23.8,F5_on_time_rate,14.8,F13_weeks_since_active,10.3,6,F1 login count (23.8%) and F5 on time rate (14.8%),719,0.3377254376278932,0.3446408500004987,0.4211946647399232,0.3644259626740801,5,0.5807,MEDIUM
720,OULAD_TEST_0720,1,0.8095,0.7619,0.8882,0.8748,0.8095,HIGH,F1_login_count,23.7,F5_on_time_rate,12.4,F13_weeks_since_active,10.6,8,F1 login count (23.7%) and F5 on time rate (12.4%),720,0.5974301768892059,0.7818955476213956,0.0,0.6397925634214676,8,0.8963,HIGH
721,OULAD_TEST_0721,0,0.1453,0.4931,0.3311,0.2351,0.1453,LOW,F1_login_count,20.8,F5_on_time_rate,15.0,F6_inactive_days,14.6,8,F1 login count (20.8%) and F5 on time rate (15.0%),721,0.0,0.1767383458953423,0.6476590776747431,0.0,2,0.1386,LOW
722,OULAD_TEST_0722,1,0.6179,0.6363,0.6262,0.6114,0.6179,MEDIUM,F1_login_count,25.6,F5_on_time_rate,14.8,F13_weeks_since_active,9.9,8,F1 login count (25.6%) and F5 on time rate (14.8%),722,0.29771145778942865,0.6805123949170999,0.5759827564405084,0.3039338522571405,5,0.6946,MEDIUM
723,OULAD_TEST_0723,0,0.5033,0.8038,0.6831,0.557,0.5033,MEDIUM,F1_login_count,18.7,F5_on_time_rate,13.2,F6_inactive_days,11.5,7,F1 login count (18.7%) and F5 on time rate (13.2%),723,0.42663640940227143,0.35753915382562085,0.3742938333360292,0.3534313510656916,5,0.6632,MEDIUM
724,OULAD_TEST_0724,0,0.1016,0.3459,0.3581,0.1511,0.1016,LOW,F1_login_count,24.4,F5_on_time_rate,12.6,F4_num_submitted,11.9,5,F1 login count (24.4%) and F5 on time rate (12.6%),724,0.08820654381279418,0.05611936807854262,0.8290417572053659,0.15341563148246717,0,0.08,LOW
725,OULAD_TEST_0725,1,0.5922,0.5289,0.3963,0.4636,0.5922,MEDIUM,F1_login_count,22.2,F5_on_time_rate,11.0,F6_inactive_days,10.6,6,F1 login count (22.2%) and F5 on time rate (11.0%),725,0.396141666364732,0.5218856738020458,0.47043424019526014,0.6185339460346062,4,0.7006,HIGH
726,OULAD_TEST_0726,0,0.0699,0.3115,0.2248,0.169,0.0699,LOW,F1_login_count,18.2,F6_inactive_days,15.4,F4_num_submitted,14.0,1,F1 login count (18.2%) and F6 inactive days (15.4%),726,0.050773393306539315,0.11113416301806166,0.7659763915855976,0.15662447653366404,0,0.0832,LOW
727,OULAD_TEST_0727,0,0.4262,0.4795,0.4781,0.5891,0.4262,MEDIUM,F1_login_count,25.1,F5_on_time_rate,14.1,F13_weeks_since_active,9.9,7,F1 login count (25.1%) and F5 on time rate (14.1%),727,0.3330981705361671,0.3450165889961895,0.37485783681318474,0.24890536849364675,3,0.4544,MEDIUM
728,OULAD_TEST_0728,0,0.6288,0.5319,0.8089,0.6013,0.6288,MEDIUM,F1_login_count,22.7,F5_on_time_rate,14.9,F13_weeks_since_active,10.7,16,F1 login count (22.7%) and F5 on time rate (14.9%),728,0.3861840319690638,0.4646431127637039,0.05342876682171116,0.2704277096468806,4,0.7233,HIGH
729,OULAD_TEST_0729,0,0.2104,0.4794,0.2308,0.2312,0.2104,LOW,F1_login_count,21.7,F5_on_time_rate,15.1,F13_weeks_since_active,9.8,6,F1 login count (21.7%) and F5 on time rate (15.1%),729,0.06944952745976872,0.24935260231388567,0.7000963208608955,0.05852521767371768,1,0.1517,LOW
730,OULAD_TEST_0730,1,0.9981,0.3955,0.3627,0.6153,0.9981,HIGH,F1_login_count,25.9,F5_on_time_rate,14.1,F6_inactive_days,8.7,17,F1 login count (25.9%) and F5 on time rate (14.1%),730,0.7182545255097681,0.9060758290036465,0.0,0.5277356612451471,7,0.8959,HIGH
731,OULAD_TEST_0731,1,0.6047,0.3521,0.5779,0.4901,0.6047,MEDIUM,F1_login_count,20.0,F6_inactive_days,13.7,F4_num_submitted,13.3,15,F1 login count (20.0%) and F6 inactive days (13.7%),731,0.3254527222384968,0.440693071954902,0.33385504518876924,0.44144803542165123,6,0.6984,MEDIUM
732,OULAD_TEST_0732,0,0.5054,0.5458,0.2183,0.2918,0.5054,MEDIUM,F1_login_count,22.9,F4_num_submitted,14.6,F6_inactive_days,14.6,17,F1 login count (22.9%) and F4 num submitted (14.6%),732,0.3946052755714471,0.5380254240884397,0.2706979660410636,0.3340796934702996,4,0.5914,MEDIUM
733,OULAD_TEST_0733,0,0.5618,0.3676,0.1739,0.1462,0.5618,MEDIUM,F1_login_count,24.2,F5_on_time_rate,11.9,F6_inactive_days,10.7,8,F1 login count (24.2%) and F5 on time rate (11.9%),733,0.22300163957621588,0.5711458967357282,0.3240362459529798,0.17824205149893851,3,0.3913,LOW
734,OULAD_TEST_0734,0,0.6703,0.7373,0.6135,0.5976,0.6703,MEDIUM,F1_login_count,23.1,F5_on_time_rate,14.7,F13_weeks_since_active,11.7,5,F1 login count (23.1%) and F5 on time rate (14.7%),734,0.5721255637325643,0.5804987197798235,0.2671319054901053,0.34987182370914804,5,0.7685,HIGH
735,OULAD_TEST_0735,0,0.0194,0.4479,0.3305,0.0684,0.0194,LOW,F13_weeks_since_active,15.7,F1_login_count,14.1,F7_score_change,10.0,7,F13 weeks since active (15.7%) and F1 login count (14.1%),735,0.0608397482413043,0.02285782899008291,0.8113393581044298,0.11694570641417047,0,0.0644,LOW
736,OULAD_TEST_0736,1,0.9086,0.64,0.2451,0.4705,0.9086,HIGH,F1_login_count,20.3,F4_num_submitted,12.6,F6_inactive_days,12.3,12,F1 login count (20.3%) and F4 num submitted (12.6%),736,0.6616229734313874,0.8166346216892725,0.0,0.5873594825968871,8,0.8661,HIGH
737,OULAD_TEST_0737,1,0.8823,0.3426,0.317,0.4794,0.8823,HIGH,F1_login_count,17.4,F4_num_submitted,16.1,F6_inactive_days,16.1,17,F1 login count (17.4%) and F4 num submitted (16.1%),737,0.7158790983945513,0.6810187543794992,0.21385109487613524,0.5976173539215324,7,0.8467,HIGH
738,OULAD_TEST_0738,0,0.2409,0.3272,0.414,0.4403,0.2409,LOW,F6_inactive_days,15.1,F1_login_count,14.8,F4_num_submitted,14.7,16,F6 inactive days (15.1%) and F1 login count (14.8%),738,0.3351774444462577,0.20716751833312658,0.5475905215268029,0.19049060520687155,2,0.2638,LOW
739,OULAD_TEST_0739,0,0.427,0.3736,0.2128,0.3307,0.427,MEDIUM,F1_login_count,24.8,F6_inactive_days,13.4,F5_on_time_rate,13.0,17,F1 login count (24.8%) and F6 inactive days (13.4%),739,0.40033700650181303,0.19075931643126556,0.2909530539546754,0.45137168815306306,4,0.4333,MEDIUM
740,OULAD_TEST_0740,0,0.0691,0.3674,0.1745,0.3846,0.0691,LOW,F1_login_count,15.5,F6_inactive_days,15.0,F4_num_submitted,14.4,1,F1 login count (15.5%) and F6 inactive days (15.0%),740,0.0,0.12885145164023484,0.7338176580036536,0.0697851676589244,0,0.1029,LOW
741,OULAD_TEST_0741,1,0.7611,0.2925,0.4632,0.4402,0.7611,HIGH,F1_login_count,18.7,F6_inactive_days,14.9,F4_num_submitted,14.0,17,F1 login count (18.7%) and F6 inactive days (14.9%),741,0.4048123033264298,0.5220155422046512,0.19455753090264602,0.4103372642555162,8,0.7623,HIGH
742,OULAD_TEST_0742,0,0.4677,0.8424,0.7678,0.7187,0.4677,MEDIUM,F1_login_count,18.6,F5_on_time_rate,14.1,F6_inactive_days,13.3,9,F1 login count (18.6%) and F5 on time rate (14.1%),742,0.2649081422304321,0.5178185862743199,0.441898943317176,0.17072939506397272,3,0.5335,MEDIUM
743,OULAD_TEST_0743,1,0.6755,0.4628,0.499,0.4108,0.6755,MEDIUM,F1_login_count,20.2,F4_num_submitted,15.3,F6_inactive_days,15.1,11,F1 login count (20.2%) and F4 num submitted (15.3%),743,0.4754591050210833,0.547765392482684,0.39581324036850796,0.43525313498516544,6,0.7282,HIGH
744,OULAD_TEST_0744,0,0.7549,0.6423,0.7871,0.8531,0.7549,HIGH,F1_login_count,16.6,F6_inactive_days,14.1,F4_num_submitted,14.0,15,F1 login count (16.6%) and F6 inactive days (14.1%),744,0.5801959020469123,0.6247316414455059,0.17243511632641406,0.16005551822698993,7,0.8181,HIGH
745,OULAD_TEST_0745,0,0.0662,0.2185,0.1472,0.2392,0.0662,LOW,F6_inactive_days,13.7,F4_num_submitted,13.4,F13_weeks_since_active,12.1,1,F6 inactive days (13.7%) and F4 num submitted (13.4%),745,0.0,0.0060512875132395436,0.735078037563123,0.01760531978007457,0,0.0745,LOW
746,OULAD_TEST_0746,0,0.0601,0.4455,0.256,0.1973,0.0601,LOW,F1_login_count,14.6,F13_weeks_since_active,11.9,F4_num_submitted,11.5,5,F1 login count (14.6%) and F13 weeks since active (11.9%),746,0.06074667644770783,0.028041890086233888,0.6416015618766907,0.011359216809438726,0,0.0884,LOW
747,OULAD_TEST_0747,1,0.0353,0.2041,0.1112,0.2052,0.0353,LOW,F13_weeks_since_active,14.6,F4_num_submitted,10.7,F6_inactive_days,10.4,1,F13 weeks since active (14.6%) and F4 num submitted (10.7%),747,0.0,0.14348750761184292,0.8538153502887897,0.0,0,0.0696,LOW
748,OULAD_TEST_0748,0,0.071,0.3721,0.1833,0.0648,0.071,LOW,F1_login_count,22.0,F6_inactive_days,13.0,F4_num_submitted,12.4,7,F1 login count (22.0%) and F6 inactive days (13.0%),748,0.0,0.0,0.7616309064078104,0.0,3,0.0921,LOW
749,OULAD_TEST_0749,0,0.1484,0.3296,0.1718,0.2956,0.1484,LOW,F4_num_submitted,14.5,F6_inactive_days,13.7,F5_on_time_rate,12.2,1,F4 num submitted (14.5%) and F6 inactive days (13.7%),749,0.0,0.22829723088705503,0.6392772272705839,0.18619890361778896,0,0.1239,LOW
750,OULAD_TEST_0750,1,0.9995,0.3312,0.2386,0.9038,0.9995,HIGH,F1_login_count,25.6,F4_num_submitted,13.4,F6_inactive_days,13.2,17,F1 login count (25.6%) and F4 num submitted (13.4%),750,0.6073266753889095,0.8766168784881367,0.0,0.6273854098889955,12,0.9091,HIGH
751,OULAD_TEST_0751,0,0.2738,0.6144,0.4337,0.3452,0.2738,LOW,F6_inactive_days,15.2,F1_login_count,14.6,F4_num_submitted,14.4,10,F6 inactive days (15.2%) and F1 login count (14.6%),751,0.0564915394383666,0.13616826817142275,0.7254012195055088,0.17649460004487927,2,0.1894,LOW
752,OULAD_TEST_0752,0,0.04,0.3866,0.1137,0.0498,0.04,LOW,F1_login_count,16.8,F6_inactive_days,12.0,F4_num_submitted,11.5,1,F1 login count (16.8%) and F6 inactive days (12.0%),752,0.0,0.0,0.6452320035543943,0.06076170407184271,0,0.0683,LOW
753,OULAD_TEST_0753,0,0.1748,0.4339,0.269,0.223,0.1748,LOW,F1_login_count,15.8,F6_inactive_days,14.0,F4_num_submitted,13.3,16,F1 login count (15.8%) and F6 inactive days (14.0%),753,0.22772417966078395,0.28269144217665626,0.6010321990630294,0.11599531055387083,0,0.1596,LOW
754,OULAD_TEST_0754,0,0.0575,0.4534,0.1498,0.1155,0.0575,LOW,F1_login_count,19.3,F6_inactive_days,12.9,F4_num_submitted,12.4,5,F1 login count (19.3%) and F6 inactive days (12.9%),754,0.0,0.0,0.7898344511076003,0.18364350754299774,0,0.0705,LOW
755,OULAD_TEST_0755,0,0.0218,0.3553,0.2143,0.0626,0.0218,LOW,F4_num_submitted,15.9,F6_inactive_days,14.8,F5_on_time_rate,12.7,2,F4 num submitted (15.9%) and F6 inactive days (14.8%),755,0.2784982064837391,0.0,0.6629042071383313,0.02789150180443785,0,0.0839,LOW
756,OULAD_TEST_0756,1,0.7539,0.5042,0.4865,0.8432,0.7539,HIGH,F1_login_count,23.1,F6_inactive_days,13.7,F4_num_submitted,13.6,10,F1 login count (23.1%) and F6 inactive days (13.7%),756,0.5770617900880889,0.7318001633891784,0.04752902217468566,0.2773544263417499,5,0.8223,HIGH
757,OULAD_TEST_0757,0,0.085,0.4807,0.3129,0.0885,0.085,LOW,F1_login_count,19.0,F6_inactive_days,15.5,F4_num_submitted,14.0,10,F1 login count (19.0%) and F6 inactive days (15.5%),757,0.07798361236948739,0.09933423010287315,0.5196052417299336,0.24661559578492925,0,0.1019,LOW
758,OULAD_TEST_0758,1,0.7608,0.3651,0.6622,0.6782,0.7608,HIGH,F1_login_count,19.4,F4_num_submitted,14.5,F6_inactive_days,14.0,11,F1 login count (19.4%) and F4 num submitted (14.5%),758,0.44672422198187867,0.5716459538770882,0.26345969529056357,0.5009208320794615,6,0.8053,HIGH
759,OULAD_TEST_0759,1,0.9905,0.3877,0.8485,0.9059,0.9905,HIGH,F1_login_count,18.6,F6_inactive_days,13.7,F4_num_submitted,12.7,13,F1 login count (18.6%) and F6 inactive days (13.7%),759,0.7633809879408991,0.8592549980323696,0.0,0.5235895523045919,12,0.9288,HIGH
760,OULAD_TEST_0760,0,0.0476,0.4069,0.127,0.0769,0.0476,LOW,F1_login_count,22.0,F5_on_time_rate,14.0,F6_inactive_days,11.3,5,F1 login count (22.0%) and F5 on time rate (14.0%),760,0.0,0.0,1.0,0.0,0,0.0541,LOW
761,OULAD_TEST_0761,0,0.1707,0.4772,0.433,0.2768,0.1707,LOW,F1_login_count,22.1,F5_on_time_rate,16.1,F13_weeks_since_active,12.5,6,F1 login count (22.1%) and F5 on time rate (16.1%),761,0.13169098146453612,0.23316071187380843,0.5640044934369127,0.14992970651496546,1,0.1689,LOW
762,OULAD_TEST_0762,0,0.2261,0.4903,0.3247,0.2095,0.2261,LOW,F1_login_count,25.7,F5_on_time_rate,15.3,F6_inactive_days,9.9,7,F1 login count (25.7%) and F5 on time rate (15.3%),762,0.41427845382687944,0.2770946771898507,0.526974897657108,0.12159935940307495,2,0.2538,LOW
763,OULAD_TEST_0763,1,0.7187,0.6276,0.6432,0.5895,0.7187,HIGH,F1_login_count,20.6,F6_inactive_days,11.7,F5_on_time_rate,11.0,8,F1 login count (20.6%) and F6 inactive days (11.7%),763,0.49348401002753495,0.6534554959057555,0.16850070297145986,0.620117614323889,5,0.816,HIGH
764,OULAD_TEST_0764,0,0.8727,0.7143,0.6489,0.7749,0.8727,HIGH,F1_login_count,19.2,F4_num_submitted,16.0,F6_inactive_days,15.9,13,F1 login count (19.2%) and F4 num submitted (16.0%),764,0.7258173326285675,0.7707278848997613,0.1261534655138489,0.48211112631998065,9,0.8853,HIGH
765,OULAD_TEST_0765,1,0.5565,0.3196,0.318,0.7537,0.5565,MEDIUM,F1_login_count,20.3,F6_inactive_days,11.8,F4_num_submitted,10.5,17,F1 login count (20.3%) and F6 inactive days (11.8%),765,0.3192323574874112,0.6139200499893899,0.3077796661214689,0.23341430523810397,4,0.6621,MEDIUM
766,OULAD_TEST_0766,0,0.2069,0.3657,0.2548,0.5129,0.2069,LOW,F1_login_count,25.2,F6_inactive_days,13.8,F4_num_submitted,13.5,13,F1 login count (25.2%) and F6 inactive days (13.8%),766,0.14133115095030382,0.17583990619105802,0.6957132214002513,0.23163554618831142,0,0.174,LOW
767,OULAD_TEST_0767,0,0.6951,0.7816,0.6567,0.483,0.6951,MEDIUM,F1_login_count,17.2,F6_inactive_days,16.2,F4_num_submitted,15.8,10,F1 login count (17.2%) and F6 inactive days (16.2%),767,0.6636500635635509,0.4962850699663359,0.14606116100113453,0.5280938271260198,7,0.8063,HIGH
768,OULAD_TEST_0768,0,0.2414,0.4932,0.4369,0.4359,0.2414,LOW,F1_login_count,15.8,F5_on_time_rate,14.8,F6_inactive_days,12.5,9,F1 login count (15.8%) and F5 on time rate (14.8%),768,0.10628329422122325,0.24114791302658456,0.46872082815364186,0.16507816411322346,0,0.2015,LOW
769,OULAD_TEST_0769,0,0.1664,0.4096,0.239,0.5535,0.1664,LOW,F1_login_count,18.1,F6_inactive_days,15.0,F4_num_submitted,14.1,14,F1 login count (18.1%) and F6 inactive days (15.0%),769,0.2977248557996929,0.3083237639629691,0.4870585260590893,0.18100284572098901,0,0.2301,LOW
770,OULAD_TEST_0770,1,0.9915,0.805,0.8069,0.9484,0.9915,HIGH,F1_login_count,22.3,F13_weeks_since_active,12.9,F6_inactive_days,12.5,13,F1 login count (22.3%) and F13 weeks since active (12.9%),770,0.7648251935455475,0.7615942405451319,0.0,0.5903775455109315,10,0.9267,HIGH
771,OULAD_TEST_0771,0,0.8903,0.6588,0.7673,0.8632,0.8903,HIGH,F1_login_count,19.8,F6_inactive_days,13.6,F4_num_submitted,13.4,13,F1 login count (19.8%) and F6 inactive days (13.6%),771,0.5669633224105731,0.7278379786644811,0.03595309805249434,0.5622438121211096,8,0.8904,HIGH
772,OULAD_TEST_0772,1,0.6671,0.7105,0.5944,0.6207,0.6671,MEDIUM,F1_login_count,15.2,F6_inactive_days,14.6,F4_num_submitted,14.1,16,F1 login count (15.2%) and F6 inactive days (14.6%),772,0.530210773905552,0.6003506830481161,0.2362219687606778,0.5400589059076708,8,0.7985,HIGH
773,OULAD_TEST_0773,0,0.5622,0.6419,0.536,0.5648,0.5622,MEDIUM,F1_login_count,14.0,F6_inactive_days,13.2,F4_num_submitted,12.9,13,F1 login count (14.0%) and F6 inactive days (13.2%),773,0.490795444962673,0.4735576120795409,0.2870962972516817,0.4123582000825804,7,0.7196,HIGH
774,OULAD_TEST_0774,1,0.7377,0.4671,0.7739,0.6801,0.7377,HIGH,F6_inactive_days,17.0,F4_num_submitted,16.2,F1_login_count,14.5,15,F6 inactive days (17.0%) and F4 num submitted (16.2%),774,0.5785709962217197,0.5484607135698147,0.3341805797187162,0.42230706740008506,6,0.8067,HIGH
775,OULAD_TEST_0775,0,0.4449,0.5183,0.4216,0.4713,0.4449,MEDIUM,F1_login_count,28.8,F5_on_time_rate,16.9,F2_vle_clicks,9.9,5,F1 login count (28.8%) and F5 on time rate (16.9%),775,0.15440752801095434,0.4679136284984377,0.5668830209608134,0.4292235055111381,5,0.493,MEDIUM
776,OULAD_TEST_0776,0,0.2167,0.3969,0.2361,0.3226,0.2167,LOW,F1_login_count,19.1,F6_inactive_days,12.2,F4_num_submitted,12.0,7,F1 login count (19.1%) and F6 inactive days (12.2%),776,0.07897628241751313,0.36979825776138076,0.5931597012555498,0.0,1,0.1837,LOW
777,OULAD_TEST_0777,0,0.1724,0.4665,0.307,0.3168,0.1724,LOW,F1_login_count,20.0,F5_on_time_rate,12.0,F4_num_submitted,11.2,5,F1 login count (20.0%) and F5 on time rate (12.0%),777,0.09592813644484952,0.16223051672191258,0.4826878886808037,0.3496887973706322,5,0.272,LOW
778,OULAD_TEST_0778,0,0.8869,0.5516,0.7426,0.7431,0.8869,HIGH,F1_login_count,17.3,F6_inactive_days,15.4,F4_num_submitted,15.4,9,F1 login count (17.3%) and F6 inactive days (15.4%),778,0.6133866570899954,0.68153953682112,0.03380948919449471,0.3274249086131117,7,0.8648,HIGH
779,OULAD_TEST_0779,0,0.8656,0.8269,0.6235,0.6636,0.8656,HIGH,F1_login_count,21.5,F6_inactive_days,10.8,F5_on_time_rate,10.5,10,F1 login count (21.5%) and F6 inactive days (10.8%),779,0.6679872097550679,0.611843157995722,0.047537860608293826,0.4441088610273245,10,0.8643,HIGH
780,OULAD_TEST_0780,0,0.0574,0.3168,0.3743,0.3475,0.0574,LOW,F13_weeks_since_active,13.2,F4_num_submitted,11.6,F6_inactive_days,9.7,14,F13 weeks since active (13.2%) and F4 num submitted (11.6%),780,0.05795010009332538,0.06942807849769447,0.6883665037721943,0.029529895776591715,1,0.1074,LOW
781,OULAD_TEST_0781,1,0.9976,0.8487,0.8831,0.9321,0.9976,HIGH,F1_login_count,22.3,F4_num_submitted,12.7,F6_inactive_days,12.1,6,F1 login count (22.3%) and F4 num submitted (12.7%),781,0.5647855641289898,0.9362701874653007,0.0,0.5809823195126206,10,0.9254,HIGH
782,OULAD_TEST_0782,0,0.1032,0.5847,0.1429,0.0789,0.1032,LOW,F4_num_submitted,16.0,F6_inactive_days,16.0,F13_weeks_since_active,11.1,8,F4 num submitted (16.0%) and F6 inactive days (16.0%),782,0.11025978510059632,0.12573341971963053,0.6520937104275194,0.18268932480318656,0,0.1046,LOW
783,OULAD_TEST_0783,0,0.3112,0.4309,0.4633,0.4668,0.3112,LOW,F1_login_count,16.3,F13_weeks_since_active,14.0,F5_on_time_rate,13.7,7,F1 login count (16.3%) and F13 weeks since active (14.0%),783,0.2788985745283823,0.26432769272649165,0.5123858384102241,0.059779605766771854,2,0.2918,LOW
784,OULAD_TEST_0784,0,0.4352,0.547,0.5624,0.6712,0.4352,MEDIUM,F1_login_count,27.3,F5_on_time_rate,14.2,F6_inactive_days,11.6,6,F1 login count (27.3%) and F5 on time rate (14.2%),784,0.36061904479310397,0.3227782678568555,0.38828589011844433,0.2924120180979676,1,0.4261,MEDIUM
785,OULAD_TEST_0785,0,0.4469,0.8435,0.8892,0.8812,0.4469,MEDIUM,F1_login_count,17.4,F4_num_submitted,15.4,F6_inactive_days,15.3,9,F1 login count (17.4%) and F4 num submitted (15.4%),785,0.4209080725554622,0.2924919093825528,0.4633122508625592,0.19875454821362953,4,0.6088,MEDIUM
786,OULAD_TEST_0786,0,0.381,0.3899,0.3067,0.2623,0.381,LOW,F1_login_count,15.3,F6_inactive_days,14.1,F4_num_submitted,13.2,16,F1 login count (15.3%) and F6 inactive days (14.1%),786,0.3500922154548904,0.3906301061059905,0.5312368715904862,0.26401691752049,4,0.3692,LOW
787,OULAD_TEST_0787,0,0.2182,0.626,0.5097,0.4474,0.2182,LOW,F1_login_count,18.9,F5_on_time_rate,14.1,F6_inactive_days,12.7,8,F1 login count (18.9%) and F5 on time rate (14.1%),787,0.19865800792284366,0.25857172971084685,0.5343754912817511,0.12314732882425483,2,0.2561,LOW
788,OULAD_TEST_0788,1,0.8506,0.8443,0.7723,0.6882,0.8506,HIGH,F1_login_count,21.8,F5_on_time_rate,13.7,F4_num_submitted,11.5,5,F1 login count (21.8%) and F5 on time rate (13.7%),788,0.5884034288541352,0.5993516170647414,0.24662653260070333,0.5215122783219573,4,0.8437,HIGH
789,OULAD_TEST_0789,0,0.2965,0.6301,0.5352,0.5199,0.2965,LOW,F1_login_count,15.5,F5_on_time_rate,13.3,F13_weeks_since_active,13.2,12,F1 login count (15.5%) and F5 on time rate (13.3%),789,0.041453906648400846,0.3792121182544547,0.4647937698159387,0.1119090201042785,1,0.267,LOW
790,OULAD_TEST_0790,1,0.5314,0.4814,0.7555,0.6535,0.5314,MEDIUM,F1_login_count,23.2,F5_on_time_rate,14.5,F6_inactive_days,11.3,8,F1 login count (23.2%) and F5 on time rate (14.5%),790,0.41494182191325857,0.4976156976715201,0.21309993861846632,0.2576323259884701,4,0.6901,MEDIUM
791,OULAD_TEST_0791,0,0.6271,0.8134,0.7094,0.836,0.6271,MEDIUM,F1_login_count,16.4,F5_on_time_rate,14.1,F4_num_submitted,13.5,14,F1 login count (16.4%) and F5 on time rate (14.1%),791,0.4597387687163111,0.6450025716116634,0.3363978071365052,0.41073270168329123,6,0.78,HIGH
792,OULAD_TEST_0792,0,0.2641,0.3163,0.4526,0.5902,0.2641,LOW,F1_login_count,23.7,F5_on_time_rate,14.2,F6_inactive_days,11.9,13,F1 login count (23.7%) and F5 on time rate (14.2%),792,0.21202788371953732,0.11711478012119078,0.506979186558566,0.27170586069072533,3,0.2944,LOW
793,OULAD_TEST_0793,0,0.4134,0.468,0.2989,0.2188,0.4134,MEDIUM,F1_login_count,19.3,F4_num_submitted,11.2,F6_inactive_days,11.0,5,F1 login count (19.3%) and F4 num submitted (11.2%),793,0.16170514241796902,0.24212406756676486,0.5014091470757388,0.17624647989625825,3,0.2904,LOW
794,OULAD_TEST_0794,0,0.4769,0.2233,0.1416,0.2712,0.4769,MEDIUM,F1_login_count,21.9,F5_on_time_rate,11.8,F6_inactive_days,11.6,16,F1 login count (21.9%) and F5 on time rate (11.8%),794,0.22572434595917373,0.39344745521861624,0.17811313988994698,0.18188789465125083,5,0.3889,LOW
795,OULAD_TEST_0795,0,0.164,0.3858,0.2717,0.4009,0.164,LOW,F1_login_count,20.3,F6_inactive_days,14.8,F4_num_submitted,13.9,13,F1 login count (20.3%) and F6 inactive days (14.8%),795,0.22011528533329036,0.17962275415161555,0.8080455941483068,0.17201521988062046,0,0.1472,LOW
796,OULAD_TEST_0796,0,0.191,0.6199,0.4174,0.4224,0.191,LOW,F1_login_count,15.4,F13_weeks_since_active,13.1,F4_num_submitted,10.7,9,F1 login count (15.4%) and F13 weeks since active (13.1%),796,0.1297444846143345,0.3060588658341571,0.7144293408040402,0.11069953283307726,2,0.219,LOW
797,OULAD_TEST_0797,0,0.5161,0.659,0.616,0.5548,0.5161,MEDIUM,F1_login_count,25.4,F5_on_time_rate,14.1,F6_inactive_days,10.8,7,F1 login count (25.4%) and F5 on time rate (14.1%),797,0.42942006973726243,0.4951713131052105,0.23707234508369984,0.4093197760783142,5,0.6998,MEDIUM
798,OULAD_TEST_0798,1,0.7915,0.7396,0.7862,0.5466,0.7915,HIGH,F1_login_count,21.5,F6_inactive_days,14.2,F4_num_submitted,13.9,16,F1 login count (21.5%) and F6 inactive days (14.2%),798,0.556881837613046,0.6533604978550374,0.018922287615371458,0.3662043343954623,8,0.835,HIGH
799,OULAD_TEST_0799,0,0.4585,0.4737,0.4494,0.4187,0.4585,MEDIUM,F6_inactive_days,16.9,F4_num_submitted,15.6,F1_login_count,13.1,13,F6 inactive days (16.9%) and F4 num submitted (15.6%),799,0.32392561394957453,0.3076154633867286,0.6004265904097528,0.061567328949188316,4,0.395,LOW
800,OULAD_TEST_0800,0,0.2498,0.5515,0.5676,0.5085,0.2498,LOW,F1_login_count,23.5,F5_on_time_rate,16.0,F6_inactive_days,10.1,8,F1 login count (23.5%) and F5 on time rate (16.0%),800,0.26868838059759975,0.310730045817532,0.5264220096502041,0.08591951018083988,5,0.3609,LOW
801,OULAD_TEST_0801,0,0.1042,0.3734,0.1518,0.1844,0.1042,LOW,F1_login_count,21.4,F6_inactive_days,15.5,F4_num_submitted,15.2,1,F1 login count (21.4%) and F6 inactive days (15.5%),801,0.0213355271782626,0.011393565939942812,0.6332215151267376,0.0,1,0.0986,LOW
802,OULAD_TEST_0802,1,0.9791,0.6455,0.9217,0.9423,0.9791,HIGH,F1_login_count,23.1,F5_on_time_rate,13.3,F13_weeks_since_active,8.2,15,F1 login count (23.1%) and F5 on time rate (13.3%),802,0.6949820776940983,0.9625124843817857,0.0,0.578005391990364,8,0.9303,HIGH
803,OULAD_TEST_0803,0,0.1299,0.3609,0.2317,0.0994,0.1299,LOW,F1_login_count,22.5,F6_inactive_days,13.0,F4_num_submitted,13.0,17,F1 login count (22.5%) and F6 inactive days (13.0%),803,0.044702471129495734,0.08766422803147925,0.6610021794398446,0.0015185742875532537,1,0.0966,LOW
804,OULAD_TEST_0804,0,0.766,0.4207,0.3551,0.4951,0.766,HIGH,F4_num_submitted,16.9,F6_inactive_days,16.8,F1_login_count,16.7,17,F4 num submitted (16.9%) and F6 inactive days (16.8%),804,0.49275037725676846,0.7783465658094281,0.16442803851642473,0.5485220341603739,8,0.8134,HIGH
805,OULAD_TEST_0805,0,0.7644,0.8686,0.7895,0.8034,0.7644,HIGH,F1_login_count,23.4,F5_on_time_rate,13.0,F6_inactive_days,12.3,8,F1 login count (23.4%) and F5 on time rate (13.0%),805,0.5041627876531359,0.7040545032047423,0.2600293096769486,0.424061968509298,6,0.8313,HIGH
806,OULAD_TEST_0806,0,0.0321,0.3101,0.2341,0.0895,0.0321,LOW,F1_login_count,16.5,F6_inactive_days,15.1,F4_num_submitted,14.7,1,F1 login count (16.5%) and F6 inactive days (15.1%),806,0.044683377163371285,0.016325360844603336,0.6344121571815524,0.03731693985286812,1,0.0782,LOW
807,OULAD_TEST_0807,1,0.8915,0.7739,0.8965,0.9168,0.8915,HIGH,F1_login_count,24.1,F5_on_time_rate,13.4,F13_weeks_since_active,9.5,14,F1 login count (24.1%) and F5 on time rate (13.4%),807,0.5761751378336522,0.7162232902539099,0.0,0.5538161470129132,9,0.9005,HIGH
808,OULAD_TEST_0808,0,0.0534,0.2847,0.1788,0.0418,0.0534,LOW,F1_login_count,20.8,F4_num_submitted,14.3,F6_inactive_days,14.1,8,F1 login count (20.8%) and F4 num submitted (14.3%),808,0.16295561255735208,0.018117369812313613,0.8023762634776478,0.055434611089462474,0,0.0694,LOW
809,OULAD_TEST_0809,0,0.1627,0.5181,0.5179,0.4978,0.1627,LOW,F13_weeks_since_active,16.3,F6_inactive_days,12.7,F4_num_submitted,12.4,15,F13 weeks since active (16.3%) and F6 inactive days (12.7%),809,0.024429269778049614,0.172560335390019,0.7705130071227064,0.09472450674540318,2,0.1713,LOW
810,OULAD_TEST_0810,0,0.2579,0.5075,0.3935,0.3552,0.2579,LOW,F1_login_count,21.1,F5_on_time_rate,14.3,F6_inactive_days,9.7,8,F1 login count (21.1%) and F5 on time rate (14.3%),810,0.1618428355838641,0.22538751969741735,0.43656476488821166,0.21601208284923765,1,0.2314,LOW
811,OULAD_TEST_0811,1,0.9959,0.4895,0.7809,0.6962,0.9959,HIGH,F1_login_count,23.5,F5_on_time_rate,13.2,F13_weeks_since_active,13.0,9,F1 login count (23.5%) and F5 on time rate (13.2%),811,0.6531568941725824,0.7990100873545036,0.11143140862997412,0.502061383940903,10,0.902,HIGH
812,OULAD_TEST_0812,0,0.0481,0.2499,0.2352,0.1229,0.0481,LOW,F1_login_count,13.3,F13_weeks_since_active,11.7,F5_on_time_rate,11.5,1,F1 login count (13.3%) and F13 weeks since active (11.7%),812,0.1783677884353733,0.02763448717458942,0.7652741841486821,0.19679015119846596,1,0.0903,LOW
813,OULAD_TEST_0813,0,0.1289,0.5099,0.3764,0.36,0.1289,LOW,F6_inactive_days,16.1,F4_num_submitted,15.9,F13_weeks_since_active,12.3,16,F6 inactive days (16.1%) and F4 num submitted (15.9%),813,0.10988547765115746,0.11585116237753197,0.8060605339074647,0.04895551399577577,1,0.1307,LOW
814,OULAD_TEST_0814,1,0.9977,0.5036,0.5096,0.8692,0.9977,HIGH,F1_login_count,27.6,F5_on_time_rate,13.4,F6_inactive_days,12.3,13,F1 login count (27.6%) and F5 on time rate (13.4%),814,0.8015744539468634,0.6777462724468151,0.0,0.44123410345215824,12,0.9076,HIGH
815,OULAD_TEST_0815,0,0.0186,0.2583,0.1032,0.0532,0.0186,LOW,F1_login_count,21.1,F5_on_time_rate,11.7,F6_inactive_days,10.6,8,F1 login count (21.1%) and F5 on time rate (11.7%),815,0.0,0.052463449183095895,0.532892208251205,0.033728802839012764,0,0.0676,LOW
816,OULAD_TEST_0816,0,0.5643,0.6569,0.6313,0.5712,0.5643,MEDIUM,F1_login_count,18.4,F13_weeks_since_active,13.0,F5_on_time_rate,12.4,9,F1 login count (18.4%) and F13 weeks since active (13.0%),816,0.42171502658692583,0.40127730202265544,0.3333632617683961,0.2364383421063018,6,0.6759,MEDIUM
817,OULAD_TEST_0817,0,0.262,0.455,0.4385,0.3794,0.262,LOW,F1_login_count,21.8,F5_on_time_rate,16.2,F13_weeks_since_active,12.9,6,F1 login count (21.8%) and F5 on time rate (16.2%),817,0.27236307956234374,0.1304334077435404,0.696414381867127,0.237040144141065,3,0.2515,LOW
818,OULAD_TEST_0818,1,0.6,0.5786,0.7361,0.8029,0.6,MEDIUM,F1_login_count,23.5,F5_on_time_rate,13.3,F6_inactive_days,10.8,9,F1 login count (23.5%) and F5 on time rate (13.3%),818,0.4282283989275424,0.3750124522311432,0.23062539809162863,0.6251526691250853,5,0.7702,HIGH
819,OULAD_TEST_0819,0,0.3023,0.4993,0.4657,0.459,0.3023,LOW,F13_weeks_since_active,13.8,F4_num_submitted,13.0,F6_inactive_days,12.8,7,F13 weeks since active (13.8%) and F4 num submitted (13.0%),819,0.31815803750653515,0.11344360017056876,0.5193635031092547,0.086991349013058,4,0.3327,LOW
820,OULAD_TEST_0820,0,0.2315,0.4227,0.4255,0.3786,0.2315,LOW,F1_login_count,20.3,F4_num_submitted,13.9,F5_on_time_rate,13.5,17,F1 login count (20.3%) and F4 num submitted (13.9%),820,0.11032115498996278,0.08833919975101687,0.5971866496449022,0.17878467998687816,1,0.1713,LOW
821,OULAD_TEST_0821,1,0.9938,0.5072,0.5805,0.9048,0.9938,HIGH,F1_login_count,20.9,F6_inactive_days,13.2,F4_num_submitted,12.4,17,F1 login count (20.9%) and F6 inactive days (13.2%),821,0.8365947440185579,0.7880083233895607,0.0,0.38561932935544474,9,0.9123,HIGH
822,OULAD_TEST_0822,0,0.4578,0.5865,0.4298,0.3115,0.4578,MEDIUM,F1_login_count,24.9,F5_on_time_rate,16.8,F6_inactive_days,10.6,8,F1 login count (24.9%) and F5 on time rate (16.8%),822,0.550349812361925,0.5453907310021254,0.6008947575437477,0.32914862753296165,2,0.5065,MEDIUM
823,OULAD_TEST_0823,1,0.518,0.4315,0.535,0.571,0.518,MEDIUM,F1_login_count,18.3,F5_on_time_rate,12.0,F6_inactive_days,10.7,17,F1 login count (18.3%) and F5 on time rate (12.0%),823,0.3263161439560341,0.39822962592838373,0.29546243201028255,0.20451434402403723,5,0.5977,MEDIUM
824,OULAD_TEST_0824,0,0.1668,0.4348,0.3804,0.2945,0.1668,LOW,F1_login_count,16.9,F13_weeks_since_active,15.9,F5_on_time_rate,14.8,5,F1 login count (16.9%) and F13 weeks since active (15.9%),824,0.0722097478599228,0.1560000085014425,0.71713354324728,0.02509984578786212,2,0.1491,LOW
825,OULAD_TEST_0825,0,0.6518,0.3487,0.8632,0.597,0.6518,MEDIUM,F1_login_count,19.9,F6_inactive_days,15.5,F4_num_submitted,14.5,13,F1 login count (19.9%) and F6 inactive days (15.5%),825,0.6015984477117701,0.5860685109205063,0.2698898863851791,0.2589256212192207,8,0.7828,HIGH
826,OULAD_TEST_0826,0,0.1191,0.4014,0.2311,0.2497,0.1191,LOW,F4_num_submitted,15.9,F6_inactive_days,15.6,F1_login_count,12.8,1,F4 num submitted (15.9%) and F6 inactive days (15.6%),826,0.24132721457307124,0.11172021489726788,0.830481905635936,0.15931814712656825,2,0.1468,LOW
827,OULAD_TEST_0827,0,0.2501,0.6244,0.6125,0.4062,0.2501,LOW,F1_login_count,24.0,F5_on_time_rate,13.9,F13_weeks_since_active,11.2,5,F1 login count (24.0%) and F5 on time rate (13.9%),827,0.12278399728467315,0.2063895231419205,0.6405256122428081,0.2709365228967915,2,0.2247,LOW
828,OULAD_TEST_0828,0,0.098,0.2231,0.4122,0.434,0.098,LOW,F4_num_submitted,14.8,F6_inactive_days,14.7,F5_on_time_rate,12.2,13,F4 num submitted (14.8%) and F6 inactive days (14.7%),828,0.02658131829041427,0.0,0.6981075728479026,0.061606225759020916,0,0.0975,LOW
829,OULAD_TEST_0829,0,0.5177,0.6009,0.31,0.518,0.5177,MEDIUM,F1_login_count,25.3,F6_inactive_days,12.7,F4_num_submitted,12.1,5,F1 login count (25.3%) and F6 inactive days (12.7%),829,0.3342115391139493,0.5561192038623369,0.29648849074807193,0.20688879535971366,5,0.6133,MEDIUM
830,OULAD_TEST_0830,1,0.98,0.5963,0.6987,0.6041,0.98,HIGH,F1_login_count,19.7,F4_num_submitted,14.2,F6_inactive_days,13.4,17,F1 login count (19.7%) and F4 num submitted (14.2%),830,0.5515549488965722,0.9775757314910307,0.09578507013821391,0.7787427643324635,11,0.9136,HIGH
831,OULAD_TEST_0831,0,0.8327,0.7346,0.7294,0.7617,0.8327,HIGH,F1_login_count,20.6,F5_on_time_rate,13.5,F4_num_submitted,11.6,5,F1 login count (20.6%) and F5 on time rate (13.5%),831,0.4910248053515801,0.5731823044701851,0.0,0.4095707846694412,9,0.8491,HIGH
832,OULAD_TEST_0832,1,0.9998,0.949,0.9866,0.99,0.9998,HIGH,F1_login_count,21.0,F4_num_submitted,15.0,F6_inactive_days,13.9,15,F1 login count (21.0%) and F4 num submitted (15.0%),832,0.5994459233247931,0.7679077127290896,0.06474904202758923,0.3404361240087073,11,0.912,HIGH
833,OULAD_TEST_0833,1,0.2179,0.4896,0.1635,0.3406,0.2179,LOW,F1_login_count,20.6,F6_inactive_days,12.2,F4_num_submitted,11.3,17,F1 login count (20.6%) and F6 inactive days (12.2%),833,0.07575024348958714,0.1628301726098395,0.5157755248445127,0.1857466811948482,1,0.1877,LOW
834,OULAD_TEST_0834,0,0.1002,0.26,0.1299,0.2419,0.1002,LOW,F1_login_count,12.9,F4_num_submitted,11.5,F6_inactive_days,11.4,1,F1 login count (12.9%) and F4 num submitted (11.5%),834,0.06667151126132187,0.008006976407184688,0.8450683661956641,0.0,0,0.0799,LOW
835,OULAD_TEST_0835,0,0.7484,0.614,0.539,0.5762,0.7484,HIGH,F1_login_count,24.5,F5_on_time_rate,14.2,F6_inactive_days,10.8,8,F1 login count (24.5%) and F5 on time rate (14.2%),835,0.547301473253652,0.6766172442764692,0.21740995426626955,0.5676730552199009,6,0.8175,HIGH
836,OULAD_TEST_0836,1,0.9975,0.6377,0.6104,0.6343,0.9975,HIGH,F1_login_count,23.5,F5_on_time_rate,14.2,F4_num_submitted,12.8,17,F1 login count (23.5%) and F5 on time rate (14.2%),836,0.8533000492814078,0.789613223807471,0.06641237678501083,0.5527634763991898,9,0.9093,HIGH
837,OULAD_TEST_0837,1,0.4968,0.4735,0.6425,0.6138,0.4968,MEDIUM,F1_login_count,20.5,F6_inactive_days,12.6,F5_on_time_rate,12.3,12,F1 login count (20.5%) and F6 inactive days (12.6%),837,0.24792459592612093,0.5954844854245283,0.41075888138247196,0.37052558886530357,4,0.6423,MEDIUM
838,OULAD_TEST_0838,0,0.0212,0.2539,0.1442,0.0435,0.0212,LOW,F6_inactive_days,13.0,F1_login_count,12.9,F4_num_submitted,12.0,1,F6 inactive days (13.0%) and F1 login count (12.9%),838,0.11327223984765838,0.1132638875474877,0.6078022904859004,0.18090004158625897,0,0.0789,LOW
839,OULAD_TEST_0839,0,0.4759,0.3659,0.7138,0.3901,0.4759,MEDIUM,F1_login_count,19.8,F6_inactive_days,11.4,F4_num_submitted,10.8,14,F1 login count (19.8%) and F6 inactive days (11.4%),839,0.3117311155774491,0.42152092245057715,0.3332070836604662,0.14047693624551333,4,0.4763,MEDIUM
840,OULAD_TEST_0840,0,0.1066,0.3974,0.1546,0.163,0.1066,LOW,F1_login_count,23.4,F6_inactive_days,12.8,F4_num_submitted,12.2,1,F1 login count (23.4%) and F6 inactive days (12.8%),840,0.0696736290347567,0.17276890106557857,0.7819589337611382,0.0,0,0.0936,LOW
841,OULAD_TEST_0841,0,0.0563,0.3034,0.1701,0.0812,0.0563,LOW,F1_login_count,17.2,F6_inactive_days,15.9,F4_num_submitted,15.2,1,F1 login count (17.2%) and F6 inactive days (15.9%),841,0.10689194921666038,0.13632703394858472,0.7716255817359845,0.024699471281152387,0,0.0767,LOW
842,OULAD_TEST_0842,0,0.0852,0.4271,0.4987,0.5062,0.0852,LOW,F1_login_count,20.0,F6_inactive_days,14.7,F4_num_submitted,14.3,13,F1 login count (20.0%) and F6 inactive days (14.7%),842,0.0,0.027304200955340537,0.8499389905305672,0.2356261582841212,2,0.1282,LOW
843,OULAD_TEST_0843,1,0.7903,0.3898,0.4136,0.4795,0.7903,HIGH,F1_login_count,22.3,F4_num_submitted,12.4,F5_on_time_rate,12.4,8,F1 login count (22.3%) and F4 num submitted (12.4%),843,0.591450974618405,0.6064576204366428,0.2080874563037172,0.39517407384714653,8,0.7962,HIGH
844,OULAD_TEST_0844,1,0.9809,0.5201,0.5231,0.5411,0.9809,HIGH,F1_login_count,24.1,F4_num_submitted,11.3,F5_on_time_rate,11.2,9,F1 login count (24.1%) and F4 num submitted (11.3%),844,0.7032752208213056,0.8400164450375718,0.0,0.5171995564861191,9,0.8933,HIGH
845,OULAD_TEST_0845,1,0.5223,0.6396,0.444,0.4745,0.5223,MEDIUM,F1_login_count,21.0,F5_on_time_rate,12.1,F4_num_submitted,11.6,5,F1 login count (21.0%) and F5 on time rate (12.1%),845,0.4148551264008149,0.5128858899598355,0.30255358622793666,0.370756869066697,4,0.6593,MEDIUM
846,OULAD_TEST_0846,0,0.3815,0.6169,0.6564,0.6242,0.3815,LOW,F1_login_count,14.1,F4_num_submitted,13.3,F6_inactive_days,12.7,17,F1 login count (14.1%) and F4 num submitted (13.3%),846,0.2959668643907818,0.3353998318922734,0.5050917390523237,0.1596325529147315,1,0.3296,LOW
847,OULAD_TEST_0847,0,0.417,0.397,0.8484,0.73,0.417,MEDIUM,F1_login_count,16.9,F5_on_time_rate,13.3,F6_inactive_days,12.5,14,F1 login count (16.9%) and F5 on time rate (13.3%),847,0.5374300139910895,0.22829028142472022,0.23499559339998943,0.268503105947714,6,0.6564,MEDIUM
848,OULAD_TEST_0848,1,0.9995,0.3205,0.539,0.8944,0.9995,HIGH,F1_login_count,21.2,F5_on_time_rate,14.5,F4_num_submitted,13.6,15,F1 login count (21.2%) and F5 on time rate (14.5%),848,0.6358760015748683,0.7853490444839327,0.16774418856229847,0.4135155094838248,10,0.8935,HIGH
849,OULAD_TEST_0849,0,0.4597,0.7674,0.5212,0.316,0.4597,MEDIUM,F1_login_count,20.9,F5_on_time_rate,11.5,F13_weeks_since_active,10.9,9,F1 login count (20.9%) and F5 on time rate (11.5%),849,0.2686903044998182,0.3848271709124498,0.47641467363775575,0.5415395931067916,2,0.39,LOW
850,OULAD_TEST_0850,0,0.0385,0.4972,0.1514,0.1315,0.0385,LOW,F6_inactive_days,16.2,F4_num_submitted,15.4,F5_on_time_rate,9.5,4,F6 inactive days (16.2%) and F4 num submitted (15.4%),850,0.0,0.026671751653933574,0.8919034597048874,0.0,1,0.0735,LOW
851,OULAD_TEST_0851,1,0.6452,0.5359,0.6014,0.6754,0.6452,MEDIUM,F4_num_submitted,17.2,F6_inactive_days,17.1,F1_login_count,16.3,12,F4 num submitted (17.2%) and F6 inactive days (17.1%),851,0.3960922880839745,0.7062233741431847,0.12577960591908313,0.34850967552117496,7,0.7761,HIGH
852,OULAD_TEST_0852,1,0.8836,0.6452,0.5391,0.6378,0.8836,HIGH,F1_login_count,24.4,F5_on_time_rate,12.8,F4_num_submitted,11.2,8,F1 login count (24.4%) and F5 on time rate (12.8%),852,0.5547812872693482,0.6401809646080803,0.21757651603552552,0.5262622756989486,9,0.8482,HIGH
853,OULAD_TEST_0853,0,0.2382,0.4932,0.4136,0.4652,0.2382,LOW,F13_weeks_since_active,16.4,F1_login_count,14.9,F5_on_time_rate,11.8,7,F13 weeks since active (16.4%) and F1 login count (14.9%),853,0.2856416531107552,0.24291713934686995,0.8325898911027749,0.37244257612281545,4,0.2952,LOW
854,OULAD_TEST_0854,0,0.0624,0.3705,0.2538,0.2464,0.0624,LOW,F13_weeks_since_active,13.4,F1_login_count,12.8,F6_inactive_days,12.2,7,F13 weeks since active (13.4%) and F1 login count (12.8%),854,0.1857304247989855,0.17216904866626317,0.6179921644622683,0.0,0,0.1149,LOW
855,OULAD_TEST_0855,1,0.7669,0.7045,0.8566,0.8515,0.7669,HIGH,F1_login_count,18.8,F6_inactive_days,10.4,F5_on_time_rate,9.0,11,F1 login count (18.8%) and F6 inactive days (10.4%),855,0.4797553706250524,0.8335809796338237,0.26362017949037664,0.6981844962574502,5,0.8669,HIGH
856,OULAD_TEST_0856,0,0.085,0.552,0.3158,0.1447,0.085,LOW,F1_login_count,19.8,F13_weeks_since_active,11.4,F6_inactive_days,11.1,6,F1 login count (19.8%) and F13 weeks since active (11.4%),856,0.0,0.039898206145283104,0.7321109944687294,0.1418612185322427,1,0.0925,LOW
857,OULAD_TEST_0857,1,0.9831,0.6888,0.8147,0.8242,0.9831,HIGH,F1_login_count,20.3,F4_num_submitted,14.8,F6_inactive_days,14.3,9,F1 login count (20.3%) and F4 num submitted (14.8%),857,0.7353115556386404,0.8749493562176159,0.0,0.6399114389307895,10,0.927,HIGH
858,OULAD_TEST_0858,0,0.0805,0.3192,0.203,0.3288,0.0805,LOW,F1_login_count,14.7,F5_on_time_rate,13.1,F6_inactive_days,12.4,1,F1 login count (14.7%) and F5 on time rate (13.1%),858,0.0011276955719028703,0.11400582857589175,0.784888397185187,0.0,0,0.0911,LOW
859,OULAD_TEST_0859,0,0.0648,0.4349,0.1754,0.2233,0.0648,LOW,F1_login_count,23.7,F6_inactive_days,13.0,F5_on_time_rate,12.3,7,F1 login count (23.7%) and F6 inactive days (13.0%),859,0.10865318177555108,0.07071853852426327,0.8315203204837349,0.10741694904456885,1,0.1008,LOW
860,OULAD_TEST_0860,1,0.4487,0.3752,0.6945,0.6303,0.4487,MEDIUM,F1_login_count,19.9,F5_on_time_rate,13.7,F6_inactive_days,12.1,14,F1 login count (19.9%) and F5 on time rate (13.7%),860,0.33438230208513,0.3734873839008555,0.38092734473311535,0.18240160530962396,1,0.4206,MEDIUM
861,OULAD_TEST_0861,0,0.4406,0.5984,0.5013,0.5593,0.4406,MEDIUM,F1_login_count,28.1,F5_on_time_rate,15.0,F6_inactive_days,10.6,7,F1 login count (28.1%) and F5 on time rate (15.0%),861,0.15684558850027677,0.40938803116000366,0.5641116520255223,0.41635935038380945,5,0.4879,MEDIUM
862,OULAD_TEST_0862,0,0.2835,0.4437,0.4072,0.3105,0.2835,LOW,F1_login_count,17.7,F13_weeks_since_active,16.4,F5_on_time_rate,14.5,6,F1 login count (17.7%) and F13 weeks since active (16.4%),862,0.3532005201330061,0.038395313182425145,0.40652365932108026,0.053572556507072,1,0.226,LOW
863,OULAD_TEST_0863,0,0.5425,0.6821,0.8449,0.87,0.5425,MEDIUM,F1_login_count,20.5,F6_inactive_days,13.4,F4_num_submitted,12.1,8,F1 login count (20.5%) and F6 inactive days (13.4%),863,0.5593377673095521,0.5156905592050105,0.21652438535503563,0.31192098066526985,3,0.7536,HIGH
864,OULAD_TEST_0864,0,0.0879,0.3982,0.1829,0.1443,0.0879,LOW,F1_login_count,22.3,F6_inactive_days,13.9,F4_num_submitted,13.5,7,F1 login count (22.3%) and F6 inactive days (13.9%),864,0.00025113095156137355,0.08480923229295738,0.7433397395588753,0.0,0,0.0794,LOW
865,OULAD_TEST_0865,0,0.3085,0.485,0.4446,0.4008,0.3085,LOW,F1_login_count,18.9,F13_weeks_since_active,16.0,F5_on_time_rate,15.0,6,F1 login count (18.9%) and F13 weeks since active (16.0%),865,0.17717984400640155,0.24442700825773875,0.5557385277972272,0.06659724450876063,3,0.2832,LOW
866,OULAD_TEST_0866,1,0.8119,0.6942,0.5561,0.6568,0.8119,HIGH,F1_login_count,19.0,F6_inactive_days,13.0,F4_num_submitted,12.6,5,F1 login count (19.0%) and F6 inactive days (13.0%),866,0.5969165390724904,0.8538639756575646,0.07882265115758953,0.5760983780289497,8,0.8682,HIGH
867,OULAD_TEST_0867,0,0.1488,0.4494,0.2732,0.284,0.1488,LOW,F1_login_count,21.3,F5_on_time_rate,13.9,F13_weeks_since_active,10.6,6,F1 login count (21.3%) and F5 on time rate (13.9%),867,0.1376056789987025,0.07248527849675579,0.7619194435971886,0.153535049689156,0,0.1151,LOW
868,OULAD_TEST_0868,0,0.9887,0.6687,0.6031,0.6929,0.9887,HIGH,F1_login_count,23.5,F5_on_time_rate,14.4,F6_inactive_days,10.1,17,F1 login count (23.5%) and F5 on time rate (14.4%),868,0.7579444272672831,0.8081489208747975,0.062129431421594924,0.7383012238681196,9,0.9163,HIGH
869,OULAD_TEST_0869,0,0.0757,0.5431,0.2843,0.1282,0.0757,LOW,F5_on_time_rate,13.0,F6_inactive_days,12.7,F4_num_submitted,12.6,8,F5 on time rate (13.0%) and F6 inactive days (12.7%),869,0.25401045387663496,0.22366926417637872,0.8252539070934017,0.0,0,0.1076,LOW
870,OULAD_TEST_0870,1,0.5515,0.5612,0.5735,0.5752,0.5515,MEDIUM,F1_login_count,19.6,F4_num_submitted,14.7,F6_inactive_days,14.4,9,F1 login count (19.6%) and F4 num submitted (14.7%),870,0.368355277250595,0.4022100956120115,0.34648635646477327,0.45860048428092526,5,0.6846,MEDIUM
871,OULAD_TEST_0871,0,0.2969,0.4772,0.4247,0.3494,0.2969,LOW,F1_login_count,18.0,F13_weeks_since_active,15.3,F5_on_time_rate,13.8,6,F1 login count (18.0%) and F13 weeks since active (15.3%),871,0.12800027554615462,0.20835577736507688,0.6227380267978342,0.47879386864282725,4,0.2795,LOW
872,OULAD_TEST_0872,0,0.0292,0.3903,0.1277,0.0834,0.0292,LOW,F1_login_count,15.1,F13_weeks_since_active,12.3,F6_inactive_days,11.6,1,F1 login count (15.1%) and F13 weeks since active (12.3%),872,0.0,0.013057966125531999,0.7320749696970006,0.0,0,0.0653,LOW
873,OULAD_TEST_0873,0,0.2278,0.3029,0.2473,0.1919,0.2278,LOW,F1_login_count,19.1,F6_inactive_days,14.0,F4_num_submitted,13.6,1,F1 login count (19.1%) and F6 inactive days (14.0%),873,0.08636699600580808,0.2608887585703639,0.8231418690086596,0.36409783345307634,3,0.1783,LOW
874,OULAD_TEST_0874,0,0.2771,0.3846,0.6446,0.5785,0.2771,LOW,F1_login_count,23.9,F6_inactive_days,12.3,F5_on_time_rate,12.2,13,F1 login count (23.9%) and F6 inactive days (12.3%),874,0.1906573027126203,0.2521592005882651,0.4970654229878015,0.13468064735282081,4,0.3298,LOW
875,OULAD_TEST_0875,0,0.4205,0.731,0.5939,0.5648,0.4205,MEDIUM,F1_login_count,21.4,F5_on_time_rate,11.3,F6_inactive_days,11.2,9,F1 login count (21.4%) and F5 on time rate (11.3%),875,0.4738057863517787,0.254014972227819,0.6741297429458313,0.08761083149264315,3,0.3927,LOW
876,OULAD_TEST_0876,0,0.1823,0.4606,0.7924,0.6851,0.1823,LOW,F6_inactive_days,14.9,F4_num_submitted,14.7,F13_weeks_since_active,13.3,15,F6 inactive days (14.9%) and F4 num submitted (14.7%),876,0.07584887009638283,0.11238151494982482,0.6576487947089409,0.07270410691118452,1,0.1837,LOW
877,OULAD_TEST_0877,1,0.8323,0.4977,0.4224,0.3816,0.8323,HIGH,F1_login_count,24.3,F5_on_time_rate,11.8,F6_inactive_days,9.8,6,F1 login count (24.3%) and F5 on time rate (11.8%),877,0.6049887951638898,0.6588666453430232,0.0,0.6251644761210331,11,0.8472,HIGH
878,OULAD_TEST_0878,0,0.2123,0.2727,0.129,0.0588,0.2123,LOW,F1_login_count,21.8,F6_inactive_days,13.2,F4_num_submitted,12.8,8,F1 login count (21.8%) and F6 inactive days (13.2%),878,0.14696771039272477,0.17427731638215632,0.7669679350488602,0.026798822120216226,4,0.1558,LOW
879,OULAD_TEST_0879,1,0.9111,0.8284,0.8381,0.8812,0.9111,HIGH,F1_login_count,15.8,F4_num_submitted,14.2,F6_inactive_days,13.8,11,F1 login count (15.8%) and F4 num submitted (14.2%),879,0.7566093273448083,0.8085024926903863,0.08371013883949589,0.4746193609192216,6,0.9032,HIGH
880,OULAD_TEST_0880,0,0.0745,0.4009,0.3648,0.2034,0.0745,LOW,F1_login_count,16.4,F4_num_submitted,12.2,F6_inactive_days,11.8,12,F1 login count (16.4%) and F4 num submitted (12.2%),880,0.3048432425873622,0.09678146047103776,0.8255124098380239,0.1159247318751829,1,0.1193,LOW
881,OULAD_TEST_0881,0,0.6217,0.4243,0.2917,0.2325,0.6217,MEDIUM,F1_login_count,17.5,F4_num_submitted,16.7,F6_inactive_days,16.7,17,F1 login count (17.5%) and F4 num submitted (16.7%),881,0.382103122707968,0.38636405967612786,0.42502559185425937,0.3733872140086288,6,0.6119,MEDIUM
882,OULAD_TEST_0882,1,0.9966,0.6957,0.9667,0.9606,0.9966,HIGH,F1_login_count,19.2,F6_inactive_days,13.8,F4_num_submitted,13.6,8,F1 login count (19.2%) and F6 inactive days (13.8%),882,0.6486760557481778,0.9322252790048685,0.03651555541450249,0.6681147542984089,11,0.9359,HIGH
883,OULAD_TEST_0883,1,0.9978,0.6117,0.6924,0.7634,0.9978,HIGH,F1_login_count,24.3,F5_on_time_rate,13.4,F4_num_submitted,11.6,17,F1 login count (24.3%) and F5 on time rate (13.4%),883,0.8028760877069072,0.8683355076797299,0.0,0.6272195448910003,8,0.9235,HIGH
884,OULAD_TEST_0884,0,0.0351,0.3319,0.1068,0.0851,0.0351,LOW,F1_login_count,17.2,F13_weeks_since_active,11.5,F5_on_time_rate,9.3,3,F1 login count (17.2%) and F13 weeks since active (11.5%),884,0.09275914896263114,0.14059756380751248,0.8694913377669251,0.07861503834618876,0,0.0727,LOW
885,OULAD_TEST_0885,1,0.8467,0.8949,0.9733,0.9222,0.8467,HIGH,F1_login_count,17.6,F6_inactive_days,13.2,F4_num_submitted,12.5,13,F1 login count (17.6%) and F6 inactive days (13.2%),885,0.7773607325736033,0.7552308661832537,0.12271555074545955,0.4561438577028551,7,0.899,HIGH
886,OULAD_TEST_0886,0,0.5127,0.5074,0.4682,0.3267,0.5127,MEDIUM,F1_login_count,17.8,F4_num_submitted,15.5,F6_inactive_days,15.3,17,F1 login count (17.8%) and F4 num submitted (15.5%),886,0.4172828185325964,0.523900836618861,0.4584257818608419,0.3354277130436471,4,0.614,MEDIUM
887,OULAD_TEST_0887,0,0.4331,0.4577,0.4727,0.5156,0.4331,MEDIUM,F1_login_count,27.0,F5_on_time_rate,15.0,F6_inactive_days,10.2,7,F1 login count (27.0%) and F5 on time rate (15.0%),887,0.26724079092129405,0.40545862491601015,0.23814694262085384,0.14857523931648794,5,0.4525,MEDIUM
888,OULAD_TEST_0888,1,0.482,0.5075,0.4222,0.4643,0.482,MEDIUM,F1_login_count,20.0,F5_on_time_rate,13.0,F4_num_submitted,11.0,17,F1 login count (20.0%) and F5 on time rate (13.0%),888,0.3964654830692309,0.5173980604962198,0.4590981717009852,0.4438120347004066,3,0.6075,MEDIUM
889,OULAD_TEST_0889,0,0.0343,0.2439,0.1165,0.1135,0.0343,LOW,F7_score_change,10.9,F13_weeks_since_active,10.5,F11_max_score,10.2,1,F7 score change (10.9%) and F13 weeks since active (10.5%),889,0.13488035805829077,0.07093505088142228,0.708701417485497,0.0,0,0.0762,LOW
890,OULAD_TEST_0890,1,0.9008,0.6461,0.7489,0.803,0.9008,HIGH,F1_login_count,20.5,F4_num_submitted,14.9,F6_inactive_days,14.2,9,F1 login count (20.5%) and F4 num submitted (14.9%),890,0.7126082181197364,0.7578467802845678,0.24469096371785304,0.6759416985059267,6,0.8951,HIGH
891,OULAD_TEST_0891,1,0.9996,0.4801,0.9125,0.9455,0.9996,HIGH,F1_login_count,22.2,F13_weeks_since_active,12.1,F6_inactive_days,11.3,13,F1 login count (22.2%) and F13 weeks since active (12.1%),891,0.7504474031107298,1.0,0.06262873478890948,0.5717271646820561,11,0.9365,HIGH
892,OULAD_TEST_0892,0,0.6307,0.3757,0.7042,0.818,0.6307,MEDIUM,F1_login_count,19.2,F6_inactive_days,13.0,F5_on_time_rate,12.3,15,F1 login count (19.2%) and F6 inactive days (13.0%),892,0.5481574689589154,0.6072179697823914,0.31942577458492966,0.4026598812908786,8,0.7955,HIGH
893,OULAD_TEST_0893,0,0.1842,0.418,0.2452,0.1976,0.1842,LOW,F1_login_count,23.8,F5_on_time_rate,15.3,F6_inactive_days,10.7,6,F1 login count (23.8%) and F5 on time rate (15.3%),893,0.24586955904456728,0.20246955368035305,0.7012709993350221,0.051124253893115916,1,0.1557,LOW
894,OULAD_TEST_0894,0,0.4154,0.5742,0.4722,0.5411,0.4154,MEDIUM,F1_login_count,16.3,F6_inactive_days,15.2,F4_num_submitted,14.7,17,F1 login count (16.3%) and F6 inactive days (15.2%),894,0.4289958991037527,0.25098564667693307,0.36783591471232824,0.12732054825983652,3,0.4195,MEDIUM
895,OULAD_TEST_0895,0,0.0482,0.2512,0.2236,0.0993,0.0482,LOW,F1_login_count,13.1,F4_num_submitted,12.1,F13_weeks_since_active,11.6,1,F1 login count (13.1%) and F4 num submitted (12.1%),895,0.09861098875896426,0.0,0.9237656690528054,0.0,1,0.0675,LOW
896,OULAD_TEST_0896,1,0.9984,0.9189,0.9381,0.9499,0.9984,HIGH,F1_login_count,22.4,F4_num_submitted,13.1,F6_inactive_days,12.5,5,F1 login count (22.4%) and F4 num submitted (13.1%),896,0.6821681919683145,0.8720572385713482,0.20041704184169049,0.47240110096890475,12,0.9208,HIGH
897,OULAD_TEST_0897,0,0.5426,0.4111,0.2739,0.5862,0.5426,MEDIUM,F1_login_count,21.0,F6_inactive_days,12.9,F4_num_submitted,11.8,15,F1 login count (21.0%) and F6 inactive days (12.9%),897,0.39449136864333223,0.4728516958214592,0.40521135105482164,0.28669093761408937,6,0.6435,MEDIUM
898,OULAD_TEST_0898,0,0.0897,0.3062,0.3228,0.192,0.0897,LOW,F1_login_count,21.0,F6_inactive_days,11.2,F4_num_submitted,10.7,9,F1 login count (21.0%) and F6 inactive days (11.2%),898,0.18344089665083568,0.027115194799334698,0.8872803568573638,0.07924550145946609,0,0.0824,LOW
899,OULAD_TEST_0899,0,0.2653,0.2123,0.5078,0.3794,0.2653,LOW,F6_inactive_days,17.0,F4_num_submitted,16.2,F5_on_time_rate,13.1,15,F6 inactive days (17.0%) and F4 num submitted (16.2%),899,0.10401643290127638,0.23678361596896477,0.5308451801327467,0.2804255175939916,0,0.1738,LOW
900,OULAD_TEST_0900,0,0.1399,0.4872,0.3024,0.3074,0.1399,LOW,F1_login_count,19.5,F6_inactive_days,15.0,F4_num_submitted,14.8,9,F1 login count (19.5%) and F6 inactive days (15.0%),900,0.13479733088729012,0.24600515424348765,0.608368643377502,0.030449104824378133,0,0.146,LOW
901,OULAD_TEST_0901,0,0.0187,0.3481,0.1219,0.0494,0.0187,LOW,F6_inactive_days,15.6,F4_num_submitted,13.0,F7_score_change,10.7,1,F6 inactive days (15.6%) and F4 num submitted (13.0%),901,0.0,0.0715271979640239,0.7891324748728923,0.0,0,0.0608,LOW
902,OULAD_TEST_0902,0,0.0729,0.4057,0.3381,0.2031,0.0729,LOW,F1_login_count,18.4,F4_num_submitted,12.8,F5_on_time_rate,12.2,2,F1 login count (18.4%) and F4 num submitted (12.8%),902,0.05390448229348175,0.0,0.78517410383679,0.0,0,0.0766,LOW
903,OULAD_TEST_0903,0,0.1096,0.3139,0.135,0.1046,0.1096,LOW,F1_login_count,23.2,F6_inactive_days,12.0,F5_on_time_rate,11.6,8,F1 login count (23.2%) and F6 inactive days (12.0%),903,0.2045651862607299,0.08423929382856452,0.672921331875688,0.12336763414849247,1,0.1132,LOW
904,OULAD_TEST_0904,0,0.0648,0.3986,0.1356,0.1091,0.0648,LOW,F1_login_count,23.6,F6_inactive_days,14.0,F4_num_submitted,13.7,6,F1 login count (23.6%) and F6 inactive days (14.0%),904,0.06446990680199033,0.0,0.8019368190368484,0.20486334183952118,0,0.0739,LOW
905,OULAD_TEST_0905,0,0.7841,0.2695,0.1485,0.3297,0.7841,HIGH,F1_login_count,21.4,F5_on_time_rate,12.0,F4_num_submitted,11.4,17,F1 login count (21.4%) and F5 on time rate (12.0%),905,0.5535136548156149,0.6354690066873151,0.2033589482073414,0.6224196321547546,6,0.7949,HIGH
906,OULAD_TEST_0906,0,0.9362,0.3349,0.2556,0.3631,0.9362,HIGH,F1_login_count,18.7,F6_inactive_days,13.0,F4_num_submitted,12.4,17,F1 login count (18.7%) and F6 inactive days (13.0%),906,0.5193543859020081,0.7626807467496286,0.0,0.6469119297776684,7,0.8504,HIGH
907,OULAD_TEST_0907,0,0.0229,0.2578,0.1395,0.0358,0.0229,LOW,F6_inactive_days,12.5,F4_num_submitted,12.2,F13_weeks_since_active,11.4,1,F6 inactive days (12.5%) and F4 num submitted (12.2%),907,0.09065535660272207,0.0,0.8335593017451721,0.09036519807211188,2,0.0754,LOW
908,OULAD_TEST_0908,0,0.2886,0.2544,0.492,0.4331,0.2886,LOW,F6_inactive_days,16.0,F4_num_submitted,16.0,F5_on_time_rate,13.1,1,F6 inactive days (16.0%) and F4 num submitted (16.0%),908,0.26656841811410753,0.1448991702421284,0.6554728242521521,0.3768748535651209,4,0.2848,LOW
909,OULAD_TEST_0909,0,0.0241,0.1851,0.0859,0.0546,0.0241,LOW,F1_login_count,17.7,F6_inactive_days,16.3,F4_num_submitted,15.3,1,F1 login count (17.7%) and F6 inactive days (16.3%),909,0.23319547233054602,0.01027262547854479,0.7978669317590392,0.05430977537001726,2,0.088,LOW
910,OULAD_TEST_0910,0,0.0793,0.6045,0.2909,0.2911,0.0793,LOW,F1_login_count,20.0,F13_weeks_since_active,13.6,F5_on_time_rate,13.0,8,F1 login count (20.0%) and F13 weeks since active (13.6%),910,0.024732176504699905,0.022556389052215194,0.8518248103261692,0.1251155611229006,1,0.1,LOW
911,OULAD_TEST_0911,0,0.4761,0.6344,0.3417,0.4156,0.4761,MEDIUM,F1_login_count,17.1,F6_inactive_days,13.3,F5_on_time_rate,12.5,9,F1 login count (17.1%) and F6 inactive days (13.3%),911,0.3551850327663939,0.17032910479981858,0.2973796206503049,0.24716593657776015,4,0.4518,MEDIUM
912,OULAD_TEST_0912,0,0.6912,0.5305,0.7158,0.6559,0.6912,MEDIUM,F1_login_count,23.7,F5_on_time_rate,15.0,F6_inactive_days,10.5,6,F1 login count (23.7%) and F5 on time rate (15.0%),912,0.5087783683710755,0.7517577619601331,0.2938350422131851,0.25127479549742915,8,0.7908,HIGH
913,OULAD_TEST_0913,1,0.9917,0.8324,0.8322,0.8306,0.9917,HIGH,F1_login_count,24.1,F5_on_time_rate,12.4,F13_weeks_since_active,10.8,8,F1 login count (24.1%) and F5 on time rate (12.4%),913,0.8519353279763474,0.9300465723373338,0.0,0.5129581319400508,9,0.9298,HIGH
914,OULAD_TEST_0914,0,0.0548,0.3208,0.289,0.0873,0.0548,LOW,F1_login_count,14.0,F13_weeks_since_active,13.7,F5_on_time_rate,10.8,1,F1 login count (14.0%) and F13 weeks since active (13.7%),914,0.028830446761304786,0.01647594200600032,0.6447518641766913,0.031780915375841365,0,0.0694,LOW
915,OULAD_TEST_0915,1,0.6552,0.3916,0.5252,0.6598,0.6552,MEDIUM,F1_login_count,16.8,F6_inactive_days,11.7,F4_num_submitted,11.2,13,F1 login count (16.8%) and F6 inactive days (11.7%),915,0.4865421525770339,0.5584255239792478,0.21274691662622103,0.4004142447001563,6,0.7642,HIGH
916,OULAD_TEST_0916,0,0.1702,0.4986,0.6539,0.3077,0.1702,LOW,F1_login_count,20.7,F5_on_time_rate,11.6,F13_weeks_since_active,10.7,9,F1 login count (20.7%) and F5 on time rate (11.6%),916,0.17992965097165392,0.05093765221459505,0.5696339816425755,0.3332743025826471,0,0.1404,LOW
917,OULAD_TEST_0917,0,0.7993,0.4949,0.5875,0.6419,0.7993,HIGH,F1_login_count,19.8,F4_num_submitted,15.2,F6_inactive_days,14.7,13,F1 login count (19.8%) and F4 num submitted (15.2%),917,0.5781709123156358,0.8150628302248693,0.10576041812588623,0.48933326011092826,10,0.8571,HIGH
918,OULAD_TEST_0918,0,0.1471,0.3227,0.4622,0.4726,0.1471,LOW,F13_weeks_since_active,13.5,F4_num_submitted,13.2,F6_inactive_days,12.7,7,F13 weeks since active (13.5%) and F4 num submitted (13.2%),918,0.05832663854494718,0.27681809558184894,0.6609049689288812,0.22972121328307724,2,0.1906,LOW
919,OULAD_TEST_0919,0,0.1385,0.4693,0.35,0.3554,0.1385,LOW,F1_login_count,24.8,F5_on_time_rate,15.0,F6_inactive_days,11.9,6,F1 login count (24.8%) and F5 on time rate (15.0%),919,0.11635899928983076,0.13026049825972197,0.7729154486331384,0.030890731010842082,1,0.1358,LOW
920,OULAD_TEST_0920,0,0.2497,0.7805,0.6359,0.3447,0.2497,LOW,F1_login_count,17.3,F4_num_submitted,12.3,F6_inactive_days,11.6,12,F1 login count (17.3%) and F4 num submitted (12.3%),920,0.2821531749859772,0.29412745153482756,0.5681240961294297,0.11241889370817192,2,0.257,LOW
921,OULAD_TEST_0921,0,0.0758,0.3553,0.3119,0.3668,0.0758,LOW,F4_num_submitted,13.3,F6_inactive_days,13.2,F13_weeks_since_active,12.6,1,F4 num submitted (13.3%) and F6 inactive days (13.2%),921,0.0,0.0784529423147139,0.5807974293230407,0.0,1,0.1174,LOW
922,OULAD_TEST_0922,1,0.0721,0.3901,0.2883,0.1815,0.0721,LOW,F4_num_submitted,13.5,F13_weeks_since_active,12.3,F6_inactive_days,12.0,7,F4 num submitted (13.5%) and F13 weeks since active (12.3%),922,0.0637669674146876,0.0,0.8563267846495161,0.0,0,0.0719,LOW
923,OULAD_TEST_0923,1,0.9782,0.3555,0.1706,0.2174,0.9782,HIGH,F1_login_count,22.8,F5_on_time_rate,14.2,F6_inactive_days,13.7,17,F1 login count (22.8%) and F5 on time rate (14.2%),923,0.6147279185060825,0.7985241304829074,0.0,0.6501577669636504,10,0.8624,HIGH
924,OULAD_TEST_0924,0,0.0546,0.484,0.2452,0.1105,0.0546,LOW,F1_login_count,18.5,F13_weeks_since_active,12.0,F5_on_time_rate,11.9,8,F1 login count (18.5%) and F13 weeks since active (12.0%),924,0.15772466289248424,0.05696423734175657,0.7504479572895373,0.03366722164729599,0,0.0853,LOW
925,OULAD_TEST_0925,0,0.133,0.4694,0.2667,0.2197,0.133,LOW,F1_login_count,13.4,F13_weeks_since_active,13.0,F4_num_submitted,12.2,6,F1 login count (13.4%) and F13 weeks since active (13.0%),925,0.0,0.07668618250052446,0.7382536506940711,0.19295263438766802,1,0.1085,LOW
926,OULAD_TEST_0926,1,0.106,0.4679,0.3796,0.2146,0.106,LOW,F1_login_count,22.1,F5_on_time_rate,13.3,F13_weeks_since_active,12.7,6,F1 login count (22.1%) and F5 on time rate (13.3%),926,0.01830781527284115,0.07260773780519712,0.7351610418402783,0.08535047380140602,1,0.1014,LOW
927,OULAD_TEST_0927,0,0.4629,0.5095,0.599,0.5942,0.4629,MEDIUM,F1_login_count,26.3,F5_on_time_rate,16.6,F2_vle_clicks,10.3,6,F1 login count (26.3%) and F5 on time rate (16.6%),927,0.3617511875064521,0.3861530353992708,0.5390979547521476,0.23544555220347096,4,0.5524,MEDIUM
928,OULAD_TEST_0928,0,0.1808,0.3709,0.3664,0.2319,0.1808,LOW,F1_login_count,16.5,F6_inactive_days,12.1,F4_num_submitted,10.8,16,F1 login count (16.5%) and F6 inactive days (12.1%),928,0.28311240292343404,0.1472097201707631,0.7032603143392759,0.3662756236544351,2,0.1845,LOW
929,OULAD_TEST_0929,0,0.0863,0.3944,0.1391,0.1059,0.0863,LOW,F1_login_count,21.3,F6_inactive_days,13.0,F4_num_submitted,12.6,2,F1 login count (21.3%) and F6 inactive days (13.0%),929,0.05383497389270122,0.07753567923979866,0.6448290420302892,0.04051157175443433,0,0.0866,LOW
930,OULAD_TEST_0930,1,0.5681,0.5086,0.6573,0.5534,0.5681,MEDIUM,F1_login_count,23.4,F5_on_time_rate,15.9,F13_weeks_since_active,10.1,6,F1 login count (23.4%) and F5 on time rate (15.9%),930,0.34215004733068016,0.3980365946882719,0.5633762173991662,0.48042011636463644,4,0.6505,MEDIUM
931,OULAD_TEST_0931,0,0.1299,0.4599,0.3055,0.3786,0.1299,LOW,F1_login_count,19.2,F6_inactive_days,13.6,F4_num_submitted,13.2,12,F1 login count (19.2%) and F6 inactive days (13.6%),931,0.279045706944059,0.05305370806976509,0.7155133463338234,0.029794895214638677,1,0.1569,LOW
932,OULAD_TEST_0932,0,0.1551,0.4664,0.4554,0.3081,0.1551,LOW,F1_login_count,19.0,F5_on_time_rate,16.2,F6_inactive_days,12.1,8,F1 login count (19.0%) and F5 on time rate (16.2%),932,0.0,0.02906825874400243,0.6611859773378495,0.17821193752602799,2,0.1355,LOW
933,OULAD_TEST_0933,0,0.0949,0.4823,0.2982,0.3579,0.0949,LOW,F1_login_count,20.1,F5_on_time_rate,14.1,F6_inactive_days,13.3,8,F1 login count (20.1%) and F5 on time rate (14.1%),933,0.0,0.15889024397489604,0.8204725423055572,0.1683018790982024,0,0.1038,LOW
934,OULAD_TEST_0934,1,0.9992,0.7047,0.9192,0.9179,0.9992,HIGH,F1_login_count,25.8,F5_on_time_rate,13.2,F13_weeks_since_active,11.4,8,F1 login count (25.8%) and F5 on time rate (13.2%),934,0.7434414450053332,0.680868244652774,0.025585094593007243,0.6245390364690696,10,0.9258,HIGH
935,OULAD_TEST_0935,0,0.7974,0.5866,0.7508,0.6836,0.7974,HIGH,F4_num_submitted,16.7,F6_inactive_days,16.1,F1_login_count,15.2,17,F4 num submitted (16.7%) and F6 inactive days (16.1%),935,0.5079745775647388,0.770077227465354,0.2020028192939327,0.1959020492764077,7,0.8189,HIGH
936,OULAD_TEST_0936,0,0.1005,0.5997,0.3047,0.2269,0.1005,LOW,F1_login_count,20.0,F13_weeks_since_active,13.1,F5_on_time_rate,12.6,8,F1 login count (20.0%) and F13 weeks since active (13.1%),936,0.0,0.19633295178102747,0.9688183998600687,0.062490295302733555,0,0.0864,LOW
937,OULAD_TEST_0937,0,0.0918,0.283,0.1453,0.1558,0.0918,LOW,F1_login_count,15.3,F5_on_time_rate,11.3,F13_weeks_since_active,11.0,2,F1 login count (15.3%) and F5 on time rate (11.3%),937,0.13509564472993535,0.053855553041390294,0.6990478571744955,0.20273520573119702,0,0.0938,LOW
938,OULAD_TEST_0938,0,0.3736,0.514,0.5424,0.4059,0.3736,LOW,F1_login_count,17.7,F6_inactive_days,14.1,F4_num_submitted,13.2,11,F1 login count (17.7%) and F6 inactive days (14.1%),938,0.28590007137711987,0.10930903297381611,0.4693439105982605,0.28745769996332765,2,0.3047,LOW
939,OULAD_TEST_0939,0,0.0858,0.4507,0.538,0.2712,0.0858,LOW,F4_num_submitted,13.8,F13_weeks_since_active,13.7,F6_inactive_days,12.9,7,F4 num submitted (13.8%) and F13 weeks since active (13.7%),939,0.003652136926327154,0.044025155042616754,0.7430178512012464,0.10498066502750958,2,0.1097,LOW
940,OULAD_TEST_0940,0,0.6595,0.4073,0.7165,0.4903,0.6595,MEDIUM,F1_login_count,21.8,F5_on_time_rate,13.7,F6_inactive_days,7.6,16,F1 login count (21.8%) and F5 on time rate (13.7%),940,0.3336195601329105,0.5554402670968944,0.3795515935581039,0.18902916792509772,6,0.6991,MEDIUM
941,OULAD_TEST_0941,1,0.9908,0.7947,0.7858,0.9431,0.9908,HIGH,F1_login_count,19.4,F13_weeks_since_active,12.8,F6_inactive_days,12.1,11,F1 login count (19.4%) and F13 weeks since active (12.8%),941,0.7808057328280145,0.7613321424056869,0.0,0.508025391518993,9,0.9215,HIGH
942,OULAD_TEST_0942,0,0.2782,0.3064,0.4135,0.5431,0.2782,LOW,F1_login_count,15.9,F6_inactive_days,13.1,F5_on_time_rate,12.8,13,F1 login count (15.9%) and F6 inactive days (13.1%),942,0.2597601177958661,0.19525252849534055,0.38088441085234953,0.21628291573817265,2,0.2967,LOW
943,OULAD_TEST_0943,1,0.9991,0.7137,0.9334,0.9131,0.9991,HIGH,F1_login_count,26.0,F5_on_time_rate,13.4,F13_weeks_since_active,11.5,8,F1 login count (26.0%) and F5 on time rate (13.4%),943,0.6894524136220617,0.9716506159090681,0.0,0.648705993214427,10,0.9365,HIGH
944,OULAD_TEST_0944,0,0.1507,0.2238,0.177,0.2378,0.1507,LOW,F1_login_count,16.1,F6_inactive_days,13.4,F4_num_submitted,13.4,1,F1 login count (16.1%) and F6 inactive days (13.4%),944,0.29015369960476656,0.18128917298413927,0.5160477040940713,0.2361800136159483,2,0.19,LOW
945,OULAD_TEST_0945,0,0.5984,0.4651,0.5937,0.5739,0.5984,MEDIUM,F1_login_count,20.3,F5_on_time_rate,10.3,F13_weeks_since_active,9.3,17,F1 login count (20.3%) and F5 on time rate (10.3%),945,0.3118715233673848,0.434674870849752,0.2787968652474362,0.3416559893824687,5,0.6851,MEDIUM
946,OULAD_TEST_0946,0,0.1942,0.3222,0.3735,0.2497,0.1942,LOW,F1_login_count,17.5,F5_on_time_rate,13.0,F6_inactive_days,12.6,1,F1 login count (17.5%) and F5 on time rate (13.0%),946,0.0,0.03726206643236543,0.694889969612929,0.16521889040085772,3,0.1421,LOW
947,OULAD_TEST_0947,1,0.9986,0.8347,0.8361,0.9586,0.9986,HIGH,F1_login_count,19.4,F6_inactive_days,12.9,F4_num_submitted,11.8,11,F1 login count (19.4%) and F6 inactive days (12.9%),947,0.6298291930118756,0.8226486145912184,0.0,0.6011249090317553,11,0.9258,HIGH
948,OULAD_TEST_0948,0,0.3873,0.3023,0.3253,0.3219,0.3873,LOW,F1_login_count,24.5,F5_on_time_rate,12.8,F4_num_submitted,11.9,8,F1 login count (24.5%) and F5 on time rate (12.8%),948,0.2665513983644502,0.3121284576519649,0.3474773423218658,0.11394687161981316,4,0.3525,LOW
949,OULAD_TEST_0949,0,0.3088,0.4397,0.6742,0.6633,0.3088,LOW,F1_login_count,25.2,F5_on_time_rate,13.6,F6_inactive_days,10.4,12,F1 login count (25.2%) and F5 on time rate (13.6%),949,0.24049394493226917,0.3021759349890653,0.5598937161715348,0.0,3,0.328,LOW
950,OULAD_TEST_0950,1,0.9985,0.7482,0.8303,0.869,0.9985,HIGH,F1_login_count,24.8,F5_on_time_rate,14.3,F4_num_submitted,12.4,14,F1 login count (24.8%) and F5 on time rate (14.3%),950,0.674826394214367,0.8058996629945874,0.08745434846151698,0.6508211630556091,10,0.9222,HIGH
951,OULAD_TEST_0951,0,0.3491,0.2243,0.1131,0.1976,0.3491,LOW,F6_inactive_days,17.8,F4_num_submitted,17.0,F1_login_count,16.5,17,F6 inactive days (17.8%) and F4 num submitted (17.0%),951,0.27957553965142967,0.33765496602894896,0.3512226561483388,0.23033366500953736,3,0.2945,LOW
952,OULAD_TEST_0952,1,0.4955,0.3865,0.5335,0.5111,0.4955,MEDIUM,F1_login_count,21.4,F6_inactive_days,13.9,F4_num_submitted,13.4,14,F1 login count (21.4%) and F6 inactive days (13.9%),952,0.2216960575809556,0.5759873232048183,0.4856232398305984,0.22311899494797974,6,0.6039,MEDIUM
953,OULAD_TEST_0953,0,0.5667,0.746,0.8198,0.7008,0.5667,MEDIUM,F4_num_submitted,14.4,F6_inactive_days,13.6,F5_on_time_rate,13.4,12,F4 num submitted (14.4%) and F6 inactive days (13.6%),953,0.541066460407326,0.546935081795541,0.42837062037383267,0.1457192332180962,7,0.7326,HIGH
954,OULAD_TEST_0954,1,0.9985,0.6542,0.8627,0.8629,0.9985,HIGH,F1_login_count,25.6,F5_on_time_rate,13.6,F13_weeks_since_active,12.5,8,F1 login count (25.6%) and F5 on time rate (13.6%),954,0.6907348821607431,0.8448779194135383,0.09660851021566276,0.6746687417290486,8,0.9243,HIGH
955,OULAD_TEST_0955,0,0.1385,0.4698,0.2283,0.1697,0.1385,LOW,F1_login_count,20.6,F5_on_time_rate,12.2,F6_inactive_days,10.2,4,F1 login count (20.6%) and F5 on time rate (12.2%),955,0.20867958315881277,0.10307296231573644,0.8110480214871687,0.05118959109653377,0,0.107,LOW
956,OULAD_TEST_0956,0,0.4683,0.4953,0.835,0.6424,0.4683,MEDIUM,F1_login_count,19.0,F6_inactive_days,14.7,F4_num_submitted,12.8,11,F1 login count (19.0%) and F6 inactive days (14.7%),956,0.3620825346377704,0.3695211492656103,0.6455613924659617,0.3478049666841775,3,0.559,MEDIUM
957,OULAD_TEST_0957,0,0.3811,0.6015,0.3579,0.3223,0.3811,LOW,F1_login_count,16.3,F13_weeks_since_active,12.4,F4_num_submitted,11.3,8,F1 login count (16.3%) and F13 weeks since active (12.4%),957,0.3124453219153783,0.41838627299617154,0.4595107951380945,0.452345823649411,5,0.4894,MEDIUM
958,OULAD_TEST_0958,1,0.9995,0.5104,0.4973,0.9207,0.9995,HIGH,F1_login_count,23.5,F4_num_submitted,14.4,F6_inactive_days,13.7,17,F1 login count (23.5%) and F4 num submitted (14.4%),958,0.7566267280232204,0.7993899243238959,0.011357158007785768,0.34272829436163543,7,0.9003,HIGH
959,OULAD_TEST_0959,0,0.2127,0.4348,0.4267,0.3184,0.2127,LOW,F1_login_count,21.4,F6_inactive_days,13.3,F4_num_submitted,12.5,11,F1 login count (21.4%) and F6 inactive days (13.3%),959,0.1936608560017315,0.1844128167199986,0.5881961566751975,0.04366790295571632,2,0.1982,LOW
960,OULAD_TEST_0960,1,0.4897,0.6857,0.7408,0.7391,0.4897,MEDIUM,F5_on_time_rate,14.1,F1_login_count,13.9,F4_num_submitted,13.6,14,F5 on time rate (14.1%) and F1 login count (13.9%),960,0.4070622759867544,0.42034083215048684,0.40843768447558104,0.2686949264025704,5,0.6704,MEDIUM
961,OULAD_TEST_0961,0,0.0879,0.3322,0.272,0.1001,0.0879,LOW,F1_login_count,16.1,F6_inactive_days,16.0,F4_num_submitted,14.7,1,F1 login count (16.1%) and F6 inactive days (16.0%),961,0.19444525301324314,0.03457226457507744,0.8829673355636313,0.22731914089759808,2,0.1038,LOW
962,OULAD_TEST_0962,0,0.0602,0.3831,0.2655,0.0594,0.0602,LOW,F1_login_count,21.7,F6_inactive_days,12.5,F4_num_submitted,12.1,9,F1 login count (21.7%) and F6 inactive days (12.5%),962,0.06179211697014701,0.0,0.6173385516069332,0.0,0,0.0728,LOW
963,OULAD_TEST_0963,0,0.359,0.4087,0.3822,0.4242,0.359,LOW,F1_login_count,15.7,F5_on_time_rate,12.5,F6_inactive_days,12.1,17,F1 login count (15.7%) and F5 on time rate (12.5%),963,0.3222003757588512,0.3309879602894134,0.42669503278344245,0.4477033230816725,1,0.3363,LOW
964,OULAD_TEST_0964,1,0.9291,0.5195,0.6734,0.7384,0.9291,HIGH,F1_login_count,21.7,F6_inactive_days,12.2,F13_weeks_since_active,11.3,13,F1 login count (21.7%) and F6 inactive days (12.2%),964,0.6413964305712774,0.7848546822515693,0.1944380936504561,0.5737627081879548,7,0.8869,HIGH
965,OULAD_TEST_0965,1,0.5118,0.6139,0.5327,0.6918,0.5118,MEDIUM,F1_login_count,20.8,F6_inactive_days,13.6,F4_num_submitted,13.6,14,F1 login count (20.8%) and F6 inactive days (13.6%),965,0.5022717215449473,0.4750492375549256,0.492563650690209,0.29555992059193703,3,0.6664,MEDIUM
966,OULAD_TEST_0966,0,0.4669,0.4908,0.5745,0.5803,0.4669,MEDIUM,F1_login_count,23.6,F5_on_time_rate,13.8,F13_weeks_since_active,11.9,17,F1 login count (23.6%) and F5 on time rate (13.8%),966,0.25919076979407296,0.3541769754848666,0.3901668353182922,0.2563728284137312,3,0.4562,MEDIUM
967,OULAD_TEST_0967,1,0.8467,0.413,0.6196,0.662,0.8467,HIGH,F1_login_count,20.8,F6_inactive_days,11.8,F5_on_time_rate,10.4,15,F1 login count (20.8%) and F6 inactive days (11.8%),967,0.7727840432910815,0.8173607039050438,0.20808020011207198,0.4556684361383966,8,0.8725,HIGH
968,OULAD_TEST_0968,0,0.4966,0.4092,0.3438,0.5602,0.4966,MEDIUM,F1_login_count,27.8,F5_on_time_rate,14.1,F6_inactive_days,11.7,16,F1 login count (27.8%) and F5 on time rate (14.1%),968,0.34360420493556565,0.3519680975030524,0.4368415842492034,0.4237340111122986,3,0.5562,MEDIUM
969,OULAD_TEST_0969,1,0.9986,0.7651,0.8585,0.9507,0.9986,HIGH,F4_num_submitted,18.3,F6_inactive_days,17.5,F1_login_count,16.9,17,F4 num submitted (18.3%) and F6 inactive days (17.5%),969,0.5559424897881952,0.9857732227214315,0.15114746090009876,0.4709375095101074,12,0.9184,HIGH
970,OULAD_TEST_0970,0,0.0547,0.2928,0.2373,0.054,0.0547,LOW,F1_login_count,21.8,F5_on_time_rate,12.1,F6_inactive_days,10.1,1,F1 login count (21.8%) and F5 on time rate (12.1%),970,0.051100441491078924,0.0,0.7636909593826773,0.07426970179726243,0,0.0635,LOW
971,OULAD_TEST_0971,0,0.1998,0.3072,0.3497,0.1918,0.1998,LOW,F4_num_submitted,15.2,F6_inactive_days,14.2,F5_on_time_rate,12.7,1,F4 num submitted (15.2%) and F6 inactive days (14.2%),971,0.0717548342525119,0.2046116051645513,0.7427232113872583,0.07377820011516294,4,0.1686,LOW
972,OULAD_TEST_0972,0,0.0969,0.4099,0.2512,0.1949,0.0969,LOW,F1_login_count,24.1,F5_on_time_rate,15.3,F6_inactive_days,10.2,6,F1 login count (24.1%) and F5 on time rate (15.3%),972,0.15189435489887243,0.12039945460212986,0.9866811910492621,0.0,2,0.1083,LOW
973,OULAD_TEST_0973,0,0.5078,0.4155,0.4688,0.4713,0.5078,MEDIUM,F1_login_count,18.6,F6_inactive_days,11.0,F4_num_submitted,11.0,17,F1 login count (18.6%) and F6 inactive days (11.0%),973,0.2901976020697609,0.36798543456472943,0.4535699155047466,0.6149970210820674,6,0.6514,MEDIUM
974,OULAD_TEST_0974,0,0.3165,0.6275,0.6282,0.5707,0.3165,LOW,F1_login_count,22.9,F5_on_time_rate,14.8,F6_inactive_days,11.2,8,F1 login count (22.9%) and F5 on time rate (14.8%),974,0.176931656678522,0.302976515028881,0.5517328165794845,0.2401860881704152,2,0.3097,LOW
975,OULAD_TEST_0975,1,0.591,0.6062,0.6117,0.5848,0.591,MEDIUM,F1_login_count,18.6,F13_weeks_since_active,14.0,F5_on_time_rate,11.2,5,F1 login count (18.6%) and F13 weeks since active (14.0%),975,0.22474592690544684,0.6047114935808127,0.39944469852209796,0.42819186535933723,6,0.6994,MEDIUM
976,OULAD_TEST_0976,1,0.718,0.426,0.5037,0.6805,0.718,HIGH,F1_login_count,22.2,F6_inactive_days,13.2,F4_num_submitted,12.3,15,F1 login count (22.2%) and F6 inactive days (13.2%),976,0.45736936807509226,0.43295449285167475,0.18907191417961153,0.5673332136802394,5,0.781,HIGH
977,OULAD_TEST_0977,0,0.0761,0.4398,0.3735,0.3386,0.0761,LOW,F1_login_count,20.0,F13_weeks_since_active,12.6,F5_on_time_rate,12.5,7,F1 login count (20.0%) and F13 weeks since active (12.6%),977,0.0,0.10490458459926516,0.9779167705524732,0.0,2,0.1024,LOW
978,OULAD_TEST_0978,0,0.5453,0.584,0.6557,0.6621,0.5453,MEDIUM,F1_login_count,24.4,F5_on_time_rate,12.3,F6_inactive_days,11.3,8,F1 login count (24.4%) and F5 on time rate (12.3%),978,0.22331971765142766,0.2640433343735938,0.38176710376959816,0.5374550290946438,5,0.64,MEDIUM
979,OULAD_TEST_0979,0,0.1082,0.4209,0.5365,0.3256,0.1082,LOW,F1_login_count,15.3,F13_weeks_since_active,14.8,F5_on_time_rate,11.5,7,F1 login count (15.3%) and F13 weeks since active (14.8%),979,0.15178146561442973,0.014716815718143345,0.6861466679774488,0.0,0,0.1063,LOW
980,OULAD_TEST_0980,0,0.201,0.3952,0.5261,0.4936,0.201,LOW,F6_inactive_days,15.3,F4_num_submitted,14.9,F13_weeks_since_active,14.7,17,F6 inactive days (15.3%) and F4 num submitted (14.9%),980,0.21928001586508322,0.3011833091920756,0.5556310994979964,0.028348030795377538,0,0.2007,LOW
981,OULAD_TEST_0981,1,0.3401,0.6959,0.4816,0.4619,0.3401,LOW,F13_weeks_since_active,16.5,F1_login_count,12.6,F4_num_submitted,11.6,5,F13 weeks since active (16.5%) and F1 login count (12.6%),981,0.2806157561784965,0.24254243732863567,0.6376420191606438,0.14897619921853195,0,0.2459,LOW
982,OULAD_TEST_0982,1,0.9973,0.4487,0.5164,0.5437,0.9973,HIGH,F1_login_count,26.6,F5_on_time_rate,13.0,F6_inactive_days,10.9,17,F1 login count (26.6%) and F5 on time rate (13.0%),982,0.6014123856870786,0.7537946028472822,0.08887874128277391,0.6681868037964607,8,0.8875,HIGH
983,OULAD_TEST_0983,1,0.8533,0.8624,0.9273,0.9049,0.8533,HIGH,F1_login_count,17.0,F4_num_submitted,15.1,F6_inactive_days,14.5,9,F1 login count (17.0%) and F4 num submitted (15.1%),983,0.5925388643858019,0.7094699816812254,0.06762456285859073,0.5382261919369785,10,0.8948,HIGH
984,OULAD_TEST_0984,1,0.3835,0.4624,0.4946,0.4198,0.3835,LOW,F1_login_count,24.3,F5_on_time_rate,14.5,F6_inactive_days,10.5,7,F1 login count (24.3%) and F5 on time rate (14.5%),984,0.2680897460909431,0.4914075070530842,0.5508451345122424,0.2100822311161928,3,0.3787,LOW
985,OULAD_TEST_0985,0,0.2243,0.5212,0.3449,0.3703,0.2243,LOW,F1_login_count,26.9,F5_on_time_rate,14.7,F6_inactive_days,11.5,6,F1 login count (26.9%) and F5 on time rate (14.7%),985,0.0411735310807457,0.04412042022351789,0.4697044031787144,0.13314031864467313,1,0.173,LOW
986,OULAD_TEST_0986,0,0.2734,0.4055,0.2965,0.3674,0.2734,LOW,F1_login_count,19.7,F13_weeks_since_active,14.3,F5_on_time_rate,13.3,8,F1 login count (19.7%) and F13 weeks since active (14.3%),986,0.34171983017671503,0.14828520706885243,0.5997770575073157,0.04667723717729182,3,0.2727,LOW
987,OULAD_TEST_0987,1,0.5923,0.5703,0.5823,0.653,0.5923,MEDIUM,F1_login_count,14.8,F6_inactive_days,13.4,F4_num_submitted,12.8,14,F1 login count (14.8%) and F6 inactive days (13.4%),987,0.5023462290575672,0.62324953465437,0.3714356352076695,0.17571211266189926,8,0.726,HIGH
988,OULAD_TEST_0988,0,0.3091,0.5332,0.5018,0.2751,0.3091,LOW,F1_login_count,18.2,F6_inactive_days,14.1,F4_num_submitted,13.2,11,F1 login count (18.2%) and F6 inactive days (14.1%),988,0.1942735826170336,0.4113511874830186,0.7234529809559224,0.2726413946803272,5,0.3329,LOW
989,OULAD_TEST_0989,0,0.4812,0.4128,0.6065,0.6741,0.4812,MEDIUM,F6_inactive_days,16.4,F4_num_submitted,15.7,F1_login_count,14.6,14,F6 inactive days (16.4%) and F4 num submitted (15.7%),989,0.33952858389945306,0.4007455020567773,0.337958119727131,0.3719647335043422,3,0.6008,MEDIUM
990,OULAD_TEST_0990,1,0.9998,0.7222,0.9216,0.989,0.9998,HIGH,F1_login_count,21.8,F4_num_submitted,15.8,F6_inactive_days,14.8,14,F1 login count (21.8%) and F4 num submitted (15.8%),990,0.7206982807947552,0.7507057837978686,0.0,0.790019325018847,7,0.934,HIGH
991,OULAD_TEST_0991,0,0.1552,0.5689,0.4435,0.2423,0.1552,LOW,F13_weeks_since_active,14.1,F1_login_count,13.8,F7_score_change,11.2,5,F13 weeks since active (14.1%) and F1 login count (13.8%),991,0.0,0.29958748014473274,0.5862972039074958,0.0,5,0.2206,LOW
992,OULAD_TEST_0992,1,0.9908,0.5931,0.7912,0.8372,0.9908,HIGH,F1_login_count,18.1,F4_num_submitted,15.6,F6_inactive_days,14.5,17,F1 login count (18.1%) and F4 num submitted (15.6%),992,0.6688422617479403,0.9697353913399358,0.0,0.6776178252361107,13,0.9324,HIGH
993,OULAD_TEST_0993,1,0.5846,0.6898,0.7105,0.609,0.5846,MEDIUM,F1_login_count,25.4,F5_on_time_rate,14.0,F13_weeks_since_active,10.2,5,F1 login count (25.4%) and F5 on time rate (14.0%),993,0.34102157520022014,0.5512257590209787,0.4659857357758983,0.3167151925962322,6,0.6988,MEDIUM
994,OULAD_TEST_0994,0,0.1997,0.418,0.2571,0.2505,0.1997,LOW,F1_login_count,26.0,F5_on_time_rate,13.3,F6_inactive_days,11.7,7,F1 login count (26.0%) and F5 on time rate (13.3%),994,0.03962799901050841,0.10475281208500638,0.7951039295024037,0.26267699822321783,0,0.1106,LOW
995,OULAD_TEST_0995,0,0.7799,0.2894,0.3472,0.7034,0.7799,HIGH,F1_login_count,17.8,F6_inactive_days,13.8,F4_num_submitted,13.4,15,F1 login count (17.8%) and F6 inactive days (13.8%),995,0.5178199707114045,0.658992652732957,0.20810165779488288,0.590575533201377,9,0.8276,HIGH
996,OULAD_TEST_0996,0,0.4475,0.5655,0.4152,0.2684,0.4475,MEDIUM,F1_login_count,18.3,F6_inactive_days,14.4,F4_num_submitted,13.5,16,F1 login count (18.3%) and F6 inactive days (14.4%),996,0.49301865268495226,0.36754619351641354,0.5641294945685148,0.29384512790693484,4,0.4764,MEDIUM
997,OULAD_TEST_0997,0,0.0646,0.2856,0.1571,0.1666,0.0646,LOW,F6_inactive_days,15.3,F4_num_submitted,14.7,F1_login_count,14.2,2,F6 inactive days (15.3%) and F4 num submitted (14.7%),997,0.10930428612670098,0.08137810436924622,0.7617158380580237,0.0,0,0.0817,LOW
998,OULAD_TEST_0998,1,0.4417,0.2905,0.59,0.7101,0.4417,MEDIUM,F1_login_count,18.3,F6_inactive_days,15.1,F4_num_submitted,14.4,13,F1 login count (18.3%) and F6 inactive days (15.1%),998,0.2520721010217203,0.4915251150505069,0.4371288352299234,0.38033186143299136,5,0.6108,MEDIUM
999,OULAD_TEST_0999,1,0.5546,0.455,0.57,0.5107,0.5546,MEDIUM,F1_login_count,21.8,F5_on_time_rate,13.9,F6_inactive_days,10.8,6,F1 login count (21.8%) and F5 on time rate (13.9%),999,0.4454782781356158,0.5417633632909923,0.3230162380946239,0.4103885427907879,6,0.7086,HIGH
1000,OULAD_TEST_1000,0,0.571,0.7367,0.6623,0.6288,0.571,MEDIUM,F1_login_count,18.8,F6_inactive_days,12.8,F4_num_submitted,12.0,7,F1 login count (18.8%) and F6 inactive days (12.8%),1000,0.5396355436586002,0.3991599138412193,0.3121609008622435,0.26046715174965807,3,0.6975,MEDIUM
1001,OULAD_TEST_1001,1,0.9806,0.7319,0.6104,0.4069,0.9806,HIGH,F1_login_count,17.6,F6_inactive_days,16.1,F4_num_submitted,16.1,11,F1 login count (17.6%) and F6 inactive days (16.1%),1001,0.7788833682912769,0.943629716001563,0.0,0.4290241591824683,9,0.8951,HIGH
1002,OULAD_TEST_1002,1,0.9886,0.596,0.5249,0.5637,0.9886,HIGH,F1_login_count,20.4,F4_num_submitted,13.9,F6_inactive_days,13.9,8,F1 login count (20.4%) and F4 num submitted (13.9%),1002,0.6979830369920174,0.8653605712010525,0.03554547636073388,0.5585360519181845,10,0.8988,HIGH
1003,OULAD_TEST_1003,0,0.0966,0.2985,0.1023,0.1814,0.0966,LOW,F6_inactive_days,16.3,F4_num_submitted,15.7,F1_login_count,15.5,2,F6 inactive days (16.3%) and F4 num submitted (15.7%),1003,0.0029263222294426128,0.1370752636687133,0.7186866089785957,0.2398096578417851,1,0.1039,LOW
1004,OULAD_TEST_1004,0,0.1546,0.4517,0.3232,0.4247,0.1546,LOW,F1_login_count,25.4,F5_on_time_rate,14.0,F6_inactive_days,11.5,7,F1 login count (25.4%) and F5 on time rate (14.0%),1004,0.178042331361359,0.24873326874228824,0.7508560724077876,0.23033845904796457,1,0.1802,LOW
1005,OULAD_TEST_1005,0,0.1247,0.433,0.4153,0.3251,0.1247,LOW,F4_num_submitted,14.5,F1_login_count,14.2,F6_inactive_days,13.5,17,F4 num submitted (14.5%) and F1 login count (14.2%),1005,0.12663853854217494,0.017068580038915912,0.709592349643861,0.0,2,0.1372,LOW
1006,OULAD_TEST_1006,0,0.3546,0.5185,0.4547,0.4316,0.3546,LOW,F1_login_count,18.8,F13_weeks_since_active,16.2,F5_on_time_rate,14.5,5,F1 login count (18.8%) and F13 weeks since active (16.2%),1006,0.33773932200277323,0.29854395370348297,0.5000496298430909,0.07262911009200948,3,0.3483,LOW
1007,OULAD_TEST_1007,0,0.1983,0.5493,0.4574,0.3716,0.1983,LOW,F1_login_count,13.8,F13_weeks_since_active,13.8,F4_num_submitted,10.3,8,F1 login count (13.8%) and F13 weeks since active (13.8%),1007,0.20232718016819695,0.1260386358912628,0.554240696999237,0.27194206196153836,2,0.218,LOW
1008,OULAD_TEST_1008,0,0.0543,0.3198,0.318,0.1727,0.0543,LOW,F1_login_count,19.4,F5_on_time_rate,14.4,F6_inactive_days,11.3,14,F1 login count (19.4%) and F5 on time rate (14.4%),1008,0.1429652715319335,0.0,0.7637753236821762,0.0,0,0.0775,LOW
1009,OULAD_TEST_1009,0,0.0923,0.4767,0.3179,0.199,0.0923,LOW,F13_weeks_since_active,15.9,F4_num_submitted,12.3,F6_inactive_days,11.3,7,F13 weeks since active (15.9%) and F4 num submitted (12.3%),1009,0.01108647884394319,0.10619179820839358,0.7999837230816162,0.11649543883704094,0,0.0854,LOW
1010,OULAD_TEST_1010,0,0.5101,0.6098,0.6299,0.7434,0.5101,MEDIUM,F1_login_count,18.2,F6_inactive_days,11.3,F5_on_time_rate,10.7,17,F1 login count (18.2%) and F6 inactive days (11.3%),1010,0.4888094065634326,0.6345095241267539,0.27758610089161395,0.23213145415964115,6,0.7224,HIGH
1011,OULAD_TEST_1011,0,0.2468,0.4022,0.4397,0.3063,0.2468,LOW,F1_login_count,27.0,F5_on_time_rate,14.9,F6_inactive_days,10.7,9,F1 login count (27.0%) and F5 on time rate (14.9%),1011,0.19251996046923997,0.06257378043953976,0.6113073753680739,0.34212539094260186,1,0.1749,LOW
1012,OULAD_TEST_1012,0,0.1501,0.6567,0.2778,0.1799,0.1501,LOW,F1_login_count,14.4,F13_weeks_since_active,11.3,F4_num_submitted,10.1,9,F1 login count (14.4%) and F13 weeks since active (11.3%),1012,0.3125960872625265,0.1250025511160424,0.7032242951529485,0.0,0,0.1396,LOW
1013,OULAD_TEST_1013,1,0.7733,0.8749,0.8891,0.7622,0.7733,HIGH,F4_num_submitted,17.1,F6_inactive_days,16.1,F1_login_count,15.0,12,F4 num submitted (17.1%) and F6 inactive days (16.1%),1013,0.4723912181910432,0.7085484348059818,0.10955352163817358,0.6011833836246994,6,0.8573,HIGH
1014,OULAD_TEST_1014,0,0.6056,0.4836,0.4502,0.4367,0.6056,MEDIUM,F1_login_count,17.3,F6_inactive_days,14.7,F4_num_submitted,14.1,16,F1 login count (17.3%) and F6 inactive days (14.7%),1014,0.597516380316525,0.5246062561324945,0.2567343695092,0.38554303848724375,7,0.7308,HIGH
1015,OULAD_TEST_1015,0,0.186,0.6394,0.7197,0.5121,0.186,LOW,F6_inactive_days,15.4,F4_num_submitted,15.2,F13_weeks_since_active,13.9,8,F6 inactive days (15.4%) and F4 num submitted (15.2%),1015,0.14999107834626477,0.14904975579874075,0.6742610848766215,0.1418633825081144,2,0.2063,LOW
1016,OULAD_TEST_1016,0,0.0567,0.3417,0.2361,0.105,0.0567,LOW,F1_login_count,17.0,F6_inactive_days,16.5,F4_num_submitted,14.8,10,F1 login count (17.0%) and F6 inactive days (16.5%),1016,0.0,0.0,0.6412978981707378,0.0,1,0.0781,LOW
1017,OULAD_TEST_1017,0,0.251,0.5377,0.2637,0.1814,0.251,LOW,F1_login_count,25.0,F5_on_time_rate,15.7,F4_num_submitted,11.0,8,F1 login count (25.0%) and F5 on time rate (15.7%),1017,0.12731141659456785,0.23197293943521308,0.6341923715249393,0.0,0,0.1486,LOW
1018,OULAD_TEST_1018,1,0.8984,0.8513,0.7853,0.6339,0.8984,HIGH,F6_inactive_days,17.2,F4_num_submitted,17.0,F1_login_count,17.0,5,F6 inactive days (17.2%) and F4 num submitted (17.0%),1018,0.596845269180568,0.7030988818387258,0.0,0.5125720871679222,8,0.8799,HIGH
1019,OULAD_TEST_1019,1,0.9865,0.492,0.3422,0.437,0.9865,HIGH,F1_login_count,26.4,F5_on_time_rate,12.6,F4_num_submitted,9.5,17,F1 login count (26.4%) and F5 on time rate (12.6%),1019,0.7329665946401916,0.6633312636017157,0.11708536930332161,0.6215287276099933,9,0.8734,HIGH
1020,OULAD_TEST_1020,1,0.6117,0.6071,0.5839,0.5492,0.6117,MEDIUM,F1_login_count,23.2,F5_on_time_rate,12.4,F6_inactive_days,10.6,8,F1 login count (23.2%) and F5 on time rate (12.4%),1020,0.48047354880355,0.6155123776410985,0.54442277453883,0.23199626067147322,5,0.6975,MEDIUM
1021,OULAD_TEST_1021,0,0.1231,0.4107,0.3341,0.2488,0.1231,LOW,F1_login_count,21.7,F6_inactive_days,12.5,F4_num_submitted,10.4,9,F1 login count (21.7%) and F6 inactive days (12.5%),1021,0.028799999606142095,0.1813058655873634,0.6154443198298181,0.0,0,0.1093,LOW
1022,OULAD_TEST_1022,0,0.72,0.71,0.6446,0.6445,0.72,HIGH,F1_login_count,20.7,F4_num_submitted,15.3,F6_inactive_days,14.8,8,F1 login count (20.7%) and F4 num submitted (15.3%),1022,0.5015645407739017,0.6161328781480864,0.2774207862374675,0.49937671557913593,6,0.8003,HIGH
1023,OULAD_TEST_1023,1,0.5224,0.4707,0.596,0.5693,0.5224,MEDIUM,F1_login_count,19.1,F6_inactive_days,11.3,F5_on_time_rate,9.6,16,F1 login count (19.1%) and F6 inactive days (11.3%),1023,0.5799070358611863,0.4623659750564562,0.3094058095117981,0.3809825376548557,6,0.7145,HIGH
1024,OULAD_TEST_1024,1,0.5171,0.4256,0.4963,0.5201,0.5171,MEDIUM,F1_login_count,16.8,F6_inactive_days,12.8,F4_num_submitted,12.3,16,F1 login count (16.8%) and F6 inactive days (12.8%),1024,0.5347243170100711,0.5254804410172449,0.49041541737977895,0.29373107275344873,2,0.6424,MEDIUM
1025,OULAD_TEST_1025,1,0.5406,0.7032,0.7243,0.6467,0.5406,MEDIUM,F1_login_count,22.0,F6_inactive_days,13.5,F4_num_submitted,12.4,9,F1 login count (22.0%) and F6 inactive days (13.5%),1025,0.42205236696740317,0.47745717254224657,0.24099415909147856,0.417984206542329,8,0.7344,HIGH
1026,OULAD_TEST_1026,0,0.4038,0.5314,0.2768,0.4691,0.4038,MEDIUM,F1_login_count,25.5,F5_on_time_rate,14.4,F6_inactive_days,11.6,7,F1 login count (25.5%) and F5 on time rate (14.4%),1026,0.28646034781682,0.41555140438090515,0.5250186758427713,0.10137572451358243,4,0.408,MEDIUM
1027,OULAD_TEST_1027,0,0.1122,0.3666,0.2708,0.2328,0.1122,LOW,F1_login_count,16.1,F13_weeks_since_active,12.0,F5_on_time_rate,9.8,5,F1 login count (16.1%) and F13 weeks since active (12.0%),1027,0.09054313267182612,0.07157142393009198,0.6229411033110648,0.024607809949563506,1,0.1157,LOW
1028,OULAD_TEST_1028,0,0.038,0.3062,0.2113,0.056,0.038,LOW,F1_login_count,19.7,F4_num_submitted,13.1,F6_inactive_days,12.8,1,F1 login count (19.7%) and F4 num submitted (13.1%),1028,0.08795179727304167,0.1372586990859157,0.7489015410901632,0.22054531269404076,1,0.0862,LOW
1029,OULAD_TEST_1029,0,0.3684,0.4667,0.5159,0.4851,0.3684,LOW,F1_login_count,24.0,F5_on_time_rate,16.1,F6_inactive_days,11.6,9,F1 login count (24.0%) and F5 on time rate (16.1%),1029,0.15560074348015945,0.3388028580746147,0.40217747248526925,0.2292386555927781,1,0.3058,LOW
1030,OULAD_TEST_1030,0,0.1101,0.2244,0.1152,0.1156,0.1101,LOW,F1_login_count,21.9,F5_on_time_rate,15.0,F6_inactive_days,13.0,15,F1 login count (21.9%) and F5 on time rate (15.0%),1030,0.05133234625766549,0.10910915548846992,0.7941550470895755,0.08121750175043992,0,0.0781,LOW
1031,OULAD_TEST_1031,0,0.0567,0.4955,0.1223,0.1023,0.0567,LOW,F4_num_submitted,14.9,F6_inactive_days,14.7,F1_login_count,10.8,5,F4 num submitted (14.9%) and F6 inactive days (14.7%),1031,0.0,0.0,0.6709419645560414,0.31073359031612874,0,0.0794,LOW
1032,OULAD_TEST_1032,1,0.5902,0.651,0.4192,0.4314,0.5902,MEDIUM,F1_login_count,16.9,F6_inactive_days,14.1,F4_num_submitted,13.0,6,F1 login count (16.9%) and F6 inactive days (14.1%),1032,0.4530623122605279,0.5246264683441366,0.3830364259331828,0.18619894009814744,7,0.6685,MEDIUM
1033,OULAD_TEST_1033,1,0.8768,0.2797,0.5414,0.8396,0.8768,HIGH,F1_login_count,17.4,F4_num_submitted,14.6,F6_inactive_days,13.6,11,F1 login count (17.4%) and F4 num submitted (14.6%),1033,0.6784795939702741,0.678723606600444,0.06415019717376669,0.6216516439970532,8,0.8867,HIGH
1034,OULAD_TEST_1034,0,0.1045,0.4081,0.1111,0.1136,0.1045,LOW,F6_inactive_days,15.9,F4_num_submitted,15.7,F1_login_count,13.1,1,F6 inactive days (15.9%) and F4 num submitted (15.7%),1034,0.02483135377006259,0.037762381877720456,0.7049527628201138,0.2623783535769719,1,0.0974,LOW
1035,OULAD_TEST_1035,1,0.6172,0.5385,0.705,0.6785,0.6172,MEDIUM,F1_login_count,24.7,F5_on_time_rate,14.8,F6_inactive_days,9.4,6,F1 login count (24.7%) and F5 on time rate (14.8%),1035,0.5894386763290033,0.45938994973471026,0.3210155907400129,0.33133704882017445,5,0.7515,HIGH
1036,OULAD_TEST_1036,1,0.9968,0.7834,0.892,0.9193,0.9968,HIGH,F1_login_count,21.3,F4_num_submitted,13.5,F6_inactive_days,13.1,6,F1 login count (21.3%) and F4 num submitted (13.5%),1036,0.5751834336997658,0.761981205448062,0.0,0.7012356944225815,10,0.924,HIGH
1037,OULAD_TEST_1037,0,0.3304,0.5189,0.4527,0.4833,0.3304,LOW,F1_login_count,17.1,F13_weeks_since_active,13.6,F5_on_time_rate,13.3,9,F1 login count (17.1%) and F13 weeks since active (13.6%),1037,0.08484251197901799,0.4508217122413569,0.5567167113540887,0.08039766033469144,5,0.3778,LOW
1038,OULAD_TEST_1038,0,0.1399,0.4114,0.2182,0.1036,0.1399,LOW,F6_inactive_days,13.0,F4_num_submitted,12.7,F5_on_time_rate,10.3,3,F6 inactive days (13.0%) and F4 num submitted (12.7%),1038,0.12037518185599719,0.22542212495907224,0.8411134564354411,0.0015321125319178175,2,0.121,LOW
1039,OULAD_TEST_1039,0,0.3859,0.4171,0.3387,0.6524,0.3859,LOW,F1_login_count,18.5,F6_inactive_days,12.5,F4_num_submitted,11.5,12,F1 login count (18.5%) and F6 inactive days (12.5%),1039,0.3748398302612154,0.48164440017154087,0.4134705214167286,0.27773596992571614,3,0.491,MEDIUM
1040,OULAD_TEST_1040,0,0.189,0.3846,0.4684,0.4571,0.189,LOW,F1_login_count,18.2,F6_inactive_days,11.6,F13_weeks_since_active,10.4,14,F1 login count (18.2%) and F6 inactive days (11.6%),1040,0.3006927691457869,0.06281839843555487,0.7659810143273845,0.2092280007732708,2,0.199,LOW
1041,OULAD_TEST_1041,1,0.9973,0.4675,0.4687,0.5852,0.9973,HIGH,F1_login_count,24.5,F5_on_time_rate,14.9,F6_inactive_days,12.5,17,F1 login count (24.5%) and F5 on time rate (14.9%),1041,0.6522215737131059,0.8534052999928713,0.15196976334877846,0.7328923814887494,10,0.9007,HIGH
1042,OULAD_TEST_1042,0,0.5523,0.3736,0.6729,0.8139,0.5523,MEDIUM,F1_login_count,22.7,F6_inactive_days,14.2,F4_num_submitted,13.5,13,F1 login count (22.7%) and F6 inactive days (14.2%),1042,0.4944780833431296,0.3659743899836724,0.27654450109719564,0.5197354304327392,6,0.7504,HIGH
1043,OULAD_TEST_1043,1,0.4362,0.5176,0.6149,0.5726,0.4362,MEDIUM,F1_login_count,19.9,F5_on_time_rate,13.2,F13_weeks_since_active,12.6,17,F1 login count (19.9%) and F5 on time rate (13.2%),1043,0.30148915304992924,0.3151144098242349,0.3055345394909449,0.2536264129733781,6,0.5336,MEDIUM
1044,OULAD_TEST_1044,0,0.3658,0.4261,0.3288,0.4068,0.3658,LOW,F1_login_count,23.1,F5_on_time_rate,13.3,F6_inactive_days,12.4,7,F1 login count (23.1%) and F5 on time rate (13.3%),1044,0.23879727000591805,0.237479841326674,0.5375560900171765,0.36271341062071055,5,0.377,LOW
1045,OULAD_TEST_1045,0,0.0983,0.618,0.6682,0.4139,0.0983,LOW,F4_num_submitted,14.0,F1_login_count,13.9,F6_inactive_days,12.7,7,F4 num submitted (14.0%) and F1 login count (13.9%),1045,0.15717599374866725,0.18272172051532493,0.6666192477233127,0.017903418786102125,0,0.1371,LOW
1046,OULAD_TEST_1046,1,0.071,0.3257,0.0815,0.102,0.071,LOW,F1_login_count,16.2,F6_inactive_days,15.6,F4_num_submitted,15.5,1,F1 login count (16.2%) and F6 inactive days (15.6%),1046,0.11493228784134196,0.028651625751859207,0.9300603219163004,0.15085095739059215,1,0.0805,LOW
1047,OULAD_TEST_1047,0,0.3988,0.4827,0.5376,0.5177,0.3988,LOW,F1_login_count,23.5,F5_on_time_rate,16.4,F6_inactive_days,8.3,7,F1 login count (23.5%) and F5 on time rate (16.4%),1047,0.12152078430157501,0.4244503466955213,0.4844407540499832,0.2641786557422618,3,0.3773,LOW
1048,OULAD_TEST_1048,1,0.4866,0.5334,0.7936,0.8815,0.4866,MEDIUM,F1_login_count,21.5,F5_on_time_rate,15.3,F6_inactive_days,12.6,9,F1 login count (21.5%) and F5 on time rate (15.3%),1048,0.4882740349725896,0.4619396711670814,0.3305000591964822,0.34544134884983085,3,0.7064,HIGH
1049,OULAD_TEST_1049,0,0.4452,0.2563,0.195,0.3658,0.4452,MEDIUM,F5_on_time_rate,12.9,F1_login_count,12.7,F6_inactive_days,12.0,16,F5 on time rate (12.9%) and F1 login count (12.7%),1049,0.44964913541474516,0.5627111001683831,0.32912404889882885,0.31794094488264446,4,0.5549,MEDIUM
1050,OULAD_TEST_1050,0,0.2052,0.4498,0.4601,0.4582,0.2052,LOW,F5_on_time_rate,15.4,F6_inactive_days,13.9,F4_num_submitted,13.4,16,F5 on time rate (15.4%) and F6 inactive days (13.9%),1050,0.08108372984904705,0.056064462148822075,0.744830495909083,0.0,1,0.1483,LOW
1051,OULAD_TEST_1051,0,0.0238,0.2201,0.1082,0.0496,0.0238,LOW,F13_weeks_since_active,12.2,F1_login_count,11.4,F4_num_submitted,10.5,1,F13 weeks since active (12.2%) and F1 login count (11.4%),1051,0.05624035334374091,0.12096865918294392,0.7238416025915814,0.0,0,0.0648,LOW
1052,OULAD_TEST_1052,1,0.4892,0.4754,0.6702,0.6072,0.4892,MEDIUM,F6_inactive_days,16.1,F4_num_submitted,15.9,F1_login_count,15.4,16,F6 inactive days (16.1%) and F4 num submitted (15.9%),1052,0.3918430186282739,0.5075352696320582,0.41302287994604275,0.30582497277810267,6,0.6671,MEDIUM
1053,OULAD_TEST_1053,0,0.2546,0.2622,0.3003,0.1528,0.2546,LOW,F1_login_count,26.2,F5_on_time_rate,11.8,F6_inactive_days,11.1,8,F1 login count (26.2%) and F5 on time rate (11.8%),1053,0.2042873765823907,0.13853969295783722,0.6919002745112481,0.0,0,0.1209,LOW
1054,OULAD_TEST_1054,0,0.5855,0.3745,0.3451,0.5865,0.5855,MEDIUM,F1_login_count,20.3,F6_inactive_days,11.3,F4_num_submitted,11.3,17,F1 login count (20.3%) and F6 inactive days (11.3%),1054,0.354819484615458,0.5782456669178527,0.283174164806917,0.4510453323839707,9,0.7224,HIGH
1055,OULAD_TEST_1055,0,0.1676,0.6016,0.2338,0.3935,0.1676,LOW,F1_login_count,15.1,F5_on_time_rate,10.3,F13_weeks_since_active,10.2,15,F1 login count (15.1%) and F5 on time rate (10.3%),1055,0.05015766320619483,0.16935159704209832,0.661327117125984,0.205146715954577,3,0.2114,LOW
1056,OULAD_TEST_1056,1,0.7791,0.6612,0.8946,0.932,0.7791,HIGH,F1_login_count,18.9,F6_inactive_days,13.6,F4_num_submitted,13.5,15,F1 login count (18.9%) and F6 inactive days (13.6%),1056,0.5428145929008555,0.6440368992037274,0.175063159017748,0.5067204663453349,7,0.8622,HIGH
1057,OULAD_TEST_1057,1,0.9997,0.856,0.8851,0.9833,0.9997,HIGH,F1_login_count,25.7,F5_on_time_rate,13.6,F4_num_submitted,12.5,13,F1 login count (25.7%) and F5 on time rate (13.6%),1057,0.8170629019259366,0.78383016104224,0.06857245115160916,0.4652839184690494,10,0.9264,HIGH
1058,OULAD_TEST_1058,1,0.9422,0.7866,0.5742,0.7318,0.9422,HIGH,F1_login_count,20.9,F4_num_submitted,12.3,F5_on_time_rate,12.2,12,F1 login count (20.9%) and F4 num submitted (12.3%),1058,0.7139000154594433,0.7433412438840651,0.10531443355103257,0.7309366726642218,9,0.9037,HIGH
1059,OULAD_TEST_1059,0,0.2261,0.3359,0.2395,0.4756,0.2261,LOW,F1_login_count,18.9,F6_inactive_days,14.8,F4_num_submitted,14.3,13,F1 login count (18.9%) and F6 inactive days (14.8%),1059,0.12120856679138939,0.3561699676628741,0.5971086268745173,0.3801252767662029,1,0.2303,LOW
1060,OULAD_TEST_1060,0,0.0375,0.3555,0.1436,0.1246,0.0375,LOW,F1_login_count,16.0,F6_inactive_days,12.4,F4_num_submitted,12.0,1,F1 login count (16.0%) and F6 inactive days (12.4%),1060,0.10341987106483447,0.031929625516598614,0.7763649061496518,0.04014921929351688,0,0.0748,LOW
1061,OULAD_TEST_1061,1,0.9045,0.4296,0.4375,0.2731,0.9045,HIGH,F1_login_count,18.2,F6_inactive_days,14.9,F4_num_submitted,13.4,17,F1 login count (18.2%) and F6 inactive days (14.9%),1061,0.3482957379369924,0.8313954001225167,0.03922209884765118,0.6039642454141483,8,0.832,HIGH
1062,OULAD_TEST_1062,1,0.7367,0.5114,0.4464,0.4038,0.7367,HIGH,F1_login_count,21.4,F5_on_time_rate,12.8,F13_weeks_since_active,12.5,6,F1 login count (21.4%) and F5 on time rate (12.8%),1062,0.6305665700372103,0.5629230494665958,0.0628787593080555,0.46622863857552527,7,0.7976,HIGH
1063,OULAD_TEST_1063,1,0.8399,0.8333,0.826,0.8418,0.8399,HIGH,F1_login_count,21.8,F5_on_time_rate,12.4,F4_num_submitted,9.8,11,F1 login count (21.8%) and F5 on time rate (12.4%),1063,0.41395862212219,0.6515267643022689,0.15384008573981298,0.5675843026798558,8,0.8605,HIGH
1064,OULAD_TEST_1064,0,0.4457,0.5673,0.6676,0.8004,0.4457,MEDIUM,F1_login_count,29.1,F5_on_time_rate,15.3,F6_inactive_days,9.6,8,F1 login count (29.1%) and F5 on time rate (15.3%),1064,0.2757459058596868,0.4654037847399954,0.6326591760833069,0.2530729492048325,2,0.478,MEDIUM
1065,OULAD_TEST_1065,0,0.0947,0.2649,0.1626,0.0447,0.0947,LOW,F1_login_count,22.3,F6_inactive_days,12.9,F4_num_submitted,12.9,8,F1 login count (22.3%) and F6 inactive days (12.9%),1065,0.0,0.0,0.6358680859308937,0.0526722912187436,1,0.0766,LOW
1066,OULAD_TEST_1066,0,0.2838,0.4122,0.4754,0.3316,0.2838,LOW,F1_login_count,20.9,F6_inactive_days,13.3,F4_num_submitted,12.5,9,F1 login count (20.9%) and F6 inactive days (13.3%),1066,0.0691918524279094,0.20801289856757826,0.49565702903972975,0.2789661120596838,3,0.2417,LOW
1067,OULAD_TEST_1067,1,0.3607,0.3786,0.4057,0.4189,0.3607,LOW,F1_login_count,24.3,F5_on_time_rate,14.5,F6_inactive_days,12.8,16,F1 login count (24.3%) and F5 on time rate (14.5%),1067,0.36857267873785193,0.3093171928857786,0.4243672228356259,0.49789489942757287,3,0.4335,MEDIUM
1068,OULAD_TEST_1068,1,0.7567,0.8042,0.9038,0.8954,0.7567,HIGH,F1_login_count,16.7,F6_inactive_days,12.2,F4_num_submitted,11.9,13,F1 login count (16.7%) and F6 inactive days (12.2%),1068,0.48291987986881085,0.6521048081472042,0.26709917787231224,0.28601145187179133,7,0.8258,HIGH
1069,OULAD_TEST_1069,0,0.038,0.2042,0.084,0.1048,0.038,LOW,F6_inactive_days,14.3,F1_login_count,13.8,F4_num_submitted,12.6,1,F6 inactive days (14.3%) and F1 login count (13.8%),1069,0.06125038817307158,0.01797253719870749,0.8144485454196441,0.010342501871643973,2,0.0794,LOW
1070,OULAD_TEST_1070,0,0.2035,0.3543,0.2307,0.2567,0.2035,LOW,F1_login_count,21.7,F6_inactive_days,13.6,F4_num_submitted,12.9,1,F1 login count (21.7%) and F6 inactive days (13.6%),1070,0.1377579421120816,0.20464058248767383,0.6213462307583543,0.0,1,0.1539,LOW
1071,OULAD_TEST_1071,0,0.0457,0.2786,0.311,0.2606,0.0457,LOW,F4_num_submitted,13.6,F13_weeks_since_active,13.2,F6_inactive_days,13.1,1,F4 num submitted (13.6%) and F13 weeks since active (13.2%),1071,0.07969408272231215,0.09427346046542492,0.6716380938361036,0.21846298782913,0,0.0944,LOW
1072,OULAD_TEST_1072,0,0.3673,0.3861,0.338,0.3848,0.3673,LOW,F1_login_count,16.3,F6_inactive_days,14.9,F4_num_submitted,14.3,16,F1 login count (16.3%) and F6 inactive days (14.9%),1072,0.26479218910602553,0.37097600363674643,0.5153976791639925,0.14985144368161218,5,0.4002,MEDIUM
1073,OULAD_TEST_1073,0,0.1495,0.3743,0.701,0.6531,0.1495,LOW,F1_login_count,16.1,F5_on_time_rate,12.1,F6_inactive_days,11.3,14,F1 login count (16.1%) and F5 on time rate (12.1%),1073,0.0,0.04821069530657386,0.5239377872664197,0.0,1,0.1629,LOW
1074,OULAD_TEST_1074,1,0.9916,0.3958,0.642,0.528,0.9916,HIGH,F1_login_count,24.3,F5_on_time_rate,14.5,F6_inactive_days,12.0,14,F1 login count (24.3%) and F5 on time rate (14.5%),1074,0.793746681944714,0.8201275921656963,0.021062656685749293,0.6715424398618288,10,0.9123,HIGH
1075,OULAD_TEST_1075,0,0.2747,0.5806,0.5628,0.4203,0.2747,LOW,F1_login_count,20.5,F5_on_time_rate,12.3,F13_weeks_since_active,11.5,13,F1 login count (20.5%) and F5 on time rate (12.3%),1075,0.14291434168386874,0.329076028950155,0.6673924386087935,0.37413733376917335,2,0.2593,LOW
1076,OULAD_TEST_1076,0,0.3539,0.514,0.4995,0.432,0.3539,LOW,F6_inactive_days,15.0,F4_num_submitted,14.8,F13_weeks_since_active,13.6,6,F6 inactive days (15.0%) and F4 num submitted (14.8%),1076,0.09207181013402485,0.3723867750059098,0.3917600863366322,0.29197174422729155,5,0.3939,LOW
1077,OULAD_TEST_1077,0,0.1932,0.5464,0.4439,0.3853,0.1932,LOW,F1_login_count,29.4,F5_on_time_rate,18.0,F2_vle_clicks,9.6,7,F1 login count (29.4%) and F5 on time rate (18.0%),1077,0.09242848390340874,0.054391243881514895,0.4921881723170336,0.14049574527383007,1,0.173,LOW
1078,OULAD_TEST_1078,0,0.2011,0.5473,0.5054,0.5054,0.2011,LOW,F1_login_count,24.2,F5_on_time_rate,15.0,F6_inactive_days,12.2,4,F1 login count (24.2%) and F5 on time rate (15.0%),1078,0.29084597906343107,0.19905339202817612,0.797063789169486,0.16975691073311927,3,0.253,LOW
1079,OULAD_TEST_1079,0,0.1221,0.3211,0.3171,0.3341,0.1221,LOW,F1_login_count,24.8,F5_on_time_rate,13.3,F6_inactive_days,12.6,14,F1 login count (24.8%) and F5 on time rate (13.3%),1079,0.17049217421134927,0.0,0.6411440360495415,0.24304087953906656,1,0.1352,LOW
1080,OULAD_TEST_1080,0,0.0998,0.2456,0.1718,0.5037,0.0998,LOW,F1_login_count,13.4,F5_on_time_rate,13.0,F4_num_submitted,11.8,16,F1 login count (13.4%) and F5 on time rate (13.0%),1080,0.03499478655921407,0.08858479216482958,0.8337547845943822,0.0,0,0.1067,LOW
1081,OULAD_TEST_1081,0,0.052,0.3103,0.219,0.2332,0.052,LOW,F4_num_submitted,15.3,F6_inactive_days,15.3,F13_weeks_since_active,10.9,1,F4 num submitted (15.3%) and F6 inactive days (15.3%),1081,0.0014742295681571121,0.19602136133967815,0.7430002334802168,0.017778347509642446,1,0.0965,LOW
1082,OULAD_TEST_1082,0,0.0247,0.3872,0.143,0.0825,0.0247,LOW,F1_login_count,18.3,F6_inactive_days,16.8,F4_num_submitted,15.3,6,F1 login count (18.3%) and F6 inactive days (16.8%),1082,0.0,0.0,0.7640445183058673,0.0,0,0.0624,LOW
1083,OULAD_TEST_1083,1,0.983,0.7196,0.603,0.7914,0.983,HIGH,F4_num_submitted,16.8,F1_login_count,16.5,F6_inactive_days,16.5,13,F4 num submitted (16.8%) and F1 login count (16.5%),1083,0.895774798356084,0.7688041563606735,0.057441269949664545,0.4496561631249948,10,0.9117,HIGH
1084,OULAD_TEST_1084,0,0.3439,0.6439,0.5493,0.4664,0.3439,LOW,F6_inactive_days,16.6,F4_num_submitted,16.5,F1_login_count,14.0,12,F6 inactive days (16.6%) and F4 num submitted (16.5%),1084,0.2789235452231553,0.35343738252582874,0.43648011432535594,0.1669349688699837,0,0.2847,LOW
1085,OULAD_TEST_1085,0,0.5435,0.524,0.6023,0.6553,0.5435,MEDIUM,F1_login_count,14.7,F5_on_time_rate,11.6,F6_inactive_days,10.6,13,F1 login count (14.7%) and F5 on time rate (11.6%),1085,0.4234541647191069,0.3385508787832283,0.3784497143495646,0.45902653151789385,5,0.6908,MEDIUM
1086,OULAD_TEST_1086,1,0.4239,0.5034,0.6449,0.6079,0.4239,MEDIUM,F1_login_count,21.1,F5_on_time_rate,13.3,F4_num_submitted,12.9,17,F1 login count (21.1%) and F5 on time rate (13.3%),1086,0.3997583454031842,0.3096945976091969,0.4227310585175908,0.32233225780712704,3,0.5007,MEDIUM
1087,OULAD_TEST_1087,0,0.7301,0.6005,0.4502,0.5151,0.7301,HIGH,F1_login_count,24.8,F5_on_time_rate,13.5,F4_num_submitted,11.1,8,F1 login count (24.8%) and F5 on time rate (13.5%),1087,0.5349489159026513,0.6683002910065402,0.08387065565949686,0.515377260012984,5,0.802,HIGH
1088,OULAD_TEST_1088,1,0.9993,0.8159,0.8761,0.9136,0.9993,HIGH,F1_login_count,25.2,F5_on_time_rate,13.7,F4_num_submitted,12.7,7,F1 login count (25.2%) and F5 on time rate (13.7%),1088,0.6736057854179297,0.7986621321848477,0.034308207472639934,0.6171570733983982,9,0.924,HIGH
1089,OULAD_TEST_1089,0,0.0256,0.5019,0.1539,0.0943,0.0256,LOW,F1_login_count,18.3,F6_inactive_days,11.7,F4_num_submitted,11.0,4,F1 login count (18.3%) and F6 inactive days (11.7%),1089,0.0,0.002882401023122271,0.7531892193122085,0.07815885392743063,0,0.0674,LOW
1090,OULAD_TEST_1090,1,0.9991,0.8754,0.96,0.9776,0.9991,HIGH,F1_login_count,20.1,F6_inactive_days,14.2,F4_num_submitted,13.0,17,F1 login count (20.1%) and F6 inactive days (14.2%),1090,0.6922098740585936,0.9087698568252027,0.0,0.5033891589182273,9,0.9297,HIGH
1091,OULAD_TEST_1091,0,0.1366,0.4561,0.1915,0.2499,0.1366,LOW,F1_login_count,23.8,F5_on_time_rate,14.5,F6_inactive_days,12.5,5,F1 login count (23.8%) and F5 on time rate (14.5%),1091,0.09189777634901583,0.1498336866829249,0.5697039056585842,0.04481881368873248,0,0.1274,LOW
1092,OULAD_TEST_1092,0,0.1458,0.4389,0.2155,0.1467,0.1458,LOW,F1_login_count,19.2,F6_inactive_days,10.8,F5_on_time_rate,10.0,6,F1 login count (19.2%) and F6 inactive days (10.8%),1092,0.174822954363698,0.14527547170363217,0.8425000367762804,0.11052050843624121,1,0.1176,LOW
1093,OULAD_TEST_1093,0,0.4866,0.8414,0.8459,0.8773,0.4866,MEDIUM,F1_login_count,15.2,F5_on_time_rate,13.0,F4_num_submitted,11.4,11,F1 login count (15.2%) and F5 on time rate (13.0%),1093,0.34581458858072994,0.3864802176583969,0.4983914186386117,0.3252619030658268,6,0.6795,MEDIUM
1094,OULAD_TEST_1094,0,0.1065,0.3371,0.1955,0.0807,0.1065,LOW,F1_login_count,16.0,F6_inactive_days,13.7,F4_num_submitted,13.3,1,F1 login count (16.0%) and F6 inactive days (13.7%),1094,0.14781400772155792,0.12012988922151642,0.8112155884171979,0.10232254259062476,1,0.0971,LOW
1095,OULAD_TEST_1095,1,0.545,0.5382,0.3957,0.4716,0.545,MEDIUM,F1_login_count,25.8,F5_on_time_rate,15.0,F4_num_submitted,10.8,6,F1 login count (25.8%) and F5 on time rate (15.0%),1095,0.37342834198914177,0.4533513855920195,0.3334555297558318,0.31039976615803466,6,0.6455,MEDIUM
1096,OULAD_TEST_1096,1,0.6111,0.5731,0.4927,0.6035,0.6111,MEDIUM,F1_login_count,25.8,F5_on_time_rate,13.2,F4_num_submitted,11.0,6,F1 login count (25.8%) and F5 on time rate (13.2%),1096,0.435633519031609,0.5560594487940628,0.13820171104965803,0.3213691918643604,7,0.7366,HIGH
1097,OULAD_TEST_1097,0,0.3271,0.5582,0.3451,0.1938,0.3271,LOW,F1_login_count,21.5,F6_inactive_days,10.8,F4_num_submitted,10.3,9,F1 login count (21.5%) and F6 inactive days (10.8%),1097,0.029149931546789215,0.2382804379905617,0.7336117382489511,0.5751925539653158,5,0.2454,LOW
1098,OULAD_TEST_1098,0,0.1683,0.2825,0.0785,0.0485,0.1683,LOW,F1_login_count,16.4,F6_inactive_days,15.1,F4_num_submitted,14.5,1,F1 login count (16.4%) and F6 inactive days (15.1%),1098,0.20944276747024815,0.1284494820496367,0.6592502491994132,0.20979447275188784,4,0.1682,LOW
1099,OULAD_TEST_1099,1,0.9849,0.8105,0.7558,0.7754,0.9849,HIGH,F1_login_count,26.1,F5_on_time_rate,13.7,F13_weeks_since_active,11.5,5,F1 login count (26.1%) and F5 on time rate (13.7%),1099,0.7240788475897992,0.7579683765958388,0.0,0.6405176971143147,9,0.9171,HIGH
1100,OULAD_TEST_1100,0,0.1705,0.4896,0.4201,0.127,0.1705,LOW,F1_login_count,18.3,F6_inactive_days,14.6,F4_num_submitted,12.7,11,F1 login count (18.3%) and F6 inactive days (14.6%),1100,0.21915101098596523,0.14212439119950113,0.7052801574483115,0.07431498021523272,0,0.1183,LOW
1101,OULAD_TEST_1101,0,0.1145,0.3284,0.3211,0.1289,0.1145,LOW,F4_num_submitted,14.8,F6_inactive_days,14.4,F1_login_count,13.7,1,F4 num submitted (14.8%) and F6 inactive days (14.4%),1101,0.0,0.0324449309096924,0.8251120788003298,0.01455374076673481,2,0.088,LOW
1102,OULAD_TEST_1102,0,0.4485,0.501,0.4919,0.4863,0.4485,MEDIUM,F1_login_count,23.9,F5_on_time_rate,15.6,F6_inactive_days,8.9,5,F1 login count (23.9%) and F5 on time rate (15.6%),1102,0.5227874704780728,0.2921012839870405,0.43889494439145343,0.2534039287527653,5,0.5761,MEDIUM
1103,OULAD_TEST_1103,1,0.9995,0.3871,0.69,0.8576,0.9995,HIGH,F1_login_count,19.4,F4_num_submitted,16.0,F6_inactive_days,15.7,15,F1 login count (19.4%) and F4 num submitted (16.0%),1103,0.6856910371844827,0.8702678918284311,0.1282575167939374,0.634839461230402,11,0.9197,HIGH
1104,OULAD_TEST_1104,0,0.2207,0.3969,0.3936,0.4415,0.2207,LOW,F6_inactive_days,15.3,F1_login_count,15.0,F4_num_submitted,14.6,13,F6 inactive days (15.3%) and F1 login count (15.0%),1104,0.26530828167375164,0.20461418206861284,0.7317399938516869,0.0,5,0.2883,LOW
1105,OULAD_TEST_1105,0,0.0549,0.4287,0.3389,0.1535,0.0549,LOW,F1_login_count,13.2,F6_inactive_days,11.7,F4_num_submitted,11.5,2,F1 login count (13.2%) and F6 inactive days (11.7%),1105,0.0,0.1092948987958858,0.6484418812597943,0.0,0,0.0811,LOW
1106,OULAD_TEST_1106,0,0.025,0.2372,0.1382,0.0654,0.025,LOW,F1_login_count,19.0,F6_inactive_days,12.7,F4_num_submitted,12.5,9,F1 login count (19.0%) and F6 inactive days (12.7%),1106,0.07877739050625697,0.0,0.7126209894340524,0.0,0,0.0629,LOW
1107,OULAD_TEST_1107,0,0.9828,0.4229,0.4634,0.6343,0.9828,HIGH,F1_login_count,27.0,F5_on_time_rate,13.4,F6_inactive_days,10.9,14,F1 login count (27.0%) and F5 on time rate (13.4%),1107,0.5826184436826344,0.8680242277469404,0.10951371632797674,0.6145367324134282,8,0.8892,HIGH
1108,OULAD_TEST_1108,0,0.4034,0.536,0.4575,0.3644,0.4034,MEDIUM,F1_login_count,18.5,F5_on_time_rate,15.0,F6_inactive_days,12.6,8,F1 login count (18.5%) and F5 on time rate (15.0%),1108,0.22000310393041944,0.38695380578189303,0.20601874361895622,0.2133272223417778,7,0.4583,MEDIUM
1109,OULAD_TEST_1109,1,0.9731,0.3915,0.5623,0.528,0.9731,HIGH,F1_login_count,19.7,F4_num_submitted,13.8,F6_inactive_days,13.2,17,F1 login count (19.7%) and F4 num submitted (13.8%),1109,0.8725731353866786,0.8627169046265275,0.006574430683501151,0.761234547131938,9,0.9186,HIGH
1110,OULAD_TEST_1110,1,0.6882,0.3484,0.592,0.5086,0.6882,MEDIUM,F1_login_count,20.0,F6_inactive_days,13.0,F4_num_submitted,12.0,14,F1 login count (20.0%) and F6 inactive days (13.0%),1110,0.4626717599236653,0.5189177053758286,0.10635687983753281,0.23503238556050776,6,0.7405,HIGH
1111,OULAD_TEST_1111,1,0.6945,0.5305,0.4493,0.765,0.6945,MEDIUM,F1_login_count,23.3,F5_on_time_rate,17.2,F2_vle_clicks,9.3,11,F1 login count (23.3%) and F5 on time rate (17.2%),1111,0.5078932873179722,0.6022740785816951,0.19674461985664754,0.3265385436475956,6,0.7773,HIGH
1112,OULAD_TEST_1112,1,0.5596,0.5649,0.4852,0.5116,0.5596,MEDIUM,F1_login_count,20.6,F5_on_time_rate,13.2,F6_inactive_days,12.9,9,F1 login count (20.6%) and F5 on time rate (13.2%),1112,0.4787267730688754,0.5047912236843729,0.3224379910970796,0.5181710089189322,4,0.7109,HIGH
1113,OULAD_TEST_1113,0,0.5377,0.4258,0.2644,0.3686,0.5377,MEDIUM,F1_login_count,27.3,F5_on_time_rate,13.2,F6_inactive_days,9.8,7,F1 login count (27.3%) and F5 on time rate (13.2%),1113,0.42595818879726044,0.4576192773526353,0.3340155622092493,0.3383543189610176,4,0.6058,MEDIUM
1114,OULAD_TEST_1114,1,0.3043,0.6685,0.4962,0.4816,0.3043,LOW,F1_login_count,18.3,F6_inactive_days,13.7,F5_on_time_rate,13.4,8,F1 login count (18.3%) and F6 inactive days (13.7%),1114,0.22805189051435765,0.09173678733031324,0.5013338747887393,0.288761109936139,2,0.2832,LOW
1115,OULAD_TEST_1115,0,0.037,0.2476,0.1301,0.0643,0.037,LOW,F1_login_count,15.4,F4_num_submitted,14.6,F6_inactive_days,14.4,2,F1 login count (15.4%) and F4 num submitted (14.6%),1115,0.06239610024662254,0.0442891699178784,0.6606856350371185,0.2683496331923356,0,0.0745,LOW
1116,OULAD_TEST_1116,0,0.1891,0.5894,0.455,0.4496,0.1891,LOW,F1_login_count,18.1,F6_inactive_days,16.1,F4_num_submitted,15.7,9,F1 login count (18.1%) and F6 inactive days (16.1%),1116,0.37271155852382754,0.33773748315177937,0.8779111266818685,0.03020346985178128,0,0.192,LOW
1117,OULAD_TEST_1117,0,0.6669,0.7181,0.8553,0.7403,0.6669,MEDIUM,F1_login_count,21.1,F5_on_time_rate,13.9,F13_weeks_since_active,12.2,16,F1 login count (21.1%) and F5 on time rate (13.9%),1117,0.46106812029664146,0.5380618584994414,0.4532262004161351,0.38822227946495613,9,0.7795,HIGH
1118,OULAD_TEST_1118,1,0.2787,0.4027,0.4691,0.3992,0.2787,LOW,F1_login_count,19.1,F13_weeks_since_active,15.6,F5_on_time_rate,12.7,7,F1 login count (19.1%) and F13 weeks since active (15.6%),1118,0.21519990467149674,0.1786488321715743,0.46083341797437183,0.13452877188829543,3,0.2766,LOW
1119,OULAD_TEST_1119,1,0.4743,0.6555,0.5331,0.3592,0.4743,MEDIUM,F1_login_count,19.5,F6_inactive_days,15.1,F4_num_submitted,14.9,8,F1 login count (19.5%) and F6 inactive days (15.1%),1119,0.4370754396007612,0.43302288477691186,0.5787716751303568,0.05002883946200695,6,0.5328,MEDIUM
1120,OULAD_TEST_1120,0,0.1882,0.3998,0.4034,0.1647,0.1882,LOW,F1_login_count,14.3,F4_num_submitted,13.8,F6_inactive_days,13.5,7,F1 login count (14.3%) and F4 num submitted (13.8%),1120,0.2422925932957984,0.18496025683732575,0.6094934509527147,0.07567238354928371,3,0.1876,LOW
1121,OULAD_TEST_1121,0,0.2829,0.4505,0.5219,0.3296,0.2829,LOW,F1_login_count,19.4,F6_inactive_days,13.9,F4_num_submitted,12.7,11,F1 login count (19.4%) and F6 inactive days (13.9%),1121,0.316733030556038,0.3358838132333131,0.5865987473331711,0.2754674624856798,5,0.363,LOW
1122,OULAD_TEST_1122,1,0.5268,0.6262,0.489,0.6094,0.5268,MEDIUM,F1_login_count,20.9,F4_num_submitted,14.3,F6_inactive_days,14.3,13,F1 login count (20.9%) and F4 num submitted (14.3%),1122,0.4326330222029185,0.34715054752728897,0.37223260401030844,0.38095074501746895,2,0.6259,MEDIUM
1123,OULAD_TEST_1123,1,0.3439,0.5372,0.5752,0.4925,0.3439,LOW,F1_login_count,20.4,F5_on_time_rate,11.7,F6_inactive_days,11.6,6,F1 login count (20.4%) and F5 on time rate (11.7%),1123,0.1264295087269516,0.3508254202059994,0.4589051358746034,0.2806299803265612,1,0.2955,LOW
1124,OULAD_TEST_1124,0,0.1999,0.3945,0.2027,0.2563,0.1999,LOW,F1_login_count,24.0,F6_inactive_days,14.1,F4_num_submitted,13.6,5,F1 login count (24.0%) and F6 inactive days (14.1%),1124,0.3032731532301096,0.21714876490011706,0.7384652343606147,0.07487892232326004,0,0.1573,LOW
1125,OULAD_TEST_1125,0,0.6917,0.9016,0.8285,0.7805,0.6917,MEDIUM,F1_login_count,13.3,F13_weeks_since_active,11.9,F5_on_time_rate,11.4,5,F1 login count (13.3%) and F13 weeks since active (11.9%),1125,0.36955546069813117,0.5765732770447562,0.2592286530576658,0.33628833167932304,6,0.7775,HIGH
1126,OULAD_TEST_1126,0,0.0497,0.2602,0.1582,0.0972,0.0497,LOW,F1_login_count,20.0,F6_inactive_days,13.5,F5_on_time_rate,12.8,2,F1 login count (20.0%) and F6 inactive days (13.5%),1126,0.06505354652390333,0.0693399854337352,0.7125848576780759,0.18213068062783444,0,0.0757,LOW
1127,OULAD_TEST_1127,0,0.1752,0.5713,0.3329,0.3398,0.1752,LOW,F1_login_count,14.4,F6_inactive_days,11.7,F13_weeks_since_active,11.2,5,F1 login count (14.4%) and F6 inactive days (11.7%),1127,0.04721241499806418,0.23127659852786858,0.5293810556199527,0.04544194243707965,1,0.1753,LOW
1128,OULAD_TEST_1128,0,0.0583,0.3521,0.1654,0.0788,0.0583,LOW,F6_inactive_days,13.3,F1_login_count,13.1,F4_num_submitted,12.9,1,F6 inactive days (13.3%) and F1 login count (13.1%),1128,0.034396165340700745,0.11934023040227601,0.664000498628088,0.07026984465518568,0,0.0788,LOW
1129,OULAD_TEST_1129,0,0.172,0.6195,0.6291,0.4688,0.172,LOW,F1_login_count,20.0,F5_on_time_rate,12.5,F6_inactive_days,12.0,8,F1 login count (20.0%) and F5 on time rate (12.5%),1129,0.15327624103034804,0.054758455034101705,0.4982619884397904,0.1228001616813046,1,0.184,LOW
1130,OULAD_TEST_1130,1,0.759,0.7855,0.7804,0.682,0.759,HIGH,F1_login_count,15.6,F6_inactive_days,15.3,F4_num_submitted,14.9,13,F1 login count (15.6%) and F6 inactive days (15.3%),1130,0.5634357215450273,0.7107626549404388,0.19402235484151695,0.6308060419508541,6,0.8512,HIGH
1131,OULAD_TEST_1131,0,0.1251,0.466,0.3402,0.1674,0.1251,LOW,F1_login_count,20.1,F6_inactive_days,15.3,F4_num_submitted,14.0,11,F1 login count (20.1%) and F6 inactive days (15.3%),1131,0.12976207542352847,0.10115991159739851,0.5802534407715605,0.19162948292068316,0,0.1152,LOW
1132,OULAD_TEST_1132,0,0.036,0.1645,0.1492,0.0981,0.036,LOW,F4_num_submitted,15.1,F6_inactive_days,13.9,F1_login_count,12.7,1,F4 num submitted (15.1%) and F6 inactive days (13.9%),1132,0.18657112690586472,0.03642992784124123,0.7446439487481459,0.0,0,0.0712,LOW
1133,OULAD_TEST_1133,0,0.5861,0.3551,0.5067,0.3838,0.5861,MEDIUM,F1_login_count,21.9,F5_on_time_rate,11.7,F6_inactive_days,10.6,17,F1 login count (21.9%) and F5 on time rate (11.7%),1133,0.45562343015139795,0.5040407592801355,0.4681301853610372,0.20915361998699517,5,0.6499,MEDIUM
1134,OULAD_TEST_1134,0,0.0421,0.413,0.1579,0.0935,0.0421,LOW,F6_inactive_days,17.6,F4_num_submitted,16.7,F1_login_count,12.0,1,F6 inactive days (17.6%) and F4 num submitted (16.7%),1134,0.005054336470935127,0.0237655608961392,0.8862499572921586,0.0947291781682961,0,0.062,LOW
1135,OULAD_TEST_1135,1,0.9829,0.5627,0.6303,0.6819,0.9829,HIGH,F1_login_count,25.1,F5_on_time_rate,15.3,F6_inactive_days,8.8,17,F1 login count (25.1%) and F5 on time rate (15.3%),1135,0.7844387168288356,0.9308015997685652,0.010452310589738223,0.5820194823145,8,0.9159,HIGH
1136,OULAD_TEST_1136,1,0.2609,0.5214,0.4263,0.3301,0.2609,LOW,F1_login_count,19.8,F5_on_time_rate,15.4,F13_weeks_since_active,14.9,5,F1 login count (19.8%) and F5 on time rate (15.4%),1136,0.30157704889246406,0.21506756321206305,0.5825715273856851,0.10191938592554835,1,0.2268,LOW
1137,OULAD_TEST_1137,0,0.1417,0.3725,0.2788,0.289,0.1417,LOW,F1_login_count,25.1,F6_inactive_days,13.4,F4_num_submitted,12.3,7,F1 login count (25.1%) and F6 inactive days (13.4%),1137,0.0,0.030881309729346496,0.8746274549421009,0.2068953460793365,0,0.0874,LOW
1138,OULAD_TEST_1138,0,0.0814,0.2297,0.2821,0.1721,0.0814,LOW,F6_inactive_days,17.2,F4_num_submitted,17.1,F13_weeks_since_active,11.3,1,F6 inactive days (17.2%) and F4 num submitted (17.1%),1138,0.1167200069849858,0.03770761152242169,0.786955612035871,0.0713351258506693,0,0.0782,LOW
1139,OULAD_TEST_1139,1,0.9964,0.4154,0.4615,0.5927,0.9964,HIGH,F1_login_count,24.5,F5_on_time_rate,14.5,F6_inactive_days,11.9,17,F1 login count (24.5%) and F5 on time rate (14.5%),1139,0.7675972742310897,0.8612355773448379,0.0,0.6041348864267332,8,0.9051,HIGH
1140,OULAD_TEST_1140,1,0.9977,0.5597,0.8396,0.8612,0.9977,HIGH,F1_login_count,26.0,F5_on_time_rate,14.5,F13_weeks_since_active,11.9,15,F1 login count (26.0%) and F5 on time rate (14.5%),1140,0.6686336496640007,0.9463821827437641,0.0,0.692199436890606,8,0.9304,HIGH
1141,OULAD_TEST_1141,0,0.8117,0.701,0.8299,0.7193,0.8117,HIGH,F1_login_count,21.0,F5_on_time_rate,12.7,F6_inactive_days,12.2,11,F1 login count (21.0%) and F5 on time rate (12.7%),1141,0.7057606813311619,0.7381925747959066,0.19002732181647436,0.4420069206067722,6,0.8657,HIGH
1142,OULAD_TEST_1142,0,0.0252,0.2648,0.0895,0.0559,0.0252,LOW,F1_login_count,19.2,F13_weeks_since_active,14.0,F4_num_submitted,9.1,1,F1 login count (19.2%) and F13 weeks since active (14.0%),1142,0.002634441296747326,0.0,0.8627723772582864,0.20334227825670648,0,0.0568,LOW
1143,OULAD_TEST_1143,1,0.679,0.4138,0.6127,0.6112,0.679,MEDIUM,F1_login_count,17.4,F4_num_submitted,14.8,F6_inactive_days,14.4,17,F1 login count (17.4%) and F4 num submitted (14.8%),1143,0.4878576453471542,0.7759651933343114,0.19363484754863558,0.3128342852120391,5,0.7831,HIGH
1144,OULAD_TEST_1144,0,0.0862,0.2841,0.1383,0.1111,0.0862,LOW,F1_login_count,16.6,F6_inactive_days,13.2,F4_num_submitted,12.0,1,F1 login count (16.6%) and F6 inactive days (13.2%),1144,0.043032817571613036,0.09445202487823837,0.7601602755138033,0.13055148796105057,2,0.0993,LOW
1145,OULAD_TEST_1145,0,0.1185,0.3859,0.1753,0.2647,0.1185,LOW,F1_login_count,18.4,F6_inactive_days,14.5,F4_num_submitted,13.8,1,F1 login count (18.4%) and F6 inactive days (14.5%),1145,0.08450790475814675,0.20275625903992117,0.6688426705084971,0.24315994063918134,1,0.1395,LOW
1146,OULAD_TEST_1146,0,0.1644,0.3191,0.1564,0.1156,0.1644,LOW,F1_login_count,22.4,F5_on_time_rate,13.7,F6_inactive_days,13.5,17,F1 login count (22.4%) and F5 on time rate (13.7%),1146,0.005452491310479798,0.12760284531382166,0.6500767600800998,0.0,1,0.102,LOW
1147,OULAD_TEST_1147,1,0.8264,0.6267,0.6808,0.7588,0.8264,HIGH,F1_login_count,19.4,F4_num_submitted,13.7,F6_inactive_days,13.1,17,F1 login count (19.4%) and F4 num submitted (13.7%),1147,0.4344749117405705,0.7451087395764359,0.0,0.4546397788977061,7,0.8525,HIGH
1148,OULAD_TEST_1148,0,0.489,0.578,0.5579,0.6216,0.489,MEDIUM,F1_login_count,16.6,F5_on_time_rate,13.5,F6_inactive_days,11.9,15,F1 login count (16.6%) and F5 on time rate (13.5%),1148,0.5017505063224972,0.48280748036147236,0.3866218596283865,0.43046488714626696,5,0.6924,MEDIUM
1149,OULAD_TEST_1149,0,0.1126,0.4028,0.2206,0.0987,0.1126,LOW,F1_login_count,13.4,F13_weeks_since_active,11.2,F6_inactive_days,10.4,2,F1 login count (13.4%) and F13 weeks since active (11.2%),1149,0.0,0.19316557694034048,0.8068569302408054,0.20642934572772298,2,0.1094,LOW
1150,OULAD_TEST_1150,0,0.3959,0.542,0.3739,0.3571,0.3959,LOW,F1_login_count,25.6,F5_on_time_rate,13.8,F6_inactive_days,10.7,6,F1 login count (25.6%) and F5 on time rate (13.8%),1150,0.17799076505436928,0.42110446443025795,0.4201397444433443,0.21696052795341125,4,0.4017,MEDIUM
1151,OULAD_TEST_1151,0,0.1264,0.5005,0.1592,0.2167,0.1264,LOW,F1_login_count,23.3,F6_inactive_days,12.1,F5_on_time_rate,11.3,5,F1 login count (23.3%) and F6 inactive days (12.1%),1151,0.0,0.17721576000583822,0.7041326368215316,0.0,3,0.1488,LOW
1152,OULAD_TEST_1152,1,0.5295,0.3614,0.6142,0.5798,0.5295,MEDIUM,F1_login_count,20.6,F6_inactive_days,14.5,F4_num_submitted,13.7,15,F1 login count (20.6%) and F6 inactive days (14.5%),1152,0.30675382523104977,0.42486806150447126,0.30080492933080805,0.43241229867969144,5,0.6738,MEDIUM
1153,OULAD_TEST_1153,0,0.5194,0.5262,0.4731,0.488,0.5194,MEDIUM,F1_login_count,21.3,F5_on_time_rate,14.6,F4_num_submitted,12.1,12,F1 login count (21.3%) and F5 on time rate (14.6%),1153,0.23127102065925012,0.395750316643515,0.42052416762927736,0.45366589230979254,6,0.623,MEDIUM
1154,OULAD_TEST_1154,0,0.349,0.4721,0.6489,0.8725,0.349,LOW,F1_login_count,19.3,F6_inactive_days,12.0,F4_num_submitted,11.5,11,F1 login count (19.3%) and F6 inactive days (12.0%),1154,0.4085015160136369,0.32325860082593577,0.4991476802463827,0.06964039817851261,3,0.4204,MEDIUM
1155,OULAD_TEST_1155,1,0.7811,0.7055,0.6308,0.6513,0.7811,HIGH,F1_login_count,19.7,F6_inactive_days,12.7,F4_num_submitted,12.3,7,F1 login count (19.7%) and F6 inactive days (12.7%),1155,0.6477517089342634,0.7385852457872855,0.08119584593179931,0.32419036212403435,8,0.8412,HIGH
1156,OULAD_TEST_1156,0,0.4194,0.5269,0.4949,0.3586,0.4194,MEDIUM,F1_login_count,22.0,F5_on_time_rate,13.5,F13_weeks_since_active,10.7,6,F1 login count (22.0%) and F5 on time rate (13.5%),1156,0.22476496548222757,0.33867234393787143,0.5977351467665128,0.27867080183803195,2,0.3231,LOW
1157,OULAD_TEST_1157,0,0.0931,0.3118,0.3708,0.2897,0.0931,LOW,F1_login_count,14.3,F6_inactive_days,14.2,F4_num_submitted,13.6,1,F1 login count (14.3%) and F6 inactive days (14.2%),1157,0.2904135805344309,0.16434875725715092,0.8184132013532216,0.13138327601146704,0,0.1197,LOW
1158,OULAD_TEST_1158,0,0.4217,0.8072,0.7104,0.5453,0.4217,MEDIUM,F4_num_submitted,15.4,F6_inactive_days,14.4,F5_on_time_rate,13.7,5,F4 num submitted (15.4%) and F6 inactive days (14.4%),1158,0.39336654869915944,0.47465433963889436,0.4021493236071826,0.21713170977239343,4,0.5704,MEDIUM
1159,OULAD_TEST_1159,1,0.8101,0.628,0.8218,0.734,0.8101,HIGH,F1_login_count,18.6,F4_num_submitted,14.3,F6_inactive_days,13.6,17,F1 login count (18.6%) and F4 num submitted (14.3%),1159,0.5345868616491377,0.6152793264741264,0.2016988309417777,0.5675752583978819,8,0.8554,HIGH
1160,OULAD_TEST_1160,1,0.9978,0.5367,0.5753,0.8379,0.9978,HIGH,F1_login_count,28.5,F5_on_time_rate,14.3,F6_inactive_days,11.0,13,F1 login count (28.5%) and F5 on time rate (14.3%),1160,0.44851942851264265,0.7811763436962976,0.05550120028203806,0.5134636071795141,10,0.8903,HIGH
1161,OULAD_TEST_1161,0,0.3404,0.5711,0.5379,0.3877,0.3404,LOW,F1_login_count,23.8,F5_on_time_rate,14.8,F6_inactive_days,9.6,7,F1 login count (23.8%) and F5 on time rate (14.8%),1161,0.4673742572590741,0.2781099952875731,0.5919101235011176,0.0,5,0.3862,LOW
1162,OULAD_TEST_1162,0,0.222,0.45,0.5026,0.4394,0.222,LOW,F6_inactive_days,13.7,F4_num_submitted,13.7,F13_weeks_since_active,13.5,10,F6 inactive days (13.7%) and F4 num submitted (13.7%),1162,0.01644275332364037,0.21330901345513573,0.45297441040049224,0.08233187132008846,0,0.1729,LOW
1163,OULAD_TEST_1163,0,0.0576,0.2976,0.1286,0.0962,0.0576,LOW,F1_login_count,19.9,F6_inactive_days,12.1,F4_num_submitted,11.7,8,F1 login count (19.9%) and F6 inactive days (12.1%),1163,0.0,0.00699463889863592,0.8545806541032628,0.04214785758157214,0,0.0612,LOW
1164,OULAD_TEST_1164,0,0.1379,0.3373,0.1389,0.2267,0.1379,LOW,F1_login_count,22.6,F6_inactive_days,14.9,F4_num_submitted,14.1,1,F1 login count (22.6%) and F6 inactive days (14.9%),1164,0.19878704320096402,0.22539121430937153,0.632710103707427,0.04963920481242521,1,0.1491,LOW
1165,OULAD_TEST_1165,0,0.0704,0.3794,0.1915,0.1188,0.0704,LOW,F1_login_count,17.3,F4_num_submitted,14.0,F6_inactive_days,13.8,1,F1 login count (17.3%) and F4 num submitted (14.0%),1165,0.29325524063392727,0.0937653489214761,0.7078972066558733,0.0,0,0.1024,LOW
1166,OULAD_TEST_1166,0,0.0945,0.2906,0.2026,0.0859,0.0945,LOW,F1_login_count,18.8,F4_num_submitted,14.3,F6_inactive_days,13.8,1,F1 login count (18.8%) and F4 num submitted (14.3%),1166,0.20457728185105184,0.08348076385925915,0.98818817522602,0.0,6,0.1425,LOW
1167,OULAD_TEST_1167,1,0.7135,0.4798,0.4839,0.4975,0.7135,HIGH,F1_login_count,20.2,F6_inactive_days,12.9,F4_num_submitted,12.4,17,F1 login count (20.2%) and F6 inactive days (12.9%),1167,0.555840912005236,0.4916022380905178,0.2593873380721012,0.36640934347585224,7,0.7576,HIGH
1168,OULAD_TEST_1168,0,0.2056,0.4325,0.5549,0.2134,0.2056,LOW,F1_login_count,22.1,F5_on_time_rate,12.0,F6_inactive_days,11.6,9,F1 login count (22.1%) and F5 on time rate (12.0%),1168,0.20339543416652858,0.06949473468579943,0.5968877524552825,0.23107869259796923,1,0.1512,LOW
1169,OULAD_TEST_1169,1,0.8829,0.3437,0.4999,0.5265,0.8829,HIGH,F1_login_count,21.3,F6_inactive_days,13.3,F4_num_submitted,12.8,17,F1 login count (21.3%) and F6 inactive days (13.3%),1169,0.7033715558780307,0.7729457400225446,0.0,0.6804836927296418,8,0.884,HIGH
1170,OULAD_TEST_1170,0,0.1988,0.445,0.2728,0.3206,0.1988,LOW,F1_login_count,18.7,F6_inactive_days,13.1,F4_num_submitted,12.7,4,F1 login count (18.7%) and F6 inactive days (13.1%),1170,0.21505285897867654,0.0,0.7799364133946356,0.26180560609661463,1,0.1479,LOW
1171,OULAD_TEST_1171,0,0.2622,0.2713,0.3969,0.3772,0.2622,LOW,F1_login_count,21.9,F6_inactive_days,14.0,F5_on_time_rate,13.2,15,F1 login count (21.9%) and F6 inactive days (14.0%),1171,0.21165914239693756,0.30388099277152575,0.45571903291913973,0.05941085578217363,2,0.2379,LOW
1172,OULAD_TEST_1172,0,0.3946,0.4737,0.2546,0.1859,0.3946,LOW,F1_login_count,25.2,F5_on_time_rate,16.0,F6_inactive_days,9.6,6,F1 login count (25.2%) and F5 on time rate (16.0%),1172,0.28664011039518755,0.32275769245021435,0.38397610965004964,0.09831524116435633,4,0.348,LOW
1173,OULAD_TEST_1173,0,0.5668,0.3587,0.6167,0.4193,0.5668,MEDIUM,F1_login_count,21.6,F5_on_time_rate,11.7,F6_inactive_days,11.3,17,F1 login count (21.6%) and F5 on time rate (11.7%),1173,0.3905006872100477,0.7412274375675787,0.3134247700912151,0.3996761537975874,4,0.7153,HIGH
1174,OULAD_TEST_1174,0,0.6179,0.5665,0.6997,0.7666,0.6179,MEDIUM,F1_login_count,18.0,F6_inactive_days,13.6,F4_num_submitted,13.2,9,F1 login count (18.0%) and F6 inactive days (13.6%),1174,0.35713354111333234,0.7098483000492888,0.4473211791700292,0.44695200139175106,5,0.7582,HIGH
1175,OULAD_TEST_1175,0,0.4155,0.4713,0.3973,0.3788,0.4155,MEDIUM,F1_login_count,17.8,F13_weeks_since_active,16.4,F5_on_time_rate,14.3,5,F1 login count (17.8%) and F13 weeks since active (16.4%),1175,0.2627824923133225,0.3386590744601986,0.5449239986665759,0.29732035262405965,6,0.4501,MEDIUM
1176,OULAD_TEST_1176,1,0.9966,0.7084,0.922,0.9743,0.9966,HIGH,F1_login_count,22.8,F6_inactive_days,12.5,F4_num_submitted,12.4,6,F1 login count (22.8%) and F6 inactive days (12.5%),1176,0.5283243185804615,0.8386030397974948,0.0,0.35627240709146846,12,0.9126,HIGH
1177,OULAD_TEST_1177,0,0.023,0.2798,0.1427,0.1543,0.023,LOW,F6_inactive_days,17.2,F1_login_count,17.1,F4_num_submitted,16.1,1,F6 inactive days (17.2%) and F1 login count (17.1%),1177,0.00626603732052501,0.09919652112016238,0.8124292063638822,0.0,0,0.0669,LOW
1178,OULAD_TEST_1178,0,0.0261,0.2432,0.1367,0.0763,0.0261,LOW,F6_inactive_days,14.2,F4_num_submitted,14.0,F1_login_count,12.7,1,F6 inactive days (14.2%) and F4 num submitted (14.0%),1178,0.0,0.15843880879344305,0.7190814307128894,0.012097345165682588,0,0.066,LOW
1179,OULAD_TEST_1179,1,0.4645,0.3766,0.2415,0.1277,0.4645,MEDIUM,F1_login_count,22.8,F13_weeks_since_active,11.9,F5_on_time_rate,11.7,8,F1 login count (22.8%) and F13 weeks since active (11.9%),1179,0.2147910682784229,0.2637826754051187,0.4423653689565351,0.33716618335565124,5,0.3303,LOW
1180,OULAD_TEST_1180,0,0.4948,0.5636,0.5172,0.5809,0.4948,MEDIUM,F1_login_count,24.9,F5_on_time_rate,16.3,F6_inactive_days,11.4,8,F1 login count (24.9%) and F5 on time rate (16.3%),1180,0.36434941511534785,0.2776699627716251,0.4114936744778137,0.3889568835122984,7,0.6278,MEDIUM
1181,OULAD_TEST_1181,0,0.0859,0.3853,0.2403,0.1192,0.0859,LOW,F4_num_submitted,14.0,F6_inactive_days,12.8,F13_weeks_since_active,11.8,1,F4 num submitted (14.0%) and F6 inactive days (12.8%),1181,0.19933022863445993,0.023252215555649484,0.8281569895681353,0.06885042267384481,2,0.1077,LOW
1182,OULAD_TEST_1182,0,0.2387,0.6327,0.374,0.3795,0.2387,LOW,F1_login_count,21.1,F5_on_time_rate,17.3,F6_inactive_days,11.2,9,F1 login count (21.1%) and F5 on time rate (17.3%),1182,0.2589216606002313,0.24951400665390916,0.705757812243895,0.1829140567845883,3,0.2712,LOW
1183,OULAD_TEST_1183,0,0.089,0.4307,0.3325,0.1444,0.089,LOW,F1_login_count,14.4,F6_inactive_days,12.1,F4_num_submitted,11.2,7,F1 login count (14.4%) and F6 inactive days (12.1%),1183,0.0,0.11539988724060776,0.7781977382205646,0.0635838550033325,3,0.1134,LOW
1184,OULAD_TEST_1184,1,0.3782,0.3226,0.4526,0.3344,0.3782,LOW,F1_login_count,22.4,F5_on_time_rate,12.8,F6_inactive_days,12.7,12,F1 login count (22.4%) and F5 on time rate (12.8%),1184,0.16577718634296623,0.40705171639870796,0.46120524424538983,0.30919432490621795,3,0.3219,LOW
1185,OULAD_TEST_1185,1,0.9617,0.7314,0.9017,0.98,0.9617,HIGH,F1_login_count,20.3,F4_num_submitted,15.1,F6_inactive_days,14.1,12,F1 login count (20.3%) and F4 num submitted (15.1%),1185,0.7672671187988216,0.7214691977307753,0.10482222943901266,0.6145638781789093,10,0.9237,HIGH
1186,OULAD_TEST_1186,0,0.0829,0.4013,0.1516,0.0923,0.0829,LOW,F4_num_submitted,12.6,F13_weeks_since_active,12.3,F6_inactive_days,11.5,7,F4 num submitted (12.6%) and F13 weeks since active (12.3%),1186,0.0,0.0,0.7244831533796955,0.05762851920567448,0,0.072,LOW
1187,OULAD_TEST_1187,1,0.5103,0.3862,0.3424,0.4448,0.5103,MEDIUM,F1_login_count,18.4,F6_inactive_days,15.3,F4_num_submitted,14.5,17,F1 login count (18.4%) and F6 inactive days (15.3%),1187,0.33474668500029753,0.5023961356241716,0.2835685631286867,0.2739757441035143,5,0.6066,MEDIUM
1188,OULAD_TEST_1188,0,0.2521,0.3465,0.5669,0.3214,0.2521,LOW,F1_login_count,16.8,F5_on_time_rate,13.5,F13_weeks_since_active,12.1,17,F1 login count (16.8%) and F5 on time rate (13.5%),1188,0.23147520990245518,0.1480292981627812,0.5579912208089062,0.1610149710050977,4,0.2514,LOW
1189,OULAD_TEST_1189,1,0.997,0.7167,0.8105,0.7348,0.997,HIGH,F1_login_count,26.4,F5_on_time_rate,14.3,F13_weeks_since_active,12.1,8,F1 login count (26.4%) and F5 on time rate (14.3%),1189,0.6010655545136364,0.6859709708489089,0.010852698378432456,0.6563509654607129,9,0.9082,HIGH
1190,OULAD_TEST_1190,1,0.9876,0.6897,0.6677,0.7242,0.9876,HIGH,F1_login_count,22.6,F5_on_time_rate,15.3,F6_inactive_days,9.4,7,F1 login count (22.6%) and F5 on time rate (15.3%),1190,0.7018575506145959,0.8510650996767505,0.10094157836647451,0.6246570466677673,8,0.9096,HIGH
1191,OULAD_TEST_1191,1,0.5271,0.5985,0.6395,0.6339,0.5271,MEDIUM,F1_login_count,15.7,F4_num_submitted,14.9,F6_inactive_days,14.8,14,F1 login count (15.7%) and F4 num submitted (14.9%),1191,0.2355674505081795,0.5114890550574942,0.3599671827842847,0.3619591702014304,5,0.6628,MEDIUM
1192,OULAD_TEST_1192,0,0.264,0.5331,0.3666,0.364,0.264,LOW,F1_login_count,26.3,F5_on_time_rate,15.6,F6_inactive_days,10.0,8,F1 login count (26.3%) and F5 on time rate (15.6%),1192,0.12466323560487863,0.21463542943029784,0.46788012887603936,0.31952662336214227,2,0.2536,LOW
1193,OULAD_TEST_1193,1,0.6308,0.7704,0.7681,0.7188,0.6308,MEDIUM,F1_login_count,26.4,F5_on_time_rate,12.6,F6_inactive_days,9.7,11,F1 login count (26.4%) and F5 on time rate (12.6%),1193,0.4735381934142537,0.49955212910540087,0.30103416832968194,0.41029967072959045,7,0.7685,HIGH
1194,OULAD_TEST_1194,1,0.6077,0.6252,0.8297,0.6316,0.6077,MEDIUM,F1_login_count,20.2,F6_inactive_days,12.4,F4_num_submitted,11.2,11,F1 login count (20.2%) and F6 inactive days (12.4%),1194,0.26609062664683303,0.5037960214283275,0.32518560400565527,0.28674017754322106,5,0.7011,HIGH
1195,OULAD_TEST_1195,0,0.0783,0.4225,0.1984,0.2377,0.0783,LOW,F1_login_count,17.8,F6_inactive_days,11.0,F4_num_submitted,11.0,6,F1 login count (17.8%) and F6 inactive days (11.0%),1195,0.0988574737960399,0.036908379007937364,0.7559437628902753,0.15301281431930025,3,0.1361,LOW
1196,OULAD_TEST_1196,1,0.4243,0.4701,0.3708,0.3064,0.4243,MEDIUM,F1_login_count,25.1,F5_on_time_rate,12.5,F4_num_submitted,10.5,6,F1 login count (25.1%) and F5 on time rate (12.5%),1196,0.2950462201073319,0.25281123104478664,0.552547151595443,0.09063619947972987,2,0.3046,LOW
1197,OULAD_TEST_1197,0,0.0646,0.4227,0.2808,0.1726,0.0646,LOW,F1_login_count,19.9,F5_on_time_rate,13.3,F6_inactive_days,11.9,6,F1 login count (19.9%) and F5 on time rate (13.3%),1197,0.10046899544171478,0.0,0.8502123240089899,0.0,2,0.0963,LOW
1198,OULAD_TEST_1198,1,0.7207,0.3171,0.4089,0.494,0.7207,HIGH,F1_login_count,21.8,F4_num_submitted,12.7,F5_on_time_rate,12.3,15,F1 login count (21.8%) and F4 num submitted (12.7%),1198,0.5268814134064661,0.6542973924011052,0.16401891276183334,0.4727216717664083,6,0.7863,HIGH
1199,OULAD_TEST_1199,0,0.5052,0.3418,0.2123,0.3287,0.5052,MEDIUM,F1_login_count,23.3,F5_on_time_rate,12.2,F4_num_submitted,12.1,9,F1 login count (23.3%) and F5 on time rate (12.2%),1199,0.4900540429973844,0.45515428331012,0.3342256541951057,0.36508760013438946,2,0.5387,MEDIUM
1200,OULAD_TEST_1200,0,0.2264,0.3132,0.0969,0.158,0.2264,LOW,F1_login_count,22.7,F6_inactive_days,14.5,F4_num_submitted,14.0,2,F1 login count (22.7%) and F6 inactive days (14.5%),1200,0.17100245026479072,0.20588478447734562,0.5148601289044528,0.0,2,0.1752,LOW
1201,OULAD_TEST_1201,1,0.9903,0.6736,0.6856,0.9574,0.9903,HIGH,F1_login_count,25.0,F4_num_submitted,12.4,F5_on_time_rate,12.3,13,F1 login count (25.0%) and F4 num submitted (12.4%),1201,0.6502694458874746,0.7621431214517296,0.07764156702804767,0.54824190228159,9,0.9108,HIGH
1202,OULAD_TEST_1202,0,0.1443,0.4854,0.6107,0.3591,0.1443,LOW,F1_login_count,18.9,F5_on_time_rate,11.9,F6_inactive_days,11.2,13,F1 login count (18.9%) and F5 on time rate (11.9%),1202,0.11323975030322839,0.10813474702914663,0.8294420108337717,0.013849940133640964,0,0.1094,LOW
1203,OULAD_TEST_1203,1,0.7552,0.5256,0.453,0.5616,0.7552,HIGH,F1_login_count,20.8,F5_on_time_rate,14.8,F6_inactive_days,12.5,11,F1 login count (20.8%) and F5 on time rate (14.8%),1203,0.5829698029036388,0.46775479628457156,0.16433180720910767,0.39471884125420836,5,0.7785,HIGH
1204,OULAD_TEST_1204,0,0.3546,0.3037,0.3382,0.2672,0.3546,LOW,F1_login_count,23.0,F5_on_time_rate,14.8,F6_inactive_days,12.2,10,F1 login count (23.0%) and F5 on time rate (14.8%),1204,0.2531060070325704,0.3156881331108312,0.4921769435275007,0.3259917331527535,3,0.304,LOW
1205,OULAD_TEST_1205,0,0.0673,0.4226,0.853,0.8269,0.0673,LOW,F1_login_count,16.8,F6_inactive_days,13.9,F4_num_submitted,12.7,15,F1 login count (16.8%) and F6 inactive days (13.9%),1205,0.051169169120388235,0.17151361662508538,0.8928382556898977,0.12516065562567033,2,0.1704,LOW
1206,OULAD_TEST_1206,1,0.3438,0.6061,0.5422,0.4856,0.3438,LOW,F1_login_count,26.8,F5_on_time_rate,15.8,F6_inactive_days,10.3,7,F1 login count (26.8%) and F5 on time rate (15.8%),1206,0.17046083121932443,0.17429942943663151,0.5755157853215007,0.2039853384175551,4,0.335,LOW
1207,OULAD_TEST_1207,0,0.0749,0.4563,0.2604,0.1858,0.0749,LOW,F1_login_count,16.2,F13_weeks_since_active,12.6,F4_num_submitted,10.4,5,F1 login count (16.2%) and F13 weeks since active (12.6%),1207,0.0,0.01679078613457957,0.7837035704801056,0.0,0,0.0749,LOW
1208,OULAD_TEST_1208,1,0.9857,0.6723,0.8644,0.8553,0.9857,HIGH,F1_login_count,21.4,F4_num_submitted,13.3,F6_inactive_days,12.7,5,F1 login count (21.4%) and F4 num submitted (13.3%),1208,0.5497294728200306,0.8641735422968103,0.0,0.4294620395735831,10,0.9086,HIGH
1209,OULAD_TEST_1209,0,0.0283,0.161,0.1061,0.1014,0.0283,LOW,F6_inactive_days,14.0,F4_num_submitted,13.6,F13_weeks_since_active,9.6,1,F6 inactive days (14.0%) and F4 num submitted (13.6%),1209,0.19476767431869393,0.12428241075419869,0.845232806927942,0.18740219265383384,0,0.077,LOW
1210,OULAD_TEST_1210,0,0.46,0.5037,0.5339,0.5639,0.46,MEDIUM,F1_login_count,15.6,F6_inactive_days,12.1,F13_weeks_since_active,11.0,13,F1 login count (15.6%) and F6 inactive days (12.1%),1210,0.1976136764608715,0.35514203069598804,0.3390863659490242,0.34705366803419024,2,0.413,MEDIUM
1211,OULAD_TEST_1211,0,0.4625,0.7921,0.5365,0.6238,0.4625,MEDIUM,F1_login_count,19.4,F6_inactive_days,12.6,F4_num_submitted,11.3,9,F1 login count (19.4%) and F6 inactive days (12.6%),1211,0.25445948022040926,0.3377449736587283,0.3165979814065042,0.19269970751122317,2,0.4006,MEDIUM
1212,OULAD_TEST_1212,1,0.9969,0.5345,0.6904,0.717,0.9969,HIGH,F1_login_count,23.3,F4_num_submitted,12.8,F5_on_time_rate,12.7,17,F1 login count (23.3%) and F4 num submitted (12.8%),1212,0.6259892734430802,0.6898511486067134,0.0,0.684491939714987,9,0.9071,HIGH
1213,OULAD_TEST_1213,0,0.2877,0.2311,0.1997,0.1472,0.2877,LOW,F1_login_count,20.9,F6_inactive_days,13.3,F4_num_submitted,12.5,17,F1 login count (20.9%) and F6 inactive days (13.3%),1213,0.2908824376944441,0.2528200503446485,0.511260727655131,0.1641931655310449,2,0.2113,LOW
1214,OULAD_TEST_1214,0,0.104,0.4959,0.1832,0.2045,0.104,LOW,F1_login_count,19.0,F6_inactive_days,12.0,F4_num_submitted,11.4,9,F1 login count (19.0%) and F6 inactive days (12.0%),1214,0.04330503217079721,0.2517660832114995,0.6946400305614961,0.02794685941651885,2,0.1407,LOW
1215,OULAD_TEST_1215,0,0.086,0.3887,0.2377,0.1563,0.086,LOW,F1_login_count,23.3,F6_inactive_days,12.9,F5_on_time_rate,12.9,7,F1 login count (23.3%) and F6 inactive days (12.9%),1215,0.18497420726737338,0.09528867695717408,0.5871018365475082,0.10382538339475228,1,0.1221,LOW
1216,OULAD_TEST_1216,0,0.5952,0.5012,0.8181,0.8049,0.5952,MEDIUM,F6_inactive_days,15.2,F4_num_submitted,14.8,F1_login_count,14.1,15,F6 inactive days (15.2%) and F4 num submitted (14.8%),1216,0.3492909375756131,0.5041376816653028,0.4197216306467673,0.26814021001047295,6,0.7231,HIGH
1217,OULAD_TEST_1217,0,0.8281,0.746,0.664,0.9452,0.8281,HIGH,F1_login_count,27.0,F5_on_time_rate,14.7,F13_weeks_since_active,9.5,13,F1 login count (27.0%) and F5 on time rate (14.7%),1217,0.6075694162223801,0.7296515848613588,0.250288629451643,0.45560921765878676,7,0.8633,HIGH
1218,OULAD_TEST_1218,0,0.5496,0.4759,0.5698,0.7738,0.5496,MEDIUM,F1_login_count,21.3,F4_num_submitted,13.5,F6_inactive_days,13.5,14,F1 login count (21.3%) and F4 num submitted (13.5%),1218,0.3011852946740242,0.4662726396841118,0.1655857525859186,0.3443353277039455,3,0.6787,MEDIUM
1219,OULAD_TEST_1219,0,0.785,0.8443,0.8813,0.8998,0.785,HIGH,F1_login_count,24.0,F5_on_time_rate,15.5,F13_weeks_since_active,8.5,14,F1 login count (24.0%) and F5 on time rate (15.5%),1219,0.7640149127773388,0.6022088502191896,0.269845780566655,0.4110658568537744,8,0.8663,HIGH
1220,OULAD_TEST_1220,0,0.2486,0.3839,0.5626,0.3363,0.2486,LOW,F13_weeks_since_active,13.9,F5_on_time_rate,13.2,F1_login_count,12.7,7,F13 weeks since active (13.9%) and F5 on time rate (13.2%),1220,0.05526015809704869,0.27717239325421644,0.5200671370178375,0.22945022523210284,3,0.2279,LOW
1221,OULAD_TEST_1221,1,0.9914,0.5202,0.7407,0.8227,0.9914,HIGH,F1_login_count,28.7,F5_on_time_rate,16.3,F2_vle_clicks,9.6,11,F1 login count (28.7%) and F5 on time rate (16.3%),1221,0.7249620710227027,0.8607509218489403,0.09257755369827865,0.8191279804413912,6,0.9256,HIGH
1222,OULAD_TEST_1222,0,0.2296,0.4182,0.529,0.4063,0.2296,LOW,F1_login_count,20.1,F6_inactive_days,15.0,F4_num_submitted,13.7,13,F1 login count (20.1%) and F6 inactive days (15.0%),1222,0.22409768809320985,0.19656906015469258,0.6094753507333585,0.047244224087142864,1,0.1989,LOW
1223,OULAD_TEST_1223,0,0.026,0.2899,0.123,0.0983,0.026,LOW,F1_login_count,19.4,F6_inactive_days,15.2,F4_num_submitted,14.1,1,F1 login count (19.4%) and F6 inactive days (15.2%),1223,0.05957990974514982,0.0,0.7820775564080998,0.0,0,0.0637,LOW
1224,OULAD_TEST_1224,0,0.578,0.752,0.8238,0.636,0.578,MEDIUM,F1_login_count,19.5,F5_on_time_rate,13.9,F4_num_submitted,11.6,5,F1 login count (19.5%) and F5 on time rate (13.9%),1224,0.38607123411222916,0.5955806345547807,0.3190902350578782,0.10659117990284855,5,0.6989,MEDIUM
1225,OULAD_TEST_1225,1,0.3974,0.5819,0.4491,0.4094,0.3974,LOW,F1_login_count,21.0,F5_on_time_rate,12.8,F13_weeks_since_active,11.9,9,F1 login count (21.0%) and F5 on time rate (12.8%),1225,0.26519793002665737,0.3909662196266488,0.6032929204233487,0.2203838230206021,2,0.3363,LOW
1226,OULAD_TEST_1226,0,0.0351,0.2418,0.0846,0.041,0.0351,LOW,F1_login_count,19.1,F6_inactive_days,12.7,F4_num_submitted,11.8,1,F1 login count (19.1%) and F6 inactive days (12.7%),1226,0.02895114719791096,0.0,0.6479611987474972,0.0,0,0.0622,LOW
1227,OULAD_TEST_1227,0,0.0347,0.2063,0.0994,0.1456,0.0347,LOW,F6_inactive_days,16.2,F4_num_submitted,15.5,F5_on_time_rate,10.8,2,F6 inactive days (16.2%) and F4 num submitted (15.5%),1227,0.009589799837151136,0.10964098829455499,0.8330240338735009,0.045763260128049675,0,0.0661,LOW
1228,OULAD_TEST_1228,1,0.8503,0.372,0.2798,0.8007,0.8503,HIGH,F1_login_count,25.2,F6_inactive_days,13.6,F4_num_submitted,13.3,12,F1 login count (25.2%) and F6 inactive days (13.6%),1228,0.6915979116794909,0.6829493329291834,0.2298930164889551,0.5260917206431321,8,0.8539,HIGH
1229,OULAD_TEST_1229,0,0.147,0.4051,0.1882,0.098,0.147,LOW,F1_login_count,24.3,F6_inactive_days,11.6,F5_on_time_rate,11.2,8,F1 login count (24.3%) and F6 inactive days (11.6%),1229,0.3239523001591351,0.06238972059911703,0.7540340080540411,0.0,0,0.1113,LOW
1230,OULAD_TEST_1230,0,0.2152,0.4659,0.3859,0.5137,0.2152,LOW,F1_login_count,28.0,F5_on_time_rate,14.8,F6_inactive_days,10.7,7,F1 login count (28.0%) and F5 on time rate (14.8%),1230,0.09489082149921663,0.12214375060157703,0.8603098914323417,0.0,1,0.1584,LOW
1231,OULAD_TEST_1231,0,0.0192,0.2893,0.1302,0.0505,0.0192,LOW,F6_inactive_days,13.4,F4_num_submitted,12.6,F7_score_change,11.1,2,F6 inactive days (13.4%) and F4 num submitted (12.6%),1231,0.0,0.0,0.7317453237275301,0.047031988841531425,0,0.0587,LOW
1232,OULAD_TEST_1232,0,0.0138,0.16,0.1057,0.0354,0.0138,LOW,F1_login_count,12.8,F13_weeks_since_active,11.9,F6_inactive_days,11.5,1,F1 login count (12.8%) and F13 weeks since active (11.9%),1232,0.0008317951648745166,0.04945339043345646,0.8846904822593531,0.02453146016639484,0,0.0497,LOW
1233,OULAD_TEST_1233,0,0.2121,0.3848,0.5863,0.4596,0.2121,LOW,F1_login_count,25.3,F5_on_time_rate,14.8,F6_inactive_days,9.7,10,F1 login count (25.3%) and F5 on time rate (14.8%),1233,0.40644093376543183,0.03379340973293199,0.6197109364658581,0.07616184019601385,2,0.2298,LOW
1234,OULAD_TEST_1234,0,0.3416,0.6091,0.4937,0.4489,0.3416,LOW,F1_login_count,14.9,F13_weeks_since_active,13.8,F4_num_submitted,12.2,9,F1 login count (14.9%) and F13 weeks since active (13.8%),1234,0.1587525432030269,0.192084493498739,0.650060607635267,0.006102769784123441,2,0.2516,LOW
1235,OULAD_TEST_1235,0,0.1828,0.3966,0.2982,0.2371,0.1828,LOW,F1_login_count,23.7,F6_inactive_days,13.9,F4_num_submitted,13.3,17,F1 login count (23.7%) and F6 inactive days (13.9%),1235,0.2918716805444067,0.0,0.6529911004278631,0.16624695153179886,4,0.2066,LOW
1236,OULAD_TEST_1236,0,0.0703,0.4134,0.2985,0.1758,0.0703,LOW,F1_login_count,20.2,F6_inactive_days,11.9,F4_num_submitted,10.3,9,F1 login count (20.2%) and F6 inactive days (11.9%),1236,0.21698008140764408,0.05286942457672856,0.704972421813753,0.1948079454508732,0,0.1016,LOW
1237,OULAD_TEST_1237,0,0.0192,0.4705,0.3151,0.1304,0.0192,LOW,F13_weeks_since_active,17.0,F1_login_count,15.7,F7_score_change,9.8,6,F13 weeks since active (17.0%) and F1 login count (15.7%),1237,0.0,0.004294363178250231,0.9152472203871629,0.044877892826270666,2,0.076,LOW
1238,OULAD_TEST_1238,0,0.0936,0.3967,0.3031,0.0763,0.0936,LOW,F1_login_count,17.6,F6_inactive_days,11.1,F4_num_submitted,9.9,5,F1 login count (17.6%) and F6 inactive days (11.1%),1238,0.12241830791852754,0.05342430294509088,0.675963806098107,0.0,0,0.0831,LOW
1239,OULAD_TEST_1239,0,0.1538,0.469,0.3072,0.3105,0.1538,LOW,F13_weeks_since_active,13.6,F1_login_count,13.3,F4_num_submitted,11.3,9,F13 weeks since active (13.6%) and F1 login count (13.3%),1239,0.27049966231285383,0.047323784426353876,0.5356874241099445,0.09762625986853815,0,0.1539,LOW
1240,OULAD_TEST_1240,0,0.1809,0.3083,0.1865,0.2389,0.1809,LOW,F13_weeks_since_active,16.3,F1_login_count,13.8,F4_num_submitted,10.9,8,F13 weeks since active (16.3%) and F1 login count (13.8%),1240,0.08871722590125128,0.059986299725068803,0.6035953116826172,0.0,2,0.141,LOW
1241,OULAD_TEST_1241,0,0.1034,0.6078,0.3215,0.1823,0.1034,LOW,F1_login_count,21.6,F6_inactive_days,14.7,F4_num_submitted,14.3,8,F1 login count (21.6%) and F6 inactive days (14.7%),1241,0.05202196398976382,0.12503958908372592,0.7791832946588533,0.1889952856606551,1,0.1104,LOW
1242,OULAD_TEST_1242,1,0.41,0.4208,0.3035,0.2852,0.41,MEDIUM,F6_inactive_days,17.8,F4_num_submitted,17.0,F1_login_count,14.4,17,F6 inactive days (17.8%) and F4 num submitted (17.0%),1242,0.2288319086051356,0.30445584546332094,0.6112038751587092,0.25582132014354464,4,0.3379,LOW
1243,OULAD_TEST_1243,1,0.3399,0.2483,0.194,0.3422,0.3399,LOW,F6_inactive_days,15.7,F4_num_submitted,15.5,F5_on_time_rate,13.2,17,F6 inactive days (15.7%) and F4 num submitted (15.5%),1243,0.1364543269307133,0.31422366572289157,0.5391929375296513,0.0,2,0.2298,LOW
1244,OULAD_TEST_1244,0,0.0638,0.3039,0.196,0.1295,0.0638,LOW,F1_login_count,15.1,F4_num_submitted,14.9,F6_inactive_days,13.9,1,F1 login count (15.1%) and F4 num submitted (14.9%),1244,0.0,0.0,0.8807797067234027,0.00219907674675808,0,0.0611,LOW
1245,OULAD_TEST_1245,0,0.5617,0.4056,0.4456,0.5385,0.5617,MEDIUM,F1_login_count,18.2,F6_inactive_days,14.7,F4_num_submitted,14.0,16,F1 login count (18.2%) and F6 inactive days (14.7%),1245,0.2707959733237743,0.4919300194216865,0.2148225078522407,0.3926161812281077,4,0.6664,MEDIUM
1246,OULAD_TEST_1246,1,0.9534,0.2762,0.4275,0.314,0.9534,HIGH,F6_inactive_days,15.5,F1_login_count,15.4,F4_num_submitted,14.6,17,F6 inactive days (15.5%) and F1 login count (15.4%),1246,0.6707883468259226,0.9146522429852851,0.0,0.5320742854829373,9,0.8757,HIGH
1247,OULAD_TEST_1247,0,0.229,0.4016,0.2839,0.2613,0.229,LOW,F1_login_count,20.4,F5_on_time_rate,12.1,F13_weeks_since_active,10.1,5,F1 login count (20.4%) and F5 on time rate (12.1%),1247,0.08330267689413581,0.24154326403142265,0.58794248828459,0.10429251342717913,3,0.2055,LOW
1248,OULAD_TEST_1248,1,0.5806,0.5441,0.7086,0.6472,0.5806,MEDIUM,F1_login_count,15.8,F13_weeks_since_active,12.6,F6_inactive_days,12.2,14,F1 login count (15.8%) and F13 weeks since active (12.6%),1248,0.42979859117907476,0.4605168945426816,0.32406405725274806,0.20143173515432738,6,0.6987,MEDIUM
1249,OULAD_TEST_1249,0,0.0443,0.2985,0.1938,0.251,0.0443,LOW,F1_login_count,13.1,F4_num_submitted,12.6,F5_on_time_rate,12.5,1,F1 login count (13.1%) and F4 num submitted (12.6%),1249,0.0,0.05823091762847419,0.7729694388250197,0.09456491844979872,1,0.0886,LOW
1250,OULAD_TEST_1250,1,0.1593,0.4046,0.3627,0.1846,0.1593,LOW,F1_login_count,23.4,F5_on_time_rate,12.8,F4_num_submitted,11.7,5,F1 login count (23.4%) and F5 on time rate (12.8%),1250,0.1445980232214457,0.11615178603758296,0.7416510957392193,0.017763695997703513,1,0.1187,LOW
1251,OULAD_TEST_1251,0,0.0942,0.3489,0.2775,0.1297,0.0942,LOW,F1_login_count,18.2,F6_inactive_days,14.9,F4_num_submitted,14.2,1,F1 login count (18.2%) and F6 inactive days (14.9%),1251,0.14929289616089247,0.08070041477557825,0.6801593161829509,0.0,0,0.0904,LOW
1252,OULAD_TEST_1252,0,0.5515,0.6493,0.4111,0.3452,0.5515,MEDIUM,F1_login_count,21.7,F6_inactive_days,12.6,F5_on_time_rate,11.9,8,F1 login count (21.7%) and F6 inactive days (12.6%),1252,0.1866764357428544,0.4427261158281197,0.37270286869531255,0.2863491155195527,3,0.4746,MEDIUM
1253,OULAD_TEST_1253,1,0.5658,0.6735,0.5791,0.6078,0.5658,MEDIUM,F1_login_count,21.9,F5_on_time_rate,12.3,F6_inactive_days,11.5,8,F1 login count (21.9%) and F5 on time rate (12.3%),1253,0.4334656569847572,0.4677831835291687,0.34284771096759487,0.4572179658684423,5,0.7108,HIGH
1254,OULAD_TEST_1254,0,0.601,0.492,0.5606,0.5025,0.601,MEDIUM,F1_login_count,23.3,F5_on_time_rate,15.5,F6_inactive_days,10.3,6,F1 login count (23.3%) and F5 on time rate (15.5%),1254,0.5434668992473292,0.5278174682459339,0.22661100961088504,0.3141684664080063,1,0.7011,HIGH
1255,OULAD_TEST_1255,1,0.4733,0.5622,0.5386,0.4999,0.4733,MEDIUM,F1_login_count,23.1,F5_on_time_rate,13.5,F13_weeks_since_active,10.6,9,F1 login count (23.1%) and F5 on time rate (13.5%),1255,0.21034589813087945,0.32283630403344393,0.40999333109185643,0.4925381982148225,3,0.4701,MEDIUM
1256,OULAD_TEST_1256,1,0.8329,0.6869,0.7763,0.8621,0.8329,HIGH,F4_num_submitted,16.1,F6_inactive_days,15.9,F1_login_count,15.8,9,F4 num submitted (16.1%) and F6 inactive days (15.9%),1256,0.7502872386837702,0.6266946938408017,0.11931404701028821,0.551216153825822,8,0.8857,HIGH
1257,OULAD_TEST_1257,1,0.491,0.2206,0.1408,0.0747,0.491,MEDIUM,F1_login_count,21.0,F6_inactive_days,13.5,F4_num_submitted,12.9,17,F1 login count (21.0%) and F6 inactive days (13.5%),1257,0.38560190093660446,0.3062665956935031,0.3906919434996954,0.3352509794736439,5,0.3754,LOW
1258,OULAD_TEST_1258,0,0.0451,0.3102,0.1901,0.271,0.0451,LOW,F1_login_count,16.0,F6_inactive_days,15.2,F4_num_submitted,14.4,1,F1 login count (16.0%) and F6 inactive days (15.2%),1258,0.0,0.0,0.7670959456581451,0.011652208089886937,0,0.0752,LOW
1259,OULAD_TEST_1259,0,0.1149,0.2207,0.3262,0.2391,0.1149,LOW,F13_weeks_since_active,15.0,F6_inactive_days,11.9,F4_num_submitted,11.9,8,F13 weeks since active (15.0%) and F6 inactive days (11.9%),1259,0.0748530922342294,0.00028238462236164497,0.7156473540613386,0.06074565506828512,1,0.0955,LOW
1260,OULAD_TEST_1260,0,0.1117,0.4179,0.2814,0.1965,0.1117,LOW,F1_login_count,18.2,F5_on_time_rate,13.9,F6_inactive_days,11.3,6,F1 login count (18.2%) and F5 on time rate (13.9%),1260,0.13402269125217225,0.10770200054433032,0.667410482089267,0.03540916378565952,0,0.1063,LOW
1261,OULAD_TEST_1261,0,0.1566,0.407,0.2244,0.2647,0.1566,LOW,F1_login_count,24.2,F5_on_time_rate,14.8,F6_inactive_days,12.4,6,F1 login count (24.2%) and F5 on time rate (14.8%),1261,0.11722053914124113,0.061686998760649245,0.8019914733971266,0.057687672950096816,1,0.1193,LOW
1262,OULAD_TEST_1262,0,0.2597,0.3229,0.1679,0.5286,0.2597,LOW,F1_login_count,24.7,F6_inactive_days,13.7,F5_on_time_rate,13.4,13,F1 login count (24.7%) and F6 inactive days (13.7%),1262,0.2356655992446369,0.2618341571384877,0.4752919370796983,0.21952405944805783,0,0.2336,LOW
1263,OULAD_TEST_1263,0,0.0347,0.1885,0.1594,0.138,0.0347,LOW,F7_score_change,10.8,F13_weeks_since_active,10.3,F5_on_time_rate,10.2,1,F7 score change (10.8%) and F13 weeks since active (10.3%),1263,0.0,0.03227209990020495,0.7001429891530104,0.0,0,0.0636,LOW
1264,OULAD_TEST_1264,0,0.0548,0.41,0.1293,0.1828,0.0548,LOW,F6_inactive_days,15.4,F4_num_submitted,14.7,F1_login_count,13.4,1,F6 inactive days (15.4%) and F4 num submitted (14.7%),1264,0.055296082403607796,0.0,1.0,0.0,0,0.0646,LOW
1265,OULAD_TEST_1265,0,0.4806,0.4372,0.3847,0.2809,0.4806,MEDIUM,F1_login_count,16.1,F6_inactive_days,14.6,F4_num_submitted,14.5,12,F1 login count (16.1%) and F6 inactive days (14.6%),1265,0.19504855030950197,0.4609080467377352,0.311720864501077,0.1535765938949547,6,0.4561,MEDIUM
1266,OULAD_TEST_1266,0,0.4049,0.5305,0.4564,0.6465,0.4049,MEDIUM,F1_login_count,15.4,F5_on_time_rate,15.4,F13_weeks_since_active,13.9,11,F1 login count (15.4%) and F5 on time rate (15.4%),1266,0.2723073938651299,0.4090288916473368,0.3407045325290241,0.4884185457212585,4,0.5656,MEDIUM
1267,OULAD_TEST_1267,0,0.1884,0.6413,0.2606,0.1232,0.1884,LOW,F1_login_count,15.9,F6_inactive_days,14.6,F4_num_submitted,14.2,8,F1 login count (15.9%) and F6 inactive days (14.6%),1267,0.04148923585352102,0.08063098601321174,0.7227276745001219,0.1766811482004696,1,0.1195,LOW
1268,OULAD_TEST_1268,0,0.0159,0.3171,0.3394,0.1218,0.0159,LOW,F4_num_submitted,14.6,F6_inactive_days,13.3,F1_login_count,11.5,2,F4 num submitted (14.6%) and F6 inactive days (13.3%),1268,0.0,0.04713032343159933,0.5795680146226125,0.04607906420161737,0,0.0695,LOW
1269,OULAD_TEST_1269,0,0.2069,0.4888,0.4941,0.4221,0.2069,LOW,F1_login_count,18.5,F13_weeks_since_active,12.7,F5_on_time_rate,12.3,7,F1 login count (18.5%) and F13 weeks since active (12.7%),1269,0.2684393175210437,0.10734514100726407,0.6109526090027562,0.0,0,0.1729,LOW
1270,OULAD_TEST_1270,0,0.4174,0.6507,0.7093,0.7006,0.4174,MEDIUM,F1_login_count,18.8,F5_on_time_rate,13.7,F13_weeks_since_active,12.7,9,F1 login count (18.8%) and F5 on time rate (13.7%),1270,0.4013110120594269,0.36260363013986685,0.6806624925076489,0.3252410760809794,3,0.5116,MEDIUM
1271,OULAD_TEST_1271,0,0.2851,0.7597,0.5026,0.4237,0.2851,LOW,F6_inactive_days,13.8,F1_login_count,13.7,F4_num_submitted,13.2,8,F6 inactive days (13.8%) and F1 login count (13.7%),1271,0.2604838120907177,0.14117512744360278,0.4174264077846599,0.1570714384256006,3,0.301,LOW
1272,OULAD_TEST_1272,1,0.5372,0.4247,0.428,0.5021,0.5372,MEDIUM,F1_login_count,16.6,F6_inactive_days,15.7,F4_num_submitted,14.7,17,F1 login count (16.6%) and F6 inactive days (15.7%),1272,0.2668087235327421,0.3131714837972338,0.17204355142612868,0.34802027293580995,3,0.5401,MEDIUM
1273,OULAD_TEST_1273,0,0.5967,0.6881,0.5336,0.6079,0.5967,MEDIUM,F1_login_count,16.2,F6_inactive_days,13.3,F4_num_submitted,13.0,13,F1 login count (16.2%) and F6 inactive days (13.3%),1273,0.38604915503051984,0.47656962483096243,0.1727218798042302,0.2408255620963733,6,0.6995,MEDIUM
1274,OULAD_TEST_1274,0,0.1523,0.4132,0.3221,0.2742,0.1523,LOW,F1_login_count,21.1,F5_on_time_rate,13.1,F6_inactive_days,12.0,6,F1 login count (21.1%) and F5 on time rate (13.1%),1274,0.22791976999791833,0.1195566842980131,0.7679959568346987,0.1106122628901092,0,0.1256,LOW
1275,OULAD_TEST_1275,1,0.9354,0.5406,0.5289,0.7907,0.9354,HIGH,F1_login_count,20.1,F4_num_submitted,12.9,F6_inactive_days,12.6,17,F1 login count (20.1%) and F4 num submitted (12.9%),1275,0.6689516913639904,0.7632756245108316,0.16415767199858125,0.510379975415222,10,0.8867,HIGH
1276,OULAD_TEST_1276,0,0.1638,0.374,0.485,0.5399,0.1638,LOW,F1_login_count,23.8,F6_inactive_days,14.0,F4_num_submitted,13.2,12,F1 login count (23.8%) and F6 inactive days (14.0%),1276,0.3465929539981694,0.044507555342195235,0.6177011203021492,0.006406661156377461,3,0.2407,LOW
1277,OULAD_TEST_1277,0,0.1357,0.4424,0.2664,0.1935,0.1357,LOW,F1_login_count,26.0,F5_on_time_rate,15.0,F6_inactive_days,10.8,10,F1 login count (26.0%) and F5 on time rate (15.0%),1277,0.13432178393943717,0.08335307502950903,0.759761240400107,0.16951276029686985,0,0.1043,LOW
1278,OULAD_TEST_1278,1,0.314,0.281,0.2943,0.6467,0.314,LOW,F1_login_count,19.1,F6_inactive_days,12.9,F4_num_submitted,12.0,8,F1 login count (19.1%) and F6 inactive days (12.9%),1278,0.23900491164900317,0.28844358020645866,0.687825532751199,0.0038750629763996958,2,0.2852,LOW
1279,OULAD_TEST_1279,1,0.2968,0.2903,0.4896,0.2226,0.2968,LOW,F1_login_count,13.7,F5_on_time_rate,13.1,F6_inactive_days,13.0,1,F1 login count (13.7%) and F5 on time rate (13.1%),1279,0.17684835357974987,0.24868855759019703,0.7412946414429826,0.24585315171769806,1,0.1686,LOW
1280,OULAD_TEST_1280,0,0.2902,0.4895,0.4115,0.3535,0.2902,LOW,F1_login_count,19.3,F5_on_time_rate,15.6,F13_weeks_since_active,15.0,5,F1 login count (19.3%) and F5 on time rate (15.6%),1280,0.2164940904782282,0.2612700824479371,0.5432064718820152,0.2562583360263595,0,0.2163,LOW
1281,OULAD_TEST_1281,0,0.3228,0.778,0.5318,0.4626,0.3228,LOW,F1_login_count,16.7,F13_weeks_since_active,13.8,F4_num_submitted,11.4,5,F1 login count (16.7%) and F13 weeks since active (13.8%),1281,0.2107130163619456,0.22077078396366132,0.3116128282330013,0.08812275893385112,1,0.2778,LOW
1282,OULAD_TEST_1282,0,0.1368,0.6096,0.3418,0.2635,0.1368,LOW,F1_login_count,15.8,F13_weeks_since_active,11.9,F6_inactive_days,9.8,4,F1 login count (15.8%) and F13 weeks since active (11.9%),1282,0.16657086766885904,0.21001743317729277,0.6084721077590314,0.0,5,0.241,LOW
1283,OULAD_TEST_1283,1,0.7652,0.6325,0.656,0.6857,0.7652,HIGH,F1_login_count,25.1,F5_on_time_rate,13.8,F13_weeks_since_active,12.3,8,F1 login count (25.1%) and F5 on time rate (13.8%),1283,0.6313102316794584,0.5563261330756175,0.14515958050647423,0.4323569182480317,8,0.8311,HIGH
1284,OULAD_TEST_1284,1,0.9981,0.3831,0.2831,0.5145,0.9981,HIGH,F1_login_count,25.5,F6_inactive_days,12.2,F4_num_submitted,11.9,17,F1 login count (25.5%) and F6 inactive days (12.2%),1284,0.6200710539492049,0.8873898237669374,0.0,0.6327043452554664,12,0.8933,HIGH
1285,OULAD_TEST_1285,0,0.0871,0.4431,0.1957,0.1132,0.0871,LOW,F1_login_count,20.8,F5_on_time_rate,12.7,F13_weeks_since_active,12.4,7,F1 login count (20.8%) and F5 on time rate (12.7%),1285,0.0,0.16858628743679693,0.7115340598991281,0.033917400982292935,2,0.1083,LOW
1286,OULAD_TEST_1286,0,0.0466,0.2482,0.2581,0.1971,0.0466,LOW,F1_login_count,16.5,F6_inactive_days,12.0,F4_num_submitted,10.8,9,F1 login count (16.5%) and F6 inactive days (12.0%),1286,0.0,0.07808264741991164,0.874609459793067,0.0799874952230255,0,0.0674,LOW
1287,OULAD_TEST_1287,0,0.0332,0.2304,0.0366,0.0372,0.0332,LOW,F1_login_count,21.3,F5_on_time_rate,10.7,F13_weeks_since_active,10.2,2,F1 login count (21.3%) and F5 on time rate (10.7%),1287,0.07403913269125437,0.012018061834813597,0.9008828426687582,0.23147755830448788,0,0.0598,LOW
1288,OULAD_TEST_1288,1,0.2052,0.4049,0.3395,0.2729,0.2052,LOW,F1_login_count,15.3,F13_weeks_since_active,15.1,F6_inactive_days,11.0,5,F1 login count (15.3%) and F13 weeks since active (15.1%),1288,0.03330333938261262,0.13215623626696166,0.6186726346075216,0.06219398770203433,2,0.1552,LOW
1289,OULAD_TEST_1289,1,0.5611,0.5111,0.6196,0.4892,0.5611,MEDIUM,F1_login_count,22.0,F5_on_time_rate,14.0,F6_inactive_days,11.9,16,F1 login count (22.0%) and F5 on time rate (14.0%),1289,0.1774809407047517,0.5598220120837005,0.46096848760518183,0.13083840351558956,6,0.6127,MEDIUM
1290,OULAD_TEST_1290,0,0.4316,0.4695,0.6264,0.7223,0.4316,MEDIUM,F1_login_count,25.3,F5_on_time_rate,13.5,F6_inactive_days,10.9,13,F1 login count (25.3%) and F5 on time rate (13.5%),1290,0.34097786045309636,0.2530220059790661,0.490486136663109,0.35807082996367834,3,0.4833,MEDIUM
1291,OULAD_TEST_1291,1,0.8147,0.7653,0.7551,0.8273,0.8147,HIGH,F6_inactive_days,16.6,F4_num_submitted,16.2,F1_login_count,14.3,13,F6 inactive days (16.6%) and F4 num submitted (16.2%),1291,0.819589951743279,0.6148850591696284,0.15469059728625717,0.6908177491113036,5,0.8861,HIGH
1292,OULAD_TEST_1292,0,0.2832,0.6423,0.4093,0.3115,0.2832,LOW,F6_inactive_days,16.4,F4_num_submitted,16.2,F1_login_count,11.8,12,F6 inactive days (16.4%) and F4 num submitted (16.2%),1292,0.19763290884601067,0.20891537876066227,0.6640944157109965,0.21705220356613492,7,0.3492,LOW
1293,OULAD_TEST_1293,1,0.1466,0.4598,0.1639,0.1521,0.1466,LOW,F1_login_count,22.8,F6_inactive_days,13.8,F4_num_submitted,13.6,4,F1 login count (22.8%) and F6 inactive days (13.8%),1293,0.1864690774451642,0.22362230060095983,0.6899452048237916,0.0,1,0.1392,LOW
1294,OULAD_TEST_1294,1,0.9036,0.2343,0.445,0.6524,0.9036,HIGH,F1_login_count,19.7,F4_num_submitted,13.2,F6_inactive_days,12.7,16,F1 login count (19.7%) and F4 num submitted (13.2%),1294,0.6407029358547565,0.7984414108832717,0.2829011177097763,0.5272929164117759,8,0.8619,HIGH
1295,OULAD_TEST_1295,0,0.0765,0.3817,0.2165,0.1137,0.0765,LOW,F1_login_count,17.2,F13_weeks_since_active,11.3,F5_on_time_rate,9.5,5,F1 login count (17.2%) and F13 weeks since active (11.3%),1295,0.043661034680885724,0.0,0.5949588833205441,0.0,0,0.08,LOW
1296,OULAD_TEST_1296,0,0.3924,0.5466,0.4322,0.497,0.3924,LOW,F13_weeks_since_active,13.7,F1_login_count,13.6,F4_num_submitted,12.8,17,F13 weeks since active (13.7%) and F1 login count (13.6%),1296,0.3665876482987768,0.3087153835692077,0.43456291009079817,0.31258265927555373,3,0.4287,MEDIUM
1297,OULAD_TEST_1297,0,0.048,0.3578,0.3051,0.0712,0.048,LOW,F1_login_count,19.5,F6_inactive_days,13.7,F4_num_submitted,12.7,1,F1 login count (19.5%) and F6 inactive days (13.7%),1297,0.004572545581134863,0.0,0.7489481103046051,0.0,0,0.0614,LOW
1298,OULAD_TEST_1298,0,0.2874,0.4862,0.5933,0.6478,0.2874,LOW,F6_inactive_days,17.1,F4_num_submitted,16.4,F5_on_time_rate,12.2,15,F6 inactive days (17.1%) and F4 num submitted (16.4%),1298,0.22791923140719028,0.18750688062131718,0.6140252690457991,0.13642454558061598,4,0.3405,LOW
1299,OULAD_TEST_1299,0,0.243,0.5417,0.45,0.4379,0.243,LOW,F13_weeks_since_active,15.6,F6_inactive_days,14.1,F4_num_submitted,13.8,6,F13 weeks since active (15.6%) and F6 inactive days (14.1%),1299,0.20226978061960132,0.2848611646845423,0.732396048710309,0.02527946084473122,2,0.2345,LOW
1300,OULAD_TEST_1300,0,0.4237,0.7207,0.687,0.6391,0.4237,MEDIUM,F1_login_count,22.7,F5_on_time_rate,15.2,F6_inactive_days,13.0,9,F1 login count (22.7%) and F5 on time rate (15.2%),1300,0.22978095463569514,0.25040554965891954,0.4586001432763844,0.2694389622161954,2,0.3601,LOW
1301,OULAD_TEST_1301,0,0.0364,0.2074,0.1166,0.0503,0.0364,LOW,F1_login_count,16.6,F5_on_time_rate,10.6,F6_inactive_days,9.9,1,F1 login count (16.6%) and F5 on time rate (10.6%),1301,0.12468423495365229,0.15964246845874988,0.6286570350493793,0.0,0,0.0763,LOW
1302,OULAD_TEST_1302,0,0.7083,0.5369,0.5125,0.6637,0.7083,HIGH,F6_inactive_days,14.6,F4_num_submitted,13.7,F1_login_count,12.9,13,F6 inactive days (14.6%) and F4 num submitted (13.7%),1302,0.4783140243304591,0.6683133752147699,0.3176113896455004,0.44619145239003166,6,0.7844,HIGH
1303,OULAD_TEST_1303,0,0.6903,0.6741,0.7501,0.6326,0.6903,MEDIUM,F1_login_count,20.0,F4_num_submitted,13.0,F6_inactive_days,12.5,17,F1 login count (20.0%) and F4 num submitted (13.0%),1303,0.4076354840507155,0.6740239336482958,0.3232558766141964,0.41686206659596386,9,0.7894,HIGH
1304,OULAD_TEST_1304,1,0.4888,0.4295,0.4055,0.5244,0.4888,MEDIUM,F1_login_count,16.9,F5_on_time_rate,15.6,F6_inactive_days,14.4,9,F1 login count (16.9%) and F5 on time rate (15.6%),1304,0.3958109843570403,0.3784448390379794,0.21477413406205936,0.17488091667310673,6,0.5831,MEDIUM
1305,OULAD_TEST_1305,0,0.1374,0.5801,0.4565,0.4115,0.1374,LOW,F1_login_count,27.8,F5_on_time_rate,17.9,F6_inactive_days,9.2,7,F1 login count (27.8%) and F5 on time rate (17.9%),1305,0.00633320182089625,0.10479474247367124,0.6896995866329201,0.1576652476234826,1,0.1396,LOW
1306,OULAD_TEST_1306,0,0.5351,0.5175,0.5745,0.5764,0.5351,MEDIUM,F1_login_count,25.8,F5_on_time_rate,14.1,F6_inactive_days,9.0,6,F1 login count (25.8%) and F5 on time rate (14.1%),1306,0.37738811573691283,0.340182854838023,0.21290581693197022,0.3152081217788262,3,0.6333,MEDIUM
1307,OULAD_TEST_1307,1,0.1136,0.3916,0.4546,0.3069,0.1136,LOW,F13_weeks_since_active,12.2,F7_score_change,11.5,F11_max_score,10.6,7,F13 weeks since active (12.2%) and F7 score change (11.5%),1307,0.07860810033557963,0.05458700743465576,0.6426548902497937,0.0,0,0.1048,LOW
1308,OULAD_TEST_1308,0,0.1663,0.4768,0.3914,0.2483,0.1663,LOW,F1_login_count,18.2,F5_on_time_rate,14.6,F13_weeks_since_active,14.2,5,F1 login count (18.2%) and F5 on time rate (14.6%),1308,0.22499955658315782,0.18084738781145207,0.5766791073037201,0.3686911867446951,1,0.1778,LOW
1309,OULAD_TEST_1309,0,0.2103,0.4701,0.5068,0.5084,0.2103,LOW,F4_num_submitted,15.2,F1_login_count,15.1,F6_inactive_days,15.0,13,F4 num submitted (15.2%) and F1 login count (15.1%),1309,0.19467982328799527,0.2824400449425117,0.7126864698241987,0.18335162000605496,2,0.2396,LOW
1310,OULAD_TEST_1310,1,0.9974,0.4153,0.1958,0.5667,0.9974,HIGH,F1_login_count,26.0,F5_on_time_rate,13.3,F13_weeks_since_active,8.9,16,F1 login count (26.0%) and F5 on time rate (13.3%),1310,0.6956773041254856,0.7592174546558038,0.013763017417218418,0.5800487335920833,9,0.8822,HIGH
1311,OULAD_TEST_1311,0,0.0457,0.2717,0.1641,0.0818,0.0457,LOW,F1_login_count,16.3,F4_num_submitted,13.5,F6_inactive_days,12.4,1,F1 login count (16.3%) and F4 num submitted (13.5%),1311,0.1137666299200287,0.00960452504117873,0.6348808999243973,0.1972445432042188,0,0.0789,LOW
1312,OULAD_TEST_1312,0,0.176,0.5767,0.4887,0.4208,0.176,LOW,F13_weeks_since_active,15.4,F6_inactive_days,10.7,F1_login_count,10.6,8,F13 weeks since active (15.4%) and F6 inactive days (10.7%),1312,0.26222075490173136,0.1374960623813982,0.7472065962957344,0.32661787312639284,0,0.1686,LOW
1313,OULAD_TEST_1313,0,0.1016,0.476,0.1636,0.1113,0.1016,LOW,F1_login_count,23.5,F5_on_time_rate,13.9,F6_inactive_days,11.8,5,F1 login count (23.5%) and F5 on time rate (13.9%),1313,0.1269010306351862,0.0,0.5753394176071586,0.04351806932233377,0,0.0978,LOW
1314,OULAD_TEST_1314,0,0.3476,0.5069,0.4366,0.3092,0.3476,LOW,F1_login_count,18.0,F13_weeks_since_active,16.4,F5_on_time_rate,13.8,5,F1 login count (18.0%) and F13 weeks since active (16.4%),1314,0.24435526198433807,0.342767939340672,0.5549313790470944,0.2502476983721714,0,0.2411,LOW
1315,OULAD_TEST_1315,0,0.5097,0.6208,0.4998,0.5138,0.5097,MEDIUM,F1_login_count,20.4,F5_on_time_rate,13.2,F6_inactive_days,12.2,6,F1 login count (20.4%) and F5 on time rate (13.2%),1315,0.22560637676498405,0.3753257734605913,0.3108389330708444,0.18725966183964715,3,0.4623,MEDIUM
1316,OULAD_TEST_1316,1,0.9999,0.8431,0.9642,0.9886,0.9999,HIGH,F1_login_count,26.5,F5_on_time_rate,14.1,F4_num_submitted,11.3,13,F1 login count (26.5%) and F5 on time rate (14.1%),1316,0.5934186336924627,0.834283771905838,0.0,0.5822768699078387,9,0.9258,HIGH
1317,OULAD_TEST_1317,0,0.2528,0.6588,0.471,0.4983,0.2528,LOW,F1_login_count,17.9,F13_weeks_since_active,13.7,F6_inactive_days,11.3,5,F1 login count (17.9%) and F13 weeks since active (13.7%),1317,0.14643752956453324,0.1787240502470498,0.6481870748038383,0.1277924935488156,4,0.2894,LOW
1318,OULAD_TEST_1318,1,0.8232,0.461,0.7773,0.7777,0.8232,HIGH,F1_login_count,22.1,F5_on_time_rate,12.9,F6_inactive_days,9.7,15,F1 login count (22.1%) and F5 on time rate (12.9%),1318,0.5152887797840716,0.6365729195424261,0.19358493990595288,0.5160992440345985,7,0.852,HIGH
1319,OULAD_TEST_1319,1,0.9952,0.5648,0.4297,0.8397,0.9952,HIGH,F1_login_count,27.2,F5_on_time_rate,15.2,F4_num_submitted,9.5,9,F1 login count (27.2%) and F5 on time rate (15.2%),1319,0.6779428697014553,0.8453564011615556,0.13753690735559604,0.6370512574364412,10,0.9074,HIGH
1320,OULAD_TEST_1320,1,0.7001,0.4046,0.432,0.2842,0.7001,HIGH,F1_login_count,22.6,F6_inactive_days,10.4,F5_on_time_rate,10.1,17,F1 login count (22.6%) and F6 inactive days (10.4%),1320,0.49573499248971065,0.5778362337145582,0.23169463003285473,0.48723941385936714,7,0.7507,HIGH
1321,OULAD_TEST_1321,0,0.3242,0.4091,0.3453,0.4215,0.3242,LOW,F1_login_count,28.4,F5_on_time_rate,14.7,F6_inactive_days,10.5,9,F1 login count (28.4%) and F5 on time rate (14.7%),1321,0.27990927543567307,0.24582136941770674,0.5712850862963341,0.22303711875599508,5,0.3734,LOW
1322,OULAD_TEST_1322,0,0.4255,0.4501,0.4888,0.4738,0.4255,MEDIUM,F1_login_count,16.6,F6_inactive_days,15.4,F4_num_submitted,15.2,17,F1 login count (16.6%) and F6 inactive days (15.4%),1322,0.29080012219409085,0.30339807026557253,0.41582626775956755,0.11001088480450022,6,0.4439,MEDIUM
1323,OULAD_TEST_1323,1,0.3707,0.7053,0.6611,0.2633,0.3707,LOW,F1_login_count,23.1,F5_on_time_rate,12.5,F13_weeks_since_active,10.7,9,F1 login count (23.1%) and F5 on time rate (12.5%),1323,0.30814016438262015,0.34065697366263636,0.5216389882622797,0.1098039473110698,3,0.3258,LOW
1324,OULAD_TEST_1324,0,0.1221,0.2788,0.151,0.3277,0.1221,LOW,F1_login_count,22.6,F6_inactive_days,14.5,F4_num_submitted,14.1,13,F1 login count (22.6%) and F6 inactive days (14.5%),1324,0.09191744148101201,0.2360743814793828,0.7462686048008512,0.007691085664359235,0,0.1179,LOW
1325,OULAD_TEST_1325,1,0.4213,0.4904,0.5387,0.507,0.4213,MEDIUM,F1_login_count,23.7,F6_inactive_days,12.8,F5_on_time_rate,12.4,8,F1 login count (23.7%) and F6 inactive days (12.8%),1325,0.09736334336461286,0.3692959786271302,0.45312901525456245,0.21891112896921255,3,0.3688,LOW
1326,OULAD_TEST_1326,0,0.1479,0.3154,0.1841,0.1986,0.1479,LOW,F4_num_submitted,12.3,F1_login_count,12.3,F5_on_time_rate,11.9,17,F4 num submitted (12.3%) and F1 login count (12.3%),1326,0.009596460618124567,0.2054044571928903,0.5013049515907504,0.21483291485665362,1,0.1351,LOW
1327,OULAD_TEST_1327,0,0.0496,0.3648,0.2015,0.092,0.0496,LOW,F1_login_count,24.0,F6_inactive_days,13.0,F4_num_submitted,12.1,8,F1 login count (24.0%) and F6 inactive days (13.0%),1327,0.020311244427838444,0.0,0.7934670896330897,0.0,0,0.0641,LOW
1328,OULAD_TEST_1328,0,0.1576,0.2092,0.392,0.4154,0.1576,LOW,F1_login_count,13.5,F4_num_submitted,12.9,F6_inactive_days,12.9,7,F1 login count (13.5%) and F4 num submitted (12.9%),1328,0.0,0.14658091514350155,0.7103761477355458,0.051670194219516005,2,0.1387,LOW
1329,OULAD_TEST_1329,0,0.4232,0.6112,0.4874,0.5106,0.4232,MEDIUM,F1_login_count,16.9,F4_num_submitted,15.8,F6_inactive_days,15.7,12,F1 login count (16.9%) and F4 num submitted (15.8%),1329,0.3562328729996205,0.27193053448231463,0.3934226523652049,0.36828113978568594,4,0.4887,MEDIUM
1330,OULAD_TEST_1330,0,0.1136,0.4863,0.4102,0.1277,0.1136,LOW,F1_login_count,19.4,F6_inactive_days,14.2,F4_num_submitted,13.3,11,F1 login count (19.4%) and F6 inactive days (14.2%),1330,0.23259508323436973,0.0,0.5806812963927486,0.03217470306040653,2,0.1342,LOW
1331,OULAD_TEST_1331,0,0.1681,0.5079,0.4359,0.364,0.1681,LOW,F1_login_count,17.5,F5_on_time_rate,12.7,F6_inactive_days,11.8,8,F1 login count (17.5%) and F5 on time rate (12.7%),1331,0.23954618516973167,0.08373528740327707,0.8131079150503966,0.15610987798113887,3,0.1924,LOW
1332,OULAD_TEST_1332,1,0.4702,0.6629,0.5735,0.5566,0.4702,MEDIUM,F4_num_submitted,16.6,F1_login_count,16.3,F6_inactive_days,16.2,13,F4 num submitted (16.6%) and F1 login count (16.3%),1332,0.30779571290697916,0.4950219467530858,0.47298455108944026,0.26537495484865153,7,0.6294,MEDIUM
1333,OULAD_TEST_1333,0,0.2361,0.3865,0.0916,0.1038,0.2361,LOW,F1_login_count,22.9,F6_inactive_days,13.2,F5_on_time_rate,12.8,17,F1 login count (22.9%) and F6 inactive days (13.2%),1333,0.3143426136849952,0.2766862662935716,0.5882118969078292,0.17247399087896675,2,0.2083,LOW
1334,OULAD_TEST_1334,0,0.1181,0.3533,0.4973,0.3547,0.1181,LOW,F6_inactive_days,13.9,F4_num_submitted,13.3,F1_login_count,12.8,13,F6 inactive days (13.9%) and F4 num submitted (13.3%),1334,0.09753674572021115,0.11982537776435197,0.5918167116852513,0.04344329474285513,2,0.1496,LOW
1335,OULAD_TEST_1335,1,0.1739,0.4644,0.3091,0.3804,0.1739,LOW,F1_login_count,17.3,F5_on_time_rate,15.1,F6_inactive_days,14.5,9,F1 login count (17.3%) and F5 on time rate (15.1%),1335,0.08802140288819606,0.025198955208805537,0.5786985171578656,0.1843878567274025,1,0.1552,LOW
1336,OULAD_TEST_1336,0,0.4798,0.3767,0.5556,0.4338,0.4798,MEDIUM,F1_login_count,23.8,F5_on_time_rate,14.4,F6_inactive_days,10.7,10,F1 login count (23.8%) and F5 on time rate (14.4%),1336,0.274519733645906,0.39212754788896503,0.5464190396786232,0.10247323111122775,6,0.4992,MEDIUM
1337,OULAD_TEST_1337,1,0.997,0.923,0.7996,0.715,0.997,HIGH,F1_login_count,22.2,F4_num_submitted,13.5,F6_inactive_days,12.4,5,F1 login count (22.2%) and F4 num submitted (13.5%),1337,0.6676530313511871,0.8715860007121388,0.01616619408680461,0.5546025589933745,11,0.9162,HIGH
1338,OULAD_TEST_1338,0,0.2121,0.6802,0.3993,0.4096,0.2121,LOW,F1_login_count,25.7,F5_on_time_rate,15.1,F6_inactive_days,11.7,6,F1 login count (25.7%) and F5 on time rate (15.1%),1338,0.10965231814587711,0.19432789836628783,0.5752612932999295,0.162848721203317,3,0.2493,LOW
1339,OULAD_TEST_1339,1,0.4337,0.4889,0.5677,0.5678,0.4337,MEDIUM,F1_login_count,27.5,F5_on_time_rate,17.2,F2_vle_clicks,10.6,7,F1 login count (27.5%) and F5 on time rate (17.2%),1339,0.32063162223754876,0.22114151332154028,0.5040089231224657,0.32426342976074307,4,0.4544,MEDIUM
1340,OULAD_TEST_1340,1,0.9779,0.612,0.6277,0.934,0.9779,HIGH,F1_login_count,23.3,F13_weeks_since_active,12.6,F6_inactive_days,11.8,12,F1 login count (23.3%) and F13 weeks since active (12.6%),1340,0.7005873981049864,0.7599895721584102,0.0,0.7658943147304592,8,0.922,HIGH
1341,OULAD_TEST_1341,1,0.976,0.4434,0.4091,0.4003,0.976,HIGH,F1_login_count,24.6,F5_on_time_rate,12.7,F13_weeks_since_active,10.4,7,F1 login count (24.6%) and F5 on time rate (12.7%),1341,0.6835046020153414,0.8244737788681027,0.16928430302803787,0.5386770399761308,7,0.8669,HIGH
1342,OULAD_TEST_1342,0,0.0586,0.3669,0.2573,0.1344,0.0586,LOW,F1_login_count,16.9,F13_weeks_since_active,12.0,F5_on_time_rate,11.3,2,F1 login count (16.9%) and F13 weeks since active (12.0%),1342,0.08471381697463498,0.0927132727613752,0.8884000534896725,0.21269781142330474,0,0.0752,LOW
1343,OULAD_TEST_1343,0,0.5028,0.641,0.591,0.5678,0.5028,MEDIUM,F1_login_count,24.8,F5_on_time_rate,15.9,F6_inactive_days,11.1,8,F1 login count (24.8%) and F5 on time rate (15.9%),1343,0.47102462747863416,0.25168977431200423,0.35110259287972234,0.22259714080083953,7,0.6397,MEDIUM
1344,OULAD_TEST_1344,1,0.9422,0.3201,0.3494,0.4898,0.9422,HIGH,F1_login_count,20.9,F6_inactive_days,12.8,F4_num_submitted,12.8,17,F1 login count (20.9%) and F6 inactive days (12.8%),1344,0.7544954135441324,0.7879000819616113,0.0,0.7247575693853573,8,0.8917,HIGH
1345,OULAD_TEST_1345,0,0.0523,0.1866,0.1279,0.1009,0.0523,LOW,F6_inactive_days,15.4,F1_login_count,14.8,F4_num_submitted,14.6,1,F6 inactive days (15.4%) and F1 login count (14.8%),1345,0.0,0.055898901590316186,0.49634668013077204,0.12947605520380467,1,0.0854,LOW
1346,OULAD_TEST_1346,0,0.2504,0.5961,0.4651,0.4015,0.2504,LOW,F1_login_count,18.8,F5_on_time_rate,14.0,F6_inactive_days,12.3,8,F1 login count (18.8%) and F5 on time rate (14.0%),1346,0.0,0.28080895908129705,0.45152192284486325,0.04062497044413328,3,0.2522,LOW
1347,OULAD_TEST_1347,0,0.1879,0.521,0.3097,0.2401,0.1879,LOW,F1_login_count,18.5,F13_weeks_since_active,11.9,F5_on_time_rate,11.3,4,F1 login count (18.5%) and F13 weeks since active (11.9%),1347,0.2249619911239274,0.21514360673899494,0.5157330225042244,0.14958470847021862,1,0.1919,LOW
1348,OULAD_TEST_1348,1,0.9973,0.3963,0.5799,0.7685,0.9973,HIGH,F1_login_count,26.2,F5_on_time_rate,13.7,F6_inactive_days,13.2,14,F1 login count (26.2%) and F5 on time rate (13.7%),1348,0.5614221301584578,0.8943107055047044,0.01567903409873862,0.5922316997361369,11,0.9084,HIGH
1349,OULAD_TEST_1349,1,0.2924,0.3387,0.6901,0.5247,0.2924,LOW,F6_inactive_days,14.1,F4_num_submitted,13.5,F13_weeks_since_active,12.3,17,F6 inactive days (14.1%) and F4 num submitted (13.5%),1349,0.1822034598107316,0.18454475946384524,0.533456629555864,0.25051015124100007,0,0.2212,LOW
1350,OULAD_TEST_1350,0,0.4233,0.5585,0.5394,0.5565,0.4233,MEDIUM,F1_login_count,21.6,F6_inactive_days,14.8,F4_num_submitted,14.3,16,F1 login count (21.6%) and F6 inactive days (14.8%),1350,0.179298697394064,0.2071648290301354,0.32682645125847587,0.22718740938800283,2,0.3604,LOW
1351,OULAD_TEST_1351,1,0.5599,0.3897,0.5775,0.5347,0.5599,MEDIUM,F1_login_count,20.8,F6_inactive_days,14.1,F4_num_submitted,13.0,14,F1 login count (20.8%) and F6 inactive days (14.1%),1351,0.21173195624199798,0.44447077943508784,0.32396359575354433,0.2990704529205922,4,0.6002,MEDIUM
1352,OULAD_TEST_1352,0,0.1551,0.7557,0.6294,0.3554,0.1551,LOW,F1_login_count,21.1,F6_inactive_days,10.9,F13_weeks_since_active,10.1,9,F1 login count (21.1%) and F6 inactive days (10.9%),1352,0.1627162728204788,0.21196554601668477,0.726453714764735,0.25735134993154213,0,0.1533,LOW
1353,OULAD_TEST_1353,0,0.137,0.4638,0.2634,0.2265,0.137,LOW,F1_login_count,25.8,F5_on_time_rate,15.5,F6_inactive_days,10.0,7,F1 login count (25.8%) and F5 on time rate (15.5%),1353,0.17181551603026468,0.22792636220195453,0.7431839349915588,0.07035349266531926,1,0.1421,LOW
1354,OULAD_TEST_1354,1,0.9325,0.8446,0.9171,0.9483,0.9325,HIGH,F1_login_count,18.0,F4_num_submitted,15.2,F6_inactive_days,15.1,11,F1 login count (18.0%) and F4 num submitted (15.2%),1354,0.595098959927328,0.8494689281838228,0.0,0.6586706789030119,9,0.9205,HIGH
1355,OULAD_TEST_1355,0,0.454,0.5187,0.5367,0.5373,0.454,MEDIUM,F1_login_count,28.2,F5_on_time_rate,17.9,F2_vle_clicks,10.5,5,F1 login count (28.2%) and F5 on time rate (17.9%),1355,0.05869577078550897,0.4202472658241388,0.423973651951617,0.245357821794696,5,0.4374,MEDIUM
1356,OULAD_TEST_1356,1,0.16,0.4107,0.2122,0.199,0.16,LOW,F1_login_count,23.0,F6_inactive_days,13.6,F4_num_submitted,13.4,4,F1 login count (23.0%) and F6 inactive days (13.6%),1356,0.05737555517475171,0.16637117187087724,0.533665922302839,0.2959995911073028,2,0.1643,LOW
1357,OULAD_TEST_1357,1,0.998,0.4073,0.6784,0.8981,0.998,HIGH,F1_login_count,27.0,F5_on_time_rate,14.3,F6_inactive_days,10.3,12,F1 login count (27.0%) and F5 on time rate (14.3%),1357,0.7377804005402546,0.8038105002591375,0.0917728697140274,0.5173998444797407,8,0.913,HIGH
1358,OULAD_TEST_1358,1,0.9651,0.6222,0.7181,0.7314,0.9651,HIGH,F1_login_count,22.9,F5_on_time_rate,11.7,F6_inactive_days,10.3,5,F1 login count (22.9%) and F5 on time rate (11.7%),1358,0.527678843122587,0.8099301765157103,0.10633464163534989,0.5053627762503378,7,0.8861,HIGH
1359,OULAD_TEST_1359,0,0.1531,0.4169,0.2034,0.1505,0.1531,LOW,F1_login_count,23.0,F5_on_time_rate,13.1,F4_num_submitted,11.6,17,F1 login count (23.0%) and F5 on time rate (13.1%),1359,0.12550599197791557,0.2636605620661065,0.5877172773675542,0.27480206173390836,2,0.1701,LOW
1360,OULAD_TEST_1360,0,0.227,0.337,0.3248,0.3054,0.227,LOW,F1_login_count,24.9,F5_on_time_rate,14.6,F6_inactive_days,12.1,14,F1 login count (24.9%) and F5 on time rate (14.6%),1360,0.15736901508270043,0.11754535953664991,0.54179547975996,0.08280643309256966,1,0.1679,LOW
1361,OULAD_TEST_1361,0,0.6739,0.6446,0.8995,0.8467,0.6739,MEDIUM,F1_login_count,22.1,F6_inactive_days,11.9,F5_on_time_rate,11.6,13,F1 login count (22.1%) and F6 inactive days (11.9%),1361,0.5296591499601089,0.7019973032567882,0.2147532949501692,0.5964689167397271,4,0.8391,HIGH
1362,OULAD_TEST_1362,1,0.7096,0.5761,0.5969,0.5364,0.7096,HIGH,F1_login_count,23.1,F6_inactive_days,10.3,F5_on_time_rate,10.1,17,F1 login count (23.1%) and F6 inactive days (10.3%),1362,0.5086780368414153,0.5773977476406353,0.007040660526866055,0.5327808695513775,8,0.8126,HIGH
1363,OULAD_TEST_1363,0,0.1827,0.4173,0.2262,0.123,0.1827,LOW,F1_login_count,14.1,F13_weeks_since_active,12.0,F4_num_submitted,11.1,7,F1 login count (14.1%) and F13 weeks since active (12.0%),1363,0.030583105911844446,0.26132956872760627,0.6874368173440577,0.09106203521269998,3,0.1558,LOW
1364,OULAD_TEST_1364,1,0.3399,0.2891,0.3979,0.1755,0.3399,LOW,F1_login_count,13.3,F6_inactive_days,13.2,F4_num_submitted,13.1,1,F1 login count (13.3%) and F6 inactive days (13.2%),1364,0.3575871501664491,0.1763697992401969,0.5007955453659869,0.0,5,0.2948,LOW
1365,OULAD_TEST_1365,1,0.9965,0.7478,0.7064,0.8383,0.9965,HIGH,F1_login_count,24.8,F5_on_time_rate,11.8,F4_num_submitted,11.2,17,F1 login count (24.8%) and F5 on time rate (11.8%),1365,0.681697042697303,0.8938973360931719,0.09981750825678587,0.5955818034873797,10,0.9181,HIGH
1366,OULAD_TEST_1366,0,0.0623,0.3533,0.2661,0.1011,0.0623,LOW,F1_login_count,19.1,F6_inactive_days,15.3,F4_num_submitted,14.1,1,F1 login count (19.1%) and F6 inactive days (15.3%),1366,0.04087954604900681,0.0,0.6403190782037448,0.04957560642401096,1,0.0833,LOW
1367,OULAD_TEST_1367,1,0.6903,0.8311,0.9173,0.9013,0.6903,MEDIUM,F1_login_count,18.7,F6_inactive_days,12.6,F4_num_submitted,11.7,11,F1 login count (18.7%) and F6 inactive days (12.6%),1367,0.38988320409268035,0.473533624646065,0.18584770517500682,0.5542461279965247,8,0.8197,HIGH
1368,OULAD_TEST_1368,0,0.0174,0.1843,0.074,0.0463,0.0174,LOW,F13_weeks_since_active,12.5,F1_login_count,11.8,F7_score_change,10.8,1,F13 weeks since active (12.5%) and F1 login count (11.8%),1368,0.0,0.03227272339287565,0.6354274741960886,0.2010536611488134,0,0.0639,LOW
1369,OULAD_TEST_1369,0,0.4792,0.4275,0.6483,0.666,0.4792,MEDIUM,F1_login_count,19.3,F5_on_time_rate,13.6,F4_num_submitted,12.1,17,F1 login count (19.3%) and F5 on time rate (13.6%),1369,0.2469597285973099,0.4880777430876775,0.3162109436505746,0.20532153850275028,6,0.606,MEDIUM
1370,OULAD_TEST_1370,1,0.2758,0.3536,0.4533,0.277,0.2758,LOW,F1_login_count,18.8,F13_weeks_since_active,11.8,F5_on_time_rate,9.6,15,F1 login count (18.8%) and F13 weeks since active (11.8%),1370,0.17576539400765767,0.16683468491252026,0.4611618003931781,0.2616218116785819,3,0.2402,LOW
1371,OULAD_TEST_1371,1,0.8924,0.5359,0.7399,0.5253,0.8924,HIGH,F4_num_submitted,17.8,F6_inactive_days,17.6,F1_login_count,14.6,17,F4 num submitted (17.8%) and F6 inactive days (17.6%),1371,0.7958508480142342,0.6386187231633279,0.18567736788464462,0.6272882587216019,10,0.8832,HIGH
1372,OULAD_TEST_1372,0,0.1135,0.4544,0.4602,0.1476,0.1135,LOW,F1_login_count,24.7,F5_on_time_rate,13.2,F4_num_submitted,11.1,5,F1 login count (24.7%) and F5 on time rate (13.2%),1372,0.0,0.08912741885320359,0.6393738151248608,0.1969095242892534,1,0.1027,LOW
1373,OULAD_TEST_1373,1,0.2282,0.3171,0.1324,0.3064,0.2282,LOW,F1_login_count,17.3,F5_on_time_rate,13.0,F6_inactive_days,11.8,15,F1 login count (17.3%) and F5 on time rate (13.0%),1373,0.0,0.1869751736978255,0.6298575684744614,0.19676278945626532,4,0.212,LOW
1374,OULAD_TEST_1374,0,0.5043,0.7397,0.7994,0.4306,0.5043,MEDIUM,F1_login_count,16.4,F6_inactive_days,11.4,F4_num_submitted,10.2,16,F1 login count (16.4%) and F6 inactive days (11.4%),1374,0.5001270327493608,0.47252057020435984,0.35848365961381956,0.06948027708458757,5,0.6481,MEDIUM
1375,OULAD_TEST_1375,0,0.1775,0.3547,0.3567,0.2941,0.1775,LOW,F1_login_count,16.9,F13_weeks_since_active,13.1,F5_on_time_rate,11.5,7,F1 login count (16.9%) and F13 weeks since active (13.1%),1375,0.10331763228481337,0.22684256570915906,0.5310534733987187,0.08784930809666883,0,0.1435,LOW
1376,OULAD_TEST_1376,1,0.6266,0.4469,0.601,0.562,0.6266,MEDIUM,F1_login_count,22.1,F5_on_time_rate,13.3,F6_inactive_days,10.8,14,F1 login count (22.1%) and F5 on time rate (13.3%),1376,0.37171272613400835,0.5278567854982005,0.2818899576828357,0.23727509100997018,8,0.7107,HIGH
1377,OULAD_TEST_1377,0,0.7348,0.5119,0.747,0.7263,0.7348,HIGH,F1_login_count,17.6,F4_num_submitted,12.6,F6_inactive_days,12.5,17,F1 login count (17.6%) and F4 num submitted (12.6%),1377,0.6183504687396075,0.773020265183541,0.2720703331863595,0.41656730724983115,5,0.8332,HIGH
1378,OULAD_TEST_1378,0,0.587,0.472,0.4869,0.5536,0.587,MEDIUM,F1_login_count,18.2,F4_num_submitted,13.3,F6_inactive_days,13.2,17,F1 login count (18.2%) and F4 num submitted (13.3%),1378,0.35033844602631353,0.5168887795628233,0.2096240607456648,0.46980050833606724,7,0.7204,HIGH
1379,OULAD_TEST_1379,0,0.2033,0.4084,0.315,0.3339,0.2033,LOW,F1_login_count,24.2,F5_on_time_rate,15.8,F6_inactive_days,9.5,7,F1 login count (24.2%) and F5 on time rate (15.8%),1379,0.3249109713546936,0.14509087951944805,0.7182712790731379,0.15859810030499671,1,0.1867,LOW
1380,OULAD_TEST_1380,0,0.5308,0.647,0.7164,0.7932,0.5308,MEDIUM,F1_login_count,17.1,F6_inactive_days,14.5,F4_num_submitted,14.1,9,F1 login count (17.1%) and F6 inactive days (14.5%),1380,0.4393525871339269,0.3222546112717738,0.29038790785223034,0.45625090396769197,7,0.7236,HIGH
1381,OULAD_TEST_1381,0,0.6129,0.6109,0.5739,0.6599,0.6129,MEDIUM,F1_login_count,19.4,F4_num_submitted,14.0,F6_inactive_days,13.5,17,F1 login count (19.4%) and F4 num submitted (14.0%),1381,0.3802388591854297,0.4999522383747066,0.26138160739271593,0.40875047048562474,7,0.7348,HIGH
1382,OULAD_TEST_1382,0,0.2076,0.459,0.5329,0.4438,0.2076,LOW,F1_login_count,16.3,F6_inactive_days,13.3,F13_weeks_since_active,12.8,9,F1 login count (16.3%) and F6 inactive days (13.3%),1382,0.36105082132655036,0.1495490443671091,0.6869883123010048,0.0,2,0.2281,LOW
1383,OULAD_TEST_1383,1,0.9998,0.7523,0.9238,0.9784,0.9998,HIGH,F1_login_count,26.9,F5_on_time_rate,13.5,F4_num_submitted,10.2,13,F1 login count (26.9%) and F5 on time rate (13.5%),1383,0.639288507699666,0.9266543837025176,0.0,0.2973783592112718,10,0.9184,HIGH
1384,OULAD_TEST_1384,0,0.2164,0.415,0.5774,0.4546,0.2164,LOW,F6_inactive_days,14.0,F4_num_submitted,13.8,F1_login_count,13.6,14,F6 inactive days (14.0%) and F4 num submitted (13.8%),1384,0.2256895372009307,0.22093868992534832,0.6306374859335866,0.14769705140155084,2,0.2309,LOW
1385,OULAD_TEST_1385,1,0.9867,0.525,0.6158,0.8947,0.9867,HIGH,F1_login_count,24.7,F4_num_submitted,12.9,F6_inactive_days,12.8,14,F1 login count (24.7%) and F4 num submitted (12.9%),1385,0.7206192580406492,0.7443454702693906,0.0,0.5663488240378601,6,0.9085,HIGH
1386,OULAD_TEST_1386,0,0.1077,0.3899,0.172,0.1548,0.1077,LOW,F1_login_count,21.4,F6_inactive_days,13.2,F4_num_submitted,13.1,5,F1 login count (21.4%) and F6 inactive days (13.2%),1386,0.2055641289398798,0.105325350912883,0.7267768006703819,0.0,1,0.1164,LOW
1387,OULAD_TEST_1387,0,0.5088,0.5472,0.4079,0.3612,0.5088,MEDIUM,F1_login_count,17.9,F6_inactive_days,12.2,F4_num_submitted,12.1,8,F1 login count (17.9%) and F6 inactive days (12.2%),1387,0.5123111196726853,0.4862024937383243,0.15488608944765025,0.10120473004183467,3,0.5503,MEDIUM
1388,OULAD_TEST_1388,0,0.0719,0.2928,0.1197,0.0886,0.0719,LOW,F1_login_count,18.7,F4_num_submitted,15.6,F6_inactive_days,15.6,1,F1 login count (18.7%) and F4 num submitted (15.6%),1388,0.05353041490657666,0.18335750875102663,0.5595118184791917,0.0,0,0.0874,LOW
1389,OULAD_TEST_1389,0,0.0902,0.2791,0.1704,0.0506,0.0902,LOW,F1_login_count,21.3,F6_inactive_days,13.2,F4_num_submitted,13.1,1,F1 login count (21.3%) and F6 inactive days (13.2%),1389,0.0,0.14767031739312475,0.7894367006046838,0.030781021816226876,0,0.0688,LOW
1390,OULAD_TEST_1390,0,0.3434,0.576,0.625,0.695,0.3434,LOW,F1_login_count,24.6,F6_inactive_days,13.1,F5_on_time_rate,12.7,6,F1 login count (24.6%) and F6 inactive days (13.1%),1390,0.2863772142939116,0.3527577323449182,0.6289981405649051,0.2859453388447668,1,0.3246,LOW
1391,OULAD_TEST_1391,0,0.0729,0.2504,0.1126,0.0587,0.0729,LOW,F1_login_count,20.3,F6_inactive_days,13.9,F4_num_submitted,13.8,1,F1 login count (20.3%) and F6 inactive days (13.9%),1391,0.0,0.0667718795692131,0.650631329646848,0.0663757297881576,3,0.0996,LOW
1392,OULAD_TEST_1392,0,0.5772,0.6263,0.8114,0.6704,0.5772,MEDIUM,F1_login_count,20.3,F5_on_time_rate,13.7,F13_weeks_since_active,11.9,14,F1 login count (20.3%) and F5 on time rate (13.7%),1392,0.6053787247526623,0.521684960433876,0.31383716478288654,0.5392880696607275,7,0.7889,HIGH
1393,OULAD_TEST_1393,0,0.1323,0.3779,0.4924,0.3466,0.1323,LOW,F1_login_count,21.4,F5_on_time_rate,13.4,F13_weeks_since_active,10.0,14,F1 login count (21.4%) and F5 on time rate (13.4%),1393,0.10626353310827374,0.21241539205649268,0.7236319252902302,0.0,1,0.1352,LOW
1394,OULAD_TEST_1394,0,0.1715,0.5888,0.3574,0.3183,0.1715,LOW,F1_login_count,17.2,F13_weeks_since_active,13.6,F4_num_submitted,10.1,8,F1 login count (17.2%) and F13 weeks since active (13.6%),1394,0.08351784486878913,0.03915280820162803,0.7321217601658705,0.208627067046892,1,0.1369,LOW
1395,OULAD_TEST_1395,0,0.9202,0.677,0.8451,0.8623,0.9202,HIGH,F1_login_count,23.2,F5_on_time_rate,13.9,F4_num_submitted,8.7,14,F1 login count (23.2%) and F5 on time rate (13.9%),1395,0.6626080305864908,0.7542148538226435,0.0,0.5577958491754473,8,0.9064,HIGH
1396,OULAD_TEST_1396,1,0.9897,0.4453,0.7498,0.7856,0.9897,HIGH,F1_login_count,28.3,F5_on_time_rate,15.7,F6_inactive_days,8.8,16,F1 login count (28.3%) and F5 on time rate (15.7%),1396,0.5580773710470304,0.7794395000995008,0.0,0.6771802948942302,10,0.9123,HIGH
1397,OULAD_TEST_1397,0,0.4421,0.2388,0.4139,0.4857,0.4421,MEDIUM,F1_login_count,22.3,F5_on_time_rate,13.8,F6_inactive_days,12.9,12,F1 login count (22.3%) and F5 on time rate (13.8%),1397,0.21230859614893483,0.4061172494980899,0.41306206201501255,0.21287821640813476,3,0.3765,LOW
1398,OULAD_TEST_1398,0,0.3384,0.4632,0.5035,0.2937,0.3384,LOW,F1_login_count,18.3,F13_weeks_since_active,16.7,F5_on_time_rate,10.1,6,F1 login count (18.3%) and F13 weeks since active (16.7%),1398,0.3569213907944425,0.386057774052063,0.5995940197236049,0.33164164486687076,4,0.3786,LOW
1399,OULAD_TEST_1399,1,0.3343,0.4496,0.6736,0.4995,0.3343,LOW,F1_login_count,16.9,F4_num_submitted,14.1,F6_inactive_days,13.4,14,F1 login count (16.9%) and F4 num submitted (14.1%),1399,0.1683205721028604,0.23639705706231406,0.7824030483721496,0.23600697100142912,2,0.2504,LOW
1400,OULAD_TEST_1400,0,0.0325,0.2467,0.1385,0.1796,0.0325,LOW,F1_login_count,17.4,F6_inactive_days,13.5,F5_on_time_rate,12.9,1,F1 login count (17.4%) and F6 inactive days (13.5%),1400,0.0,0.0,0.7511994273190282,0.0,0,0.0659,LOW
1401,OULAD_TEST_1401,0,0.3229,0.4294,0.3804,0.4137,0.3229,LOW,F1_login_count,17.8,F13_weeks_since_active,15.9,F5_on_time_rate,13.0,8,F1 login count (17.8%) and F13 weeks since active (15.9%),1401,0.27969527525272864,0.2414873403980424,0.4009822537896012,0.19229711653041742,3,0.3358,LOW
1402,OULAD_TEST_1402,1,0.7062,0.3623,0.3023,0.4577,0.7062,HIGH,F1_login_count,19.5,F4_num_submitted,16.6,F6_inactive_days,16.5,17,F1 login count (19.5%) and F4 num submitted (16.6%),1402,0.6129104154662997,0.6733478985613927,0.2752668077201298,0.3949732969275481,6,0.7657,HIGH
1403,OULAD_TEST_1403,0,0.2719,0.3616,0.5164,0.3578,0.2719,LOW,F1_login_count,22.2,F5_on_time_rate,13.5,F4_num_submitted,11.6,17,F1 login count (22.2%) and F5 on time rate (13.5%),1403,0.26222533106650664,0.2741253922359903,0.714579578954071,0.22184140207653522,3,0.259,LOW
1404,OULAD_TEST_1404,1,0.379,0.6849,0.5669,0.8374,0.379,LOW,F1_login_count,24.0,F6_inactive_days,12.7,F4_num_submitted,12.2,13,F1 login count (24.0%) and F6 inactive days (12.7%),1404,0.36490476858058163,0.3564048998248461,0.5076014120979501,0.08582679007505897,2,0.3719,LOW
1405,OULAD_TEST_1405,0,0.1455,0.2453,0.3625,0.4629,0.1455,LOW,F1_login_count,21.1,F5_on_time_rate,14.7,F6_inactive_days,13.6,13,F1 login count (21.1%) and F5 on time rate (14.7%),1405,0.026170491143053906,0.10127553585004162,0.5929351454845708,0.08377779574611664,2,0.1587,LOW
1406,OULAD_TEST_1406,0,0.156,0.5628,0.3113,0.3356,0.156,LOW,F1_login_count,22.7,F5_on_time_rate,13.2,F13_weeks_since_active,11.8,8,F1 login count (22.7%) and F5 on time rate (13.2%),1406,0.0,0.03027754110241708,0.7709993941480019,0.1410368703179197,3,0.1528,LOW
1407,OULAD_TEST_1407,1,0.9951,0.3592,0.6952,0.7189,0.9951,HIGH,F1_login_count,29.2,F5_on_time_rate,15.0,F13_weeks_since_active,10.2,10,F1 login count (29.2%) and F5 on time rate (15.0%),1407,0.8467033651955486,0.8870585457299573,0.0702745618498435,0.601022796863164,8,0.9206,HIGH
1408,OULAD_TEST_1408,1,0.9925,0.6052,0.5382,0.8802,0.9925,HIGH,F1_login_count,19.7,F4_num_submitted,15.9,F6_inactive_days,15.1,17,F1 login count (19.7%) and F4 num submitted (15.9%),1408,0.6624820161157864,0.7768824551972301,0.0,0.7571329493266795,9,0.9185,HIGH
1409,OULAD_TEST_1409,0,0.6188,0.3693,0.2575,0.1195,0.6188,MEDIUM,F1_login_count,25.7,F5_on_time_rate,11.2,F6_inactive_days,10.7,8,F1 login count (25.7%) and F5 on time rate (11.2%),1409,0.4080766983544952,0.7007077386704366,0.34310256175343423,0.4641627328885263,6,0.6922,MEDIUM
1410,OULAD_TEST_1410,1,0.539,0.4832,0.8537,0.8352,0.539,MEDIUM,F1_login_count,19.0,F13_weeks_since_active,14.9,F5_on_time_rate,12.2,15,F1 login count (19.0%) and F13 weeks since active (14.9%),1410,0.5101194141849058,0.5037905766683612,0.4685265567658873,0.32250230439111044,4,0.7299,HIGH
1411,OULAD_TEST_1411,0,0.1037,0.3006,0.0675,0.0688,0.1037,LOW,F6_inactive_days,12.7,F4_num_submitted,12.6,F5_on_time_rate,11.7,1,F6 inactive days (12.7%) and F4 num submitted (12.6%),1411,0.128213000940066,0.041693135795683914,0.8352290042558894,0.08822269169972077,1,0.0875,LOW
1412,OULAD_TEST_1412,1,0.8676,0.5212,0.8447,0.6578,0.8676,HIGH,F1_login_count,19.6,F4_num_submitted,14.5,F6_inactive_days,14.0,6,F1 login count (19.6%) and F4 num submitted (14.5%),1412,0.6529087772081608,0.6885491802089098,0.09927510246905438,0.55603986617784,9,0.882,HIGH
1413,OULAD_TEST_1413,0,0.191,0.3434,0.2637,0.2403,0.191,LOW,F1_login_count,24.9,F6_inactive_days,13.9,F5_on_time_rate,13.9,15,F1 login count (24.9%) and F6 inactive days (13.9%),1413,0.3502002344901084,0.15491446347091292,0.6113920553820681,0.16299595250001886,3,0.224,LOW
1414,OULAD_TEST_1414,0,0.1049,0.4112,0.3142,0.1753,0.1049,LOW,F1_login_count,17.4,F4_num_submitted,13.7,F6_inactive_days,13.5,1,F1 login count (17.4%) and F4 num submitted (13.7%),1414,0.009078176961985693,0.07000484623826,0.8388073822081263,0.0,0,0.0765,LOW
1415,OULAD_TEST_1415,0,0.5467,0.4601,0.5956,0.7258,0.5467,MEDIUM,F1_login_count,23.7,F6_inactive_days,11.9,F4_num_submitted,11.8,12,F1 login count (23.7%) and F6 inactive days (11.9%),1415,0.4754740128081237,0.5540417020423963,0.24162394970191156,0.29183684450767833,4,0.7181,HIGH
1416,OULAD_TEST_1416,1,0.954,0.6525,0.8085,0.897,0.954,HIGH,F4_num_submitted,16.9,F1_login_count,16.3,F6_inactive_days,16.3,17,F4 num submitted (16.9%) and F1 login count (16.3%),1416,0.6735013124897083,0.8258132935795237,0.08065792909210057,0.39426731181678876,9,0.9041,HIGH
1417,OULAD_TEST_1417,1,0.9991,0.4584,0.4821,0.384,0.9991,HIGH,F6_inactive_days,18.3,F4_num_submitted,18.0,F1_login_count,15.6,17,F6 inactive days (18.3%) and F4 num submitted (18.0%),1417,0.7262292278863256,0.7907044608873177,0.0,0.7528537136951383,8,0.8987,HIGH
1418,OULAD_TEST_1418,1,0.5961,0.3942,0.6423,0.3832,0.5961,MEDIUM,F6_inactive_days,15.4,F4_num_submitted,14.1,F1_login_count,12.6,17,F6 inactive days (15.4%) and F4 num submitted (14.1%),1418,0.5701168426412532,0.6579202548124625,0.42965762722596035,0.35035805759964866,6,0.7306,HIGH
1419,OULAD_TEST_1419,0,0.0438,0.2623,0.1177,0.0827,0.0438,LOW,F6_inactive_days,18.1,F4_num_submitted,17.5,F1_login_count,12.9,1,F6 inactive days (18.1%) and F4 num submitted (17.5%),1419,0.08144357562896237,0.04117466652161781,0.7391554484388839,0.003079086038445266,0,0.0686,LOW
1420,OULAD_TEST_1420,0,0.2875,0.5083,0.4508,0.3856,0.2875,LOW,F1_login_count,19.2,F13_weeks_since_active,15.7,F5_on_time_rate,15.4,6,F1 login count (19.2%) and F13 weeks since active (15.7%),1420,0.2550796079049633,0.3058821740775117,0.696858323564747,0.2801156798439882,6,0.3699,LOW
1421,OULAD_TEST_1421,0,0.2253,0.4073,0.3543,0.4026,0.2253,LOW,F6_inactive_days,15.0,F4_num_submitted,14.7,F5_on_time_rate,14.5,9,F6 inactive days (15.0%) and F4 num submitted (14.7%),1421,0.2649607337309802,0.14284687940441926,0.6689012756355527,0.18585897569398496,4,0.2724,LOW
1422,OULAD_TEST_1422,0,0.2346,0.4575,0.3602,0.3478,0.2346,LOW,F1_login_count,16.7,F5_on_time_rate,12.6,F13_weeks_since_active,12.0,7,F1 login count (16.7%) and F5 on time rate (12.6%),1422,0.12772472704571147,0.22845925021956187,0.489997976993807,0.005323858274495136,2,0.2177,LOW
1423,OULAD_TEST_1423,1,0.71,0.6995,0.6489,0.7982,0.71,HIGH,F1_login_count,23.3,F5_on_time_rate,13.0,F6_inactive_days,8.7,12,F1 login count (23.3%) and F5 on time rate (13.0%),1423,0.4130790332660993,0.6283887992914555,0.37446277320772436,0.41749135649671576,8,0.7909,HIGH
1424,OULAD_TEST_1424,1,0.6968,0.6713,0.8263,0.8506,0.6968,MEDIUM,F1_login_count,27.7,F5_on_time_rate,15.4,F6_inactive_days,10.1,15,F1 login count (27.7%) and F5 on time rate (15.4%),1424,0.3832790805978966,0.4411080566323077,0.397684526642773,0.37785996321283377,4,0.7597,HIGH
1425,OULAD_TEST_1425,0,0.2339,0.5,0.2745,0.2813,0.2339,LOW,F1_login_count,19.8,F5_on_time_rate,12.6,F4_num_submitted,9.5,17,F1 login count (19.8%) and F5 on time rate (12.6%),1425,0.0,0.3600370088368512,0.7011086492599217,0.0,6,0.2714,LOW
1426,OULAD_TEST_1426,0,0.3566,0.6517,0.6591,0.5674,0.3566,LOW,F1_login_count,18.1,F6_inactive_days,14.1,F4_num_submitted,13.8,11,F1 login count (18.1%) and F6 inactive days (14.1%),1426,0.4552407129940322,0.40636155687380376,0.43856121349637794,0.13112685201153543,2,0.3921,LOW
1427,OULAD_TEST_1427,0,0.1098,0.2721,0.1604,0.2342,0.1098,LOW,F1_login_count,17.2,F6_inactive_days,13.6,F4_num_submitted,13.3,7,F1 login count (17.2%) and F6 inactive days (13.6%),1427,0.0,0.06155437470832099,0.6815586045642591,0.04385516135802413,0,0.0883,LOW
1428,OULAD_TEST_1428,1,0.1165,0.3912,0.3465,0.312,0.1165,LOW,F1_login_count,15.5,F13_weeks_since_active,14.9,F5_on_time_rate,11.0,7,F1 login count (15.5%) and F13 weeks since active (14.9%),1428,0.05942463764142279,0.010843420763531564,0.7213427217405759,0.056105888220978894,0,0.0974,LOW
1429,OULAD_TEST_1429,1,0.5177,0.4816,0.5927,0.5951,0.5177,MEDIUM,F1_login_count,24.0,F5_on_time_rate,10.8,F6_inactive_days,10.2,6,F1 login count (24.0%) and F5 on time rate (10.8%),1429,0.33470867001110793,0.4678499291042842,0.31546896006685665,0.13275222915872298,5,0.601,MEDIUM
1430,OULAD_TEST_1430,0,0.0323,0.2212,0.207,0.0624,0.0323,LOW,F6_inactive_days,17.0,F4_num_submitted,15.3,F1_login_count,15.0,1,F6 inactive days (17.0%) and F4 num submitted (15.3%),1430,0.053350669780910076,0.03439081595315173,0.9433946572463205,0.15757986996569706,0,0.0563,LOW
1431,OULAD_TEST_1431,0,0.0918,0.2063,0.4559,0.3606,0.0918,LOW,F4_num_submitted,15.2,F6_inactive_days,14.2,F5_on_time_rate,12.8,1,F4 num submitted (15.2%) and F6 inactive days (14.2%),1431,0.14583372125392968,0.10648351588505836,0.7409926471726038,0.04282763293302733,1,0.1148,LOW
1432,OULAD_TEST_1432,1,0.9964,0.581,0.4521,0.5277,0.9964,HIGH,F1_login_count,26.8,F5_on_time_rate,15.2,F6_inactive_days,10.5,17,F1 login count (26.8%) and F5 on time rate (15.2%),1432,0.7835273488359744,0.8622661916955271,0.0,0.6023463691992674,9,0.9039,HIGH
1433,OULAD_TEST_1433,0,0.2361,0.7526,0.5407,0.4926,0.2361,LOW,F1_login_count,24.4,F5_on_time_rate,16.8,F13_weeks_since_active,15.0,5,F1 login count (24.4%) and F5 on time rate (16.8%),1433,0.10696225614310614,0.2411842791444741,0.6450555812756221,0.18973699660078042,0,0.1979,LOW
1434,OULAD_TEST_1434,0,0.0111,0.1604,0.07,0.0402,0.0111,LOW,F6_inactive_days,19.1,F4_num_submitted,17.2,F1_login_count,12.9,1,F6 inactive days (19.1%) and F4 num submitted (17.2%),1434,0.0,0.12521945595134454,0.7563042603182687,0.0,0,0.0566,LOW
1435,OULAD_TEST_1435,0,0.1706,0.4759,0.3103,0.2896,0.1706,LOW,F1_login_count,24.2,F5_on_time_rate,14.9,F6_inactive_days,10.2,8,F1 login count (24.2%) and F5 on time rate (14.9%),1435,0.14767799504882997,0.19045825641029168,0.6560273443881554,0.15712271677592354,2,0.1811,LOW
1436,OULAD_TEST_1436,0,0.3102,0.2209,0.2182,0.2335,0.3102,LOW,F5_on_time_rate,14.8,F4_num_submitted,14.3,F6_inactive_days,13.8,17,F5 on time rate (14.8%) and F4 num submitted (14.3%),1436,0.19227088738164527,0.17969756008720467,0.51497806342143,0.14207104247781802,1,0.1853,LOW
1437,OULAD_TEST_1437,1,0.9978,0.4615,0.6026,0.5598,0.9978,HIGH,F1_login_count,23.4,F5_on_time_rate,15.0,F6_inactive_days,12.7,17,F1 login count (23.4%) and F5 on time rate (15.0%),1437,0.8591945576019993,0.9571350282169963,0.08246464166066872,0.491089735122337,8,0.9088,HIGH
1438,OULAD_TEST_1438,0,0.4146,0.561,0.613,0.5958,0.4146,MEDIUM,F1_login_count,24.7,F5_on_time_rate,13.7,F6_inactive_days,12.1,8,F1 login count (24.7%) and F5 on time rate (13.7%),1438,0.33931749516382514,0.483659165079063,0.5802887778553381,0.3175736992026479,5,0.5761,MEDIUM
1439,OULAD_TEST_1439,1,0.9998,0.8096,0.9138,0.9834,0.9998,HIGH,F1_login_count,20.1,F4_num_submitted,16.4,F6_inactive_days,15.4,15,F1 login count (20.1%) and F4 num submitted (16.4%),1439,0.7733477786049817,1.0,0.02846531622586536,0.778880863056217,13,0.9486,HIGH
1440,OULAD_TEST_1440,0,0.157,0.3395,0.4602,0.36,0.157,LOW,F6_inactive_days,14.2,F1_login_count,14.0,F5_on_time_rate,13.5,16,F6 inactive days (14.2%) and F1 login count (14.0%),1440,0.1761881268667413,0.04357047734083215,0.6404688812861841,0.1811795248182998,2,0.1652,LOW
1441,OULAD_TEST_1441,1,0.9989,0.7848,0.9191,0.9352,0.9989,HIGH,F1_login_count,18.1,F4_num_submitted,15.4,F6_inactive_days,14.1,10,F1 login count (18.1%) and F4 num submitted (15.4%),1441,0.8165773857485326,0.868495561052022,0.0,0.7100973078168517,8,0.939,HIGH
1442,OULAD_TEST_1442,1,0.2703,0.5336,0.4549,0.3033,0.2703,LOW,F1_login_count,18.3,F6_inactive_days,14.6,F4_num_submitted,13.8,11,F1 login count (18.3%) and F6 inactive days (14.6%),1442,0.2073121558703707,0.06318710374488101,0.5857199616577629,0.09970432721252412,2,0.2065,LOW
1443,OULAD_TEST_1443,0,0.0343,0.3685,0.0922,0.0657,0.0343,LOW,F1_login_count,20.1,F6_inactive_days,14.7,F4_num_submitted,13.5,16,F1 login count (20.1%) and F6 inactive days (14.7%),1443,0.0,0.07340693251033673,0.6923169960135164,0.0,0,0.0688,LOW
1444,OULAD_TEST_1444,0,0.0559,0.2078,0.1209,0.1261,0.0559,LOW,F1_login_count,17.0,F6_inactive_days,14.3,F4_num_submitted,13.1,1,F1 login count (17.0%) and F6 inactive days (14.3%),1444,0.07909879517526416,0.003658976146658187,0.8131728648571236,0.21235650265198092,0,0.0704,LOW
1445,OULAD_TEST_1445,0,0.7083,0.4945,0.4431,0.556,0.7083,HIGH,F1_login_count,20.7,F5_on_time_rate,15.3,F6_inactive_days,12.2,11,F1 login count (20.7%) and F5 on time rate (15.3%),1445,0.43067431062081707,0.7559306635859963,0.2793642323860466,0.6715217867285712,8,0.8068,HIGH
1446,OULAD_TEST_1446,1,0.8343,0.8385,0.9396,0.9245,0.8343,HIGH,F1_login_count,20.0,F5_on_time_rate,13.3,F4_num_submitted,12.8,14,F1 login count (20.0%) and F5 on time rate (13.3%),1446,0.5311483318250243,0.6471858023985134,0.2866041239776673,0.6857168128523619,8,0.8806,HIGH
1447,OULAD_TEST_1447,1,0.7979,0.6346,0.7653,0.7183,0.7979,HIGH,F1_login_count,17.1,F6_inactive_days,15.7,F4_num_submitted,15.6,9,F1 login count (17.1%) and F6 inactive days (15.7%),1447,0.6171664018755093,0.543080356962619,0.28721497802884743,0.43844568732243006,9,0.836,HIGH
1448,OULAD_TEST_1448,1,0.9933,0.4042,0.4776,0.5556,0.9933,HIGH,F1_login_count,25.5,F5_on_time_rate,14.8,F6_inactive_days,10.2,14,F1 login count (25.5%) and F5 on time rate (14.8%),1448,0.8191383071433636,0.8066039007437984,0.0,0.45742387935253864,9,0.896,HIGH
1449,OULAD_TEST_1449,1,0.1145,0.2737,0.2174,0.2245,0.1145,LOW,F1_login_count,21.9,F6_inactive_days,12.3,F4_num_submitted,10.8,1,F1 login count (21.9%) and F6 inactive days (12.3%),1449,0.08227715767360616,0.0,0.7904298374508965,0.0,3,0.1174,LOW
1450,OULAD_TEST_1450,0,0.1388,0.436,0.1738,0.2218,0.1388,LOW,F1_login_count,22.5,F5_on_time_rate,13.6,F6_inactive_days,10.2,6,F1 login count (22.5%) and F5 on time rate (13.6%),1450,0.12804330125989638,0.1780679563605848,0.5938646616905529,0.0,1,0.1418,LOW
1451,OULAD_TEST_1451,0,0.0841,0.3027,0.1136,0.0875,0.0841,LOW,F6_inactive_days,15.7,F4_num_submitted,15.5,F1_login_count,13.5,1,F6 inactive days (15.7%) and F4 num submitted (15.5%),1451,0.22909149446352378,0.0,0.802313210094085,0.03757456579079455,0,0.0823,LOW
1452,OULAD_TEST_1452,1,0.3853,0.5326,0.364,0.3653,0.3853,LOW,F1_login_count,19.6,F4_num_submitted,11.5,F5_on_time_rate,10.9,13,F1 login count (19.6%) and F4 num submitted (11.5%),1452,0.29378531794885676,0.3297816064946527,0.4400985801239892,0.4238613549698945,7,0.5137,MEDIUM
1453,OULAD_TEST_1453,0,0.8926,0.627,0.6553,0.7994,0.8926,HIGH,F1_login_count,21.7,F13_weeks_since_active,12.7,F5_on_time_rate,10.9,12,F1 login count (21.7%) and F13 weeks since active (12.7%),1453,0.8849883114180395,0.5924850544115041,0.0,0.5185604841753307,6,0.8937,HIGH
1454,OULAD_TEST_1454,0,0.2407,0.4469,0.3931,0.2853,0.2407,LOW,F1_login_count,22.0,F5_on_time_rate,16.0,F13_weeks_since_active,12.5,6,F1 login count (22.0%) and F5 on time rate (16.0%),1454,0.22504096456315442,0.17897117563706866,0.6354445342697405,0.18069874804179298,1,0.1868,LOW
1455,OULAD_TEST_1455,0,0.4147,0.5205,0.4766,0.5685,0.4147,MEDIUM,F1_login_count,26.1,F5_on_time_rate,15.7,F6_inactive_days,10.8,8,F1 login count (26.1%) and F5 on time rate (15.7%),1455,0.11421372408441821,0.4839652524643627,0.20078328718458588,0.413891635716505,3,0.444,MEDIUM
1456,OULAD_TEST_1456,0,0.065,0.4269,0.1463,0.1032,0.065,LOW,F1_login_count,15.2,F6_inactive_days,14.7,F4_num_submitted,13.2,9,F1 login count (15.2%) and F6 inactive days (14.7%),1456,0.12083416211045325,0.0841018313148636,0.5729024425594773,0.0,4,0.1478,LOW
1457,OULAD_TEST_1457,0,0.4923,0.3962,0.4122,0.6059,0.4923,MEDIUM,F6_inactive_days,15.5,F4_num_submitted,15.2,F1_login_count,13.8,17,F6 inactive days (15.5%) and F4 num submitted (15.2%),1457,0.38272583848827774,0.34937551160280533,0.38841081162257174,0.5396437748063514,7,0.6734,MEDIUM
1458,OULAD_TEST_1458,1,0.0242,0.577,0.1265,0.0529,0.0242,LOW,F6_inactive_days,18.8,F4_num_submitted,16.9,F1_login_count,12.8,8,F6 inactive days (18.8%) and F4 num submitted (16.9%),1458,0.14591527540827454,0.01807372088487328,0.7888841766634842,0.25357132889969436,2,0.1017,LOW
1459,OULAD_TEST_1459,0,0.0302,0.358,0.0818,0.0358,0.0302,LOW,F1_login_count,19.5,F6_inactive_days,12.3,F4_num_submitted,11.1,2,F1 login count (19.5%) and F6 inactive days (12.3%),1459,0.08845813512699585,0.02711134976355573,0.7389081229841812,0.002386639358342081,0,0.0676,LOW
1460,OULAD_TEST_1460,0,0.1751,0.3375,0.3933,0.4944,0.1751,LOW,F13_weeks_since_active,15.3,F1_login_count,13.2,F5_on_time_rate,10.5,15,F13 weeks since active (15.3%) and F1 login count (13.2%),1460,0.10872440160162261,0.18664542766747244,0.5019763701282401,0.03575588831769447,5,0.2747,LOW
1461,OULAD_TEST_1461,1,0.1677,0.3986,0.307,0.2673,0.1677,LOW,F1_login_count,20.5,F6_inactive_days,12.4,F5_on_time_rate,12.1,2,F1 login count (20.5%) and F6 inactive days (12.4%),1461,0.0,0.033196330937533866,0.5840508157861495,0.18428856556683754,2,0.1412,LOW
1462,OULAD_TEST_1462,1,0.1143,0.5181,0.4378,0.4341,0.1143,LOW,F13_weeks_since_active,16.9,F1_login_count,12.0,F4_num_submitted,11.7,5,F13 weeks since active (16.9%) and F1 login count (12.0%),1462,0.05910767427139747,0.14456038190778644,0.7476809327237395,0.02687700689773704,2,0.1555,LOW
1463,OULAD_TEST_1463,0,0.0641,0.365,0.402,0.2439,0.0641,LOW,F6_inactive_days,14.8,F4_num_submitted,14.5,F13_weeks_since_active,10.8,1,F6 inactive days (14.8%) and F4 num submitted (14.5%),1463,0.0,0.0,0.8068981770628363,0.0,0,0.0715,LOW
1464,OULAD_TEST_1464,0,0.5407,0.5323,0.2036,0.2043,0.5407,MEDIUM,F1_login_count,26.2,F6_inactive_days,13.0,F4_num_submitted,12.6,5,F1 login count (26.2%) and F6 inactive days (13.0%),1464,0.32043765501952765,0.40920423581089516,0.36581768824040595,0.4781686384227576,5,0.5674,MEDIUM
1465,OULAD_TEST_1465,0,0.257,0.6044,0.396,0.2699,0.257,LOW,F1_login_count,15.8,F13_weeks_since_active,12.5,F5_on_time_rate,11.3,8,F1 login count (15.8%) and F13 weeks since active (12.5%),1465,0.23875784044206097,0.17938809260387645,0.7100833781036989,0.3001736864732496,2,0.2172,LOW
1466,OULAD_TEST_1466,1,0.9991,0.6283,0.7185,0.8065,0.9991,HIGH,F1_login_count,25.3,F5_on_time_rate,14.7,F4_num_submitted,11.4,17,F1 login count (25.3%) and F5 on time rate (14.7%),1466,0.8663604504351405,0.899901146085699,0.04045970234592344,0.6181213924516273,9,0.9294,HIGH
1467,OULAD_TEST_1467,0,0.4436,0.5415,0.5003,0.339,0.4436,MEDIUM,F1_login_count,20.8,F6_inactive_days,11.8,F5_on_time_rate,9.8,16,F1 login count (20.8%) and F6 inactive days (11.8%),1467,0.3499871529822981,0.37887046821414955,0.3703744346041788,0.11461622955261866,5,0.4615,MEDIUM
1468,OULAD_TEST_1468,0,0.585,0.5655,0.7147,0.7631,0.585,MEDIUM,F1_login_count,24.6,F5_on_time_rate,11.8,F4_num_submitted,11.5,8,F1 login count (24.6%) and F5 on time rate (11.8%),1468,0.2899116937964815,0.38480495569149703,0.3039497946588383,0.20345684985391366,6,0.6817,MEDIUM
1469,OULAD_TEST_1469,0,0.4626,0.5237,0.678,0.6105,0.4626,MEDIUM,F13_weeks_since_active,17.1,F1_login_count,15.8,F5_on_time_rate,11.3,6,F13 weeks since active (17.1%) and F1 login count (15.8%),1469,0.3682802668220141,0.3144105499346388,0.2896333842792146,0.2904275146102983,4,0.5737,MEDIUM
1470,OULAD_TEST_1470,0,0.112,0.6723,0.3579,0.3017,0.112,LOW,F1_login_count,17.2,F13_weeks_since_active,12.0,F7_score_change,9.6,4,F1 login count (17.2%) and F13 weeks since active (12.0%),1470,0.19806314866456512,0.11109440076379254,0.6995861009608584,0.00721547585939613,3,0.1833,LOW
1471,OULAD_TEST_1471,0,0.3118,0.4632,0.4142,0.4017,0.3118,LOW,F13_weeks_since_active,17.3,F1_login_count,14.5,F5_on_time_rate,12.3,11,F13 weeks since active (17.3%) and F1 login count (14.5%),1471,0.15728170956806178,0.2587046126508355,0.6617700619221338,0.14614884814300702,0,0.1982,LOW
1472,OULAD_TEST_1472,0,0.0487,0.422,0.2341,0.1472,0.0487,LOW,F6_inactive_days,16.8,F4_num_submitted,16.3,F1_login_count,15.7,8,F6 inactive days (16.8%) and F4 num submitted (16.3%),1472,0.020688283332708224,0.0,0.8295690084710968,0.15185557860720042,1,0.0785,LOW
1473,OULAD_TEST_1473,0,0.8637,0.6523,0.8624,0.8522,0.8637,HIGH,F1_login_count,19.9,F6_inactive_days,11.8,F4_num_submitted,11.6,11,F1 login count (19.9%) and F6 inactive days (11.8%),1473,0.6060588194729196,0.6956782968390417,0.2492409325919122,0.606201518090707,9,0.8859,HIGH
1474,OULAD_TEST_1474,0,0.2661,0.4119,0.3757,0.283,0.2661,LOW,F1_login_count,18.5,F6_inactive_days,15.7,F4_num_submitted,14.1,13,F1 login count (18.5%) and F6 inactive days (15.7%),1474,0.10778016869177598,0.28187843977274313,0.5568314756201007,0.32503712165971355,4,0.27,LOW
1475,OULAD_TEST_1475,0,0.4921,0.5685,0.8569,0.705,0.4921,MEDIUM,F1_login_count,21.7,F5_on_time_rate,12.9,F6_inactive_days,12.4,8,F1 login count (21.7%) and F5 on time rate (12.9%),1475,0.40929804338438586,0.3768695941704628,0.5409299794514257,0.17638521319472905,4,0.6379,MEDIUM
1476,OULAD_TEST_1476,0,0.082,0.2861,0.243,0.1322,0.082,LOW,F1_login_count,12.8,F13_weeks_since_active,12.0,F7_score_change,10.0,1,F1 login count (12.8%) and F13 weeks since active (12.0%),1476,0.04530518513922184,0.06265270047767413,0.715069577355203,0.008017011757594568,1,0.0849,LOW
1477,OULAD_TEST_1477,1,0.5695,0.3327,0.2594,0.4615,0.5695,MEDIUM,F1_login_count,14.0,F6_inactive_days,14.0,F4_num_submitted,12.6,13,F1 login count (14.0%) and F6 inactive days (14.0%),1477,0.44060324439070275,0.6576699270464434,0.49155850825698943,0.43277780345521355,7,0.698,MEDIUM
1478,OULAD_TEST_1478,0,0.0389,0.3987,0.1359,0.054,0.0389,LOW,F1_login_count,16.7,F6_inactive_days,11.9,F4_num_submitted,10.5,1,F1 login count (16.7%) and F6 inactive days (11.9%),1478,0.0,0.0,0.7666943252557876,0.077109400921547,2,0.081,LOW
1479,OULAD_TEST_1479,1,0.0299,0.2751,0.2221,0.1291,0.0299,LOW,F6_inactive_days,15.4,F1_login_count,15.2,F4_num_submitted,14.2,8,F6 inactive days (15.4%) and F1 login count (15.2%),1479,0.0,0.0,0.8468031373804277,0.2018256459105146,0,0.061,LOW
1480,OULAD_TEST_1480,0,0.8211,0.7184,0.611,0.5202,0.8211,HIGH,F1_login_count,23.0,F5_on_time_rate,12.3,F6_inactive_days,10.9,5,F1 login count (23.0%) and F5 on time rate (12.3%),1480,0.6470081357827772,0.7606221731838885,0.29063123643098554,0.5431244047084883,8,0.8455,HIGH
1481,OULAD_TEST_1481,0,0.5563,0.6333,0.6752,0.6946,0.5563,MEDIUM,F1_login_count,24.1,F5_on_time_rate,13.2,F6_inactive_days,11.8,9,F1 login count (24.1%) and F5 on time rate (13.2%),1481,0.35212668479082326,0.41856355509647175,0.3356172371418794,0.5555530924926663,8,0.7323,HIGH
1482,OULAD_TEST_1482,0,0.1636,0.5779,0.3178,0.2132,0.1636,LOW,F1_login_count,22.8,F5_on_time_rate,13.2,F13_weeks_since_active,10.6,8,F1 login count (22.8%) and F5 on time rate (13.2%),1482,0.28721638512334047,0.11360099778059037,0.6909588987544175,0.16296213620677688,0,0.1429,LOW
1483,OULAD_TEST_1483,0,0.0387,0.3419,0.0671,0.0536,0.0387,LOW,F1_login_count,18.5,F6_inactive_days,12.3,F4_num_submitted,11.3,1,F1 login count (18.5%) and F6 inactive days (12.3%),1483,0.0,0.0,0.8979263425206303,0.1506800937106392,0,0.0574,LOW
1484,OULAD_TEST_1484,0,0.0559,0.3677,0.1112,0.1625,0.0559,LOW,F1_login_count,22.3,F6_inactive_days,14.0,F4_num_submitted,13.5,5,F1 login count (22.3%) and F6 inactive days (14.0%),1484,0.06159847257518859,0.026730988738598995,0.7419796836069937,0.0,2,0.0995,LOW
1485,OULAD_TEST_1485,0,0.0236,0.2086,0.0555,0.043,0.0236,LOW,F1_login_count,18.4,F6_inactive_days,11.5,F4_num_submitted,10.7,1,F1 login count (18.4%) and F6 inactive days (11.5%),1485,0.109779083187309,0.1479430489677073,0.649030771749384,0.015874465426078687,1,0.0825,LOW
1486,OULAD_TEST_1486,0,0.0191,0.2421,0.2066,0.0922,0.0191,LOW,F1_login_count,15.5,F5_on_time_rate,14.0,F6_inactive_days,12.7,1,F1 login count (15.5%) and F5 on time rate (14.0%),1486,0.0,0.08040527668944955,0.9990207054584911,0.12077332846073703,0,0.0536,LOW
1487,OULAD_TEST_1487,0,0.0618,0.4825,0.2256,0.1111,0.0618,LOW,F1_login_count,21.6,F6_inactive_days,13.1,F4_num_submitted,12.6,5,F1 login count (21.6%) and F6 inactive days (13.1%),1487,0.0,0.12150788095095816,0.7035835535662864,0.23063738047116653,0,0.0838,LOW
1488,OULAD_TEST_1488,0,0.5292,0.4495,0.4077,0.5988,0.5292,MEDIUM,F1_login_count,21.3,F6_inactive_days,13.8,F4_num_submitted,12.8,16,F1 login count (21.3%) and F6 inactive days (13.8%),1488,0.2178743685429905,0.3365218355365883,0.3925156050937543,0.4050284339172903,3,0.5396,MEDIUM
1489,OULAD_TEST_1489,1,0.856,0.6994,0.78,0.8067,0.856,HIGH,F1_login_count,14.6,F6_inactive_days,13.7,F4_num_submitted,12.8,13,F1 login count (14.6%) and F6 inactive days (13.7%),1489,0.7254584103427182,0.6355077010757704,0.23080066694511275,0.5036193873678456,7,0.8745,HIGH
1490,OULAD_TEST_1490,1,0.8946,0.5726,0.5287,0.5489,0.8946,HIGH,F1_login_count,22.3,F5_on_time_rate,12.8,F6_inactive_days,12.4,8,F1 login count (22.3%) and F5 on time rate (12.8%),1490,0.5710341854107552,0.5332837072411658,0.023470609626879864,0.7020402035434009,11,0.8669,HIGH
1491,OULAD_TEST_1491,0,0.1032,0.3452,0.235,0.1187,0.1032,LOW,F1_login_count,23.4,F6_inactive_days,13.5,F4_num_submitted,12.9,9,F1 login count (23.4%) and F6 inactive days (13.5%),1491,0.3280599285668252,0.02296953431337967,0.6166532086777871,0.0,0,0.1086,LOW
1492,OULAD_TEST_1492,1,0.0431,0.369,0.1579,0.1835,0.0431,LOW,F1_login_count,18.0,F6_inactive_days,12.8,F4_num_submitted,11.6,2,F1 login count (18.0%) and F6 inactive days (12.8%),1492,0.0,0.11317125491085268,0.7908937296774833,0.0,0,0.0759,LOW
1493,OULAD_TEST_1493,0,0.0896,0.5088,0.4057,0.2315,0.0896,LOW,F13_weeks_since_active,12.7,F7_score_change,11.1,F1_login_count,10.7,6,F13 weeks since active (12.7%) and F7 score change (11.1%),1493,0.08117513031970369,0.11751572125986967,0.5490123602087611,0.13555610684020666,0,0.1143,LOW
1494,OULAD_TEST_1494,0,0.0721,0.2609,0.2069,0.2146,0.0721,LOW,F13_weeks_since_active,12.3,F4_num_submitted,12.1,F5_on_time_rate,11.4,7,F13 weeks since active (12.3%) and F4 num submitted (12.1%),1494,0.20468099525678757,0.04356393896383009,0.713529392313208,0.04495300275037498,1,0.1069,LOW
1495,OULAD_TEST_1495,1,0.9818,0.6942,0.9101,0.964,0.9818,HIGH,F1_login_count,17.7,F4_num_submitted,15.3,F6_inactive_days,14.4,17,F1 login count (17.7%) and F4 num submitted (15.3%),1495,0.8878692888159123,0.8327459773025557,0.03906386643154059,0.6617416381348997,9,0.9384,HIGH
1496,OULAD_TEST_1496,1,0.9926,0.3895,0.5495,0.5054,0.9926,HIGH,F1_login_count,25.2,F6_inactive_days,12.5,F4_num_submitted,12.3,17,F1 login count (25.2%) and F6 inactive days (12.5%),1496,0.9009703576636398,0.7885991565939675,0.0,0.603288902691833,9,0.9092,HIGH
1497,OULAD_TEST_1497,0,0.1638,0.3776,0.2942,0.3266,0.1638,LOW,F13_weeks_since_active,13.7,F4_num_submitted,12.6,F6_inactive_days,12.4,7,F13 weeks since active (13.7%) and F4 num submitted (12.6%),1497,0.23549662305931424,0.15561071059214274,0.5146149056814254,0.16679348335246472,0,0.1664,LOW
1498,OULAD_TEST_1498,0,0.2993,0.5577,0.5013,0.4447,0.2993,LOW,F13_weeks_since_active,15.9,F1_login_count,12.9,F5_on_time_rate,12.3,6,F13 weeks since active (15.9%) and F1 login count (12.9%),1498,0.31191625258114625,0.31567526235844917,0.7199777956204013,0.08185166148081711,0,0.2285,LOW
1499,OULAD_TEST_1499,0,0.1333,0.455,0.4745,0.4667,0.1333,LOW,F6_inactive_days,17.7,F4_num_submitted,17.0,F1_login_count,13.7,16,F6 inactive days (17.7%) and F4 num submitted (17.0%),1499,0.1525626949201183,0.0,0.7037138153949176,0.14843833032956288,1,0.146,LOW
1500,OULAD_TEST_1500,1,0.9992,0.5115,0.7807,0.9315,0.9992,HIGH,F1_login_count,29.0,F5_on_time_rate,15.2,F4_num_submitted,9.7,13,F1 login count (29.0%) and F5 on time rate (15.2%),1500,0.7772761076166638,0.8732918150269878,0.14375521177617415,0.71884974338491,8,0.9305,HIGH
1501,OULAD_TEST_1501,1,0.9881,0.68,0.7178,0.7597,0.9881,HIGH,F1_login_count,24.3,F5_on_time_rate,15.7,F6_inactive_days,8.6,7,F1 login count (24.3%) and F5 on time rate (15.7%),1501,0.6365514283671465,0.9144797896763733,0.0,0.7393260724717479,13,0.9265,HIGH
1502,OULAD_TEST_1502,1,0.9995,0.7153,0.9706,0.9523,0.9995,HIGH,F1_login_count,19.7,F4_num_submitted,15.8,F6_inactive_days,14.9,15,F1 login count (19.7%) and F4 num submitted (15.8%),1502,0.6178301116577692,0.8163669768829305,0.0,0.841326515357844,6,0.9327,HIGH
1503,OULAD_TEST_1503,0,0.0713,0.3825,0.2428,0.1127,0.0713,LOW,F1_login_count,21.9,F6_inactive_days,13.8,F4_num_submitted,13.8,2,F1 login count (21.9%) and F6 inactive days (13.8%),1503,0.04957255425890479,0.11666104896964669,0.769878092025516,0.07207181322028638,0,0.0792,LOW
1504,OULAD_TEST_1504,0,0.1057,0.4318,0.3019,0.3469,0.1057,LOW,F1_login_count,19.7,F6_inactive_days,10.3,F5_on_time_rate,9.1,4,F1 login count (19.7%) and F6 inactive days (10.3%),1504,0.056971537747507156,0.31501735555780425,0.6938612873671781,0.09628933042166146,1,0.1496,LOW
1505,OULAD_TEST_1505,0,0.5099,0.5175,0.521,0.7082,0.5099,MEDIUM,F1_login_count,23.7,F6_inactive_days,14.2,F4_num_submitted,13.2,15,F1 login count (23.7%) and F6 inactive days (14.2%),1505,0.31160719506727247,0.42506757656104865,0.2743038542008642,0.12315930429913827,4,0.5493,MEDIUM
1506,OULAD_TEST_1506,0,0.4217,0.4785,0.2692,0.3334,0.4217,MEDIUM,F1_login_count,19.1,F4_num_submitted,15.5,F6_inactive_days,15.5,15,F1 login count (19.1%) and F4 num submitted (15.5%),1506,0.36482874474567156,0.3899095640004259,0.6096184258787496,0.18925063186338903,2,0.3363,LOW
1507,OULAD_TEST_1507,0,0.3861,0.4882,0.6437,0.7186,0.3861,LOW,F1_login_count,24.0,F5_on_time_rate,14.7,F13_weeks_since_active,12.4,14,F1 login count (24.0%) and F5 on time rate (14.7%),1507,0.36580052085705106,0.2691404333070887,0.4288929777106004,0.20849015111920646,2,0.411,MEDIUM
1508,OULAD_TEST_1508,1,0.3073,0.2501,0.3718,0.3024,0.3073,LOW,F1_login_count,19.5,F4_num_submitted,14.4,F6_inactive_days,14.2,7,F1 login count (19.5%) and F4 num submitted (14.4%),1508,0.22395068862918474,0.27570509300816404,0.3701333615204431,0.3104183462731626,1,0.2389,LOW
1509,OULAD_TEST_1509,1,0.3508,0.4262,0.3578,0.3879,0.3508,LOW,F1_login_count,15.8,F5_on_time_rate,15.3,F6_inactive_days,14.4,9,F1 login count (15.8%) and F5 on time rate (15.3%),1509,0.39331300810552616,0.3350017299985843,0.6521766053957333,0.1371598651092445,3,0.3408,LOW
1510,OULAD_TEST_1510,0,0.0219,0.4765,0.2158,0.1007,0.0219,LOW,F13_weeks_since_active,15.8,F1_login_count,13.7,F7_score_change,10.2,7,F13 weeks since active (15.8%) and F1 login count (13.7%),1510,0.0,0.03420238722161104,0.7320501984187378,0.10870080236985988,3,0.1015,LOW
1511,OULAD_TEST_1511,0,0.1798,0.3517,0.2066,0.37,0.1798,LOW,F1_login_count,26.2,F5_on_time_rate,13.6,F6_inactive_days,12.6,14,F1 login count (26.2%) and F5 on time rate (13.6%),1511,0.10649405407202817,0.07125437442329145,0.5953776107384376,0.10768539396439437,1,0.1562,LOW
1512,OULAD_TEST_1512,1,0.9654,0.412,0.6319,0.7333,0.9654,HIGH,F6_inactive_days,16.0,F4_num_submitted,15.9,F1_login_count,15.4,14,F6 inactive days (16.0%) and F4 num submitted (15.9%),1512,0.6040977679397195,0.837098941706036,0.0,0.5579798261862285,11,0.9032,HIGH
1513,OULAD_TEST_1513,0,0.2727,0.3487,0.2598,0.1274,0.2727,LOW,F1_login_count,24.4,F5_on_time_rate,11.5,F6_inactive_days,11.4,8,F1 login count (24.4%) and F5 on time rate (11.5%),1513,0.0042363382926939586,0.34877067509741094,0.7559341486596991,0.19348727629599077,3,0.1741,LOW
1514,OULAD_TEST_1514,0,0.3217,0.4971,0.6082,0.5775,0.3217,LOW,F1_login_count,22.3,F5_on_time_rate,13.5,F6_inactive_days,11.9,9,F1 login count (22.3%) and F5 on time rate (13.5%),1514,0.21692193141573005,0.3093358611611622,0.41369194127903125,0.1460812353296589,4,0.3797,LOW
1515,OULAD_TEST_1515,0,0.0435,0.3748,0.0991,0.0462,0.0435,LOW,F1_login_count,20.0,F6_inactive_days,13.1,F4_num_submitted,12.2,1,F1 login count (20.0%) and F6 inactive days (13.1%),1515,0.01827524916167164,0.11393397512574728,0.7710449480705651,0.0,0,0.0683,LOW
1516,OULAD_TEST_1516,0,0.4437,0.6915,0.6458,0.5985,0.4437,MEDIUM,F1_login_count,21.1,F5_on_time_rate,16.4,F6_inactive_days,9.8,9,F1 login count (21.1%) and F5 on time rate (16.4%),1516,0.4619349743242131,0.3581840423989897,0.5363020322540442,0.06164569130518624,3,0.4789,MEDIUM
1517,OULAD_TEST_1517,0,0.3012,0.8251,0.7748,0.616,0.3012,LOW,F1_login_count,20.9,F5_on_time_rate,13.7,F6_inactive_days,12.4,11,F1 login count (20.9%) and F5 on time rate (13.7%),1517,0.27392116845547776,0.3160120191538969,0.6012116933003097,0.15096549512065327,4,0.3427,LOW
1518,OULAD_TEST_1518,0,0.1038,0.4942,0.2037,0.1107,0.1038,LOW,F1_login_count,22.5,F5_on_time_rate,14.7,F6_inactive_days,11.7,8,F1 login count (22.5%) and F5 on time rate (14.7%),1518,0.0,0.11057142705732208,0.7109945688007809,0.00468382246215282,0,0.0848,LOW
1519,OULAD_TEST_1519,1,0.818,0.5912,0.8872,0.9176,0.818,HIGH,F1_login_count,22.3,F5_on_time_rate,13.6,F6_inactive_days,11.0,15,F1 login count (22.3%) and F5 on time rate (13.6%),1519,0.7580092566334187,0.6192271416250213,0.0,0.4288822812781104,10,0.8919,HIGH
1520,OULAD_TEST_1520,0,0.0524,0.3259,0.2207,0.1617,0.0524,LOW,F6_inactive_days,15.7,F4_num_submitted,15.6,F5_on_time_rate,11.0,1,F6 inactive days (15.7%) and F4 num submitted (15.6%),1520,0.1587833695525353,0.07002168038390996,0.6771075164232717,0.08146476751080484,2,0.1144,LOW
1521,OULAD_TEST_1521,0,0.1574,0.5084,0.4189,0.3357,0.1574,LOW,F1_login_count,16.9,F13_weeks_since_active,16.9,F5_on_time_rate,13.0,6,F1 login count (16.9%) and F13 weeks since active (16.9%),1521,0.1683897703468616,0.054454266924775174,0.6928600338042522,0.17347583433486116,0,0.1305,LOW
1522,OULAD_TEST_1522,0,0.1703,0.3663,0.4909,0.5598,0.1703,LOW,F5_on_time_rate,12.9,F4_num_submitted,12.6,F13_weeks_since_active,12.0,17,F5 on time rate (12.9%) and F4 num submitted (12.6%),1522,0.0965615901150168,0.09412457800921664,0.5850425930013003,0.1300433405570793,0,0.1596,LOW
1523,OULAD_TEST_1523,0,0.3751,0.5434,0.494,0.3714,0.3751,LOW,F6_inactive_days,15.2,F4_num_submitted,14.3,F1_login_count,12.4,1,F6 inactive days (15.2%) and F4 num submitted (14.3%),1523,0.16662607632765197,0.3339812645833899,0.5202559459998768,0.34450982285393694,2,0.3113,LOW
1524,OULAD_TEST_1524,0,0.1964,0.4362,0.2357,0.2613,0.1964,LOW,F1_login_count,22.2,F5_on_time_rate,14.4,F6_inactive_days,11.5,6,F1 login count (22.2%) and F5 on time rate (14.4%),1524,0.10025932239289469,0.1907195418704099,0.7110543408815142,0.1869074310996438,1,0.1506,LOW
1525,OULAD_TEST_1525,0,0.0485,0.471,0.1438,0.0813,0.0485,LOW,F1_login_count,20.1,F6_inactive_days,13.6,F4_num_submitted,13.2,7,F1 login count (20.1%) and F6 inactive days (13.6%),1525,0.1428248619704186,0.0,0.8574502885800103,0.0,0,0.0716,LOW
1526,OULAD_TEST_1526,0,0.0591,0.4656,0.241,0.1241,0.0591,LOW,F1_login_count,21.9,F5_on_time_rate,11.9,F13_weeks_since_active,10.4,6,F1 login count (21.9%) and F5 on time rate (11.9%),1526,0.2298286305934609,0.1345538616946301,0.6301020642187317,0.0,1,0.1194,LOW
1527,OULAD_TEST_1527,0,0.0795,0.2686,0.3174,0.1513,0.0795,LOW,F4_num_submitted,14.3,F6_inactive_days,14.2,F5_on_time_rate,13.2,14,F4 num submitted (14.3%) and F6 inactive days (14.2%),1527,0.2099743528272189,0.11333550226403782,0.9560646054978955,0.08523866841202157,0,0.0807,LOW
1528,OULAD_TEST_1528,1,0.9846,0.534,0.6042,0.6247,0.9846,HIGH,F1_login_count,26.8,F5_on_time_rate,14.9,F13_weeks_since_active,9.0,8,F1 login count (26.8%) and F5 on time rate (14.9%),1528,0.6403350578213726,0.7805317251511293,0.08906793445541303,0.659612053188228,10,0.8996,HIGH
1529,OULAD_TEST_1529,0,0.0669,0.1687,0.199,0.2684,0.0669,LOW,F4_num_submitted,11.8,F5_on_time_rate,11.4,F6_inactive_days,10.2,1,F4 num submitted (11.8%) and F5 on time rate (11.4%),1529,0.0,0.0,0.7463085846330937,0.2078813168437798,1,0.0879,LOW
1530,OULAD_TEST_1530,0,0.7855,0.4753,0.737,0.8408,0.7855,HIGH,F1_login_count,23.8,F5_on_time_rate,13.6,F13_weeks_since_active,12.0,8,F1 login count (23.8%) and F5 on time rate (13.6%),1530,0.5639386246911203,0.6560826336734854,0.2805536583076641,0.6142407653928115,5,0.8516,HIGH
1531,OULAD_TEST_1531,1,0.9996,0.6339,0.9138,0.9631,0.9996,HIGH,F1_login_count,17.5,F4_num_submitted,16.3,F6_inactive_days,15.1,15,F1 login count (17.5%) and F4 num submitted (16.3%),1531,0.5228760634437148,0.8139845028911071,0.23686077719999732,0.5347832392191397,12,0.9109,HIGH
1532,OULAD_TEST_1532,0,0.0836,0.2956,0.4117,0.1642,0.0836,LOW,F1_login_count,16.2,F6_inactive_days,13.1,F4_num_submitted,11.6,1,F1 login count (16.2%) and F6 inactive days (13.1%),1532,0.09083677141847814,0.08011123656424182,0.589247989894313,0.03791924638472859,1,0.0979,LOW
1533,OULAD_TEST_1533,0,0.3696,0.5006,0.2748,0.2978,0.3696,LOW,F1_login_count,26.4,F5_on_time_rate,16.2,F6_inactive_days,8.8,5,F1 login count (26.4%) and F5 on time rate (16.2%),1533,0.24395974137013307,0.28511066710755467,0.48179373575086476,0.30228213659013237,4,0.3603,LOW
1534,OULAD_TEST_1534,0,0.1467,0.2975,0.5055,0.3154,0.1467,LOW,F6_inactive_days,15.1,F4_num_submitted,14.4,F1_login_count,13.9,13,F6 inactive days (15.1%) and F4 num submitted (14.4%),1534,0.05608634981317576,0.0,0.4447968340126672,0.21617973336707663,0,0.1186,LOW
1535,OULAD_TEST_1535,1,0.4907,0.3666,0.1722,0.1712,0.4907,MEDIUM,F1_login_count,20.2,F6_inactive_days,13.9,F4_num_submitted,12.6,17,F1 login count (20.2%) and F6 inactive days (13.9%),1535,0.18401969327332046,0.38602724493590734,0.4267051532648025,0.4070963362445751,5,0.387,LOW
1536,OULAD_TEST_1536,1,0.9984,0.5845,0.5908,0.8976,0.9984,HIGH,F1_login_count,28.5,F5_on_time_rate,14.5,F4_num_submitted,11.1,13,F1 login count (28.5%) and F5 on time rate (14.5%),1536,0.7502400106569715,0.8241904711145349,0.03781942419251411,0.5913746600602383,11,0.9209,HIGH
1537,OULAD_TEST_1537,0,0.0818,0.5768,0.291,0.1892,0.0818,LOW,F4_num_submitted,15.0,F6_inactive_days,14.8,F1_login_count,13.7,8,F4 num submitted (15.0%) and F6 inactive days (14.8%),1537,0.003989916033808848,0.12022288198192468,0.7306437884557242,0.0,0,0.0896,LOW
1538,OULAD_TEST_1538,0,0.4804,0.4936,0.5989,0.4673,0.4804,MEDIUM,F1_login_count,17.2,F6_inactive_days,13.2,F4_num_submitted,12.2,9,F1 login count (17.2%) and F6 inactive days (13.2%),1538,0.21928831642897118,0.352484026031116,0.350226642900169,0.16836763485052905,7,0.5154,MEDIUM
1539,OULAD_TEST_1539,0,0.2109,0.4755,0.4486,0.4632,0.2109,LOW,F1_login_count,23.5,F5_on_time_rate,15.2,F6_inactive_days,9.0,13,F1 login count (23.5%) and F5 on time rate (15.2%),1539,0.0,0.3135589738698053,0.4263285483811675,0.1592560217183297,2,0.2395,LOW
1540,OULAD_TEST_1540,0,0.2122,0.267,0.4334,0.3978,0.2122,LOW,F1_login_count,20.4,F5_on_time_rate,14.6,F6_inactive_days,13.3,14,F1 login count (20.4%) and F5 on time rate (14.6%),1540,0.14578850949493635,0.02743875594785944,0.667593368341177,0.16838706953092145,3,0.1881,LOW
1541,OULAD_TEST_1541,1,0.9703,0.8577,0.8949,0.9261,0.9703,HIGH,F1_login_count,19.2,F6_inactive_days,15.6,F4_num_submitted,15.5,5,F1 login count (19.2%) and F6 inactive days (15.6%),1541,0.8564351596669744,0.92964839982421,0.1693034483915325,0.45033847518787384,10,0.9255,HIGH
1542,OULAD_TEST_1542,0,0.3749,0.4371,0.4823,0.3717,0.3749,LOW,F4_num_submitted,13.7,F6_inactive_days,13.7,F1_login_count,13.5,17,F4 num submitted (13.7%) and F6 inactive days (13.7%),1542,0.428555921454787,0.3007194823297516,0.4409781544266568,0.2302883533067126,4,0.4221,MEDIUM
1543,OULAD_TEST_1543,1,0.9095,0.5133,0.5033,0.5545,0.9095,HIGH,F1_login_count,20.9,F6_inactive_days,12.9,F4_num_submitted,12.7,7,F1 login count (20.9%) and F6 inactive days (12.9%),1543,0.5909403743413728,0.8418417897874845,0.11640599290231451,0.621446922836614,6,0.872,HIGH
1544,OULAD_TEST_1544,1,0.9991,0.6292,0.8212,0.901,0.9991,HIGH,F1_login_count,27.1,F5_on_time_rate,14.2,F13_weeks_since_active,9.4,17,F1 login count (27.1%) and F5 on time rate (14.2%),1544,0.6391487939638218,0.8556191187246986,0.0,0.4613128010991427,10,0.9172,HIGH
1545,OULAD_TEST_1545,1,0.7591,0.4989,0.6464,0.6838,0.7591,HIGH,F1_login_count,24.2,F5_on_time_rate,12.3,F6_inactive_days,10.6,16,F1 login count (24.2%) and F5 on time rate (12.3%),1545,0.5782474256075024,0.7363994428820375,0.2384413063692514,0.5880596642165297,6,0.8425,HIGH
1546,OULAD_TEST_1546,1,0.4448,0.7181,0.6177,0.5227,0.4448,MEDIUM,F1_login_count,18.0,F5_on_time_rate,13.7,F6_inactive_days,13.2,8,F1 login count (18.0%) and F5 on time rate (13.7%),1546,0.21152145608117082,0.3470910428357751,0.40482177022553434,0.22157626217282095,3,0.4007,MEDIUM
1547,OULAD_TEST_1547,1,0.9593,0.5562,0.4523,0.364,0.9593,HIGH,F1_login_count,18.8,F6_inactive_days,16.5,F4_num_submitted,16.3,17,F1 login count (18.8%) and F6 inactive days (16.5%),1547,0.7016891899819465,0.727515365985775,0.0,0.7264935735091981,12,0.8894,HIGH
1548,OULAD_TEST_1548,0,0.6966,0.6367,0.6556,0.7233,0.6966,MEDIUM,F1_login_count,17.4,F6_inactive_days,16.0,F4_num_submitted,15.8,12,F1 login count (17.4%) and F6 inactive days (16.0%),1548,0.564228027838469,0.705750342981685,0.16668363587838697,0.35394570650689194,6,0.8106,HIGH
1549,OULAD_TEST_1549,0,0.1676,0.6054,0.4338,0.5563,0.1676,LOW,F1_login_count,17.1,F6_inactive_days,14.7,F4_num_submitted,14.4,12,F1 login count (17.1%) and F6 inactive days (14.7%),1549,0.24001332238843076,0.13338154832942872,0.6265588417966991,0.0,0,0.1871,LOW
1550,OULAD_TEST_1550,1,0.8606,0.5369,0.7671,0.8645,0.8606,HIGH,F1_login_count,24.2,F5_on_time_rate,14.6,F4_num_submitted,10.2,14,F1 login count (24.2%) and F5 on time rate (14.6%),1550,0.5924045923520047,0.7492346778899368,0.14976333156925353,0.4613835612189937,8,0.8775,HIGH
1551,OULAD_TEST_1551,0,0.5172,0.5898,0.5568,0.6485,0.5172,MEDIUM,F1_login_count,25.2,F5_on_time_rate,15.1,F6_inactive_days,12.6,16,F1 login count (25.2%) and F5 on time rate (15.1%),1551,0.3416726249823034,0.5384001531235836,0.2550236798804483,0.2989022252307216,3,0.6562,MEDIUM
1552,OULAD_TEST_1552,0,0.0341,0.3394,0.1496,0.2443,0.0341,LOW,F1_login_count,20.0,F6_inactive_days,16.0,F4_num_submitted,15.0,1,F1 login count (20.0%) and F6 inactive days (16.0%),1552,0.0,0.0,0.7330084668432147,0.0,2,0.0957,LOW
1553,OULAD_TEST_1553,0,0.7213,0.5879,0.6919,0.6742,0.7213,HIGH,F1_login_count,15.7,F6_inactive_days,13.0,F4_num_submitted,12.6,9,F1 login count (15.7%) and F6 inactive days (13.0%),1553,0.42222196459601397,0.6607442718111406,0.2188128222000852,0.4068598294112264,6,0.7957,HIGH
1554,OULAD_TEST_1554,0,0.0296,0.2467,0.1171,0.1595,0.0296,LOW,F1_login_count,17.0,F6_inactive_days,14.2,F4_num_submitted,13.1,1,F1 login count (17.0%) and F6 inactive days (14.2%),1554,0.0,0.0,0.6664160775468142,0.057835817961142844,1,0.0781,LOW
1555,OULAD_TEST_1555,0,0.0808,0.4605,0.2305,0.1619,0.0808,LOW,F1_login_count,16.2,F4_num_submitted,14.0,F6_inactive_days,13.6,5,F1 login count (16.2%) and F4 num submitted (14.0%),1555,0.0932965506816178,0.05810645154845025,0.9150265201675017,0.027938475624432066,2,0.0995,LOW
1556,OULAD_TEST_1556,0,0.4525,0.5421,0.6836,0.4828,0.4525,MEDIUM,F1_login_count,16.8,F5_on_time_rate,13.9,F6_inactive_days,13.3,8,F1 login count (16.8%) and F5 on time rate (13.9%),1556,0.4081084626233249,0.3904073172307431,0.35265045199386585,0.26356651272575915,3,0.5326,MEDIUM
1557,OULAD_TEST_1557,1,0.6162,0.6919,0.7897,0.8088,0.6162,MEDIUM,F1_login_count,20.9,F5_on_time_rate,13.4,F13_weeks_since_active,10.6,9,F1 login count (20.9%) and F5 on time rate (13.4%),1557,0.35102210493196545,0.40375225108424506,0.240096308636651,0.16461283209568847,6,0.7129,HIGH
1558,OULAD_TEST_1558,1,0.4351,0.342,0.5487,0.4136,0.4351,MEDIUM,F1_login_count,17.5,F6_inactive_days,16.5,F4_num_submitted,15.7,15,F1 login count (17.5%) and F6 inactive days (16.5%),1558,0.45383885689595216,0.30752803657436517,0.3540892050177502,0.3080637619212567,2,0.4486,MEDIUM
1559,OULAD_TEST_1559,0,0.6127,0.6203,0.8008,0.7886,0.6127,MEDIUM,F1_login_count,17.4,F4_num_submitted,15.7,F6_inactive_days,15.6,14,F1 login count (17.4%) and F4 num submitted (15.7%),1559,0.4017776398957431,0.6288808313930512,0.4896880087138118,0.35691560427699986,9,0.762,HIGH
1560,OULAD_TEST_1560,0,0.062,0.3194,0.1193,0.1141,0.062,LOW,F1_login_count,20.5,F5_on_time_rate,13.2,F4_num_submitted,12.4,2,F1 login count (20.5%) and F5 on time rate (13.2%),1560,0.04126327056515638,0.12359529508678364,0.8056905228599481,0.23043515765794448,2,0.1009,LOW
1561,OULAD_TEST_1561,0,0.3799,0.5798,0.6521,0.7185,0.3799,LOW,F1_login_count,26.0,F5_on_time_rate,13.3,F6_inactive_days,12.4,7,F1 login count (26.0%) and F5 on time rate (13.3%),1561,0.19120883208521766,0.3179038338138212,0.4024207993756358,0.11519217992952502,3,0.37,LOW
1562,OULAD_TEST_1562,0,0.3022,0.3955,0.3103,0.1457,0.3022,LOW,F1_login_count,20.9,F6_inactive_days,15.2,F4_num_submitted,14.2,11,F1 login count (20.9%) and F6 inactive days (15.2%),1562,0.0,0.2763198766810314,0.6688631558859969,0.0,1,0.141,LOW
1563,OULAD_TEST_1563,1,0.9473,0.4278,0.624,0.7266,0.9473,HIGH,F1_login_count,19.9,F6_inactive_days,13.6,F4_num_submitted,12.0,15,F1 login count (19.9%) and F6 inactive days (13.6%),1563,0.7515145396361049,0.7816655995490834,0.06222986942888781,0.642548219271605,9,0.9068,HIGH
1564,OULAD_TEST_1564,1,0.9878,0.3941,0.8234,0.8886,0.9878,HIGH,F1_login_count,17.5,F6_inactive_days,12.1,F13_weeks_since_active,10.8,15,F1 login count (17.5%) and F6 inactive days (12.1%),1564,0.7651443897092433,0.9481566708662386,0.03548534211115016,0.63426324219756,9,0.9319,HIGH
1565,OULAD_TEST_1565,0,0.3395,0.3583,0.3344,0.3463,0.3395,LOW,F1_login_count,17.8,F6_inactive_days,15.8,F4_num_submitted,14.3,13,F1 login count (17.8%) and F6 inactive days (15.8%),1565,0.20951724428817867,0.2725467937764669,0.4939522791247547,0.08268803753626253,6,0.3695,LOW
1566,OULAD_TEST_1566,0,0.486,0.7693,0.8293,0.8356,0.486,MEDIUM,F1_login_count,25.7,F5_on_time_rate,15.8,F2_vle_clicks,10.4,7,F1 login count (25.7%) and F5 on time rate (15.8%),1566,0.34689907172248713,0.4316473673707878,0.3362584013043027,0.10803012539950901,3,0.5779,MEDIUM
1567,OULAD_TEST_1567,1,0.9764,0.6197,0.9356,0.9668,0.9764,HIGH,F1_login_count,19.6,F4_num_submitted,14.5,F6_inactive_days,13.7,11,F1 login count (19.6%) and F4 num submitted (14.5%),1567,0.7350739217704099,0.9216224115313653,0.0526566099054601,0.7703276076821148,9,0.939,HIGH
1568,OULAD_TEST_1568,0,0.7398,0.6696,0.688,0.8559,0.7398,HIGH,F1_login_count,23.2,F5_on_time_rate,12.9,F10_min_score,8.5,12,F1 login count (23.2%) and F5 on time rate (12.9%),1568,0.36160541431134574,0.5666402812123275,0.15365127700044098,0.6135732468728138,7,0.8248,HIGH
1569,OULAD_TEST_1569,0,0.3973,0.673,0.7432,0.5424,0.3973,LOW,F1_login_count,19.1,F13_weeks_since_active,11.6,F6_inactive_days,10.9,11,F1 login count (19.1%) and F13 weeks since active (11.6%),1569,0.2252047322653705,0.4624081347597515,0.6638355629575106,0.0,3,0.3502,LOW
1570,OULAD_TEST_1570,0,0.1909,0.482,0.3413,0.328,0.1909,LOW,F1_login_count,24.0,F5_on_time_rate,15.7,F6_inactive_days,10.6,8,F1 login count (24.0%) and F5 on time rate (15.7%),1570,0.2130564679621827,0.03982808722052984,0.5203508894756896,0.059553236489219875,1,0.1745,LOW
1571,OULAD_TEST_1571,1,0.4879,0.6223,0.547,0.3202,0.4879,MEDIUM,F1_login_count,17.2,F6_inactive_days,13.9,F4_num_submitted,13.4,11,F1 login count (17.2%) and F6 inactive days (13.9%),1571,0.21610105768307505,0.5450863704890239,0.5632956772854946,0.4924430465740679,4,0.5239,MEDIUM
1572,OULAD_TEST_1572,0,0.7291,0.5938,0.6971,0.7406,0.7291,HIGH,F1_login_count,20.7,F5_on_time_rate,9.9,F13_weeks_since_active,9.3,17,F1 login count (20.7%) and F5 on time rate (9.9%),1572,0.5397257932166629,0.589920953283842,0.20558811512021996,0.38033249306665595,8,0.8139,HIGH
1573,OULAD_TEST_1573,0,0.3897,0.5684,0.7422,0.6942,0.3897,LOW,F1_login_count,24.6,F5_on_time_rate,14.0,F6_inactive_days,10.8,8,F1 login count (24.6%) and F5 on time rate (14.0%),1573,0.13713181953765946,0.3118291001739774,0.5181485734021106,0.17494653191680165,4,0.3788,LOW
1574,OULAD_TEST_1574,0,0.2289,0.4891,0.4141,0.3741,0.2289,LOW,F1_login_count,21.3,F5_on_time_rate,16.1,F13_weeks_since_active,14.1,5,F1 login count (21.3%) and F5 on time rate (16.1%),1574,0.20687299824335262,0.043364186305364566,0.7001957766629435,0.10340888068447579,2,0.1895,LOW
1575,OULAD_TEST_1575,0,0.099,0.416,0.4431,0.3539,0.099,LOW,F13_weeks_since_active,14.8,F4_num_submitted,14.5,F6_inactive_days,14.3,14,F13 weeks since active (14.8%) and F4 num submitted (14.5%),1575,0.06573585177025164,0.04776642260978457,0.6577750704995565,0.0,0,0.1054,LOW
1576,OULAD_TEST_1576,0,0.0338,0.3555,0.2399,0.117,0.0338,LOW,F1_login_count,20.0,F5_on_time_rate,13.1,F13_weeks_since_active,10.6,8,F1 login count (20.0%) and F5 on time rate (13.1%),1576,0.0,0.0,0.8593848384698637,0.0,0,0.0591,LOW
1577,OULAD_TEST_1577,0,0.6877,0.7175,0.6346,0.6773,0.6877,MEDIUM,F1_login_count,21.9,F5_on_time_rate,11.8,F13_weeks_since_active,10.7,11,F1 login count (21.9%) and F5 on time rate (11.8%),1577,0.597863935445717,0.5359332923701222,0.0,0.5389256772881699,4,0.8158,HIGH
1578,OULAD_TEST_1578,1,0.2337,0.3992,0.5101,0.3894,0.2337,LOW,F5_on_time_rate,13.5,F6_inactive_days,12.9,F4_num_submitted,12.5,17,F5 on time rate (13.5%) and F6 inactive days (12.9%),1578,0.09013084232019507,0.18766012273688962,0.5410410466778062,0.0,3,0.2157,LOW
1579,OULAD_TEST_1579,0,0.2489,0.4901,0.5016,0.4199,0.2489,LOW,F6_inactive_days,16.9,F1_login_count,16.9,F4_num_submitted,16.7,7,F6 inactive days (16.9%) and F1 login count (16.9%),1579,0.0932047562985619,0.28818832915783243,0.5084737192658936,0.1790125742530507,4,0.2947,LOW
1580,OULAD_TEST_1580,0,0.0934,0.2508,0.2022,0.1615,0.0934,LOW,F1_login_count,18.2,F4_num_submitted,13.0,F6_inactive_days,12.7,16,F1 login count (18.2%) and F4 num submitted (13.0%),1580,0.08543691972309428,0.09599826811205006,0.5999293987628238,0.16242953913091795,0,0.0949,LOW
1581,OULAD_TEST_1581,0,0.4214,0.4707,0.2386,0.328,0.4214,MEDIUM,F1_login_count,19.1,F4_num_submitted,12.6,F5_on_time_rate,12.5,7,F1 login count (19.1%) and F4 num submitted (12.6%),1581,0.4098437349428715,0.3828041322720891,0.4413845161921049,0.078692844131861,3,0.3796,LOW
1582,OULAD_TEST_1582,1,0.9844,0.7825,0.9434,0.9733,0.9844,HIGH,F1_login_count,18.1,F6_inactive_days,13.0,F4_num_submitted,12.5,15,F1 login count (18.1%) and F6 inactive days (13.0%),1582,0.5874978181021603,0.7490984488923551,0.05105499681816944,0.4797277916885915,8,0.9106,HIGH
1583,OULAD_TEST_1583,1,0.9989,0.2478,0.2818,0.5237,0.9989,HIGH,F1_login_count,24.7,F5_on_time_rate,14.3,F6_inactive_days,12.5,17,F1 login count (24.7%) and F5 on time rate (14.3%),1583,0.7053979849847972,0.7786046728317816,0.07114599984993057,0.7449215026069907,11,0.8961,HIGH
1584,OULAD_TEST_1584,0,0.5116,0.5109,0.7235,0.7304,0.5116,MEDIUM,F1_login_count,23.4,F5_on_time_rate,13.3,F6_inactive_days,11.4,8,F1 login count (23.4%) and F5 on time rate (13.3%),1584,0.4010016500330573,0.578758001468105,0.41480767572004074,0.3709070064272448,5,0.7099,HIGH
1585,OULAD_TEST_1585,0,0.0495,0.2999,0.0926,0.1345,0.0495,LOW,F1_login_count,19.1,F6_inactive_days,15.8,F4_num_submitted,14.6,16,F1 login count (19.1%) and F6 inactive days (15.8%),1585,0.1039605607263144,0.0,0.6938306535106454,0.0,3,0.1092,LOW
1586,OULAD_TEST_1586,0,0.0438,0.2742,0.229,0.1012,0.0438,LOW,F1_login_count,17.5,F4_num_submitted,13.9,F6_inactive_days,13.1,8,F1 login count (17.5%) and F4 num submitted (13.9%),1586,0.04830415552772252,0.16972666016458365,0.8018616437825168,0.17054988040334051,1,0.0838,LOW
1587,OULAD_TEST_1587,1,0.5161,0.4697,0.6484,0.6203,0.5161,MEDIUM,F1_login_count,26.3,F5_on_time_rate,14.8,F13_weeks_since_active,10.6,17,F1 login count (26.3%) and F5 on time rate (14.8%),1587,0.3245672160916677,0.41924010408953066,0.3995485694850851,0.45444428681451626,5,0.6746,MEDIUM
1588,OULAD_TEST_1588,1,0.9829,0.6937,0.5397,0.4824,0.9829,HIGH,F1_login_count,24.7,F5_on_time_rate,13.3,F4_num_submitted,10.6,8,F1 login count (24.7%) and F5 on time rate (13.3%),1588,0.605270977935128,0.8356480348914803,0.10728561679360163,0.6220263231618848,9,0.8856,HIGH
1589,OULAD_TEST_1589,1,0.3858,0.8714,0.8533,0.742,0.3858,LOW,F1_login_count,16.1,F5_on_time_rate,13.1,F4_num_submitted,11.4,9,F1 login count (16.1%) and F5 on time rate (13.1%),1589,0.2786743883046374,0.41355921281839436,0.5690536702931517,0.12346077265516042,5,0.4939,MEDIUM
1590,OULAD_TEST_1590,0,0.2982,0.3128,0.4908,0.586,0.2982,LOW,F1_login_count,23.5,F5_on_time_rate,14.6,F6_inactive_days,10.6,13,F1 login count (23.5%) and F5 on time rate (14.6%),1590,0.10152609880143931,0.35522139375509254,0.564487641392063,0.12930615558338457,0,0.2278,LOW
1591,OULAD_TEST_1591,1,0.9982,0.8246,0.8173,0.8729,0.9982,HIGH,F1_login_count,26.0,F5_on_time_rate,13.9,F4_num_submitted,10.4,16,F1 login count (26.0%) and F5 on time rate (13.9%),1591,0.40660495165053917,0.839604995177673,0.0,0.6332864092746469,10,0.9105,HIGH
1592,OULAD_TEST_1592,0,0.2042,0.352,0.2841,0.2865,0.2042,LOW,F1_login_count,22.6,F5_on_time_rate,15.0,F6_inactive_days,9.9,14,F1 login count (22.6%) and F5 on time rate (15.0%),1592,0.18659598041576678,0.1425105557182769,0.571344984416792,0.0998886205023014,1,0.1675,LOW
1593,OULAD_TEST_1593,1,0.833,0.7537,0.7696,0.8233,0.833,HIGH,F1_login_count,18.9,F4_num_submitted,13.5,F6_inactive_days,13.4,7,F1 login count (18.9%) and F4 num submitted (13.5%),1593,0.6734934841086195,0.7035763641182229,0.07862106403619669,0.6124748613881821,9,0.8901,HIGH
1594,OULAD_TEST_1594,0,0.2678,0.6315,0.61,0.5021,0.2678,LOW,F13_weeks_since_active,16.3,F1_login_count,15.2,F4_num_submitted,9.3,14,F13 weeks since active (16.3%) and F1 login count (15.2%),1594,0.0,0.2546666022585694,0.5542333666083744,0.0,2,0.231,LOW
1595,OULAD_TEST_1595,0,0.1049,0.434,0.2905,0.3242,0.1049,LOW,F1_login_count,24.1,F5_on_time_rate,15.9,F6_inactive_days,11.9,9,F1 login count (24.1%) and F5 on time rate (15.9%),1595,0.0,0.16046929494958045,0.7428850427589754,0.0,0,0.103,LOW
1596,OULAD_TEST_1596,1,0.8677,0.4861,0.6119,0.6702,0.8677,HIGH,F1_login_count,20.5,F4_num_submitted,13.4,F6_inactive_days,12.8,16,F1 login count (20.5%) and F4 num submitted (13.4%),1596,0.6693054261005198,0.7378833887195322,0.17735743901280582,0.5423245333778919,8,0.8704,HIGH
1597,OULAD_TEST_1597,0,0.3909,0.5107,0.4014,0.4131,0.3909,LOW,F6_inactive_days,15.9,F4_num_submitted,15.2,F1_login_count,14.6,8,F6 inactive days (15.9%) and F4 num submitted (15.2%),1597,0.47937954697116986,0.38177590384185234,0.4821681306984622,0.17555467034317146,2,0.3795,LOW
1598,OULAD_TEST_1598,0,0.4399,0.3856,0.3806,0.6229,0.4399,MEDIUM,F1_login_count,23.9,F6_inactive_days,13.4,F4_num_submitted,12.8,12,F1 login count (23.9%) and F6 inactive days (13.4%),1598,0.31000937076754076,0.5049837785816753,0.44969247879004726,0.1886941662362711,1,0.4018,MEDIUM
1599,OULAD_TEST_1599,0,0.3393,0.6295,0.6476,0.4033,0.3393,LOW,F6_inactive_days,14.3,F1_login_count,14.2,F4_num_submitted,12.0,9,F6 inactive days (14.3%) and F1 login count (14.2%),1599,0.16470970587708653,0.31890976898118273,0.5428906305000004,0.0,4,0.3155,LOW
1600,OULAD_TEST_1600,1,0.9962,0.6408,0.5688,0.8061,0.9962,HIGH,F1_login_count,27.4,F5_on_time_rate,16.4,F6_inactive_days,9.5,9,F1 login count (27.4%) and F5 on time rate (16.4%),1600,0.6790503558895159,0.8717022284803821,0.0,0.6000655013757817,10,0.9154,HIGH
1601,OULAD_TEST_1601,1,0.9975,0.2571,0.2271,0.0818,0.9975,HIGH,F1_login_count,23.9,F6_inactive_days,13.4,F5_on_time_rate,13.3,17,F1 login count (23.9%) and F6 inactive days (13.4%),1601,0.8357376419148186,0.7263621339927946,0.0,0.5921693870399082,10,0.8698,HIGH
1602,OULAD_TEST_1602,1,0.9568,0.5536,0.5594,0.682,0.9568,HIGH,F1_login_count,19.3,F5_on_time_rate,12.5,F4_num_submitted,11.7,14,F1 login count (19.3%) and F5 on time rate (12.5%),1602,0.6051635820875464,0.6028215890536749,0.0,0.6524974778342088,11,0.8898,HIGH
1603,OULAD_TEST_1603,0,0.0535,0.3244,0.1822,0.1664,0.0535,LOW,F1_login_count,18.4,F6_inactive_days,13.2,F5_on_time_rate,12.5,1,F1 login count (18.4%) and F6 inactive days (13.2%),1603,0.0,0.07654505833841346,0.6876850641923129,0.04036873597451665,0,0.0775,LOW
1604,OULAD_TEST_1604,0,0.9177,0.4114,0.7477,0.781,0.9177,HIGH,F1_login_count,16.8,F6_inactive_days,13.6,F4_num_submitted,12.6,16,F1 login count (16.8%) and F6 inactive days (13.6%),1604,0.5941156477817967,0.7724590614975302,0.11315454532677874,0.5347075106111404,7,0.8875,HIGH
1605,OULAD_TEST_1605,0,0.6577,0.7395,0.6883,0.7751,0.6577,MEDIUM,F1_login_count,16.3,F6_inactive_days,13.1,F4_num_submitted,12.8,9,F1 login count (16.3%) and F6 inactive days (13.1%),1605,0.3650571391741287,0.5178623860068206,0.2035488561960433,0.5358600764148405,6,0.7805,HIGH
1606,OULAD_TEST_1606,0,0.3438,0.3279,0.4029,0.3865,0.3438,LOW,F1_login_count,22.7,F6_inactive_days,13.6,F4_num_submitted,12.9,12,F1 login count (22.7%) and F6 inactive days (13.6%),1606,0.25292703159947955,0.31171241633490754,0.501179296257406,0.048783923586174005,2,0.2765,LOW
1607,OULAD_TEST_1607,1,0.8175,0.7645,0.8718,0.7166,0.8175,HIGH,F1_login_count,20.6,F6_inactive_days,13.0,F4_num_submitted,13.0,11,F1 login count (20.6%) and F6 inactive days (13.0%),1607,0.734717845846956,0.6900427016642473,0.19264312874123168,0.5548667062617091,6,0.8756,HIGH
1608,OULAD_TEST_1608,0,0.2208,0.587,0.4491,0.415,0.2208,LOW,F1_login_count,27.8,F5_on_time_rate,15.1,F6_inactive_days,10.8,7,F1 login count (27.8%) and F5 on time rate (15.1%),1608,0.1868679273116029,0.27790242005071186,0.6754289496422669,0.0,2,0.2288,LOW
1609,OULAD_TEST_1609,0,0.2986,0.4301,0.4196,0.3062,0.2986,LOW,F1_login_count,17.5,F6_inactive_days,15.2,F4_num_submitted,13.6,11,F1 login count (17.5%) and F6 inactive days (15.2%),1609,0.18378464978737122,0.2606988694607182,0.45316671478339615,0.07855657439990307,2,0.2459,LOW
1610,OULAD_TEST_1610,1,0.9901,0.5894,0.5029,0.6058,0.9901,HIGH,F1_login_count,26.7,F5_on_time_rate,15.3,F2_vle_clicks,8.4,9,F1 login count (26.7%) and F5 on time rate (15.3%),1610,0.6638888731084456,0.7818311371943865,0.10762593564536416,0.4485411440852023,7,0.8781,HIGH
1611,OULAD_TEST_1611,0,0.4111,0.4771,0.5697,0.4817,0.4111,MEDIUM,F1_login_count,19.6,F5_on_time_rate,12.7,F13_weeks_since_active,11.9,17,F1 login count (19.6%) and F5 on time rate (12.7%),1611,0.13145091913033424,0.4286482991167431,0.5838550089355485,0.3404931042542302,3,0.367,LOW
1612,OULAD_TEST_1612,0,0.6549,0.3639,0.4517,0.6764,0.6549,MEDIUM,F1_login_count,17.8,F4_num_submitted,14.6,F6_inactive_days,14.6,16,F1 login count (17.8%) and F4 num submitted (14.6%),1612,0.5467409777147159,0.5392945140043037,0.163095014278144,0.38509077196855274,4,0.7614,HIGH
1613,OULAD_TEST_1613,0,0.2734,0.4282,0.4197,0.4055,0.2734,LOW,F1_login_count,25.4,F5_on_time_rate,14.8,F6_inactive_days,9.9,7,F1 login count (25.4%) and F5 on time rate (14.8%),1613,0.18359628029871977,0.27451293469378457,0.4988963130358846,0.16241961064884278,3,0.2892,LOW
1614,OULAD_TEST_1614,1,0.9923,0.2506,0.2982,0.155,0.9923,HIGH,F1_login_count,19.7,F6_inactive_days,15.7,F4_num_submitted,15.1,17,F1 login count (19.7%) and F6 inactive days (15.7%),1614,0.6765620086409374,0.8052621435045759,0.1252690683146192,0.4625720414724658,8,0.8472,HIGH
1615,OULAD_TEST_1615,1,0.9992,0.4552,0.8554,0.8393,0.9992,HIGH,F1_login_count,26.6,F5_on_time_rate,15.0,F13_weeks_since_active,9.0,17,F1 login count (26.6%) and F5 on time rate (15.0%),1615,1.0,0.7973338491602051,0.0,0.5635567804880532,11,0.9368,HIGH
1616,OULAD_TEST_1616,0,0.1012,0.5283,0.3637,0.3447,0.1012,LOW,F13_weeks_since_active,16.3,F4_num_submitted,13.1,F6_inactive_days,12.0,6,F13 weeks since active (16.3%) and F4 num submitted (13.1%),1616,0.10071529083656863,0.09275345841485569,0.49706220525481504,0.0,3,0.1834,LOW
1617,OULAD_TEST_1617,0,0.3665,0.5569,0.4557,0.4939,0.3665,LOW,F1_login_count,17.0,F13_weeks_since_active,16.9,F5_on_time_rate,12.1,6,F1 login count (17.0%) and F13 weeks since active (16.9%),1617,0.18137089499048156,0.3125512914834948,0.3668318495267314,0.2659146017825059,4,0.4053,MEDIUM
1618,OULAD_TEST_1618,0,0.5686,0.5196,0.588,0.6138,0.5686,MEDIUM,F1_login_count,27.8,F5_on_time_rate,14.4,F6_inactive_days,10.0,5,F1 login count (27.8%) and F5 on time rate (14.4%),1618,0.35538424037944566,0.5216961628293466,0.3201830374827519,0.22222906376020635,3,0.6555,MEDIUM
1619,OULAD_TEST_1619,0,0.27,0.4419,0.401,0.289,0.27,LOW,F1_login_count,23.5,F5_on_time_rate,12.4,F6_inactive_days,12.0,7,F1 login count (23.5%) and F5 on time rate (12.4%),1619,0.3038445709196755,0.2080083397352206,0.46769573497153977,0.32157532382460907,4,0.3138,LOW
1620,OULAD_TEST_1620,0,0.2546,0.5722,0.4705,0.5876,0.2546,LOW,F6_inactive_days,16.7,F4_num_submitted,16.5,F5_on_time_rate,11.8,4,F6 inactive days (16.7%) and F4 num submitted (16.5%),1620,0.18954704105377643,0.0695012172983682,0.5549776229363559,0.0,4,0.2897,LOW
1621,OULAD_TEST_1621,0,0.1347,0.3124,0.307,0.3991,0.1347,LOW,F1_login_count,20.9,F5_on_time_rate,13.8,F6_inactive_days,13.4,1,F1 login count (20.9%) and F5 on time rate (13.8%),1621,0.0,0.07987308931292889,0.6954796213683578,0.0,1,0.1209,LOW
1622,OULAD_TEST_1622,0,0.35,0.413,0.4974,0.4398,0.35,LOW,F1_login_count,13.1,F13_weeks_since_active,11.7,F5_on_time_rate,11.1,13,F1 login count (13.1%) and F13 weeks since active (11.7%),1622,0.33692289345752036,0.36100547737150523,0.666225460403473,0.4112640611959315,5,0.4392,MEDIUM
1623,OULAD_TEST_1623,0,0.327,0.3778,0.3429,0.3918,0.327,LOW,F1_login_count,20.5,F5_on_time_rate,12.6,F13_weeks_since_active,11.7,8,F1 login count (20.5%) and F5 on time rate (12.6%),1623,0.16208559144610057,0.2541599136605515,0.5093546083772212,0.14398335024455589,2,0.2638,LOW
1624,OULAD_TEST_1624,0,0.3778,0.3593,0.1809,0.0852,0.3778,LOW,F1_login_count,18.2,F6_inactive_days,12.0,F4_num_submitted,11.9,2,F1 login count (18.2%) and F6 inactive days (12.0%),1624,0.45178977762175454,0.3014193277988362,0.6050141799572759,0.06889456027147056,0,0.2041,LOW
1625,OULAD_TEST_1625,0,0.0702,0.4067,0.5287,0.2854,0.0702,LOW,F1_login_count,23.7,F5_on_time_rate,14.3,F6_inactive_days,10.5,7,F1 login count (23.7%) and F5 on time rate (14.3%),1625,0.15714480657146485,0.13858012047247495,0.8867160162036771,0.06840858750452024,0,0.0935,LOW
1626,OULAD_TEST_1626,1,0.2284,0.4639,0.2066,0.203,0.2284,LOW,F1_login_count,15.9,F4_num_submitted,14.6,F6_inactive_days,14.5,1,F1 login count (15.9%) and F4 num submitted (14.6%),1626,0.11514781043412486,0.13718214181928617,0.7607109669352077,0.07999293093425493,4,0.1954,LOW
1627,OULAD_TEST_1627,0,0.1193,0.3451,0.2527,0.1873,0.1193,LOW,F5_on_time_rate,11.3,F6_inactive_days,11.1,F4_num_submitted,10.4,1,F5 on time rate (11.3%) and F6 inactive days (11.1%),1627,0.2116116361735113,0.0,0.7330354593385568,0.0,0,0.0976,LOW
1628,OULAD_TEST_1628,0,0.3959,0.5264,0.396,0.4248,0.3959,LOW,F1_login_count,16.3,F4_num_submitted,12.1,F6_inactive_days,11.8,8,F1 login count (16.3%) and F4 num submitted (12.1%),1628,0.2839155510527403,0.3236645104379604,0.2869510852161027,0.10603550270415388,3,0.3787,LOW
1629,OULAD_TEST_1629,0,0.1579,0.4688,0.5643,0.4027,0.1579,LOW,F13_weeks_since_active,14.6,F1_login_count,13.0,F7_score_change,10.3,7,F13 weeks since active (14.6%) and F1 login count (13.0%),1629,0.19580736751222194,0.09548108390010104,0.7197624865403865,0.42694483267511313,1,0.1643,LOW
1630,OULAD_TEST_1630,1,0.9995,0.4067,0.4267,0.953,0.9995,HIGH,F1_login_count,25.5,F4_num_submitted,13.7,F6_inactive_days,13.6,17,F1 login count (25.5%) and F4 num submitted (13.7%),1630,0.7481232817294474,0.7722752944197397,0.10523998878135406,0.5695137719779036,9,0.91,HIGH
1631,OULAD_TEST_1631,1,0.5544,0.6471,0.6268,0.5133,0.5544,MEDIUM,F1_login_count,21.5,F6_inactive_days,11.7,F4_num_submitted,10.5,11,F1 login count (21.5%) and F6 inactive days (11.7%),1631,0.3034443345009126,0.45720972352810474,0.3483732894564583,0.10157191676005475,4,0.5768,MEDIUM
1632,OULAD_TEST_1632,0,0.2469,0.5572,0.5706,0.532,0.2469,LOW,F1_login_count,21.0,F13_weeks_since_active,16.5,F5_on_time_rate,14.3,5,F1 login count (21.0%) and F13 weeks since active (16.5%),1632,0.10847501676825379,0.2491854517797427,0.7769383870075248,0.3273851710806641,2,0.2329,LOW
1633,OULAD_TEST_1633,0,0.3301,0.651,0.5576,0.4175,0.3301,LOW,F1_login_count,17.1,F6_inactive_days,13.9,F4_num_submitted,13.9,8,F1 login count (17.1%) and F6 inactive days (13.9%),1633,0.33406608175811614,0.27984191507457473,0.6219033561467457,0.27138850861326846,2,0.3098,LOW
1634,OULAD_TEST_1634,0,0.0961,0.3435,0.2142,0.1972,0.0961,LOW,F6_inactive_days,15.5,F4_num_submitted,15.0,F5_on_time_rate,11.7,1,F6 inactive days (15.5%) and F4 num submitted (15.0%),1634,0.03379246678934591,0.10624348581489904,0.7799473377152786,0.0,0,0.0845,LOW
1635,OULAD_TEST_1635,0,0.3243,0.4663,0.28,0.4661,0.3243,LOW,F1_login_count,18.9,F6_inactive_days,13.3,F4_num_submitted,13.0,17,F1 login count (18.9%) and F6 inactive days (13.3%),1635,0.18664515367580028,0.42072761588123386,0.6491980711205838,0.08260570935766298,3,0.3233,LOW
1636,OULAD_TEST_1636,0,0.0659,0.3434,0.3734,0.3427,0.0659,LOW,F6_inactive_days,15.2,F4_num_submitted,15.0,F5_on_time_rate,10.8,1,F6 inactive days (15.2%) and F4 num submitted (15.0%),1636,0.0,0.028584691075394866,0.7806169851260879,0.12035673553898768,2,0.109,LOW
1637,OULAD_TEST_1637,0,0.2038,0.2709,0.154,0.0911,0.2038,LOW,F1_login_count,15.2,F4_num_submitted,13.5,F6_inactive_days,12.9,1,F1 login count (15.2%) and F4 num submitted (13.5%),1637,0.1850199065593461,0.19549789077157356,0.3876789500604647,0.09264980070126544,3,0.188,LOW
1638,OULAD_TEST_1638,1,0.9267,0.8062,0.5966,0.681,0.9267,HIGH,F1_login_count,24.0,F5_on_time_rate,14.8,F4_num_submitted,11.7,9,F1 login count (24.0%) and F5 on time rate (14.8%),1638,0.8549424919243145,0.7469579309920692,0.008726104852963462,0.3249026617865878,8,0.8873,HIGH
1639,OULAD_TEST_1639,0,0.5609,0.4241,0.6167,0.5216,0.5609,MEDIUM,F1_login_count,21.1,F6_inactive_days,14.3,F4_num_submitted,13.2,17,F1 login count (21.1%) and F6 inactive days (14.3%),1639,0.28587670857457265,0.4090562224090421,0.4709968027247854,0.5510087957525601,3,0.6392,MEDIUM
1640,OULAD_TEST_1640,1,0.6255,0.7609,0.7806,0.9286,0.6255,MEDIUM,F1_login_count,19.3,F5_on_time_rate,11.3,F6_inactive_days,9.0,16,F1 login count (19.3%) and F5 on time rate (11.3%),1640,0.44027194566727573,0.4848823877265783,0.21884086599017044,0.3232211445340851,5,0.7678,HIGH
1641,OULAD_TEST_1641,0,0.0828,0.2744,0.1593,0.08,0.0828,LOW,F1_login_count,18.9,F6_inactive_days,15.1,F4_num_submitted,13.9,2,F1 login count (18.9%) and F6 inactive days (15.1%),1641,0.19918205554154295,0.032079314278264916,0.7114127494763062,0.22914860837789117,3,0.1257,LOW
1642,OULAD_TEST_1642,1,0.9841,0.5044,0.6753,0.6569,0.9841,HIGH,F1_login_count,28.1,F5_on_time_rate,15.8,F6_inactive_days,9.4,7,F1 login count (28.1%) and F5 on time rate (15.8%),1642,0.6809058608754285,0.8652430638037699,0.0,0.7438721949558857,10,0.9184,HIGH
1643,OULAD_TEST_1643,0,0.1321,0.3471,0.4279,0.2532,0.1321,LOW,F6_inactive_days,14.9,F4_num_submitted,14.2,F13_weeks_since_active,10.8,2,F6 inactive days (14.9%) and F4 num submitted (14.2%),1643,0.1377071796249734,0.3002110629360606,0.872712259520177,0.0,2,0.1364,LOW
1644,OULAD_TEST_1644,0,0.5368,0.5214,0.8509,0.755,0.5368,MEDIUM,F6_inactive_days,17.3,F4_num_submitted,16.8,F1_login_count,15.0,9,F6 inactive days (17.3%) and F4 num submitted (16.8%),1644,0.26952064718531205,0.3989965250979328,0.5387092457418016,0.44606278372357777,6,0.6934,MEDIUM
1645,OULAD_TEST_1645,0,0.0411,0.3543,0.2103,0.1038,0.0411,LOW,F4_num_submitted,13.9,F6_inactive_days,13.2,F13_weeks_since_active,12.2,1,F4 num submitted (13.9%) and F6 inactive days (13.2%),1645,0.07160070972076485,0.0016049755507629923,0.6787331104859271,0.0,1,0.0812,LOW
1646,OULAD_TEST_1646,0,0.0464,0.3186,0.1811,0.058,0.0464,LOW,F1_login_count,22.1,F6_inactive_days,12.4,F4_num_submitted,11.9,8,F1 login count (22.1%) and F6 inactive days (12.4%),1646,0.013765573499545117,0.03439015895110013,0.7776098000389084,0.0,0,0.0617,LOW
1647,OULAD_TEST_1647,1,0.5184,0.3923,0.625,0.6819,0.5184,MEDIUM,F1_login_count,16.1,F6_inactive_days,15.9,F4_num_submitted,15.3,16,F1 login count (16.1%) and F6 inactive days (15.9%),1647,0.4614529995679863,0.47230390789677973,0.3172305952235953,0.2600882200773429,6,0.69,MEDIUM
1648,OULAD_TEST_1648,1,0.4682,0.3159,0.6114,0.631,0.4682,MEDIUM,F1_login_count,23.3,F5_on_time_rate,14.3,F6_inactive_days,9.3,11,F1 login count (23.3%) and F5 on time rate (14.3%),1648,0.4464786051564751,0.4190540649563828,0.4869344639031379,0.3286365002131535,3,0.5964,MEDIUM
1649,OULAD_TEST_1649,1,0.9385,0.3198,0.3794,0.4195,0.9385,HIGH,F4_num_submitted,16.6,F1_login_count,16.6,F6_inactive_days,16.4,17,F4 num submitted (16.6%) and F1 login count (16.6%),1649,0.9159063642018613,0.9004526635158494,0.10016830772423291,0.5075716022404394,7,0.8855,HIGH
1650,OULAD_TEST_1650,1,0.8737,0.7972,0.7944,0.8351,0.8737,HIGH,F1_login_count,23.5,F5_on_time_rate,12.3,F13_weeks_since_active,9.9,11,F1 login count (23.5%) and F5 on time rate (12.3%),1650,0.6695533173213575,0.5485336343571834,0.18221055716132653,0.4873741990889878,9,0.8739,HIGH
1651,OULAD_TEST_1651,0,0.0666,0.3493,0.2213,0.1586,0.0666,LOW,F1_login_count,15.8,F6_inactive_days,15.2,F4_num_submitted,14.3,1,F1 login count (15.8%) and F6 inactive days (15.2%),1651,0.07919963165821664,0.0,0.7799118447707888,0.17718792539143355,2,0.1002,LOW
1652,OULAD_TEST_1652,1,0.998,0.6119,0.5426,0.7311,0.998,HIGH,F1_login_count,24.3,F5_on_time_rate,14.4,F6_inactive_days,12.2,17,F1 login count (24.3%) and F5 on time rate (14.4%),1652,0.7180384301577336,0.808629746239188,0.29514062063884683,0.611579277634811,8,0.8963,HIGH
1653,OULAD_TEST_1653,0,0.7145,0.5715,0.6565,0.7973,0.7145,HIGH,F1_login_count,18.4,F6_inactive_days,14.3,F4_num_submitted,14.2,9,F1 login count (18.4%) and F6 inactive days (14.3%),1653,0.46483337071893116,0.6951090150034966,0.1256076234989261,0.3275042026458057,8,0.8135,HIGH
1654,OULAD_TEST_1654,0,0.0146,0.3095,0.1029,0.0481,0.0146,LOW,F1_login_count,15.6,F6_inactive_days,13.0,F4_num_submitted,12.5,1,F1 login count (15.6%) and F6 inactive days (13.0%),1654,0.044068384346169116,0.0,0.6172596645563487,0.09300363884007919,2,0.0858,LOW
1655,OULAD_TEST_1655,0,0.7828,0.8391,0.7407,0.7091,0.7828,HIGH,F1_login_count,22.8,F5_on_time_rate,15.0,F13_weeks_since_active,11.8,5,F1 login count (22.8%) and F5 on time rate (15.0%),1655,0.5184198589860971,0.4247694128244994,0.13445097992985383,0.4934010680345094,7,0.8203,HIGH
1656,OULAD_TEST_1656,0,0.7847,0.5757,0.6527,0.7936,0.7847,HIGH,F1_login_count,20.1,F4_num_submitted,12.4,F6_inactive_days,12.0,17,F1 login count (20.1%) and F4 num submitted (12.4%),1656,0.5661360976269614,0.7126893524975366,0.015441173443973305,0.1682274238245548,6,0.8262,HIGH
1657,OULAD_TEST_1657,1,0.4187,0.6043,0.5944,0.4448,0.4187,MEDIUM,F1_login_count,25.1,F5_on_time_rate,13.2,F6_inactive_days,11.8,7,F1 login count (25.1%) and F5 on time rate (13.2%),1657,0.424849753560796,0.3753875778962172,0.3157937729994007,0.30262234965257384,4,0.5505,MEDIUM
1658,OULAD_TEST_1658,0,0.1454,0.4487,0.4147,0.2402,0.1454,LOW,F1_login_count,16.5,F13_weeks_since_active,13.4,F5_on_time_rate,12.4,6,F1 login count (16.5%) and F13 weeks since active (13.4%),1658,0.001125743472035881,0.036373327456045615,0.5835485345802034,0.1342594449259322,0,0.1033,LOW
1659,OULAD_TEST_1659,0,0.176,0.5187,0.3693,0.1714,0.176,LOW,F1_login_count,18.3,F13_weeks_since_active,14.5,F5_on_time_rate,10.7,7,F1 login count (18.3%) and F13 weeks since active (14.5%),1659,0.23718785611290455,0.07075683194232558,0.5669811094568373,0.10801453554970318,0,0.1355,LOW
1660,OULAD_TEST_1660,0,0.5943,0.4554,0.4509,0.4927,0.5943,MEDIUM,F1_login_count,16.7,F6_inactive_days,12.3,F4_num_submitted,12.1,9,F1 login count (16.7%) and F6 inactive days (12.3%),1660,0.5477215067339866,0.42757550242922604,0.22909818980499394,0.46358406972834904,6,0.7256,HIGH
1661,OULAD_TEST_1661,0,0.2153,0.6138,0.3715,0.4768,0.2153,LOW,F1_login_count,21.7,F6_inactive_days,12.6,F4_num_submitted,10.2,4,F1 login count (21.7%) and F6 inactive days (12.6%),1661,0.1389031473008921,0.1918478253979152,0.6795818950445411,0.04849276988081973,0,0.1791,LOW
1662,OULAD_TEST_1662,1,0.9967,0.3544,0.7301,0.7774,0.9967,HIGH,F1_login_count,23.8,F5_on_time_rate,13.9,F6_inactive_days,12.8,15,F1 login count (23.8%) and F5 on time rate (13.9%),1662,0.48550451009914053,0.7970897779053595,0.0,0.6383999746585081,7,0.9022,HIGH
1663,OULAD_TEST_1663,0,0.053,0.295,0.1619,0.1204,0.053,LOW,F4_num_submitted,12.3,F6_inactive_days,12.1,F1_login_count,11.8,1,F4 num submitted (12.3%) and F6 inactive days (12.1%),1663,0.0,0.08457511351804158,0.739648542512752,0.0,0,0.0696,LOW
1664,OULAD_TEST_1664,0,0.1378,0.511,0.2757,0.4799,0.1378,LOW,F1_login_count,28.3,F5_on_time_rate,15.0,F6_inactive_days,10.9,14,F1 login count (28.3%) and F5 on time rate (15.0%),1664,0.22615945465611093,0.0,0.7791832774500935,0.1315308460078598,1,0.1581,LOW
1665,OULAD_TEST_1665,0,0.1218,0.4813,0.2117,0.2312,0.1218,LOW,F1_login_count,23.8,F6_inactive_days,13.4,F4_num_submitted,13.3,5,F1 login count (23.8%) and F6 inactive days (13.4%),1665,0.0829731937701118,0.034981850789776045,0.6259277475218574,0.30744716346478757,1,0.1272,LOW
1666,OULAD_TEST_1666,1,0.9905,0.8719,0.7721,0.9226,0.9905,HIGH,F1_login_count,20.0,F4_num_submitted,13.6,F6_inactive_days,13.2,9,F1 login count (20.0%) and F4 num submitted (13.6%),1666,0.5934197767705089,0.751840683127116,0.0,0.4749172377038951,12,0.911,HIGH
1667,OULAD_TEST_1667,1,0.5914,0.5543,0.7619,0.8447,0.5914,MEDIUM,F1_login_count,26.1,F5_on_time_rate,15.9,F6_inactive_days,10.1,9,F1 login count (26.1%) and F5 on time rate (15.9%),1667,0.36350250787717825,0.4821827457302006,0.36345599860929156,0.263663744161467,6,0.7236,HIGH
1668,OULAD_TEST_1668,0,0.0358,0.2958,0.0961,0.0395,0.0358,LOW,F1_login_count,17.2,F6_inactive_days,12.7,F4_num_submitted,11.2,1,F1 login count (17.2%) and F6 inactive days (12.7%),1668,0.10912200265045531,0.0,0.577203219937978,0.0,1,0.0819,LOW
1669,OULAD_TEST_1669,0,0.4903,0.5271,0.4324,0.3777,0.4903,MEDIUM,F1_login_count,18.3,F5_on_time_rate,14.3,F13_weeks_since_active,13.7,5,F1 login count (18.3%) and F5 on time rate (14.3%),1669,0.397883356820138,0.48058250239166134,0.16926944910494182,0.3097797870961914,3,0.5981,MEDIUM
1670,OULAD_TEST_1670,0,0.06,0.5171,0.2573,0.1515,0.06,LOW,F4_num_submitted,14.7,F6_inactive_days,14.3,F13_weeks_since_active,13.5,6,F4 num submitted (14.7%) and F6 inactive days (14.3%),1670,0.018106790083030563,0.0,0.7866117328797723,0.0,1,0.0825,LOW
1671,OULAD_TEST_1671,0,0.2657,0.5105,0.3422,0.3342,0.2657,LOW,F1_login_count,20.9,F13_weeks_since_active,14.6,F5_on_time_rate,12.6,6,F1 login count (20.9%) and F13 weeks since active (14.6%),1671,0.14930755881853122,0.22948431810646014,0.6366414280566898,0.2099696854429176,1,0.2018,LOW
1672,OULAD_TEST_1672,0,0.0291,0.3103,0.3689,0.1224,0.0291,LOW,F1_login_count,18.7,F4_num_submitted,12.2,F6_inactive_days,12.1,9,F1 login count (18.7%) and F4 num submitted (12.2%),1672,0.0,0.06940191385693645,0.9831420134852411,0.11908079345629982,0,0.056,LOW
1673,OULAD_TEST_1673,0,0.1272,0.2995,0.2096,0.306,0.1272,LOW,F1_login_count,17.7,F6_inactive_days,14.7,F4_num_submitted,14.3,2,F1 login count (17.7%) and F6 inactive days (14.7%),1673,0.0,0.2566517949249564,0.7140494875866811,0.14044166561445412,1,0.1284,LOW
1674,OULAD_TEST_1674,1,0.2793,0.6968,0.7857,0.624,0.2793,LOW,F1_login_count,17.3,F6_inactive_days,14.6,F4_num_submitted,14.0,9,F1 login count (17.3%) and F6 inactive days (14.6%),1674,0.35704756894694417,0.19886372231252197,0.6585339717258095,0.0,4,0.3168,LOW
1675,OULAD_TEST_1675,1,0.5481,0.4419,0.5732,0.6325,0.5481,MEDIUM,F1_login_count,21.0,F6_inactive_days,13.2,F4_num_submitted,13.1,16,F1 login count (21.0%) and F6 inactive days (13.2%),1675,0.35143795307886605,0.49184168834820136,0.3419727356414026,0.4482801198190327,3,0.6908,MEDIUM
1676,OULAD_TEST_1676,0,0.145,0.3255,0.2581,0.2288,0.145,LOW,F1_login_count,15.6,F13_weeks_since_active,13.4,F7_score_change,9.7,3,F1 login count (15.6%) and F13 weeks since active (13.4%),1676,0.22321585208254963,0.0,0.7137227221585087,0.19948408971044157,0,0.1118,LOW
1677,OULAD_TEST_1677,0,0.5115,0.6774,0.847,0.8184,0.5115,MEDIUM,F1_login_count,14.5,F6_inactive_days,14.4,F4_num_submitted,13.3,8,F1 login count (14.5%) and F6 inactive days (14.4%),1677,0.5101816051922451,0.24341850365495807,0.5575256841749534,0.40651936468155647,4,0.6914,MEDIUM
1678,OULAD_TEST_1678,0,0.1804,0.5522,0.3189,0.2969,0.1804,LOW,F1_login_count,25.7,F5_on_time_rate,14.9,F6_inactive_days,10.4,6,F1 login count (25.7%) and F5 on time rate (14.9%),1678,0.22611108981479605,0.220921950062536,0.4432807181874365,0.152981069838699,2,0.2345,LOW
1679,OULAD_TEST_1679,0,0.5847,0.7413,0.4696,0.6594,0.5847,MEDIUM,F4_num_submitted,14.5,F6_inactive_days,13.4,F1_login_count,13.2,17,F4 num submitted (14.5%) and F6 inactive days (13.4%),1679,0.36612796872819514,0.4965501765081543,0.3736016257571681,0.3772427177046159,6,0.6953,MEDIUM
1680,OULAD_TEST_1680,1,0.9924,0.6985,0.7567,0.8011,0.9924,HIGH,F1_login_count,26.5,F5_on_time_rate,14.5,F13_weeks_since_active,10.3,9,F1 login count (26.5%) and F5 on time rate (14.5%),1680,0.7350530090336609,0.9378210151838737,0.21963867300773665,0.7193267277751676,11,0.9251,HIGH
1681,OULAD_TEST_1681,0,0.1979,0.3167,0.2888,0.3725,0.1979,LOW,F1_login_count,24.3,F5_on_time_rate,14.5,F6_inactive_days,11.2,14,F1 login count (24.3%) and F5 on time rate (14.5%),1681,0.13611043936090836,0.05834276888242004,0.6698834219209343,0.3495616185124145,2,0.1776,LOW
1682,OULAD_TEST_1682,0,0.491,0.5906,0.4686,0.5519,0.491,MEDIUM,F1_login_count,23.5,F5_on_time_rate,15.5,F6_inactive_days,12.2,8,F1 login count (23.5%) and F5 on time rate (15.5%),1682,0.2533298139269871,0.4589421711623002,0.5722572963232848,0.18023514439621802,4,0.5046,MEDIUM
1683,OULAD_TEST_1683,0,0.0584,0.3819,0.1245,0.0679,0.0584,LOW,F1_login_count,22.9,F6_inactive_days,13.6,F4_num_submitted,13.6,2,F1 login count (22.9%) and F6 inactive days (13.6%),1683,0.0733159281721603,0.19914542724350826,0.6903587850470558,0.1644150474953726,0,0.0895,LOW
1684,OULAD_TEST_1684,0,0.0253,0.21,0.1154,0.091,0.0253,LOW,F6_inactive_days,15.9,F4_num_submitted,15.3,F5_on_time_rate,10.0,2,F6 inactive days (15.9%) and F4 num submitted (15.3%),1684,0.0,0.05508144866858128,0.7765552505836286,0.004833948239105669,0,0.0592,LOW
1685,OULAD_TEST_1685,0,0.1434,0.3878,0.3236,0.4287,0.1434,LOW,F1_login_count,20.6,F6_inactive_days,15.1,F4_num_submitted,14.6,13,F1 login count (20.6%) and F6 inactive days (15.1%),1685,0.21914793884615638,0.1440165204472839,0.6886324702388589,0.07047923375656791,2,0.1908,LOW
1686,OULAD_TEST_1686,1,0.9925,0.6331,0.4774,0.5713,0.9925,HIGH,F1_login_count,27.2,F5_on_time_rate,13.3,F6_inactive_days,10.2,17,F1 login count (27.2%) and F5 on time rate (13.3%),1686,0.6482882702701607,0.8443094864659481,0.0,0.4111163171541554,9,0.8839,HIGH
1687,OULAD_TEST_1687,1,0.68,0.3365,0.7263,0.7963,0.68,MEDIUM,F1_login_count,19.7,F5_on_time_rate,10.4,F6_inactive_days,9.8,16,F1 login count (19.7%) and F5 on time rate (10.4%),1687,0.4961159655872839,0.45232948342992707,0.13918221721497992,0.37382527085815265,6,0.7881,HIGH
1688,OULAD_TEST_1688,0,0.5616,0.2924,0.5132,0.3993,0.5616,MEDIUM,F1_login_count,23.4,F4_num_submitted,12.6,F6_inactive_days,12.3,8,F1 login count (23.4%) and F4 num submitted (12.6%),1688,0.4214487871546142,0.5858058348568278,0.24103249206160143,0.21728820504379015,6,0.6702,MEDIUM
1689,OULAD_TEST_1689,0,0.2796,0.6615,0.4523,0.2873,0.2796,LOW,F1_login_count,16.3,F6_inactive_days,15.2,F4_num_submitted,14.4,13,F1 login count (16.3%) and F6 inactive days (15.2%),1689,0.16982950262959226,0.18879138881559474,0.6585266078032527,0.1120974684592865,1,0.1945,LOW
1690,OULAD_TEST_1690,1,0.6781,0.4548,0.6446,0.7519,0.6781,MEDIUM,F1_login_count,24.3,F5_on_time_rate,12.2,F6_inactive_days,11.5,14,F1 login count (24.3%) and F5 on time rate (12.2%),1690,0.5333393801475275,0.6167436605106413,0.34473531056840545,0.275077633946622,7,0.7771,HIGH
1691,OULAD_TEST_1691,1,0.9519,0.3068,0.6099,0.5634,0.9519,HIGH,F1_login_count,25.5,F5_on_time_rate,12.8,F6_inactive_days,10.8,17,F1 login count (25.5%) and F5 on time rate (12.8%),1691,0.6188396343377476,0.6840722554742996,0.07088364427065336,0.5172709935224392,11,0.8775,HIGH
1692,OULAD_TEST_1692,0,0.3782,0.5112,0.4573,0.4315,0.3782,LOW,F1_login_count,21.4,F5_on_time_rate,14.5,F6_inactive_days,10.0,13,F1 login count (21.4%) and F5 on time rate (14.5%),1692,0.3518697297457244,0.22711322683937754,0.5798502896855706,0.1781867571571916,3,0.3538,LOW
1693,OULAD_TEST_1693,1,0.9982,0.3905,0.502,0.7939,0.9982,HIGH,F1_login_count,26.4,F5_on_time_rate,15.0,F6_inactive_days,10.7,17,F1 login count (26.4%) and F5 on time rate (15.0%),1693,0.5641420319753251,0.9632769919377788,0.0,0.6105305902126561,8,0.9087,HIGH
1694,OULAD_TEST_1694,1,0.6821,0.6421,0.5829,0.5622,0.6821,MEDIUM,F4_num_submitted,17.2,F6_inactive_days,16.9,F1_login_count,15.8,16,F4 num submitted (17.2%) and F6 inactive days (16.9%),1694,0.4901079579546412,0.5520008168833725,0.3745131669539543,0.2154900165250403,6,0.7287,HIGH
1695,OULAD_TEST_1695,0,0.1025,0.4588,0.143,0.2793,0.1025,LOW,F1_login_count,23.2,F6_inactive_days,14.7,F4_num_submitted,14.0,4,F1 login count (23.2%) and F6 inactive days (14.7%),1695,0.26564289990582846,0.20338703808340358,0.7188788442632071,0.0,0,0.1384,LOW
1696,OULAD_TEST_1696,0,0.2864,0.3088,0.4245,0.3602,0.2864,LOW,F1_login_count,16.2,F13_weeks_since_active,15.0,F5_on_time_rate,12.7,8,F1 login count (16.2%) and F13 weeks since active (15.0%),1696,0.10044686753944251,0.23718154727531857,0.5766664047426757,0.2152697124876632,3,0.2366,LOW
1697,OULAD_TEST_1697,0,0.1997,0.3056,0.3056,0.0803,0.1997,LOW,F1_login_count,19.7,F6_inactive_days,12.5,F4_num_submitted,10.8,1,F1 login count (19.7%) and F6 inactive days (12.5%),1697,0.07201550294751481,0.022393178163371386,0.6136807366737589,0.024127425951588108,2,0.1133,LOW
1698,OULAD_TEST_1698,0,0.0646,0.3588,0.2418,0.1822,0.0646,LOW,F1_login_count,23.8,F6_inactive_days,13.0,F5_on_time_rate,12.9,5,F1 login count (23.8%) and F6 inactive days (13.0%),1698,0.09661078496589151,0.12627540797853765,0.8167650477636429,0.16770357482759174,3,0.1251,LOW
1699,OULAD_TEST_1699,0,0.1149,0.4956,0.3463,0.1159,0.1149,LOW,F1_login_count,18.9,F6_inactive_days,14.3,F4_num_submitted,13.1,11,F1 login count (18.9%) and F6 inactive days (14.3%),1699,0.0983881781939598,0.05047361457955138,0.6659601183387087,0.0959723666418056,0,0.0934,LOW
1700,OULAD_TEST_1700,1,0.8245,0.7746,0.7043,0.5872,0.8245,HIGH,F1_login_count,16.1,F6_inactive_days,15.0,F4_num_submitted,14.5,15,F1 login count (16.1%) and F6 inactive days (15.0%),1700,0.6122130099273558,0.7567201050813636,0.2380431377198068,0.5675114580247689,8,0.8574,HIGH
1701,OULAD_TEST_1701,0,0.0906,0.4671,0.1602,0.2061,0.0906,LOW,F1_login_count,23.5,F5_on_time_rate,14.7,F6_inactive_days,11.6,6,F1 login count (23.5%) and F5 on time rate (14.7%),1701,0.11233871301476635,0.07902686940320656,0.6143050859283994,0.22364307845050735,0,0.1114,LOW
1702,OULAD_TEST_1702,0,0.2295,0.2818,0.3116,0.2769,0.2295,LOW,F6_inactive_days,14.8,F4_num_submitted,14.2,F5_on_time_rate,12.5,1,F6 inactive days (14.8%) and F4 num submitted (14.2%),1702,0.22412214685617698,0.07162554176457037,0.5065083745271807,0.10053470258321129,1,0.1686,LOW
1703,OULAD_TEST_1703,1,0.9917,0.5421,0.4402,0.5367,0.9917,HIGH,F1_login_count,27.1,F5_on_time_rate,13.2,F6_inactive_days,10.7,17,F1 login count (27.1%) and F5 on time rate (13.2%),1703,0.8051599841956223,0.8560885812296456,0.0753826755126504,0.526081595350047,7,0.8938,HIGH
1704,OULAD_TEST_1704,0,0.4254,0.4938,0.5282,0.6873,0.4254,MEDIUM,F1_login_count,20.2,F5_on_time_rate,12.3,F13_weeks_since_active,10.7,15,F1 login count (20.2%) and F5 on time rate (12.3%),1704,0.33876186569285127,0.5372878513722239,0.45082557854169875,0.3598443102718576,3,0.566,MEDIUM
1705,OULAD_TEST_1705,0,0.7468,0.5922,0.7975,0.7938,0.7468,HIGH,F1_login_count,15.4,F6_inactive_days,12.6,F5_on_time_rate,12.0,12,F1 login count (15.4%) and F6 inactive days (12.6%),1705,0.49863423453814576,0.6742189166811567,0.15717085838468714,0.5092216276715623,7,0.8425,HIGH
1706,OULAD_TEST_1706,1,0.5773,0.475,0.5627,0.598,0.5773,MEDIUM,F1_login_count,14.3,F6_inactive_days,13.7,F4_num_submitted,13.3,13,F1 login count (14.3%) and F6 inactive days (13.7%),1706,0.4713673701202732,0.486103579759563,0.427165773247546,0.3239003628214439,6,0.6979,MEDIUM
1707,OULAD_TEST_1707,0,0.52,0.2299,0.5117,0.7488,0.52,MEDIUM,F1_login_count,21.5,F5_on_time_rate,13.9,F6_inactive_days,12.6,15,F1 login count (21.5%) and F5 on time rate (13.9%),1707,0.5539881934895216,0.5280274721565519,0.32327385859139157,0.4789749560347131,4,0.7389,HIGH
1708,OULAD_TEST_1708,0,0.1142,0.3469,0.2144,0.0751,0.1142,LOW,F1_login_count,19.8,F6_inactive_days,13.0,F4_num_submitted,11.6,6,F1 login count (19.8%) and F6 inactive days (13.0%),1708,0.06667662536174264,0.11392347721624885,0.6886198745699631,0.04305068281920833,1,0.095,LOW
1709,OULAD_TEST_1709,0,0.6509,0.5691,0.7501,0.8406,0.6509,MEDIUM,F1_login_count,21.0,F6_inactive_days,13.7,F4_num_submitted,13.5,12,F1 login count (21.0%) and F6 inactive days (13.7%),1709,0.3581770695329358,0.5700277384210235,0.4192027950071159,0.3944728365066938,6,0.7614,HIGH
1710,OULAD_TEST_1710,1,0.7557,0.4391,0.7441,0.636,0.7557,HIGH,F1_login_count,19.6,F4_num_submitted,13.6,F6_inactive_days,13.3,6,F1 login count (19.6%) and F4 num submitted (13.6%),1710,0.6396980669286972,0.5550149862272719,0.349354234581065,0.455966718100111,7,0.8169,HIGH
1711,OULAD_TEST_1711,0,0.1522,0.5305,0.4483,0.3004,0.1522,LOW,F1_login_count,16.6,F13_weeks_since_active,15.9,F5_on_time_rate,13.3,5,F1 login count (16.6%) and F13 weeks since active (15.9%),1711,0.09450188360464017,0.14807784206316785,0.8354798210270328,0.0,1,0.1244,LOW
1712,OULAD_TEST_1712,1,0.9951,0.4267,0.7605,0.7921,0.9951,HIGH,F1_login_count,27.2,F5_on_time_rate,15.5,F6_inactive_days,10.4,14,F1 login count (27.2%) and F5 on time rate (15.5%),1712,0.47930304539859625,0.9286704733133556,0.0,0.6063702467383668,10,0.9122,HIGH
1713,OULAD_TEST_1713,0,0.3504,0.4606,0.4085,0.3936,0.3504,LOW,F1_login_count,18.2,F5_on_time_rate,16.2,F13_weeks_since_active,13.4,11,F1 login count (18.2%) and F5 on time rate (16.2%),1713,0.3300221677150421,0.230955027831998,0.642750290498447,0.3778512212878189,4,0.3519,LOW
1714,OULAD_TEST_1714,0,0.0604,0.3645,0.1245,0.0649,0.0604,LOW,F1_login_count,21.0,F6_inactive_days,14.8,F4_num_submitted,14.0,2,F1 login count (21.0%) and F6 inactive days (14.8%),1714,0.0,0.16529966569975582,0.6567847172231323,0.0896361978451411,0,0.0799,LOW
1715,OULAD_TEST_1715,0,0.5758,0.419,0.4211,0.3253,0.5758,MEDIUM,F1_login_count,22.8,F6_inactive_days,11.0,F4_num_submitted,10.9,17,F1 login count (22.8%) and F6 inactive days (11.0%),1715,0.39400667176958387,0.4820935180683899,0.24866971252779396,0.34920761116787175,5,0.656,MEDIUM
1716,OULAD_TEST_1716,0,0.1798,0.3019,0.3071,0.1805,0.1798,LOW,F1_login_count,13.7,F6_inactive_days,13.1,F4_num_submitted,12.9,1,F1 login count (13.7%) and F6 inactive days (13.1%),1716,0.15905803305690142,0.08180843907691673,0.42111441473756395,0.0884679262601197,1,0.1416,LOW
1717,OULAD_TEST_1717,0,0.2406,0.514,0.2388,0.3509,0.2406,LOW,F1_login_count,26.0,F5_on_time_rate,14.7,F6_inactive_days,11.6,6,F1 login count (26.0%) and F5 on time rate (14.7%),1717,0.18746996797790663,0.28432056615361956,0.774806820189853,0.18406404340876215,1,0.1973,LOW
1718,OULAD_TEST_1718,0,0.0301,0.3221,0.0747,0.0652,0.0301,LOW,F1_login_count,16.2,F6_inactive_days,15.3,F4_num_submitted,13.6,1,F1 login count (16.2%) and F6 inactive days (15.3%),1718,0.09201518171390394,0.002641461140938453,0.6895220150923922,0.1080319954187022,0,0.0724,LOW
1719,OULAD_TEST_1719,0,0.0255,0.2393,0.1249,0.056,0.0255,LOW,F1_login_count,17.3,F6_inactive_days,13.7,F4_num_submitted,12.1,1,F1 login count (17.3%) and F6 inactive days (13.7%),1719,0.0,0.08243619099888863,0.7669467420252941,0.08840865970677035,3,0.0873,LOW
1720,OULAD_TEST_1720,0,0.0495,0.5515,0.2655,0.1279,0.0495,LOW,F1_login_count,20.4,F6_inactive_days,15.8,F4_num_submitted,15.6,8,F1 login count (20.4%) and F6 inactive days (15.8%),1720,0.08596057981760827,0.01873430941931703,0.6693675658071717,0.0,0,0.0837,LOW
1721,OULAD_TEST_1721,0,0.231,0.5735,0.3449,0.3099,0.231,LOW,F1_login_count,16.8,F6_inactive_days,12.5,F4_num_submitted,11.6,16,F1 login count (16.8%) and F6 inactive days (12.5%),1721,0.13574533224160829,0.1915639085176077,0.6847165248330142,0.17757379129321374,1,0.178,LOW
1722,OULAD_TEST_1722,0,0.0504,0.4215,0.1771,0.1003,0.0504,LOW,F1_login_count,13.8,F6_inactive_days,12.1,F4_num_submitted,11.6,5,F1 login count (13.8%) and F6 inactive days (12.1%),1722,0.1091610480887503,0.08232481634674332,0.722116633928266,0.08783276893779343,0,0.0835,LOW
1723,OULAD_TEST_1723,1,0.7043,0.5265,0.4322,0.3107,0.7043,HIGH,F1_login_count,24.0,F5_on_time_rate,12.5,F4_num_submitted,11.7,5,F1 login count (24.0%) and F5 on time rate (12.5%),1723,0.5545467484013054,0.6219267646072005,0.10607831095670506,0.3017166014967626,6,0.7447,HIGH
1724,OULAD_TEST_1724,0,0.2684,0.679,0.4651,0.7116,0.2684,LOW,F1_login_count,17.9,F6_inactive_days,12.9,F4_num_submitted,12.1,12,F1 login count (17.9%) and F6 inactive days (12.9%),1724,0.09433612979554049,0.06849745756386091,0.6294462564186061,0.18122766494204334,2,0.2564,LOW
1725,OULAD_TEST_1725,0,0.0966,0.1831,0.1094,0.1224,0.0966,LOW,F4_num_submitted,13.6,F1_login_count,13.4,F5_on_time_rate,12.9,1,F4 num submitted (13.6%) and F1 login count (13.4%),1725,0.17621821161750323,0.0,0.5793469975189771,0.0,1,0.0979,LOW
1726,OULAD_TEST_1726,0,0.0399,0.3591,0.2642,0.095,0.0399,LOW,F1_login_count,13.5,F4_num_submitted,13.1,F6_inactive_days,13.0,2,F1 login count (13.5%) and F4 num submitted (13.1%),1726,0.0,0.10826779878326524,0.6843394274684509,0.0818440451785422,0,0.0728,LOW
1727,OULAD_TEST_1727,0,0.0724,0.2468,0.1582,0.0711,0.0724,LOW,F1_login_count,13.6,F6_inactive_days,12.8,F5_on_time_rate,11.9,1,F1 login count (13.6%) and F6 inactive days (12.8%),1727,0.13148577982811452,0.05096907288787622,0.531391088537392,0.12268116654752179,2,0.1096,LOW
1728,OULAD_TEST_1728,0,0.9852,0.6829,0.817,0.8542,0.9852,HIGH,F1_login_count,18.8,F4_num_submitted,14.3,F6_inactive_days,14.3,9,F1 login count (18.8%) and F4 num submitted (14.3%),1728,0.726368731340134,0.7955214957782862,0.0,0.680825535094375,10,0.9266,HIGH
1729,OULAD_TEST_1729,1,0.9961,0.8211,0.8163,0.8409,0.9961,HIGH,F1_login_count,25.2,F5_on_time_rate,12.3,F13_weeks_since_active,11.8,5,F1 login count (25.2%) and F5 on time rate (12.3%),1729,0.8810883676795123,0.7379990787794021,0.020972916972047798,0.5502543777396519,8,0.9238,HIGH
1730,OULAD_TEST_1730,1,0.3362,0.5036,0.4239,0.3858,0.3362,LOW,F1_login_count,21.0,F5_on_time_rate,16.7,F13_weeks_since_active,14.1,5,F1 login count (21.0%) and F5 on time rate (16.7%),1730,0.21299340176281478,0.19939109429793211,0.3345863961897075,0.23880562020288415,0,0.2526,LOW
1731,OULAD_TEST_1731,1,0.0394,0.4248,0.3514,0.2766,0.0394,LOW,F1_login_count,17.1,F6_inactive_days,12.1,F5_on_time_rate,11.8,8,F1 login count (17.1%) and F6 inactive days (12.1%),1731,0.0,0.0,0.6203654275378285,0.19451446146494,0,0.0877,LOW
1732,OULAD_TEST_1732,0,0.0354,0.4924,0.2359,0.0979,0.0354,LOW,F6_inactive_days,16.4,F1_login_count,14.2,F4_num_submitted,14.0,10,F6 inactive days (16.4%) and F1 login count (14.2%),1732,0.022838039411226738,0.02198754250387737,0.7714431083867193,0.19089235779495106,0,0.0707,LOW
1733,OULAD_TEST_1733,1,0.081,0.3256,0.4798,0.3102,0.081,LOW,F1_login_count,20.6,F6_inactive_days,15.1,F4_num_submitted,14.6,13,F1 login count (20.6%) and F6 inactive days (15.1%),1733,0.026382021716572456,0.020974993553516244,0.6808393103906948,0.04509927609281272,4,0.1386,LOW
1734,OULAD_TEST_1734,0,0.0517,0.4478,0.1993,0.1566,0.0517,LOW,F1_login_count,19.1,F6_inactive_days,12.3,F13_weeks_since_active,11.0,6,F1 login count (19.1%) and F6 inactive days (12.3%),1734,0.116184190194205,0.0,0.957843663595931,0.04773835568754718,1,0.0791,LOW
1735,OULAD_TEST_1735,0,0.5403,0.7867,0.7751,0.7188,0.5403,MEDIUM,F1_login_count,19.5,F6_inactive_days,13.4,F4_num_submitted,13.2,10,F1 login count (19.5%) and F6 inactive days (13.4%),1735,0.2165789391563412,0.4538051259865637,0.5511496546024376,0.4574893373681319,2,0.5966,MEDIUM
1736,OULAD_TEST_1736,1,0.3553,0.7813,0.7794,0.6535,0.3553,LOW,F5_on_time_rate,12.3,F6_inactive_days,11.8,F4_num_submitted,10.4,13,F5 on time rate (12.3%) and F6 inactive days (11.8%),1736,0.1433417580853646,0.3311226504682191,0.4289677537248847,0.033083758168539035,2,0.2999,LOW
1737,OULAD_TEST_1737,0,0.3584,0.6853,0.685,0.5388,0.3584,LOW,F6_inactive_days,13.3,F1_login_count,13.3,F4_num_submitted,12.8,15,F6 inactive days (13.3%) and F1 login count (13.3%),1737,0.14409970784208068,0.47209583457679555,0.5689937618403481,0.17627091087875704,3,0.3486,LOW
1738,OULAD_TEST_1738,0,0.1478,0.598,0.3889,0.3739,0.1478,LOW,F1_login_count,19.5,F5_on_time_rate,14.7,F6_inactive_days,13.4,8,F1 login count (19.5%) and F5 on time rate (14.7%),1738,0.19849075919735756,0.004679326434942899,0.7566882556879453,0.2489484546644108,1,0.1492,LOW
1739,OULAD_TEST_1739,1,0.9958,0.3499,0.6856,0.7466,0.9958,HIGH,F1_login_count,29.8,F5_on_time_rate,14.9,F13_weeks_since_active,8.9,11,F1 login count (29.8%) and F5 on time rate (14.9%),1739,0.8681213372581925,0.9391804834640418,0.0,0.7145040650021719,7,0.9314,HIGH
1740,OULAD_TEST_1740,0,0.6692,0.3707,0.6009,0.4446,0.6692,MEDIUM,F1_login_count,17.1,F4_num_submitted,16.5,F6_inactive_days,16.0,17,F1 login count (17.1%) and F4 num submitted (16.5%),1740,0.45799507814625284,0.6466681248812057,0.1150858463501796,0.4458316533179886,6,0.7741,HIGH
1741,OULAD_TEST_1741,0,0.0664,0.4655,0.1645,0.1005,0.0664,LOW,F1_login_count,21.2,F6_inactive_days,13.5,F5_on_time_rate,13.1,7,F1 login count (21.2%) and F6 inactive days (13.5%),1741,0.029597827680998938,0.0,0.7456501550691942,0.0,0,0.0724,LOW
1742,OULAD_TEST_1742,0,0.0642,0.3333,0.3218,0.1436,0.0642,LOW,F1_login_count,23.2,F5_on_time_rate,12.7,F4_num_submitted,11.2,8,F1 login count (23.2%) and F5 on time rate (12.7%),1742,0.05194521631131813,0.07082887636688248,0.7313554325185889,0.03253077203506055,0,0.076,LOW
1743,OULAD_TEST_1743,0,0.1501,0.3005,0.2678,0.3582,0.1501,LOW,F1_login_count,15.1,F13_weeks_since_active,10.8,F6_inactive_days,9.7,9,F1 login count (15.1%) and F13 weeks since active (10.8%),1743,0.22125783026081905,0.0909743400529908,0.6363435503029382,0.019270152450008043,1,0.1534,LOW
1744,OULAD_TEST_1744,0,0.3954,0.7146,0.6199,0.4295,0.3954,LOW,F1_login_count,17.2,F6_inactive_days,13.3,F4_num_submitted,11.5,5,F1 login count (17.2%) and F6 inactive days (13.3%),1744,0.18404468658094256,0.3509450864334991,0.5279116868164486,0.2769646683380656,5,0.4056,MEDIUM
1745,OULAD_TEST_1745,0,0.5109,0.5168,0.7273,0.7772,0.5109,MEDIUM,F6_inactive_days,14.6,F4_num_submitted,14.0,F13_weeks_since_active,12.7,14,F6 inactive days (14.6%) and F4 num submitted (14.0%),1745,0.3814668982734785,0.5549954810723641,0.31620703929944016,0.20941839782461436,6,0.6945,MEDIUM
1746,OULAD_TEST_1746,0,0.3166,0.3769,0.4253,0.3299,0.3166,LOW,F1_login_count,21.7,F5_on_time_rate,11.4,F6_inactive_days,11.0,9,F1 login count (21.7%) and F5 on time rate (11.4%),1746,0.319139762978243,0.317558498610505,0.43152024524208565,0.06687319260304711,4,0.3381,LOW
1747,OULAD_TEST_1747,0,0.0693,0.5328,0.2449,0.1478,0.0693,LOW,F1_login_count,18.3,F13_weeks_since_active,11.4,F4_num_submitted,10.7,4,F1 login count (18.3%) and F13 weeks since active (11.4%),1747,0.09861941699398452,0.09959366985867535,0.7554682970349832,0.0,0,0.089,LOW
1748,OULAD_TEST_1748,1,0.8911,0.7735,0.7206,0.7295,0.8911,HIGH,F1_login_count,25.9,F5_on_time_rate,13.2,F4_num_submitted,9.9,5,F1 login count (25.9%) and F5 on time rate (13.2%),1748,0.6427281616598742,0.7230102544036285,0.12571700925688759,0.6812765621972042,9,0.8928,HIGH
1749,OULAD_TEST_1749,0,0.0382,0.2993,0.1803,0.1166,0.0382,LOW,F1_login_count,22.6,F5_on_time_rate,12.4,F6_inactive_days,12.3,9,F1 login count (22.6%) and F5 on time rate (12.4%),1749,0.12684460925671412,0.0,0.6517755056099948,0.0,0,0.0764,LOW
1750,OULAD_TEST_1750,0,0.1037,0.4713,0.3288,0.2714,0.1037,LOW,F1_login_count,16.9,F4_num_submitted,12.9,F6_inactive_days,12.9,6,F1 login count (16.9%) and F4 num submitted (12.9%),1750,0.0,0.07146754315676737,0.8098490610991081,0.08107749404430414,1,0.1002,LOW
1751,OULAD_TEST_1751,0,0.2452,0.3297,0.3493,0.6762,0.2452,LOW,F1_login_count,19.6,F5_on_time_rate,15.1,F6_inactive_days,13.1,13,F1 login count (19.6%) and F5 on time rate (15.1%),1751,0.23942753195309074,0.30494865238911323,0.4267918862223922,0.14685142602309828,1,0.2836,LOW
1752,OULAD_TEST_1752,0,0.9476,0.6072,0.7468,0.8172,0.9476,HIGH,F1_login_count,23.0,F5_on_time_rate,12.4,F13_weeks_since_active,12.3,17,F1 login count (23.0%) and F5 on time rate (12.4%),1752,0.5979124316872575,0.6832865714728281,0.0,0.44046792804474,8,0.8888,HIGH
1753,OULAD_TEST_1753,1,0.5261,0.4707,0.7021,0.6557,0.5261,MEDIUM,F1_login_count,19.9,F5_on_time_rate,13.7,F6_inactive_days,11.3,6,F1 login count (19.9%) and F5 on time rate (13.7%),1753,0.1852067103143543,0.3627778505458644,0.3533191463802391,0.1645722106262168,5,0.5472,MEDIUM
1754,OULAD_TEST_1754,0,0.1007,0.3358,0.1506,0.0576,0.1007,LOW,F1_login_count,23.1,F6_inactive_days,12.8,F4_num_submitted,12.5,8,F1 login count (23.1%) and F6 inactive days (12.8%),1754,0.12161025995249808,0.09569641889872545,0.6558176287348071,0.0,4,0.1352,LOW
1755,OULAD_TEST_1755,0,0.1086,0.3924,0.244,0.2383,0.1086,LOW,F1_login_count,23.7,F5_on_time_rate,14.2,F6_inactive_days,12.4,10,F1 login count (23.7%) and F5 on time rate (14.2%),1755,0.21338585451629577,0.013537617212219008,0.6566139526448808,0.0,1,0.1241,LOW
1756,OULAD_TEST_1756,1,0.9942,0.6406,0.9238,0.9863,0.9942,HIGH,F1_login_count,23.2,F6_inactive_days,11.4,F4_num_submitted,11.3,16,F1 login count (23.2%) and F6 inactive days (11.4%),1756,0.6821951485372307,0.781668124230783,0.19174744823081144,0.6405127496416565,9,0.9232,HIGH
1757,OULAD_TEST_1757,1,0.9757,0.5041,0.2841,0.1034,0.9757,HIGH,F1_login_count,26.0,F5_on_time_rate,13.7,F6_inactive_days,9.1,7,F1 login count (26.0%) and F5 on time rate (13.7%),1757,0.7782774547202939,0.7954571134617459,0.0,0.48993388037752655,8,0.8544,HIGH
1758,OULAD_TEST_1758,0,0.3118,0.505,0.4708,0.4021,0.3118,LOW,F1_login_count,21.4,F5_on_time_rate,13.9,F13_weeks_since_active,13.2,6,F1 login count (21.4%) and F5 on time rate (13.9%),1758,0.37948782579886453,0.15578060766478802,0.7946821722471913,0.3966588757913546,2,0.2638,LOW
1759,OULAD_TEST_1759,1,0.2403,0.3902,0.283,0.2684,0.2403,LOW,F1_login_count,24.1,F5_on_time_rate,14.3,F6_inactive_days,12.0,5,F1 login count (24.1%) and F5 on time rate (14.3%),1759,0.2997014453584047,0.12632525230269054,0.6514726779731053,0.2674381243071781,5,0.2755,LOW
1760,OULAD_TEST_1760,0,0.25,0.5005,0.6249,0.7398,0.25,LOW,F1_login_count,14.1,F13_weeks_since_active,11.7,F6_inactive_days,11.4,12,F1 login count (14.1%) and F13 weeks since active (11.7%),1760,0.3389964529371393,0.26877423334298467,0.6092055137311992,0.24700314595988498,1,0.2954,LOW
1761,OULAD_TEST_1761,0,0.5705,0.6419,0.6182,0.629,0.5705,MEDIUM,F1_login_count,24.5,F5_on_time_rate,15.0,F6_inactive_days,10.3,7,F1 login count (24.5%) and F5 on time rate (15.0%),1761,0.4735627491071892,0.3803354174215229,0.3912240353387666,0.32794093170322197,7,0.6981,MEDIUM
1762,OULAD_TEST_1762,0,0.1375,0.3766,0.3243,0.4342,0.1375,LOW,F1_login_count,26.3,F5_on_time_rate,13.5,F6_inactive_days,12.5,9,F1 login count (26.3%) and F5 on time rate (13.5%),1762,0.10379336389015928,0.0,0.9429927749251953,0.264213688286458,0,0.1036,LOW
1763,OULAD_TEST_1763,1,0.4834,0.451,0.5371,0.492,0.4834,MEDIUM,F1_login_count,20.4,F5_on_time_rate,14.4,F4_num_submitted,11.3,6,F1 login count (20.4%) and F5 on time rate (14.4%),1763,0.1781834188102831,0.36048800163728845,0.3139206996068552,0.26387932426546507,5,0.4859,MEDIUM
1764,OULAD_TEST_1764,0,0.0385,0.2905,0.3018,0.1451,0.0385,LOW,F4_num_submitted,14.7,F6_inactive_days,14.4,F1_login_count,13.2,2,F4 num submitted (14.7%) and F6 inactive days (14.4%),1764,0.0023437511870051386,0.09128144020078766,0.6571582081063612,0.01934863030149047,1,0.0807,LOW
1765,OULAD_TEST_1765,0,0.1382,0.3063,0.3752,0.2561,0.1382,LOW,F1_login_count,20.8,F6_inactive_days,13.1,F5_on_time_rate,12.8,1,F1 login count (20.8%) and F6 inactive days (13.1%),1765,0.012415340468380817,0.10171625536024882,0.6139533803428079,0.10331694476991232,0,0.1015,LOW
1766,OULAD_TEST_1766,1,0.8256,0.3716,0.7471,0.9475,0.8256,HIGH,F1_login_count,26.7,F6_inactive_days,13.2,F4_num_submitted,12.9,13,F1 login count (26.7%) and F6 inactive days (13.2%),1766,0.7950142717497813,0.6645935137507505,0.1427343146964561,0.5795787648652012,7,0.8926,HIGH
1767,OULAD_TEST_1767,0,0.5081,0.7127,0.6159,0.5256,0.5081,MEDIUM,F1_login_count,22.0,F6_inactive_days,12.3,F4_num_submitted,10.4,9,F1 login count (22.0%) and F6 inactive days (12.3%),1767,0.33808141875676634,0.4354337038012485,0.2209428875187427,0.38128896948035823,7,0.6799,MEDIUM
1768,OULAD_TEST_1768,0,0.0436,0.3647,0.2166,0.0887,0.0436,LOW,F1_login_count,19.0,F6_inactive_days,14.3,F4_num_submitted,13.4,1,F1 login count (19.0%) and F6 inactive days (14.3%),1768,0.04284048067844857,0.0,0.7673539239318609,0.0,1,0.0739,LOW
1769,OULAD_TEST_1769,1,0.7043,0.7018,0.8539,0.6397,0.7043,HIGH,F1_login_count,16.8,F4_num_submitted,15.2,F6_inactive_days,14.9,17,F1 login count (16.8%) and F4 num submitted (15.2%),1769,0.5481585376040468,0.6382314523020026,0.4059147133413672,0.3586207536688856,8,0.7977,HIGH
1770,OULAD_TEST_1770,1,0.9992,0.3139,0.6005,0.9599,0.9992,HIGH,F1_login_count,21.3,F5_on_time_rate,14.7,F4_num_submitted,14.4,13,F1 login count (21.3%) and F5 on time rate (14.7%),1770,0.7038002446372453,0.8799948025122915,0.015780739062477775,0.67630835485825,11,0.9284,HIGH
1771,OULAD_TEST_1771,1,0.4914,0.3864,0.8062,0.7597,0.4914,MEDIUM,F1_login_count,20.6,F6_inactive_days,12.0,F5_on_time_rate,10.9,11,F1 login count (20.6%) and F6 inactive days (12.0%),1771,0.5134851040430753,0.38494532207234233,0.37761145410247227,0.3806683900669479,5,0.7108,HIGH
1772,OULAD_TEST_1772,0,0.0941,0.1681,0.13,0.0953,0.0941,LOW,F5_on_time_rate,12.8,F4_num_submitted,11.5,F6_inactive_days,11.2,1,F5 on time rate (12.8%) and F4 num submitted (11.5%),1772,0.0036050638265548024,0.1604589609437133,0.6629039551316372,0.009257865021255259,3,0.1051,LOW
1773,OULAD_TEST_1773,0,0.1175,0.3502,0.3932,0.3439,0.1175,LOW,F1_login_count,21.0,F6_inactive_days,12.8,F4_num_submitted,12.5,9,F1 login count (21.0%) and F6 inactive days (12.8%),1773,0.10171074552372426,0.009675312083756896,0.7958511704551565,0.0,1,0.1089,LOW
1774,OULAD_TEST_1774,0,0.1611,0.4852,0.2743,0.2351,0.1611,LOW,F1_login_count,24.8,F5_on_time_rate,14.7,F6_inactive_days,10.8,6,F1 login count (24.8%) and F5 on time rate (14.7%),1774,0.03852294143019515,0.22716771946028552,0.5885367226761953,0.07178206847901064,2,0.1621,LOW
1775,OULAD_TEST_1775,1,0.9991,0.6903,0.9161,0.9728,0.9991,HIGH,F1_login_count,24.3,F4_num_submitted,13.1,F5_on_time_rate,13.0,14,F1 login count (24.3%) and F4 num submitted (13.1%),1775,0.5673677488779294,0.86159449324762,0.1853595920599248,0.6742830958591031,7,0.9193,HIGH
1776,OULAD_TEST_1776,0,0.0562,0.4903,0.3241,0.1561,0.0562,LOW,F1_login_count,15.0,F6_inactive_days,14.0,F4_num_submitted,14.0,8,F1 login count (15.0%) and F6 inactive days (14.0%),1776,0.0,0.02084579280974613,0.9483759747714358,0.2503700215703737,0,0.0657,LOW
1777,OULAD_TEST_1777,1,0.1546,0.3406,0.3105,0.2608,0.1546,LOW,F1_login_count,20.3,F6_inactive_days,15.4,F4_num_submitted,14.3,11,F1 login count (20.3%) and F6 inactive days (15.4%),1777,0.10451632029515878,0.12982010917053508,0.7019950798661788,0.0,0,0.1105,LOW
1778,OULAD_TEST_1778,0,0.3625,0.485,0.4154,0.4398,0.3625,LOW,F1_login_count,16.7,F5_on_time_rate,15.5,F13_weeks_since_active,14.7,11,F1 login count (16.7%) and F5 on time rate (15.5%),1778,0.21081977754827397,0.29954381873512465,0.5088484911923356,0.16631144966033118,5,0.3983,LOW
1779,OULAD_TEST_1779,0,0.7909,0.3659,0.3206,0.3799,0.7909,HIGH,F1_login_count,22.4,F5_on_time_rate,12.0,F4_num_submitted,11.9,8,F1 login count (22.4%) and F5 on time rate (12.0%),1779,0.48438790201261434,0.7698876317134173,0.27034598082415595,0.42781157261695485,4,0.7753,HIGH
1780,OULAD_TEST_1780,0,0.0484,0.454,0.2192,0.1318,0.0484,LOW,F1_login_count,15.3,F6_inactive_days,14.0,F4_num_submitted,13.2,7,F1 login count (15.3%) and F6 inactive days (14.0%),1780,0.0,0.0,0.8707598502227326,0.19173664073178015,0,0.0657,LOW
1781,OULAD_TEST_1781,1,0.6711,0.4373,0.4082,0.4014,0.6711,MEDIUM,F1_login_count,21.2,F5_on_time_rate,13.4,F6_inactive_days,12.8,8,F1 login count (21.2%) and F5 on time rate (13.4%),1781,0.46145944273713047,0.5094334608682721,0.1825208268940584,0.3984670199449641,2,0.7075,HIGH
1782,OULAD_TEST_1782,0,0.3824,0.4169,0.5797,0.5195,0.3824,LOW,F1_login_count,22.1,F6_inactive_days,12.3,F5_on_time_rate,12.0,14,F1 login count (22.1%) and F6 inactive days (12.3%),1782,0.11720796259689975,0.4079442313657984,0.4414244866863298,0.12056081287532813,2,0.3253,LOW
1783,OULAD_TEST_1783,0,0.0693,0.5182,0.2064,0.2071,0.0693,LOW,F1_login_count,13.3,F13_weeks_since_active,12.7,F4_num_submitted,11.4,5,F1 login count (13.3%) and F13 weeks since active (12.7%),1783,0.12451559636896026,0.011262205185291259,0.6123252565316705,0.1086234339506183,0,0.1025,LOW
1784,OULAD_TEST_1784,0,0.2248,0.7082,0.7535,0.5179,0.2248,LOW,F1_login_count,15.9,F4_num_submitted,13.4,F6_inactive_days,13.2,8,F1 login count (15.9%) and F4 num submitted (13.4%),1784,0.16560397529345033,0.2631226461865273,0.6610664938334058,0.08632337759508643,4,0.2781,LOW
1785,OULAD_TEST_1785,0,0.8147,0.7514,0.9349,0.8978,0.8147,HIGH,F1_login_count,18.9,F6_inactive_days,10.3,F4_num_submitted,9.5,11,F1 login count (18.9%) and F6 inactive days (10.3%),1785,0.4245348500535069,0.8284498786406967,0.2149027883456891,0.34189352719704547,8,0.858,HIGH
1786,OULAD_TEST_1786,0,0.1602,0.6304,0.5241,0.6784,0.1602,LOW,F1_login_count,16.9,F6_inactive_days,16.7,F4_num_submitted,15.7,9,F1 login count (16.9%) and F6 inactive days (16.7%),1786,0.08121909229501366,0.10402639784466933,0.5368474362138727,0.0,0,0.182,LOW
1787,OULAD_TEST_1787,0,0.0227,0.199,0.1117,0.0754,0.0227,LOW,F1_login_count,15.7,F6_inactive_days,12.7,F4_num_submitted,11.6,1,F1 login count (15.7%) and F6 inactive days (12.7%),1787,0.0,0.07380398612602443,0.7363201095183841,0.22170503453071427,1,0.0731,LOW
1788,OULAD_TEST_1788,0,0.5369,0.4366,0.5872,0.5511,0.5369,MEDIUM,F1_login_count,16.7,F6_inactive_days,13.6,F4_num_submitted,12.4,13,F1 login count (16.7%) and F6 inactive days (13.6%),1788,0.40774745104191806,0.36406961749281136,0.23575460824186506,0.3682451065979355,5,0.675,MEDIUM
1789,OULAD_TEST_1789,0,0.8453,0.6677,0.8936,0.8788,0.8453,HIGH,F1_login_count,17.1,F4_num_submitted,16.9,F6_inactive_days,16.5,12,F1 login count (17.1%) and F4 num submitted (16.9%),1789,0.7257550446023144,0.7788836638454248,0.0338800189756162,0.5201112066543051,8,0.9015,HIGH
1790,OULAD_TEST_1790,0,0.3399,0.5789,0.3934,0.3498,0.3399,LOW,F1_login_count,15.8,F4_num_submitted,14.6,F6_inactive_days,14.4,6,F1 login count (15.8%) and F4 num submitted (14.6%),1790,0.0504127530354255,0.30486891887894135,0.58318170602263,0.17395275170255445,1,0.2269,LOW
1791,OULAD_TEST_1791,0,0.2633,0.5327,0.3732,0.5177,0.2633,LOW,F1_login_count,16.4,F6_inactive_days,15.1,F4_num_submitted,14.7,16,F1 login count (16.4%) and F6 inactive days (15.1%),1791,0.1958126079147417,0.2616480625728172,0.5160117933321721,0.19303786105425585,1,0.2626,LOW
1792,OULAD_TEST_1792,0,0.3177,0.3094,0.5011,0.3973,0.3177,LOW,F1_login_count,17.6,F6_inactive_days,15.9,F4_num_submitted,15.5,13,F1 login count (17.6%) and F6 inactive days (15.9%),1792,0.20637672044333594,0.2183992342371684,0.5157574043967701,0.2242483135202993,1,0.2366,LOW
1793,OULAD_TEST_1793,1,0.9031,0.8294,0.9623,0.9683,0.9031,HIGH,F1_login_count,19.2,F6_inactive_days,12.5,F4_num_submitted,12.0,11,F1 login count (19.2%) and F6 inactive days (12.5%),1793,0.6993040076450465,0.6347483267546261,0.0,0.5769202593848791,9,0.9112,HIGH
1794,OULAD_TEST_1794,0,0.1191,0.3493,0.1642,0.0587,0.1191,LOW,F1_login_count,16.7,F4_num_submitted,12.4,F6_inactive_days,12.4,2,F1 login count (16.7%) and F4 num submitted (12.4%),1794,0.10468966282376892,0.14149516517996039,0.7234190209724665,0.08524141083333035,1,0.1,LOW
1795,OULAD_TEST_1795,1,0.9998,0.7781,0.9456,0.9681,0.9998,HIGH,F1_login_count,22.9,F5_on_time_rate,13.1,F4_num_submitted,12.9,13,F1 login count (22.9%) and F5 on time rate (13.1%),1795,0.624663066826118,0.6847577478016436,0.0,0.7041358005966659,12,0.929,HIGH
1796,OULAD_TEST_1796,0,0.0422,0.3056,0.1899,0.0519,0.0422,LOW,F6_inactive_days,15.4,F4_num_submitted,14.9,F1_login_count,14.6,2,F6 inactive days (15.4%) and F4 num submitted (14.9%),1796,0.0,0.010481960620597214,0.6933440749966838,0.02809252152008772,0,0.0622,LOW
1797,OULAD_TEST_1797,1,0.653,0.4974,0.657,0.7404,0.653,MEDIUM,F1_login_count,20.5,F6_inactive_days,10.2,F4_num_submitted,8.8,16,F1 login count (20.5%) and F6 inactive days (10.2%),1797,0.3774974143196511,0.6303445493135976,0.2586985702317526,0.27444733973368335,2,0.7304,HIGH
1798,OULAD_TEST_1798,0,0.4213,0.4291,0.2643,0.4577,0.4213,MEDIUM,F1_login_count,17.8,F6_inactive_days,12.8,F4_num_submitted,12.4,16,F1 login count (17.8%) and F6 inactive days (12.8%),1798,0.4025107138598598,0.3734568188698429,0.48098948805034447,0.1792892530918958,4,0.4531,MEDIUM
1799,OULAD_TEST_1799,0,0.0541,0.4421,0.1196,0.1078,0.0541,LOW,F1_login_count,18.9,F6_inactive_days,11.8,F4_num_submitted,11.0,4,F1 login count (18.9%) and F6 inactive days (11.8%),1799,0.040001164867194225,0.20185241158318504,0.6752331851090656,0.0,0,0.0891,LOW
1800,OULAD_TEST_1800,1,0.9945,0.6786,0.7861,0.7978,0.9945,HIGH,F1_login_count,22.3,F4_num_submitted,13.4,F6_inactive_days,13.3,8,F1 login count (22.3%) and F4 num submitted (13.4%),1800,0.8862690685753007,0.9273337322065419,0.0,0.8399180539250871,8,0.9418,HIGH
1801,OULAD_TEST_1801,0,0.2379,0.5178,0.4357,0.369,0.2379,LOW,F1_login_count,17.9,F13_weeks_since_active,16.3,F5_on_time_rate,13.9,5,F1 login count (17.9%) and F13 weeks since active (16.3%),1801,0.1604639186185379,0.14990312893395388,0.7902374432686815,0.24627055103432238,1,0.1714,LOW
1802,OULAD_TEST_1802,0,0.0936,0.3823,0.3574,0.2282,0.0936,LOW,F4_num_submitted,14.4,F1_login_count,14.0,F6_inactive_days,14.0,7,F4 num submitted (14.4%) and F1 login count (14.0%),1802,0.0,0.0817450703881151,0.6617927295289727,0.0,0,0.0882,LOW
1803,OULAD_TEST_1803,0,0.1285,0.6621,0.267,0.2323,0.1285,LOW,F1_login_count,15.5,F5_on_time_rate,15.2,F6_inactive_days,11.2,9,F1 login count (15.5%) and F5 on time rate (15.2%),1803,0.0,0.10543534379644513,0.6875239896813111,0.043278618072348014,0,0.1061,LOW
1804,OULAD_TEST_1804,0,0.3532,0.6917,0.6895,0.6438,0.3532,LOW,F13_weeks_since_active,15.4,F1_login_count,14.1,F5_on_time_rate,13.6,14,F13 weeks since active (15.4%) and F1 login count (14.1%),1804,0.06692603237440548,0.1736458589323098,0.6185239735020314,0.13549482309522798,3,0.2919,LOW
1805,OULAD_TEST_1805,0,0.5043,0.5109,0.5804,0.4912,0.5043,MEDIUM,F1_login_count,21.8,F5_on_time_rate,13.7,F6_inactive_days,12.1,7,F1 login count (21.8%) and F5 on time rate (13.7%),1805,0.19459640569945094,0.35342308668125166,0.7494655187570485,0.487685665364894,2,0.378,LOW
1806,OULAD_TEST_1806,0,0.4892,0.8251,0.647,0.6143,0.4892,MEDIUM,F1_login_count,17.0,F5_on_time_rate,14.2,F13_weeks_since_active,13.1,5,F1 login count (17.0%) and F5 on time rate (14.2%),1806,0.36915266510114836,0.3709591274416112,0.28419135501111337,0.12313474028748855,5,0.5842,MEDIUM
1807,OULAD_TEST_1807,0,0.2125,0.7519,0.3486,0.3479,0.2125,LOW,F6_inactive_days,17.0,F4_num_submitted,16.6,F13_weeks_since_active,12.1,5,F6 inactive days (17.0%) and F4 num submitted (16.6%),1807,0.1996225023229934,0.017727359771525036,0.674982721372651,0.1412371270582535,5,0.2456,LOW
1808,OULAD_TEST_1808,1,0.3533,0.337,0.8245,0.8629,0.3533,LOW,F1_login_count,21.3,F5_on_time_rate,12.2,F6_inactive_days,11.1,13,F1 login count (21.3%) and F5 on time rate (12.2%),1808,0.08919092979678661,0.3041044774601314,0.4466047714705894,0.19895665889221825,1,0.308,LOW
1809,OULAD_TEST_1809,1,0.8719,0.7169,0.8248,0.8076,0.8719,HIGH,F1_login_count,17.5,F5_on_time_rate,14.1,F6_inactive_days,13.3,5,F1 login count (17.5%) and F5 on time rate (14.1%),1809,0.6998338314076115,0.7211892524277567,0.04860096954232891,0.6223606356850937,8,0.8999,HIGH
1810,OULAD_TEST_1810,0,0.12,0.4997,0.5261,0.2444,0.12,LOW,F1_login_count,15.8,F13_weeks_since_active,14.1,F7_score_change,10.2,7,F1 login count (15.8%) and F13 weeks since active (14.1%),1810,0.03569389483165604,0.0,0.6319787978993211,0.059518892673036596,0,0.0952,LOW
1811,OULAD_TEST_1811,0,0.5229,0.6991,0.6643,0.6782,0.5229,MEDIUM,F1_login_count,17.5,F6_inactive_days,15.1,F4_num_submitted,14.6,11,F1 login count (17.5%) and F6 inactive days (15.1%),1811,0.38070930119855495,0.47680202922218656,0.2691145032199415,0.10275493480134781,4,0.6245,MEDIUM
1812,OULAD_TEST_1812,1,0.6271,0.3334,0.2859,0.7707,0.6271,MEDIUM,F1_login_count,17.9,F5_on_time_rate,14.5,F4_num_submitted,12.6,17,F1 login count (17.9%) and F5 on time rate (14.5%),1812,0.6001920628255424,0.5903048195752767,0.29419086382153387,0.34612585984290706,7,0.758,HIGH
1813,OULAD_TEST_1813,1,0.782,0.8742,0.9207,0.8795,0.782,HIGH,F1_login_count,16.9,F6_inactive_days,13.6,F4_num_submitted,13.6,13,F1 login count (16.9%) and F6 inactive days (13.6%),1813,0.6370839315865532,0.6828627583091911,0.026949731295176443,0.352540533846801,8,0.8696,HIGH
1814,OULAD_TEST_1814,1,0.5656,0.4326,0.6117,0.5959,0.5656,MEDIUM,F1_login_count,19.5,F6_inactive_days,13.0,F4_num_submitted,12.5,12,F1 login count (19.5%) and F6 inactive days (13.0%),1814,0.36906693520941675,0.4548345459832823,0.4422007566511871,0.3489095455867873,5,0.6769,MEDIUM
1815,OULAD_TEST_1815,0,0.1009,0.2238,0.1728,0.275,0.1009,LOW,F6_inactive_days,18.2,F4_num_submitted,17.5,F5_on_time_rate,12.3,15,F6 inactive days (18.2%) and F4 num submitted (17.5%),1815,0.0,0.1330803721401484,0.7247802936033375,0.23264124438243916,2,0.1216,LOW
1816,OULAD_TEST_1816,0,0.186,0.4335,0.2376,0.2825,0.186,LOW,F1_login_count,20.0,F5_on_time_rate,12.9,F13_weeks_since_active,12.3,8,F1 login count (20.0%) and F5 on time rate (12.9%),1816,0.0,0.21251762883813527,0.6934434972901441,0.0,5,0.2085,LOW
1817,OULAD_TEST_1817,1,0.9802,0.485,0.6998,0.6431,0.9802,HIGH,F1_login_count,27.3,F5_on_time_rate,13.4,F13_weeks_since_active,8.8,17,F1 login count (27.3%) and F5 on time rate (13.4%),1817,0.6142246680757579,0.8577622855775751,0.0,0.49209327175201156,12,0.902,HIGH
1818,OULAD_TEST_1818,1,0.933,0.8424,0.9483,0.956,0.933,HIGH,F1_login_count,24.6,F5_on_time_rate,12.0,F13_weeks_since_active,11.2,17,F1 login count (24.6%) and F5 on time rate (12.0%),1818,0.6319869761172305,0.7270810199652191,0.016879606578825132,0.4934768455459803,8,0.9075,HIGH
1819,OULAD_TEST_1819,1,0.6167,0.7509,0.7463,0.6483,0.6167,MEDIUM,F1_login_count,25.2,F6_inactive_days,10.9,F5_on_time_rate,10.9,11,F1 login count (25.2%) and F6 inactive days (10.9%),1819,0.3329720472848816,0.5463230612408945,0.3353963905167328,0.32422426855041464,3,0.7049,HIGH
1820,OULAD_TEST_1820,0,0.3627,0.2572,0.6083,0.3458,0.3627,LOW,F1_login_count,17.0,F5_on_time_rate,15.3,F6_inactive_days,9.4,14,F1 login count (17.0%) and F5 on time rate (15.3%),1820,0.24076430329076953,0.4039334520660383,0.39343493675941743,0.3064350796926293,3,0.3388,LOW
1821,OULAD_TEST_1821,0,0.0549,0.3897,0.2575,0.4227,0.0549,LOW,F1_login_count,17.5,F6_inactive_days,16.0,F4_num_submitted,15.5,13,F1 login count (17.5%) and F6 inactive days (16.0%),1821,0.046115188295876824,0.0,0.7202809565586665,0.012114669892633496,0,0.0979,LOW
1822,OULAD_TEST_1822,0,0.1664,0.479,0.6224,0.5152,0.1664,LOW,F1_login_count,17.5,F13_weeks_since_active,14.4,F5_on_time_rate,12.0,5,F1 login count (17.5%) and F13 weeks since active (14.4%),1822,0.09399440181919214,0.30927514713059445,0.5809186486121546,0.1497363270864534,2,0.2262,LOW
1823,OULAD_TEST_1823,1,0.9111,0.576,0.5826,0.798,0.9111,HIGH,F1_login_count,21.5,F13_weeks_since_active,13.3,F5_on_time_rate,10.5,12,F1 login count (21.5%) and F13 weeks since active (13.3%),1823,0.572769741917654,0.7323845252811693,0.0,0.47156723475218687,7,0.8768,HIGH
1824,OULAD_TEST_1824,0,0.6865,0.4767,0.2189,0.1497,0.6865,MEDIUM,F1_login_count,22.3,F6_inactive_days,15.4,F4_num_submitted,15.4,17,F1 login count (22.3%) and F6 inactive days (15.4%),1824,0.49741546719667273,0.5861175610672109,0.03981617593743586,0.4394909214501525,6,0.7192,HIGH
1825,OULAD_TEST_1825,0,0.5273,0.3824,0.6447,0.7589,0.5273,MEDIUM,F1_login_count,19.1,F5_on_time_rate,14.7,F4_num_submitted,13.6,16,F1 login count (19.1%) and F5 on time rate (14.7%),1825,0.4133040649569409,0.39440615231949305,0.512092658948,0.4097157157053258,6,0.693,MEDIUM
1826,OULAD_TEST_1826,0,0.4839,0.3251,0.5534,0.3986,0.4839,MEDIUM,F1_login_count,20.7,F6_inactive_days,13.1,F4_num_submitted,12.5,12,F1 login count (20.7%) and F6 inactive days (13.1%),1826,0.22969009225571535,0.4291766668736209,0.3442261246846231,0.20246405403154938,4,0.4488,MEDIUM
1827,OULAD_TEST_1827,1,0.4308,0.3002,0.5778,0.3279,0.4308,MEDIUM,F1_login_count,17.6,F6_inactive_days,14.2,F4_num_submitted,13.5,17,F1 login count (17.6%) and F6 inactive days (14.2%),1827,0.44265323797462697,0.226802264589178,0.571697605516355,0.35224297437678176,2,0.3801,LOW
1828,OULAD_TEST_1828,0,0.0309,0.4211,0.2995,0.0791,0.0309,LOW,F1_login_count,19.1,F6_inactive_days,15.1,F4_num_submitted,14.0,1,F1 login count (19.1%) and F6 inactive days (15.1%),1828,0.011771186771573825,0.0,0.8821592321394292,0.024824732247308218,2,0.0743,LOW
1829,OULAD_TEST_1829,1,0.8565,0.4769,0.5723,0.4887,0.8565,HIGH,F1_login_count,21.7,F6_inactive_days,12.2,F4_num_submitted,11.2,7,F1 login count (21.7%) and F6 inactive days (12.2%),1829,0.6014349622944848,0.6406553039721147,0.0,0.6393552288578703,5,0.8548,HIGH
1830,OULAD_TEST_1830,0,0.1652,0.4114,0.5017,0.4469,0.1652,LOW,F6_inactive_days,17.6,F4_num_submitted,17.2,F5_on_time_rate,11.6,16,F6 inactive days (17.6%) and F4 num submitted (17.2%),1830,0.18646144232565573,0.15124706783138328,0.5589988764327154,0.07494961199076318,1,0.185,LOW
1831,OULAD_TEST_1831,1,0.7766,0.5141,0.4475,0.5903,0.7766,HIGH,F1_login_count,20.3,F5_on_time_rate,14.4,F6_inactive_days,12.4,11,F1 login count (20.3%) and F5 on time rate (14.4%),1831,0.56694161312635,0.7396657900407125,0.43477029593556843,0.5117093586194518,7,0.8074,HIGH
1832,OULAD_TEST_1832,0,0.1443,0.4378,0.3344,0.2263,0.1443,LOW,F1_login_count,13.4,F13_weeks_since_active,12.1,F4_num_submitted,10.7,4,F1 login count (13.4%) and F13 weeks since active (12.1%),1832,0.1963236633913245,0.17433549496916412,0.8596525941927144,0.0817072521985764,1,0.1273,LOW
1833,OULAD_TEST_1833,1,0.4767,0.3828,0.3915,0.4624,0.4767,MEDIUM,F1_login_count,17.6,F5_on_time_rate,11.8,F4_num_submitted,11.0,16,F1 login count (17.6%) and F5 on time rate (11.8%),1833,0.3624024165201824,0.21546225113128864,0.4154881486671896,0.27447452855513055,5,0.4782,MEDIUM
1834,OULAD_TEST_1834,1,0.3088,0.4658,0.4431,0.416,0.3088,LOW,F1_login_count,20.4,F5_on_time_rate,16.0,F13_weeks_since_active,15.2,11,F1 login count (20.4%) and F5 on time rate (16.0%),1834,0.1549162625359562,0.4258455722342304,0.5786973106417349,0.2163516513870828,4,0.3478,LOW
1835,OULAD_TEST_1835,0,0.0527,0.2759,0.1743,0.0875,0.0527,LOW,F1_login_count,16.9,F5_on_time_rate,13.7,F6_inactive_days,10.5,2,F1 login count (16.9%) and F5 on time rate (13.7%),1835,0.07304035252061016,0.06841739524966947,0.6947553597052812,0.09603689630698845,0,0.0748,LOW
1836,OULAD_TEST_1836,0,0.5056,0.6073,0.45,0.4521,0.5056,MEDIUM,F1_login_count,15.6,F6_inactive_days,12.4,F4_num_submitted,12.2,4,F1 login count (15.6%) and F6 inactive days (12.4%),1836,0.23954737926793385,0.36764006876056,0.438755271420034,0.1534122105691194,4,0.4669,MEDIUM
1837,OULAD_TEST_1837,1,0.0779,0.2316,0.178,0.1023,0.0779,LOW,F1_login_count,17.3,F6_inactive_days,17.0,F4_num_submitted,16.5,1,F1 login count (17.3%) and F6 inactive days (17.0%),1837,0.0653859705776523,0.07878523351927526,0.665961809927753,0.21877603305814533,0,0.0818,LOW
1838,OULAD_TEST_1838,0,0.115,0.4156,0.2948,0.1905,0.115,LOW,F1_login_count,17.9,F6_inactive_days,13.8,F4_num_submitted,12.8,11,F1 login count (17.9%) and F6 inactive days (13.8%),1838,0.07717700093555392,0.1118451858002154,0.5047646235701616,0.0,0,0.1092,LOW
1839,OULAD_TEST_1839,0,0.0287,0.3339,0.1943,0.0957,0.0287,LOW,F6_inactive_days,13.3,F4_num_submitted,12.4,F1_login_count,11.9,2,F6 inactive days (13.3%) and F4 num submitted (12.4%),1839,0.0,0.0,0.6448844213488949,0.0,1,0.0743,LOW
1840,OULAD_TEST_1840,0,0.0272,0.3159,0.2145,0.1904,0.0272,LOW,F1_login_count,17.1,F13_weeks_since_active,11.2,F6_inactive_days,9.9,1,F1 login count (17.1%) and F13 weeks since active (11.2%),1840,0.006186248856106923,0.038953333387366035,0.7803492747850588,0.0050077115082119185,0,0.0689,LOW
1841,OULAD_TEST_1841,0,0.3799,0.4723,0.5394,0.5533,0.3799,LOW,F1_login_count,24.2,F5_on_time_rate,14.9,F4_num_submitted,11.4,12,F1 login count (24.2%) and F5 on time rate (14.9%),1841,0.07774509545023608,0.2743172169903754,0.3829732764497412,0.2774227162903138,5,0.3922,LOW
1842,OULAD_TEST_1842,0,0.1007,0.3559,0.1502,0.1238,0.1007,LOW,F4_num_submitted,14.2,F6_inactive_days,14.1,F13_weeks_since_active,12.2,14,F4 num submitted (14.2%) and F6 inactive days (14.1%),1842,0.015617509225903846,0.05324604058479817,0.7127122535086466,0.2495607033289654,1,0.095,LOW
1843,OULAD_TEST_1843,0,0.1321,0.55,0.3113,0.3801,0.1321,LOW,F13_weeks_since_active,17.0,F1_login_count,14.2,F5_on_time_rate,10.8,7,F13 weeks since active (17.0%) and F1 login count (14.2%),1843,0.10175449011411147,0.05738266913959324,0.5868538960567138,0.0,0,0.1333,LOW
1844,OULAD_TEST_1844,1,0.9969,0.7333,0.771,0.9387,0.9969,HIGH,F1_login_count,17.5,F4_num_submitted,17.2,F6_inactive_days,16.5,17,F1 login count (17.5%) and F4 num submitted (17.2%),1844,0.71381563919974,0.7327512968208278,0.0,0.5372167045932348,10,0.9194,HIGH
1845,OULAD_TEST_1845,0,0.6194,0.6342,0.7268,0.5086,0.6194,MEDIUM,F1_login_count,15.6,F6_inactive_days,14.6,F4_num_submitted,14.3,14,F1 login count (15.6%) and F6 inactive days (14.6%),1845,0.33081248590740414,0.5381569176172306,0.38979653064131925,0.11641998146408811,5,0.6682,MEDIUM
1846,OULAD_TEST_1846,0,0.3467,0.2207,0.378,0.4823,0.3467,LOW,F1_login_count,21.6,F5_on_time_rate,16.2,F6_inactive_days,12.7,17,F1 login count (21.6%) and F5 on time rate (16.2%),1846,0.36926078408647006,0.341518954921307,0.5473880547640104,0.21181463686922974,4,0.384,LOW
1847,OULAD_TEST_1847,0,0.3033,0.5034,0.5115,0.4639,0.3033,LOW,F1_login_count,27.1,F5_on_time_rate,17.3,F2_vle_clicks,10.2,5,F1 login count (27.1%) and F5 on time rate (17.3%),1847,0.1256925151785499,0.2989956876861098,0.5563935578686653,0.21458203014000368,3,0.3043,LOW
1848,OULAD_TEST_1848,0,0.5086,0.569,0.4292,0.5696,0.5086,MEDIUM,F1_login_count,22.1,F5_on_time_rate,12.2,F6_inactive_days,10.5,17,F1 login count (22.1%) and F5 on time rate (12.2%),1848,0.45296572005267366,0.49790402021081875,0.4810163973070651,0.49605548906055036,4,0.6677,MEDIUM
1849,OULAD_TEST_1849,1,0.6869,0.6656,0.6896,0.6572,0.6869,MEDIUM,F1_login_count,14.3,F5_on_time_rate,13.5,F4_num_submitted,13.4,13,F1 login count (14.3%) and F5 on time rate (13.5%),1849,0.5235494361871684,0.6098122168011895,0.2985408593347348,0.42661617130721446,7,0.7927,HIGH
1850,OULAD_TEST_1850,0,0.3985,0.5532,0.4322,0.5031,0.3985,LOW,F1_login_count,15.4,F5_on_time_rate,12.0,F13_weeks_since_active,11.2,15,F1 login count (15.4%) and F5 on time rate (12.0%),1850,0.21432726901561966,0.2961069601426477,0.6258563291251367,0.36438301553308555,4,0.3919,LOW
1851,OULAD_TEST_1851,1,0.9967,0.8232,0.9607,0.9655,0.9967,HIGH,F1_login_count,21.5,F4_num_submitted,13.6,F5_on_time_rate,12.5,12,F1 login count (21.5%) and F4 num submitted (13.6%),1851,0.8752210892609512,0.9143681091544952,0.0,0.6680804497846871,11,0.9456,HIGH
1852,OULAD_TEST_1852,0,0.4066,0.682,0.6301,0.7537,0.4066,MEDIUM,F1_login_count,25.9,F5_on_time_rate,13.2,F6_inactive_days,12.4,7,F1 login count (25.9%) and F5 on time rate (13.2%),1852,0.165256316824352,0.23700859681264524,0.4317565021472491,0.1917302163593798,5,0.4176,MEDIUM
1853,OULAD_TEST_1853,0,0.2116,0.6161,0.3128,0.2034,0.2116,LOW,F1_login_count,19.7,F13_weeks_since_active,12.4,F5_on_time_rate,9.4,9,F1 login count (19.7%) and F13 weeks since active (12.4%),1853,0.24003541736100015,0.10780628939900158,0.5006090733608655,0.0,2,0.2011,LOW
1854,OULAD_TEST_1854,0,0.0977,0.4123,0.2824,0.2861,0.0977,LOW,F1_login_count,17.5,F6_inactive_days,12.1,F5_on_time_rate,11.9,7,F1 login count (17.5%) and F6 inactive days (12.1%),1854,0.16844823180429783,0.005908994286140418,0.678941928262758,0.09162027579501728,0,0.1084,LOW
1855,OULAD_TEST_1855,1,0.4219,0.4834,0.463,0.3206,0.4219,MEDIUM,F1_login_count,16.3,F5_on_time_rate,14.7,F6_inactive_days,14.2,9,F1 login count (16.3%) and F5 on time rate (14.7%),1855,0.22826797909233548,0.4450194847311448,0.5589569894302446,0.07408775794255631,7,0.4375,MEDIUM
1856,OULAD_TEST_1856,0,0.0978,0.4882,0.2156,0.2472,0.0978,LOW,F1_login_count,19.7,F6_inactive_days,11.8,F4_num_submitted,11.4,7,F1 login count (19.7%) and F6 inactive days (11.8%),1856,0.20770653000643288,0.15855308113120603,0.8517587372262134,0.2141048487203573,0,0.1148,LOW
1857,OULAD_TEST_1857,1,0.8733,0.4809,0.5107,0.3207,0.8733,HIGH,F1_login_count,18.3,F4_num_submitted,15.7,F6_inactive_days,15.6,11,F1 login count (18.3%) and F4 num submitted (15.7%),1857,0.5863053485401046,0.7812894189635996,0.19739051680866684,0.5045325477555811,10,0.837,HIGH
1858,OULAD_TEST_1858,1,0.4207,0.5855,0.3631,0.3951,0.4207,MEDIUM,F1_login_count,19.0,F5_on_time_rate,15.1,F6_inactive_days,11.3,8,F1 login count (19.0%) and F5 on time rate (15.1%),1858,0.32335936292798567,0.4433493892169438,0.28402081334505636,0.39584128938137,4,0.5389,MEDIUM
1859,OULAD_TEST_1859,0,0.0609,0.3133,0.1819,0.0867,0.0609,LOW,F4_num_submitted,15.8,F6_inactive_days,15.4,F5_on_time_rate,11.3,8,F4 num submitted (15.8%) and F6 inactive days (15.4%),1859,0.06866218387712207,0.0,0.8595945212660735,0.0,0,0.0636,LOW
1860,OULAD_TEST_1860,0,0.2839,0.3347,0.4473,0.3671,0.2839,LOW,F6_inactive_days,14.2,F4_num_submitted,13.7,F1_login_count,12.8,1,F6 inactive days (14.2%) and F4 num submitted (13.7%),1860,0.18529912585294522,0.2692026095888784,0.3890281376727929,0.20260209436811902,2,0.2614,LOW
1861,OULAD_TEST_1861,0,0.3172,0.6505,0.5107,0.4339,0.3172,LOW,F1_login_count,20.5,F5_on_time_rate,12.5,F13_weeks_since_active,12.3,8,F1 login count (20.5%) and F5 on time rate (12.5%),1861,0.30312082731597817,0.2596060457293468,0.6360517324122348,0.21544186288016265,3,0.3213,LOW
1862,OULAD_TEST_1862,1,0.3286,0.6035,0.5504,0.5923,0.3286,LOW,F1_login_count,22.5,F6_inactive_days,13.1,F5_on_time_rate,12.8,13,F1 login count (22.5%) and F6 inactive days (13.1%),1862,0.3093688720552213,0.3470605683107931,0.5003415473428945,0.19175470583868912,5,0.4276,MEDIUM
1863,OULAD_TEST_1863,0,0.169,0.4185,0.1173,0.1512,0.169,LOW,F1_login_count,18.9,F5_on_time_rate,12.6,F13_weeks_since_active,11.1,7,F1 login count (18.9%) and F5 on time rate (12.6%),1863,0.0,0.1344320613958242,0.7350533313933856,0.049480858392408955,0,0.0972,LOW
1864,OULAD_TEST_1864,0,0.6352,0.4134,0.5,0.4199,0.6352,MEDIUM,F1_login_count,18.8,F6_inactive_days,13.6,F13_weeks_since_active,12.9,5,F1 login count (18.8%) and F6 inactive days (13.6%),1864,0.5750740242878152,0.5091245689271935,0.15859516521054345,0.4282147222164624,5,0.7466,HIGH
1865,OULAD_TEST_1865,1,0.9727,0.8166,0.9094,0.9304,0.9727,HIGH,F1_login_count,22.1,F5_on_time_rate,11.5,F6_inactive_days,10.8,13,F1 login count (22.1%) and F5 on time rate (11.5%),1865,0.5146408011964325,0.8700676814848791,0.13895676327061465,0.47248040838201505,6,0.9006,HIGH
1866,OULAD_TEST_1866,0,0.0654,0.5454,0.2023,0.1262,0.0654,LOW,F1_login_count,23.7,F5_on_time_rate,14.3,F6_inactive_days,10.5,5,F1 login count (23.7%) and F5 on time rate (14.3%),1866,0.14903462043416574,0.12568353337529864,0.6011825253895111,0.0,3,0.1484,LOW
1867,OULAD_TEST_1867,0,0.4762,0.464,0.5358,0.649,0.4762,MEDIUM,F1_login_count,18.0,F5_on_time_rate,14.6,F6_inactive_days,13.2,9,F1 login count (18.0%) and F5 on time rate (14.6%),1867,0.4460105136827583,0.35130238441225586,0.3521945089146823,0.4348592271992193,3,0.6388,MEDIUM
1868,OULAD_TEST_1868,0,0.0162,0.2492,0.2389,0.047,0.0162,LOW,F1_login_count,16.5,F13_weeks_since_active,13.5,F4_num_submitted,10.7,1,F1 login count (16.5%) and F13 weeks since active (13.5%),1868,0.0,0.008883946291809912,0.6872305372230966,0.09698015866705206,0,0.0583,LOW
1869,OULAD_TEST_1869,1,0.9849,0.7507,0.9324,0.6495,0.9849,HIGH,F1_login_count,20.2,F4_num_submitted,15.0,F6_inactive_days,14.8,17,F1 login count (20.2%) and F4 num submitted (15.0%),1869,0.6483485712045415,0.7524897493086677,0.0,0.5988469930322688,9,0.9103,HIGH
1870,OULAD_TEST_1870,0,0.5533,0.708,0.5902,0.4916,0.5533,MEDIUM,F1_login_count,24.7,F5_on_time_rate,14.2,F6_inactive_days,10.2,8,F1 login count (24.7%) and F5 on time rate (14.2%),1870,0.2767395331514064,0.27046011860056485,0.36681275675884684,0.5317970859052538,5,0.633,MEDIUM
1871,OULAD_TEST_1871,0,0.1925,0.3975,0.299,0.2282,0.1925,LOW,F1_login_count,23.4,F5_on_time_rate,13.9,F6_inactive_days,12.0,8,F1 login count (23.4%) and F5 on time rate (13.9%),1871,0.11325789697112645,0.1796617705130983,0.8266089117836961,0.08336813775301861,3,0.1616,LOW
1872,OULAD_TEST_1872,1,0.9632,0.5237,0.9296,0.8553,0.9632,HIGH,F1_login_count,18.5,F4_num_submitted,14.6,F6_inactive_days,14.0,6,F1 login count (18.5%) and F4 num submitted (14.6%),1872,0.6434365715814259,0.8674324285003705,0.2961305222320009,0.7366443863986776,12,0.9205,HIGH
1873,OULAD_TEST_1873,0,0.8417,0.6905,0.7477,0.7374,0.8417,HIGH,F1_login_count,17.6,F4_num_submitted,14.8,F6_inactive_days,14.7,7,F1 login count (17.6%) and F4 num submitted (14.8%),1873,0.6671560532269339,0.736410344726938,0.13635557870862478,0.5260888901910986,8,0.8774,HIGH
1874,OULAD_TEST_1874,1,0.0756,0.4248,0.1886,0.1748,0.0756,LOW,F1_login_count,10.7,F5_on_time_rate,10.5,F7_score_change,9.5,2,F1 login count (10.7%) and F5 on time rate (10.5%),1874,0.18395087461196083,0.0,0.8511881275067523,0.0,1,0.0953,LOW
1875,OULAD_TEST_1875,0,0.3957,0.4348,0.2545,0.2455,0.3957,LOW,F1_login_count,15.2,F4_num_submitted,12.7,F6_inactive_days,12.6,7,F1 login count (15.2%) and F4 num submitted (12.7%),1875,0.41655838107899557,0.308277045593882,0.5066494637928538,0.45918482301250196,4,0.4004,MEDIUM
1876,OULAD_TEST_1876,1,0.231,0.3571,0.1651,0.1374,0.231,LOW,F1_login_count,20.8,F6_inactive_days,14.1,F4_num_submitted,13.9,17,F1 login count (20.8%) and F6 inactive days (14.1%),1876,0.1054831973421698,0.018882179195913507,0.6650883194768213,0.25748530159489025,3,0.16,LOW
1877,OULAD_TEST_1877,1,0.816,0.5947,0.6481,0.5347,0.816,HIGH,F1_login_count,21.4,F4_num_submitted,13.9,F6_inactive_days,13.7,17,F1 login count (21.4%) and F4 num submitted (13.9%),1877,0.5502778126255472,0.8031760886123347,0.11298513488727616,0.4750774762788522,7,0.8455,HIGH
1878,OULAD_TEST_1878,0,0.3051,0.5329,0.2854,0.232,0.3051,LOW,F1_login_count,24.4,F5_on_time_rate,15.5,F4_num_submitted,12.4,8,F1 login count (24.4%) and F5 on time rate (15.5%),1878,0.04522618077790494,0.1724506334305531,0.5754276925422603,0.2703205511440739,4,0.2506,LOW
1879,OULAD_TEST_1879,0,0.5487,0.4741,0.2554,0.3249,0.5487,MEDIUM,F1_login_count,25.3,F6_inactive_days,13.1,F4_num_submitted,12.8,17,F1 login count (25.3%) and F6 inactive days (13.1%),1879,0.30350299335038106,0.5668272887567917,0.4147878704606429,0.28077558792025115,7,0.6232,MEDIUM
1880,OULAD_TEST_1880,0,0.0318,0.2504,0.1394,0.1722,0.0318,LOW,F1_login_count,17.0,F6_inactive_days,13.6,F4_num_submitted,12.8,1,F1 login count (17.0%) and F6 inactive days (13.6%),1880,0.11874516330974577,0.10269957149473165,0.7167140271123669,0.11857788420714503,1,0.0951,LOW
1881,OULAD_TEST_1881,0,0.0242,0.3214,0.1099,0.093,0.0242,LOW,F4_num_submitted,13.5,F13_weeks_since_active,13.0,F6_inactive_days,12.4,1,F4 num submitted (13.5%) and F13 weeks since active (13.0%),1881,0.17849828235482318,0.0,0.7728905700107012,0.0,0,0.0731,LOW
1882,OULAD_TEST_1882,0,0.2749,0.5257,0.3274,0.3181,0.2749,LOW,F1_login_count,26.5,F5_on_time_rate,14.1,F6_inactive_days,11.1,6,F1 login count (26.5%) and F5 on time rate (14.1%),1882,0.06899511281200775,0.14304220389858038,0.5742369881002513,0.04256383995664874,2,0.2011,LOW
1883,OULAD_TEST_1883,0,0.0849,0.3149,0.1577,0.0657,0.0849,LOW,F1_login_count,17.6,F4_num_submitted,15.5,F6_inactive_days,15.2,1,F1 login count (17.6%) and F4 num submitted (15.5%),1883,0.00018357408471057074,0.10019461731090706,0.8147203317330525,0.16845116931443554,1,0.08,LOW
1884,OULAD_TEST_1884,0,0.3558,0.3645,0.3728,0.4627,0.3558,LOW,F1_login_count,20.5,F5_on_time_rate,15.0,F6_inactive_days,11.3,14,F1 login count (20.5%) and F5 on time rate (15.0%),1884,0.24641942430410727,0.2348840770253543,0.408756782837232,0.18352133541372967,1,0.2856,LOW
1885,OULAD_TEST_1885,1,0.9462,0.7573,0.893,0.9277,0.9462,HIGH,F1_login_count,17.8,F5_on_time_rate,13.7,F4_num_submitted,13.6,12,F1 login count (17.8%) and F5 on time rate (13.7%),1885,0.6903561158819607,0.8124687713726566,0.03788577913923481,0.592625075386649,11,0.9221,HIGH
1886,OULAD_TEST_1886,0,0.4845,0.4322,0.2241,0.4666,0.4845,MEDIUM,F1_login_count,26.1,F5_on_time_rate,14.1,F6_inactive_days,10.9,16,F1 login count (26.1%) and F5 on time rate (14.1%),1886,0.25818964800783534,0.37319879273544654,0.6036005469052699,0.1290857205461478,4,0.4204,MEDIUM
1887,OULAD_TEST_1887,0,0.0455,0.3833,0.1188,0.2138,0.0455,LOW,F6_inactive_days,14.4,F4_num_submitted,14.1,F5_on_time_rate,10.2,1,F6 inactive days (14.4%) and F4 num submitted (14.1%),1887,0.07425610444640897,0.0,0.8800060152585938,0.24904403948425236,0,0.0765,LOW
1888,OULAD_TEST_1888,0,0.1258,0.4217,0.4897,0.3271,0.1258,LOW,F1_login_count,20.3,F13_weeks_since_active,13.8,F5_on_time_rate,13.3,7,F1 login count (20.3%) and F13 weeks since active (13.8%),1888,0.04067606529290837,0.0,0.8342779048888705,0.21834355724612117,0,0.0911,LOW
1889,OULAD_TEST_1889,0,0.5479,0.4764,0.516,0.5856,0.5479,MEDIUM,F1_login_count,20.8,F6_inactive_days,13.4,F4_num_submitted,12.3,6,F1 login count (20.8%) and F6 inactive days (13.4%),1889,0.38208477291217213,0.4838497398795678,0.3641231840178034,0.30465777379496045,3,0.6533,MEDIUM
1890,OULAD_TEST_1890,0,0.5045,0.3632,0.1972,0.399,0.5045,MEDIUM,F1_login_count,18.5,F4_num_submitted,16.4,F6_inactive_days,16.0,17,F1 login count (18.5%) and F4 num submitted (16.4%),1890,0.4077784248003699,0.38390038029354995,0.4284997563686024,0.2541364971764008,4,0.5028,MEDIUM
1891,OULAD_TEST_1891,0,0.2041,0.4826,0.443,0.3545,0.2041,LOW,F1_login_count,18.9,F13_weeks_since_active,15.2,F5_on_time_rate,15.0,6,F1 login count (18.9%) and F13 weeks since active (15.2%),1891,0.14351222698109378,0.12923781464686943,0.7369436166702926,0.24601252337036317,2,0.1803,LOW
1892,OULAD_TEST_1892,1,0.1832,0.5611,0.3113,0.3233,0.1832,LOW,F1_login_count,19.6,F5_on_time_rate,12.8,F6_inactive_days,10.9,4,F1 login count (19.6%) and F5 on time rate (12.8%),1892,0.08460141094734314,0.21138910712750283,0.8094655529530931,0.34781645402027134,2,0.1744,LOW
1893,OULAD_TEST_1893,0,0.1413,0.3604,0.137,0.1412,0.1413,LOW,F1_login_count,21.1,F6_inactive_days,15.5,F4_num_submitted,15.2,2,F1 login count (21.1%) and F6 inactive days (15.5%),1893,0.08794901960741691,0.2139803821305956,0.4917997087117113,0.19923123069736245,1,0.1412,LOW
1894,OULAD_TEST_1894,0,0.1298,0.3379,0.1851,0.2012,0.1298,LOW,F1_login_count,16.7,F5_on_time_rate,13.7,F6_inactive_days,13.1,1,F1 login count (16.7%) and F5 on time rate (13.7%),1894,0.08202370407946646,0.08852642229105526,0.5646158692950154,0.33849632008759223,1,0.1311,LOW
1895,OULAD_TEST_1895,1,0.4069,0.5833,0.5008,0.2463,0.4069,MEDIUM,F1_login_count,20.5,F6_inactive_days,13.9,F4_num_submitted,13.1,11,F1 login count (20.5%) and F6 inactive days (13.9%),1895,0.2478288970117872,0.31861710344721106,0.6054244101402648,0.13345784051256981,3,0.3121,LOW
1896,OULAD_TEST_1896,1,0.5823,0.6715,0.4445,0.4778,0.5823,MEDIUM,F1_login_count,20.9,F6_inactive_days,13.4,F4_num_submitted,12.8,9,F1 login count (20.9%) and F6 inactive days (13.4%),1896,0.38173039373328976,0.5349664426491108,0.30647106442311967,0.25105358034014513,6,0.673,MEDIUM
1897,OULAD_TEST_1897,0,0.5436,0.5515,0.465,0.4513,0.5436,MEDIUM,F1_login_count,19.4,F6_inactive_days,12.5,F4_num_submitted,11.2,16,F1 login count (19.4%) and F6 inactive days (12.5%),1897,0.5403847170504716,0.35350515442403396,0.2979479210741923,0.1834870658335981,7,0.6573,MEDIUM
1898,OULAD_TEST_1898,0,0.0833,0.4148,0.2066,0.1666,0.0833,LOW,F1_login_count,23.6,F6_inactive_days,14.1,F4_num_submitted,13.6,5,F1 login count (23.6%) and F6 inactive days (14.1%),1898,0.11440194479412387,0.08865724437981576,0.6079439013004396,0.10299127795793753,1,0.1152,LOW
1899,OULAD_TEST_1899,0,0.6126,0.6036,0.6578,0.3829,0.6126,MEDIUM,F1_login_count,23.9,F6_inactive_days,12.3,F4_num_submitted,10.7,9,F1 login count (23.9%) and F6 inactive days (12.3%),1899,0.39927196819708394,0.5648608777457723,0.25441832984558904,0.3886324259765244,7,0.7196,HIGH
1900,OULAD_TEST_1900,1,0.8966,0.4287,0.6566,0.9224,0.8966,HIGH,F1_login_count,21.6,F4_num_submitted,14.4,F6_inactive_days,13.9,13,F1 login count (21.6%) and F4 num submitted (14.4%),1900,0.6973154404510735,0.8165284166734103,0.0,0.5197258651833617,9,0.9045,HIGH
1901,OULAD_TEST_1901,1,0.6857,0.5889,0.6695,0.5639,0.6857,MEDIUM,F1_login_count,17.6,F6_inactive_days,13.9,F4_num_submitted,13.0,13,F1 login count (17.6%) and F6 inactive days (13.9%),1901,0.446608051024399,0.4279047837998028,0.46054942727324777,0.5085310353747958,4,0.7405,HIGH
1902,OULAD_TEST_1902,0,0.3463,0.3649,0.3431,0.3662,0.3463,LOW,F1_login_count,20.4,F6_inactive_days,12.7,F5_on_time_rate,12.6,7,F1 login count (20.4%) and F6 inactive days (12.7%),1902,0.3597224637586641,0.2334465784152847,0.5207163948019427,0.35565943262575966,1,0.2854,LOW
1903,OULAD_TEST_1903,0,0.0638,0.2573,0.2115,0.2556,0.0638,LOW,F6_inactive_days,16.2,F4_num_submitted,15.9,F5_on_time_rate,11.2,1,F6 inactive days (16.2%) and F4 num submitted (15.9%),1903,0.08162421921980939,0.0,0.7431649458237283,0.0,1,0.0916,LOW
1904,OULAD_TEST_1904,0,0.3721,0.5419,0.3029,0.3346,0.3721,LOW,F1_login_count,24.0,F5_on_time_rate,14.4,F4_num_submitted,13.7,8,F1 login count (24.0%) and F5 on time rate (14.4%),1904,0.2497397855995771,0.32427595635273704,0.5611276675167831,0.15162335665186613,3,0.3376,LOW
1905,OULAD_TEST_1905,0,0.3529,0.6554,0.4498,0.3889,0.3529,LOW,F1_login_count,16.3,F13_weeks_since_active,16.1,F5_on_time_rate,12.2,5,F1 login count (16.3%) and F13 weeks since active (16.1%),1905,0.2918016925810277,0.3384245663814387,0.613914516926657,0.3101572312947672,4,0.3738,LOW
1906,OULAD_TEST_1906,1,0.5917,0.7273,0.7613,0.6735,0.5917,MEDIUM,F1_login_count,20.4,F5_on_time_rate,12.3,F13_weeks_since_active,9.5,5,F1 login count (20.4%) and F5 on time rate (12.3%),1906,0.25710238479315006,0.6226818325956784,0.421228815655464,0.29889135793697014,8,0.7189,HIGH
1907,OULAD_TEST_1907,0,0.0843,0.4953,0.3707,0.2902,0.0843,LOW,F6_inactive_days,13.0,F4_num_submitted,13.0,F13_weeks_since_active,12.4,7,F6 inactive days (13.0%) and F4 num submitted (13.0%),1907,0.0,0.03205776157055415,0.8399221943907571,0.0,1,0.0926,LOW
1908,OULAD_TEST_1908,0,0.0486,0.3418,0.2334,0.1293,0.0486,LOW,F4_num_submitted,12.5,F13_weeks_since_active,12.0,F6_inactive_days,10.8,1,F4 num submitted (12.5%) and F13 weeks since active (12.0%),1908,0.0,0.0015042001352628884,0.6980354449209144,0.15138449131804735,2,0.0909,LOW
1909,OULAD_TEST_1909,0,0.5207,0.3506,0.6465,0.7912,0.5207,MEDIUM,F1_login_count,25.6,F5_on_time_rate,12.3,F6_inactive_days,11.9,13,F1 login count (25.6%) and F5 on time rate (12.3%),1909,0.3787843094763707,0.5345687615102998,0.3536533195043139,0.15767999163312243,5,0.6699,MEDIUM
1910,OULAD_TEST_1910,0,0.1335,0.4392,0.367,0.1711,0.1335,LOW,F1_login_count,18.8,F6_inactive_days,14.0,F4_num_submitted,13.2,6,F1 login count (18.8%) and F6 inactive days (14.0%),1910,0.2667014999485092,0.13720115508242442,0.7701031655442276,0.04391042306506741,0,0.115,LOW
1911,OULAD_TEST_1911,1,0.678,0.3026,0.3401,0.4464,0.678,MEDIUM,F1_login_count,23.7,F5_on_time_rate,13.4,F4_num_submitted,11.1,8,F1 login count (23.7%) and F5 on time rate (13.4%),1911,0.6977300146192633,0.677712120895038,0.204861093836038,0.446237283096577,6,0.7847,HIGH
1912,OULAD_TEST_1912,0,0.061,0.2014,0.0633,0.0353,0.061,LOW,F1_login_count,14.7,F6_inactive_days,11.6,F4_num_submitted,11.1,1,F1 login count (14.7%) and F6 inactive days (11.6%),1912,0.10650511014407571,0.0749482402407869,0.7506893367972776,0.0,0,0.0678,LOW
1913,OULAD_TEST_1913,0,0.1741,0.8469,0.84,0.5648,0.1741,LOW,F6_inactive_days,16.2,F4_num_submitted,15.8,F1_login_count,13.0,8,F6 inactive days (16.2%) and F4 num submitted (15.8%),1913,0.1719544474944457,0.05541567050293833,0.7005963764424814,0.19843867872158097,4,0.2348,LOW
1914,OULAD_TEST_1914,1,0.9982,0.339,0.3724,0.2631,0.9982,HIGH,F1_login_count,20.4,F6_inactive_days,15.0,F4_num_submitted,14.5,17,F1 login count (20.4%) and F6 inactive days (15.0%),1914,0.518634226584726,0.7418197316177755,0.07995850823103764,0.5306547629763158,11,0.8527,HIGH
1915,OULAD_TEST_1915,1,0.9916,0.4648,0.2684,0.3298,0.9916,HIGH,F1_login_count,27.5,F5_on_time_rate,13.0,F6_inactive_days,10.5,17,F1 login count (27.5%) and F5 on time rate (13.0%),1915,0.6398526200265978,0.7187390200752857,0.0,0.7639943392135103,10,0.8792,HIGH
1916,OULAD_TEST_1916,0,0.2973,0.3873,0.6804,0.7109,0.2973,LOW,F1_login_count,17.0,F6_inactive_days,14.9,F4_num_submitted,14.1,16,F1 login count (17.0%) and F6 inactive days (14.9%),1916,0.1293316248091761,0.30566914678067786,0.6336345649888945,0.1632904443005073,4,0.3396,LOW
1917,OULAD_TEST_1917,0,0.5654,0.2111,0.0922,0.1455,0.5654,MEDIUM,F1_login_count,18.0,F6_inactive_days,13.3,F4_num_submitted,13.1,17,F1 login count (18.0%) and F6 inactive days (13.3%),1917,0.3336952401748884,0.5756777458469606,0.32430759421482747,0.4197924164046424,2,0.4645,MEDIUM
1918,OULAD_TEST_1918,0,0.3249,0.5273,0.4293,0.5084,0.3249,LOW,F1_login_count,16.0,F5_on_time_rate,15.6,F13_weeks_since_active,14.2,11,F1 login count (16.0%) and F5 on time rate (15.6%),1918,0.21061561814152102,0.42411397131091044,0.6108257710864381,0.28446287435793793,4,0.3913,LOW
1919,OULAD_TEST_1919,1,0.9238,0.389,0.1372,0.0888,0.9238,HIGH,F1_login_count,21.8,F5_on_time_rate,13.7,F6_inactive_days,13.6,17,F1 login count (21.8%) and F5 on time rate (13.7%),1919,0.5994509422302872,0.8526784265858592,0.13865316923548293,0.4789751996707113,7,0.8142,HIGH
1920,OULAD_TEST_1920,1,0.6002,0.4061,0.5749,0.6209,0.6002,MEDIUM,F1_login_count,19.0,F5_on_time_rate,12.8,F4_num_submitted,12.2,17,F1 login count (19.0%) and F5 on time rate (12.8%),1920,0.22221001896242118,0.6031970862027988,0.48063150611191585,0.11370161416129332,5,0.6386,MEDIUM
1921,OULAD_TEST_1921,0,0.2711,0.5904,0.4556,0.3539,0.2711,LOW,F1_login_count,20.0,F13_weeks_since_active,13.2,F5_on_time_rate,11.1,8,F1 login count (20.0%) and F13 weeks since active (13.2%),1921,0.2645610256117534,0.18403369338770523,0.7184653647621203,0.20595069055966017,2,0.2345,LOW
1922,OULAD_TEST_1922,1,0.9979,0.4795,0.3936,0.7645,0.9979,HIGH,F1_login_count,28.7,F5_on_time_rate,14.3,F6_inactive_days,11.5,14,F1 login count (28.7%) and F5 on time rate (14.3%),1922,0.5912556974260194,0.7557017346604914,0.1363371662610296,0.6074146016549843,10,0.8903,HIGH
1923,OULAD_TEST_1923,1,0.9987,0.6385,0.8274,0.8659,0.9987,HIGH,F1_login_count,25.3,F5_on_time_rate,13.3,F13_weeks_since_active,11.1,17,F1 login count (25.3%) and F5 on time rate (13.3%),1923,0.723014686411115,0.9169013465934042,0.14540703191662382,0.6659191233090153,10,0.9277,HIGH
1924,OULAD_TEST_1924,0,0.5894,0.4872,0.3247,0.4104,0.5894,MEDIUM,F1_login_count,19.4,F5_on_time_rate,15.3,F6_inactive_days,9.8,17,F1 login count (19.4%) and F5 on time rate (15.3%),1924,0.6199882669749974,0.5344044601791521,0.3576178984815946,0.32645670331405946,7,0.7002,HIGH
1925,OULAD_TEST_1925,0,0.1874,0.4001,0.2427,0.1836,0.1874,LOW,F1_login_count,14.3,F4_num_submitted,13.8,F6_inactive_days,13.7,1,F1 login count (14.3%) and F4 num submitted (13.8%),1925,0.03924154084135764,0.16788554994727142,0.653298508703684,0.060788676143914096,0,0.1131,LOW
1926,OULAD_TEST_1926,1,0.9996,0.7194,0.9266,0.9683,0.9996,HIGH,F1_login_count,27.5,F5_on_time_rate,14.3,F13_weeks_since_active,10.0,7,F1 login count (27.5%) and F5 on time rate (14.3%),1926,0.446691247725367,0.8806497184506392,0.0876017083178334,0.8407767613178039,11,0.9301,HIGH
1927,OULAD_TEST_1927,0,0.3292,0.6149,0.4318,0.4366,0.3292,LOW,F1_login_count,24.0,F5_on_time_rate,16.5,F6_inactive_days,11.6,8,F1 login count (24.0%) and F5 on time rate (16.5%),1927,0.20183957781198889,0.3056748385966565,0.6098480951433024,0.02083751261870667,3,0.3068,LOW
1928,OULAD_TEST_1928,0,0.231,0.2606,0.3355,0.2063,0.231,LOW,F6_inactive_days,17.3,F4_num_submitted,16.9,F1_login_count,13.4,1,F6 inactive days (17.3%) and F4 num submitted (16.9%),1928,0.27179596349985713,0.2990553487882849,0.5842933763261741,0.2266740574037086,0,0.168,LOW
1929,OULAD_TEST_1929,0,0.303,0.5634,0.4193,0.4367,0.303,LOW,F1_login_count,21.7,F5_on_time_rate,15.4,F6_inactive_days,13.5,8,F1 login count (21.7%) and F5 on time rate (15.4%),1929,0.4079347454220594,0.36114884678535647,0.5980823408808269,0.11284777701799306,1,0.29,LOW
1930,OULAD_TEST_1930,0,0.2323,0.6817,0.2889,0.2644,0.2323,LOW,F1_login_count,18.5,F5_on_time_rate,16.4,F6_inactive_days,11.5,9,F1 login count (18.5%) and F5 on time rate (16.4%),1930,0.03965504055475831,0.24099262818722775,0.6106503533215406,0.09908656587114936,2,0.1975,LOW
1931,OULAD_TEST_1931,0,0.2019,0.3761,0.4216,0.324,0.2019,LOW,F6_inactive_days,14.9,F4_num_submitted,14.5,F1_login_count,11.4,13,F6 inactive days (14.9%) and F4 num submitted (14.5%),1931,0.19099992232365215,0.23927922980503424,0.5530867091539944,0.08308766009112412,3,0.225,LOW
1932,OULAD_TEST_1932,1,0.6386,0.5894,0.6503,0.6315,0.6386,MEDIUM,F1_login_count,23.6,F5_on_time_rate,12.7,F6_inactive_days,11.9,8,F1 login count (23.6%) and F5 on time rate (12.7%),1932,0.4004889543219946,0.5839350041939819,0.41816607413763507,0.2867478870994491,7,0.7283,HIGH
1933,OULAD_TEST_1933,1,0.5139,0.4114,0.4669,0.4604,0.5139,MEDIUM,F1_login_count,18.8,F6_inactive_days,14.6,F4_num_submitted,14.5,17,F1 login count (18.8%) and F6 inactive days (14.6%),1933,0.34913516456958643,0.3999214214372305,0.3943999242530089,0.3768869052283487,3,0.5712,MEDIUM
1934,OULAD_TEST_1934,0,0.7561,0.777,0.711,0.8442,0.7561,HIGH,F1_login_count,18.8,F6_inactive_days,13.3,F4_num_submitted,13.2,13,F1 login count (18.8%) and F6 inactive days (13.3%),1934,0.7937043347017034,0.7032101739930512,0.3999908257698851,0.6205372315139948,7,0.8668,HIGH
1935,OULAD_TEST_1935,0,0.2061,0.7225,0.7296,0.5682,0.2061,LOW,F1_login_count,17.0,F5_on_time_rate,15.7,F13_weeks_since_active,9.8,9,F1 login count (17.0%) and F5 on time rate (15.7%),1935,0.0,0.06362539449125908,0.4725707729800168,0.18006163934959937,5,0.2742,LOW
1936,OULAD_TEST_1936,0,0.6624,0.4322,0.6929,0.6008,0.6624,MEDIUM,F1_login_count,19.8,F4_num_submitted,12.9,F6_inactive_days,12.3,16,F1 login count (19.8%) and F4 num submitted (12.9%),1936,0.48905396614945734,0.6473513241836706,0.21440212271566342,0.4098458395454514,6,0.7838,HIGH
1937,OULAD_TEST_1937,0,0.1033,0.2749,0.3394,0.2226,0.1033,LOW,F13_weeks_since_active,17.5,F4_num_submitted,13.5,F6_inactive_days,12.9,14,F13 weeks since active (17.5%) and F4 num submitted (13.5%),1937,0.11907931717654333,0.0,0.7206238836690873,0.0,0,0.086,LOW
1938,OULAD_TEST_1938,0,0.0419,0.3823,0.1711,0.0928,0.0419,LOW,F1_login_count,20.7,F5_on_time_rate,12.7,F6_inactive_days,12.1,2,F1 login count (20.7%) and F5 on time rate (12.7%),1938,0.13790863249393473,0.058479262943578636,0.8802181097628915,0.0871590318989341,1,0.0824,LOW
1939,OULAD_TEST_1939,1,0.9943,0.4998,0.3907,0.4312,0.9943,HIGH,F1_login_count,27.3,F5_on_time_rate,14.5,F6_inactive_days,10.3,17,F1 login count (27.3%) and F5 on time rate (14.5%),1939,0.7058083153470894,0.7775426833259073,0.04450693726021854,0.8553419558075158,11,0.9029,HIGH
1940,OULAD_TEST_1940,0,0.196,0.5228,0.3844,0.3874,0.196,LOW,F1_login_count,25.7,F5_on_time_rate,16.8,F6_inactive_days,9.3,9,F1 login count (25.7%) and F5 on time rate (16.8%),1940,0.1680050539504102,0.21087111864595415,0.6742472754180753,0.0719166451445889,1,0.184,LOW
1941,OULAD_TEST_1941,0,0.1702,0.3374,0.3506,0.3108,0.1702,LOW,F1_login_count,23.1,F5_on_time_rate,13.6,F2_vle_clicks,8.9,17,F1 login count (23.1%) and F5 on time rate (13.6%),1941,0.07997514325782087,0.14195598192576728,0.5511136207445853,0.057001970477776054,2,0.1613,LOW
1942,OULAD_TEST_1942,0,0.6054,0.4142,0.5514,0.6693,0.6054,MEDIUM,F1_login_count,18.9,F6_inactive_days,13.5,F4_num_submitted,12.1,15,F1 login count (18.9%) and F6 inactive days (13.5%),1942,0.45069269412451074,0.3870095233469334,0.19998586027705284,0.29590930428228035,5,0.7115,HIGH
1943,OULAD_TEST_1943,0,0.031,0.1966,0.2632,0.1485,0.031,LOW,F4_num_submitted,13.0,F13_weeks_since_active,12.8,F6_inactive_days,11.5,8,F4 num submitted (13.0%) and F13 weeks since active (12.8%),1943,0.0,0.06000597048147831,0.8074504660289905,0.0,1,0.0676,LOW
1944,OULAD_TEST_1944,0,0.3075,0.321,0.1275,0.2103,0.3075,LOW,F1_login_count,24.2,F5_on_time_rate,13.8,F6_inactive_days,13.8,15,F1 login count (24.2%) and F5 on time rate (13.8%),1944,0.27740718898560507,0.21514133785338313,0.4175894006181642,0.0,3,0.2554,LOW
1945,OULAD_TEST_1945,0,0.2185,0.3539,0.3837,0.297,0.2185,LOW,F1_login_count,21.5,F4_num_submitted,14.3,F6_inactive_days,14.1,13,F1 login count (21.5%) and F4 num submitted (14.3%),1945,0.1159889663956366,0.2562167376650695,0.5720122249710671,0.17970424630268553,2,0.1947,LOW
1946,OULAD_TEST_1946,1,0.4716,0.6066,0.6773,0.4995,0.4716,MEDIUM,F1_login_count,18.6,F6_inactive_days,14.4,F4_num_submitted,13.0,11,F1 login count (18.6%) and F6 inactive days (14.4%),1946,0.36783003939021863,0.40096605509875255,0.47281173290858575,0.18149373883744635,3,0.5082,MEDIUM
1947,OULAD_TEST_1947,0,0.0409,0.2993,0.1599,0.0966,0.0409,LOW,F6_inactive_days,15.6,F4_num_submitted,15.3,F5_on_time_rate,11.5,1,F6 inactive days (15.6%) and F4 num submitted (15.3%),1947,0.02570371863150216,0.06639867883104306,0.6690475727723224,0.0,0,0.0704,LOW
1948,OULAD_TEST_1948,0,0.2343,0.5186,0.4342,0.2905,0.2343,LOW,F1_login_count,21.2,F5_on_time_rate,15.1,F13_weeks_since_active,13.4,5,F1 login count (21.2%) and F5 on time rate (15.1%),1948,0.2766150250772168,0.12254948359878305,0.7730955962361807,0.23096279396790587,3,0.2191,LOW
1949,OULAD_TEST_1949,0,0.0926,0.3038,0.1558,0.312,0.0926,LOW,F1_login_count,24.2,F6_inactive_days,13.4,F4_num_submitted,12.8,14,F1 login count (24.2%) and F6 inactive days (13.4%),1949,0.05968062764115138,0.031563421485811045,0.848313634423789,0.0,0,0.0865,LOW
1950,OULAD_TEST_1950,0,0.0669,0.5691,0.2058,0.1714,0.0669,LOW,F1_login_count,16.9,F6_inactive_days,16.1,F4_num_submitted,14.8,1,F1 login count (16.9%) and F6 inactive days (16.1%),1950,0.0,0.02017390911191324,0.58933800016617,0.0,1,0.101,LOW
1951,OULAD_TEST_1951,1,0.8026,0.3968,0.5172,0.6829,0.8026,HIGH,F1_login_count,22.5,F6_inactive_days,11.0,F5_on_time_rate,10.6,17,F1 login count (22.5%) and F6 inactive days (11.0%),1951,0.6880121500713992,0.7507461984194045,0.06468287568180131,0.6575330869426296,7,0.8722,HIGH
1952,OULAD_TEST_1952,0,0.5368,0.7671,0.611,0.4024,0.5368,MEDIUM,F1_login_count,17.2,F6_inactive_days,13.9,F4_num_submitted,13.0,7,F1 login count (17.2%) and F6 inactive days (13.9%),1952,0.28518676991373815,0.5904701670244392,0.141982275550505,0.15297410423705843,6,0.6516,MEDIUM
1953,OULAD_TEST_1953,0,0.3243,0.4972,0.4381,0.3885,0.3243,LOW,F1_login_count,18.5,F13_weeks_since_active,16.1,F5_on_time_rate,14.9,11,F1 login count (18.5%) and F13 weeks since active (16.1%),1953,0.16163336613511797,0.21124125986056988,0.4623008637451867,0.01066821184826855,2,0.2604,LOW
1954,OULAD_TEST_1954,0,0.4836,0.3866,0.4559,0.3737,0.4836,MEDIUM,F1_login_count,22.9,F6_inactive_days,13.3,F4_num_submitted,12.9,12,F1 login count (22.9%) and F6 inactive days (13.3%),1954,0.2789538705956508,0.4972078515726144,0.4897588476572399,0.32247674274748056,4,0.5148,MEDIUM
1955,OULAD_TEST_1955,1,0.9973,0.429,0.1592,0.4961,0.9973,HIGH,F1_login_count,30.1,F5_on_time_rate,15.2,F6_inactive_days,8.7,17,F1 login count (30.1%) and F5 on time rate (15.2%),1955,0.8355538093170817,0.6741308065819438,0.0,0.7363184836812441,11,0.8957,HIGH
1956,OULAD_TEST_1956,1,0.7111,0.6329,0.7473,0.8072,0.7111,HIGH,F1_login_count,19.4,F6_inactive_days,12.9,F4_num_submitted,12.4,15,F1 login count (19.4%) and F6 inactive days (12.9%),1956,0.2842025786021304,0.5088998479126168,0.2771997243615968,0.23773899387216443,8,0.7556,HIGH
1957,OULAD_TEST_1957,0,0.4446,0.521,0.5855,0.538,0.4446,MEDIUM,F1_login_count,23.9,F5_on_time_rate,13.9,F6_inactive_days,10.4,9,F1 login count (23.9%) and F5 on time rate (13.9%),1957,0.6249948533659995,0.301207723505058,0.29208656817182566,0.3156827684204612,3,0.6411,MEDIUM
1958,OULAD_TEST_1958,0,0.1378,0.2707,0.195,0.235,0.1378,LOW,F1_login_count,16.0,F13_weeks_since_active,12.0,F6_inactive_days,10.0,1,F1 login count (16.0%) and F13 weeks since active (12.0%),1958,0.2020656809066052,0.008929304844742206,0.7695575254581906,0.15239994479540303,4,0.165,LOW
1959,OULAD_TEST_1959,0,0.476,0.5422,0.4517,0.3981,0.476,MEDIUM,F1_login_count,24.9,F5_on_time_rate,16.7,F6_inactive_days,11.4,8,F1 login count (24.9%) and F5 on time rate (16.7%),1959,0.3555238914129159,0.2779129288169936,0.36368907720716503,0.03850074195692155,5,0.4339,MEDIUM
1960,OULAD_TEST_1960,1,0.9982,0.9129,0.9192,0.9388,0.9982,HIGH,F1_login_count,22.8,F4_num_submitted,12.8,F6_inactive_days,12.0,5,F1 login count (22.8%) and F4 num submitted (12.8%),1960,0.6932505999383712,0.8815099129710238,0.0026569682282905393,0.6947401605488664,8,0.9329,HIGH
1961,OULAD_TEST_1961,0,0.2756,0.2393,0.3869,0.4328,0.2756,LOW,F6_inactive_days,17.3,F4_num_submitted,16.8,F5_on_time_rate,12.7,17,F6 inactive days (17.3%) and F4 num submitted (16.8%),1961,0.22147540748576572,0.2171345841817711,0.5702325498606946,0.27055270558106154,3,0.2691,LOW
1962,OULAD_TEST_1962,1,0.2879,0.6168,0.3071,0.1752,0.2879,LOW,F1_login_count,18.6,F13_weeks_since_active,13.3,F5_on_time_rate,10.7,5,F1 login count (18.6%) and F13 weeks since active (13.3%),1962,0.2536422428379338,0.27506743180840876,0.4425251479107716,0.13532573120927702,2,0.2605,LOW
1963,OULAD_TEST_1963,0,0.0936,0.4503,0.2118,0.2286,0.0936,LOW,F4_num_submitted,13.9,F6_inactive_days,13.6,F13_weeks_since_active,12.2,7,F4 num submitted (13.9%) and F6 inactive days (13.6%),1963,0.1300415585950057,0.13479781488972103,0.6098115668260218,0.20644156347576098,1,0.1355,LOW
1964,OULAD_TEST_1964,0,0.3752,0.5263,0.3143,0.1256,0.3752,LOW,F1_login_count,22.5,F13_weeks_since_active,11.5,F5_on_time_rate,10.7,6,F1 login count (22.5%) and F13 weeks since active (11.5%),1964,0.31820044660034486,0.34016935945380267,0.5966194469003426,0.3614946689189814,3,0.2932,LOW
1965,OULAD_TEST_1965,0,0.0748,0.4302,0.3087,0.1782,0.0748,LOW,F1_login_count,21.4,F6_inactive_days,13.9,F4_num_submitted,13.9,6,F1 login count (21.4%) and F6 inactive days (13.9%),1965,0.061318068125524886,0.1162010540920299,0.7800592157501696,0.05725415108606458,0,0.0855,LOW
1966,OULAD_TEST_1966,0,0.5869,0.7343,0.7376,0.8106,0.5869,MEDIUM,F1_login_count,22.0,F5_on_time_rate,13.7,F6_inactive_days,11.7,7,F1 login count (22.0%) and F5 on time rate (13.7%),1966,0.39109615796926733,0.4933024171006184,0.43548490415534274,0.2979665531610079,4,0.7132,HIGH
1967,OULAD_TEST_1967,0,0.7947,0.2993,0.5072,0.6705,0.7947,HIGH,F1_login_count,17.0,F4_num_submitted,15.2,F6_inactive_days,14.3,12,F1 login count (17.0%) and F4 num submitted (15.2%),1967,0.5411626716346488,0.5805355289355404,0.1967058235502519,0.3600806528900451,9,0.8105,HIGH
1968,OULAD_TEST_1968,0,0.3988,0.3855,0.3439,0.5182,0.3988,LOW,F1_login_count,24.1,F6_inactive_days,14.2,F4_num_submitted,13.6,15,F1 login count (24.1%) and F6 inactive days (14.2%),1968,0.2596691719647319,0.4236051344656637,0.49525906348092164,0.23477237887605704,2,0.3679,LOW
1969,OULAD_TEST_1969,0,0.0338,0.3604,0.2437,0.1803,0.0338,LOW,F1_login_count,12.5,F5_on_time_rate,11.1,F4_num_submitted,10.1,2,F1 login count (12.5%) and F5 on time rate (11.1%),1969,0.13703700968670646,0.0,0.6003589381333233,0.08865107036450147,0,0.0896,LOW
1970,OULAD_TEST_1970,0,0.1331,0.4606,0.3861,0.2291,0.1331,LOW,F4_num_submitted,15.6,F6_inactive_days,15.0,F13_weeks_since_active,12.2,5,F4 num submitted (15.6%) and F6 inactive days (15.0%),1970,0.15252567222808616,0.03828729609900593,0.6664833303238831,0.04095877667512305,1,0.1232,LOW
1971,OULAD_TEST_1971,0,0.2747,0.4583,0.414,0.3933,0.2747,LOW,F1_login_count,21.4,F5_on_time_rate,12.7,F4_num_submitted,12.0,17,F1 login count (21.4%) and F5 on time rate (12.7%),1971,0.0,0.21926156993564813,0.5775015679596257,0.0,5,0.2697,LOW
1972,OULAD_TEST_1972,0,0.8644,0.7154,0.8799,0.8758,0.8644,HIGH,F1_login_count,20.8,F5_on_time_rate,11.3,F6_inactive_days,10.6,14,F1 login count (20.8%) and F5 on time rate (11.3%),1972,0.670670077652976,0.661715126456279,0.30379071982725747,0.6708856673491884,8,0.8905,HIGH
1973,OULAD_TEST_1973,1,0.6926,0.4242,0.9255,0.7647,0.6926,MEDIUM,F4_num_submitted,16.6,F6_inactive_days,16.2,F1_login_count,14.2,14,F4 num submitted (16.6%) and F6 inactive days (16.2%),1973,0.5042936194718775,0.5553155694408454,0.3146156632098678,0.43838678662138725,7,0.8109,HIGH
1974,OULAD_TEST_1974,0,0.029,0.3614,0.1837,0.0804,0.029,LOW,F6_inactive_days,15.4,F4_num_submitted,14.2,F1_login_count,11.5,1,F6 inactive days (15.4%) and F4 num submitted (14.2%),1974,0.01842912435541026,0.05217431372507732,0.9304061181709529,0.0,1,0.0658,LOW
1975,OULAD_TEST_1975,0,0.2032,0.4886,0.3092,0.2316,0.2032,LOW,F1_login_count,19.6,F5_on_time_rate,15.0,F6_inactive_days,14.4,8,F1 login count (19.6%) and F5 on time rate (15.0%),1975,0.1033881546911114,0.20058733913969012,0.6971937705894728,0.22477900661079458,3,0.1926,LOW
1976,OULAD_TEST_1976,1,0.9928,0.5307,0.8064,0.6986,0.9928,HIGH,F1_login_count,26.2,F5_on_time_rate,13.9,F13_weeks_since_active,9.5,17,F1 login count (26.2%) and F5 on time rate (13.9%),1976,0.8073712719986014,0.7720535946859496,0.0,0.7786366315779307,9,0.9279,HIGH
1977,OULAD_TEST_1977,0,0.6587,0.48,0.7073,0.4834,0.6587,MEDIUM,F1_login_count,25.1,F5_on_time_rate,15.0,F6_inactive_days,10.4,6,F1 login count (25.1%) and F5 on time rate (15.0%),1977,0.5558426462122857,0.5208785701641003,0.2847524216149852,0.058990611661452974,4,0.7033,HIGH
1978,OULAD_TEST_1978,0,0.1679,0.465,0.4102,0.292,0.1679,LOW,F13_weeks_since_active,15.8,F1_login_count,15.4,F5_on_time_rate,12.3,6,F13 weeks since active (15.8%) and F1 login count (15.4%),1978,0.04024223321763906,0.22866164038161949,0.6893023646264234,0.15285163799064858,0,0.1271,LOW
1979,OULAD_TEST_1979,0,0.3081,0.5249,0.4223,0.5577,0.3081,LOW,F5_on_time_rate,15.4,F13_weeks_since_active,14.3,F1_login_count,14.3,11,F5 on time rate (15.4%) and F13 weeks since active (14.3%),1979,0.2563752287124535,0.30159700941871526,0.45960444302293185,0.013662094702758337,2,0.313,LOW
1980,OULAD_TEST_1980,0,0.0264,0.4057,0.1341,0.1369,0.0264,LOW,F1_login_count,16.9,F6_inactive_days,16.8,F4_num_submitted,15.1,9,F1 login count (16.9%) and F6 inactive days (16.8%),1980,0.0,0.18844520314788332,0.740441262340708,0.07573326081587295,2,0.102,LOW
1981,OULAD_TEST_1981,1,0.9977,0.6358,0.8519,0.8714,0.9977,HIGH,F1_login_count,27.9,F5_on_time_rate,15.7,F13_weeks_since_active,11.8,9,F1 login count (27.9%) and F5 on time rate (15.7%),1981,0.5604281835211069,0.9424552538993223,0.0,0.6139712642849495,8,0.9216,HIGH
1982,OULAD_TEST_1982,1,0.9951,0.6373,0.7455,0.7708,0.9951,HIGH,F1_login_count,26.4,F5_on_time_rate,14.2,F6_inactive_days,11.2,6,F1 login count (26.4%) and F5 on time rate (14.2%),1982,0.6338982775410034,0.9373784454847951,0.16448198325651184,0.6733471831728659,11,0.9182,HIGH
1983,OULAD_TEST_1983,1,0.9918,0.2907,0.3222,0.2098,0.9918,HIGH,F1_login_count,16.9,F4_num_submitted,16.7,F6_inactive_days,16.6,17,F1 login count (16.9%) and F4 num submitted (16.7%),1983,0.7804993472382759,0.7320005159635358,0.0,0.5351702862606413,8,0.8658,HIGH
1984,OULAD_TEST_1984,1,0.9929,0.4954,0.4477,0.4567,0.9929,HIGH,F1_login_count,24.2,F6_inactive_days,13.5,F4_num_submitted,13.2,17,F1 login count (24.2%) and F6 inactive days (13.5%),1984,0.7903425045376086,0.9050738281306738,0.12626184207160432,0.3709511865817017,10,0.8825,HIGH
1985,OULAD_TEST_1985,0,0.3725,0.4342,0.4209,0.2997,0.3725,LOW,F1_login_count,18.8,F6_inactive_days,15.4,F4_num_submitted,14.1,11,F1 login count (18.8%) and F6 inactive days (15.4%),1985,0.31205854200972927,0.3123764558642471,0.4083204765040617,0.16945581704919982,4,0.3732,LOW
1986,OULAD_TEST_1986,0,0.0249,0.2368,0.1188,0.0574,0.0249,LOW,F6_inactive_days,15.7,F4_num_submitted,15.0,F5_on_time_rate,10.3,1,F6 inactive days (15.7%) and F4 num submitted (15.0%),1986,0.08993957868479972,0.0,0.6428720812730386,0.06376171621677397,0,0.0677,LOW
1987,OULAD_TEST_1987,0,0.163,0.4039,0.1552,0.0828,0.163,LOW,F1_login_count,17.6,F6_inactive_days,12.3,F4_num_submitted,11.3,1,F1 login count (17.6%) and F6 inactive days (12.3%),1987,0.16571782871149582,0.15199122724260228,0.7875942130038464,0.2196470794410268,1,0.1197,LOW
1988,OULAD_TEST_1988,0,0.3032,0.5513,0.5264,0.5529,0.3032,LOW,F1_login_count,21.8,F5_on_time_rate,16.1,F6_inactive_days,12.1,8,F1 login count (21.8%) and F5 on time rate (16.1%),1988,0.1480918404777048,0.3333369227689187,0.6306298069234382,0.04130024394329698,2,0.2797,LOW
1989,OULAD_TEST_1989,0,0.0142,0.3494,0.0806,0.0492,0.0142,LOW,F6_inactive_days,18.8,F4_num_submitted,17.2,F1_login_count,12.4,1,F6 inactive days (18.8%) and F4 num submitted (17.2%),1989,0.053132254467394065,0.052136527280336936,0.914091870238119,0.13176725122476207,1,0.0682,LOW
1990,OULAD_TEST_1990,0,0.0609,0.3627,0.1938,0.145,0.0609,LOW,F1_login_count,20.2,F5_on_time_rate,12.2,F6_inactive_days,11.2,8,F1 login count (20.2%) and F5 on time rate (12.2%),1990,0.12267095252276823,0.0,0.8313501947545577,0.0,0,0.0742,LOW
1991,OULAD_TEST_1991,0,0.6966,0.6189,0.6187,0.7596,0.6966,MEDIUM,F1_login_count,18.8,F4_num_submitted,14.7,F6_inactive_days,14.2,13,F1 login count (18.8%) and F4 num submitted (14.7%),1991,0.5630491329813574,0.6515067130874097,0.4487045001737402,0.46145398579134317,7,0.8,HIGH
1992,OULAD_TEST_1992,1,0.9992,0.3886,0.811,0.9238,0.9992,HIGH,F1_login_count,23.9,F5_on_time_rate,13.6,F4_num_submitted,13.1,15,F1 login count (23.9%) and F5 on time rate (13.6%),1992,0.8183313371474643,0.7983129966339229,0.056512383694448554,0.538332725656124,12,0.9282,HIGH
1993,OULAD_TEST_1993,0,0.0602,0.4562,0.2052,0.158,0.0602,LOW,F1_login_count,22.9,F5_on_time_rate,14.9,F6_inactive_days,10.5,6,F1 login count (22.9%) and F5 on time rate (14.9%),1993,0.11297038472010637,0.06850464951714288,0.7361922623876842,0.057980475325452197,1,0.1002,LOW
1994,OULAD_TEST_1994,0,0.2105,0.6074,0.4775,0.5284,0.2105,LOW,F1_login_count,27.8,F5_on_time_rate,15.4,F6_inactive_days,10.7,7,F1 login count (27.8%) and F5 on time rate (15.4%),1994,0.18249482075415827,0.15465699460182927,0.6658926377321344,0.23332531614843294,1,0.2125,LOW
1995,OULAD_TEST_1995,0,0.5065,0.2686,0.5418,0.6698,0.5065,MEDIUM,F1_login_count,26.0,F5_on_time_rate,15.7,F6_inactive_days,10.0,11,F1 login count (26.0%) and F5 on time rate (15.7%),1995,0.46156502383164266,0.4130156998611499,0.5191469128345965,0.15665831072537564,4,0.6054,MEDIUM
1996,OULAD_TEST_1996,0,0.0941,0.5516,0.2984,0.2687,0.0941,LOW,F1_login_count,19.4,F13_weeks_since_active,10.4,F6_inactive_days,9.3,9,F1 login count (19.4%) and F13 weeks since active (10.4%),1996,0.063217874075094,0.14128443800324075,0.6467824674739884,0.0,0,0.1122,LOW
1997,OULAD_TEST_1997,0,0.153,0.6306,0.4555,0.538,0.153,LOW,F1_login_count,21.7,F5_on_time_rate,14.6,F6_inactive_days,13.4,8,F1 login count (21.7%) and F5 on time rate (14.6%),1997,0.0189125348772282,0.04683450241472817,0.6124111417468618,0.11399551048105039,1,0.1628,LOW
1998,OULAD_TEST_1998,0,0.0487,0.2052,0.145,0.1124,0.0487,LOW,F1_login_count,16.5,F6_inactive_days,15.4,F4_num_submitted,14.2,1,F1 login count (16.5%) and F6 inactive days (15.4%),1998,0.017783303605623607,0.19701060594215464,0.7301439985402093,0.31741003932364226,4,0.1286,LOW
1999,OULAD_TEST_1999,1,0.2008,0.4755,0.4967,0.4115,0.2008,LOW,F13_weeks_since_active,16.6,F1_login_count,15.5,F5_on_time_rate,12.3,7,F13 weeks since active (16.6%) and F1 login count (15.5%),1999,0.06606973551935508,0.024993114456440285,0.42890172012346683,0.01689723453998064,2,0.1862,LOW
2000,OULAD_TEST_2000,1,0.7547,0.7827,0.8846,0.9377,0.7547,HIGH,F1_login_count,17.0,F4_num_submitted,13.2,F6_inactive_days,11.8,11,F1 login count (17.0%) and F4 num submitted (13.2%),2000,0.46077217250256186,0.5936815853396115,0.21004784084175465,0.6976360663196303,4,0.8513,HIGH
2001,OULAD_TEST_2001,1,0.3156,0.3661,0.3419,0.4628,0.3156,LOW,F1_login_count,22.1,F5_on_time_rate,13.4,F6_inactive_days,12.9,13,F1 login count (22.1%) and F5 on time rate (13.4%),2001,0.2064681329284482,0.2978769511953393,0.35890712960489735,0.42989079644102046,2,0.3253,LOW
2002,OULAD_TEST_2002,1,0.9593,0.6628,0.8966,0.9391,0.9593,HIGH,F1_login_count,19.3,F4_num_submitted,14.3,F6_inactive_days,13.1,17,F1 login count (19.3%) and F4 num submitted (14.3%),2002,0.5922680079000038,0.8621501333148248,0.03786593129326188,0.5639026619158091,6,0.9128,HIGH
2003,OULAD_TEST_2003,1,0.177,0.356,0.3678,0.2892,0.177,LOW,F13_weeks_since_active,18.0,F1_login_count,13.4,F5_on_time_rate,9.6,8,F13 weeks since active (18.0%) and F1 login count (13.4%),2003,0.09310384703609595,0.14241194235426358,0.744928975613525,0.07042169685601196,1,0.1307,LOW
2004,OULAD_TEST_2004,0,0.2907,0.4431,0.46,0.4583,0.2907,LOW,F1_login_count,17.3,F4_num_submitted,13.8,F6_inactive_days,13.7,17,F1 login count (17.3%) and F4 num submitted (13.8%),2004,0.014128533304621438,0.24250374375987663,0.5197523539356165,0.09137217616023699,0,0.1892,LOW
2005,OULAD_TEST_2005,1,0.9997,0.506,0.8556,0.9621,0.9997,HIGH,F1_login_count,22.5,F4_num_submitted,12.3,F5_on_time_rate,11.7,8,F1 login count (22.5%) and F4 num submitted (12.3%),2005,0.7211193707372939,0.8825890068262093,0.16795158701868707,0.5916356963600797,8,0.9246,HIGH
2006,OULAD_TEST_2006,0,0.0419,0.3692,0.1402,0.0682,0.0419,LOW,F1_login_count,13.6,F4_num_submitted,12.8,F6_inactive_days,12.6,1,F1 login count (13.6%) and F4 num submitted (12.8%),2006,0.02945054753622242,0.017129441803385576,0.6204299100581513,0.0,0,0.0715,LOW
2007,OULAD_TEST_2007,1,0.9172,0.8494,0.9386,0.9595,0.9172,HIGH,F1_login_count,18.2,F6_inactive_days,15.1,F4_num_submitted,15.0,15,F1 login count (18.2%) and F6 inactive days (15.1%),2007,0.5603311368931809,0.8910745006347924,0.18536606816318324,0.5411713179215283,9,0.9072,HIGH
2008,OULAD_TEST_2008,0,0.0475,0.2284,0.1009,0.2258,0.0475,LOW,F1_login_count,17.9,F6_inactive_days,16.0,F4_num_submitted,15.3,13,F1 login count (17.9%) and F6 inactive days (16.0%),2008,0.0991745668432405,0.10752292913852818,0.829513705640692,0.20812563286210273,0,0.0853,LOW
2009,OULAD_TEST_2009,0,0.0587,0.3057,0.4494,0.3269,0.0587,LOW,F6_inactive_days,16.6,F4_num_submitted,16.1,F1_login_count,12.2,13,F6 inactive days (16.6%) and F4 num submitted (16.1%),2009,0.13484701376265584,0.11972094808045078,0.5814366751689312,0.0,1,0.1204,LOW
2010,OULAD_TEST_2010,0,0.0587,0.2047,0.1945,0.1607,0.0587,LOW,F4_num_submitted,13.2,F6_inactive_days,12.9,F5_on_time_rate,12.6,2,F4 num submitted (13.2%) and F6 inactive days (12.9%),2010,0.0,0.0,1.0,0.006333083521313912,0,0.0552,LOW
2011,OULAD_TEST_2011,0,0.0833,0.2707,0.1324,0.3169,0.0833,LOW,F1_login_count,17.7,F6_inactive_days,14.6,F4_num_submitted,14.3,2,F1 login count (17.7%) and F6 inactive days (14.6%),2011,0.0,0.06445392604754377,0.7269854714496033,0.0,0,0.09,LOW
2012,OULAD_TEST_2012,0,0.1842,0.4466,0.1545,0.4683,0.1842,LOW,F1_login_count,21.2,F6_inactive_days,14.5,F4_num_submitted,13.9,16,F1 login count (21.2%) and F6 inactive days (14.5%),2012,0.05202576502127017,0.13253272410234368,0.5648915977844369,0.15540745057572522,2,0.2052,LOW
2013,OULAD_TEST_2013,0,0.098,0.417,0.2002,0.1283,0.098,LOW,F1_login_count,21.3,F4_num_submitted,13.0,F5_on_time_rate,12.6,2,F1 login count (21.3%) and F4 num submitted (13.0%),2013,0.0,0.002851889944842742,0.5808912805215983,0.09053780219416487,3,0.1211,LOW
2014,OULAD_TEST_2014,0,0.294,0.5422,0.3843,0.4989,0.294,LOW,F1_login_count,18.6,F5_on_time_rate,14.4,F6_inactive_days,13.3,9,F1 login count (18.6%) and F5 on time rate (14.4%),2014,0.28874748419317486,0.27871313471566134,0.5427981972340326,0.18404428317189248,3,0.341,LOW
2015,OULAD_TEST_2015,0,0.3832,0.2233,0.2674,0.4337,0.3832,LOW,F1_login_count,18.8,F4_num_submitted,13.5,F6_inactive_days,13.4,8,F1 login count (18.8%) and F4 num submitted (13.5%),2015,0.24885738612271963,0.28270833937761464,0.4806993127610041,0.20390075397334279,3,0.3211,LOW
2016,OULAD_TEST_2016,0,0.0806,0.5267,0.2432,0.1651,0.0806,LOW,F1_login_count,17.9,F6_inactive_days,15.2,F4_num_submitted,14.4,9,F1 login count (17.9%) and F6 inactive days (15.2%),2016,0.029968515868938922,0.12094230638801896,0.7457845528539665,0.013229049747305432,0,0.0882,LOW
2017,OULAD_TEST_2017,0,0.864,0.4502,0.7278,0.8952,0.864,HIGH,F1_login_count,19.8,F6_inactive_days,11.5,F4_num_submitted,11.2,17,F1 login count (19.8%) and F6 inactive days (11.5%),2017,0.4044137635593247,0.6487846749684534,0.07902038437760399,0.5786280280440806,7,0.8655,HIGH
2018,OULAD_TEST_2018,0,0.017,0.2561,0.1018,0.0917,0.017,LOW,F6_inactive_days,17.8,F4_num_submitted,16.6,F1_login_count,13.3,1,F6 inactive days (17.8%) and F4 num submitted (16.6%),2018,0.07544180302092265,0.15197324902734566,0.8497225310115093,0.006742007809365204,0,0.067,LOW
2019,OULAD_TEST_2019,0,0.256,0.7302,0.606,0.6653,0.256,LOW,F4_num_submitted,15.4,F6_inactive_days,15.3,F13_weeks_since_active,13.4,15,F4 num submitted (15.4%) and F6 inactive days (15.3%),2019,0.05527416051465274,0.14589338731263504,0.5564370167336754,0.19139662458663986,4,0.2981,LOW
2020,OULAD_TEST_2020,0,0.4452,0.5183,0.428,0.4884,0.4452,MEDIUM,F1_login_count,17.7,F5_on_time_rate,16.0,F13_weeks_since_active,13.5,11,F1 login count (17.7%) and F5 on time rate (16.0%),2020,0.3176332630266328,0.39596418697603486,0.25034358827595293,0.2929179380945457,4,0.5178,MEDIUM
2021,OULAD_TEST_2021,0,0.2494,0.3977,0.408,0.3467,0.2494,LOW,F1_login_count,20.4,F5_on_time_rate,14.9,F6_inactive_days,9.4,5,F1 login count (20.4%) and F5 on time rate (14.9%),2021,0.20231769379581915,0.2753387448310454,0.5855438504350359,0.28445127445149143,3,0.2651,LOW
2022,OULAD_TEST_2022,1,0.8149,0.7817,0.7706,0.8148,0.8149,HIGH,F1_login_count,22.3,F5_on_time_rate,12.8,F6_inactive_days,8.4,11,F1 login count (22.3%) and F5 on time rate (12.8%),2022,0.706495859583865,0.6470137655839909,0.0,0.5701792916850065,9,0.8868,HIGH
2023,OULAD_TEST_2023,1,0.8735,0.7198,0.6715,0.7575,0.8735,HIGH,F1_login_count,25.0,F5_on_time_rate,11.1,F6_inactive_days,10.3,12,F1 login count (25.0%) and F5 on time rate (11.1%),2023,0.48056796008808883,0.810672491474636,0.13657706308913892,0.5472434211780229,9,0.8731,HIGH
2024,OULAD_TEST_2024,0,0.4299,0.7811,0.7295,0.5178,0.4299,MEDIUM,F1_login_count,18.9,F6_inactive_days,13.8,F4_num_submitted,12.5,11,F1 login count (18.9%) and F6 inactive days (13.8%),2024,0.0,0.26708031217596667,0.3581499769717365,0.44015064367826157,3,0.3317,LOW
2025,OULAD_TEST_2025,0,0.7748,0.3629,0.4775,0.5815,0.7748,HIGH,F1_login_count,17.9,F4_num_submitted,14.9,F6_inactive_days,14.4,7,F1 login count (17.9%) and F4 num submitted (14.9%),2025,0.5607449544753694,0.7747494159346049,0.19649603549158004,0.5153122234867874,8,0.8305,HIGH
2026,OULAD_TEST_2026,0,0.0331,0.2877,0.0771,0.0576,0.0331,LOW,F6_inactive_days,12.1,F4_num_submitted,11.5,F1_login_count,11.4,1,F6 inactive days (12.1%) and F4 num submitted (11.5%),2026,0.20322111815108537,0.02926694119726066,0.9049274981524604,0.17645552265485026,0,0.0706,LOW
2027,OULAD_TEST_2027,1,0.996,0.5942,0.5999,0.7255,0.996,HIGH,F1_login_count,23.8,F4_num_submitted,13.4,F6_inactive_days,13.2,17,F1 login count (23.8%) and F4 num submitted (13.4%),2027,0.8210946352939437,0.7988870873624897,0.0,0.6704331130063965,9,0.9201,HIGH
2028,OULAD_TEST_2028,1,0.9901,0.8393,0.6958,0.7327,0.9901,HIGH,F1_login_count,26.1,F5_on_time_rate,13.7,F13_weeks_since_active,10.1,6,F1 login count (26.1%) and F5 on time rate (13.7%),2028,0.7140359415274625,0.8176504582058052,0.11404562585121181,0.37302971052821476,10,0.8971,HIGH
2029,OULAD_TEST_2029,0,0.268,0.5246,0.6516,0.6331,0.268,LOW,F1_login_count,26.1,F5_on_time_rate,15.7,F6_inactive_days,11.0,8,F1 login count (26.1%) and F5 on time rate (15.7%),2029,0.13843638143679526,0.29251354155141757,0.5422610433313847,0.31738017159831955,5,0.3673,LOW
2030,OULAD_TEST_2030,0,0.6747,0.8638,0.7643,0.6939,0.6747,MEDIUM,F1_login_count,19.6,F6_inactive_days,13.0,F4_num_submitted,13.0,5,F1 login count (19.6%) and F6 inactive days (13.0%),2030,0.553002259663731,0.5267385766519649,0.43555948020655855,0.42104114896112027,4,0.7732,HIGH
2031,OULAD_TEST_2031,0,0.2402,0.2903,0.2496,0.2374,0.2402,LOW,F1_login_count,19.4,F6_inactive_days,13.8,F5_on_time_rate,13.4,17,F1 login count (19.4%) and F6 inactive days (13.8%),2031,0.07078538002955312,0.14422138484617777,0.5713247386801787,0.13788542749190663,3,0.1839,LOW
2032,OULAD_TEST_2032,0,0.0784,0.4379,0.1751,0.1243,0.0784,LOW,F1_login_count,16.6,F6_inactive_days,14.7,F4_num_submitted,14.3,7,F1 login count (16.6%) and F6 inactive days (14.7%),2032,0.10251577693562192,0.04891707219330094,0.6532307014493309,0.08080180169874925,3,0.1296,LOW
2033,OULAD_TEST_2033,0,0.0159,0.3127,0.1881,0.0442,0.0159,LOW,F1_login_count,16.7,F5_on_time_rate,12.1,F6_inactive_days,11.9,1,F1 login count (16.7%) and F5 on time rate (12.1%),2033,0.06167701591666269,0.0,0.8560038450395289,0.0,1,0.0633,LOW
2034,OULAD_TEST_2034,0,0.5106,0.6333,0.3443,0.7445,0.5106,MEDIUM,F1_login_count,19.6,F6_inactive_days,14.9,F4_num_submitted,14.3,11,F1 login count (19.6%) and F6 inactive days (14.9%),2034,0.463440990749888,0.5796535126353453,0.3479410270376364,0.33360346324667345,6,0.6953,MEDIUM
2035,OULAD_TEST_2035,0,0.6416,0.4115,0.4585,0.4948,0.6416,MEDIUM,F1_login_count,19.0,F4_num_submitted,15.7,F6_inactive_days,15.6,16,F1 login count (19.0%) and F4 num submitted (15.7%),2035,0.7250860038911077,0.5000484327028221,0.20257504858709918,0.31393487203882886,7,0.7584,HIGH
2036,OULAD_TEST_2036,0,0.1208,0.3092,0.2395,0.1901,0.1208,LOW,F13_weeks_since_active,17.3,F1_login_count,12.0,F4_num_submitted,10.1,8,F13 weeks since active (17.3%) and F1 login count (12.0%),2036,0.1238015967178767,0.1692093428944323,0.6555760149296208,0.22539267104812438,3,0.1574,LOW
2037,OULAD_TEST_2037,1,0.8489,0.6595,0.6824,0.6376,0.8489,HIGH,F1_login_count,19.7,F4_num_submitted,14.4,F6_inactive_days,14.2,17,F1 login count (19.7%) and F4 num submitted (14.4%),2037,0.54333363742925,0.7383226066918218,0.11641934678169988,0.495709426365474,6,0.8536,HIGH
2038,OULAD_TEST_2038,0,0.0338,0.2631,0.1684,0.1009,0.0338,LOW,F13_weeks_since_active,13.4,F7_score_change,11.9,F11_max_score,10.6,2,F13 weeks since active (13.4%) and F7 score change (11.9%),2038,0.02110256878080055,0.0,0.9071780131244854,0.0,0,0.0559,LOW
2039,OULAD_TEST_2039,0,0.549,0.4649,0.4848,0.3367,0.549,MEDIUM,F1_login_count,21.5,F6_inactive_days,14.9,F4_num_submitted,14.0,8,F1 login count (21.5%) and F6 inactive days (14.9%),2039,0.2073924095110882,0.4661736232629817,0.16739122545404228,0.21840890211368716,5,0.5349,MEDIUM
2040,OULAD_TEST_2040,0,0.4965,0.6182,0.5218,0.5824,0.4965,MEDIUM,F1_login_count,19.6,F5_on_time_rate,13.5,F13_weeks_since_active,12.4,17,F1 login count (19.6%) and F5 on time rate (13.5%),2040,0.27807868689109416,0.48474522234485984,0.4051080658950421,0.330153094697837,1,0.4747,MEDIUM
2041,OULAD_TEST_2041,0,0.9935,0.35,0.3643,0.8806,0.9935,HIGH,F1_login_count,22.3,F6_inactive_days,13.1,F4_num_submitted,12.5,17,F1 login count (22.3%) and F6 inactive days (13.1%),2041,0.6545217561886896,0.8294140931930954,0.06769035946540426,0.618552852015011,11,0.9076,HIGH
2042,OULAD_TEST_2042,1,0.9974,0.6191,0.625,0.8432,0.9974,HIGH,F1_login_count,20.1,F4_num_submitted,16.3,F6_inactive_days,15.9,14,F1 login count (20.1%) and F4 num submitted (16.3%),2042,0.6457711602065407,0.9432390356680822,0.021424857499179648,0.6450509536413007,11,0.9226,HIGH
2043,OULAD_TEST_2043,1,0.7754,0.5932,0.5475,0.5236,0.7754,HIGH,F1_login_count,19.0,F6_inactive_days,15.3,F4_num_submitted,15.2,9,F1 login count (19.0%) and F6 inactive days (15.3%),2043,0.5580154872033721,0.740811231422549,0.31066651694335345,0.3419697734993845,7,0.7983,HIGH
2044,OULAD_TEST_2044,0,0.0774,0.2877,0.1727,0.2545,0.0774,LOW,F1_login_count,20.4,F6_inactive_days,15.2,F4_num_submitted,14.2,1,F1 login count (20.4%) and F6 inactive days (15.2%),2044,0.0,0.13930318837266636,0.7306454670241477,0.0,0,0.0874,LOW
2045,OULAD_TEST_2045,0,0.1865,0.5468,0.2823,0.1538,0.1865,LOW,F1_login_count,22.3,F5_on_time_rate,12.3,F13_weeks_since_active,10.1,6,F1 login count (22.3%) and F5 on time rate (12.3%),2045,0.24265306673244713,0.12175245821816025,0.6323448557814055,0.1869709563007872,1,0.1581,LOW
2046,OULAD_TEST_2046,1,0.523,0.6255,0.6468,0.6711,0.523,MEDIUM,F1_login_count,26.5,F5_on_time_rate,16.3,F13_weeks_since_active,10.5,5,F1 login count (26.5%) and F5 on time rate (16.3%),2046,0.3661207064918197,0.358162604177481,0.4408329547013343,0.49195702342518094,5,0.6779,MEDIUM
2047,OULAD_TEST_2047,0,0.4404,0.5157,0.5128,0.8809,0.4404,MEDIUM,F1_login_count,16.3,F5_on_time_rate,15.0,F13_weeks_since_active,11.1,15,F1 login count (16.3%) and F5 on time rate (15.0%),2047,0.30734996788613855,0.3252529915709764,0.457611381495135,0.14107756531321244,4,0.4912,MEDIUM
2048,OULAD_TEST_2048,0,0.0444,0.3793,0.1661,0.0836,0.0444,LOW,F1_login_count,20.5,F5_on_time_rate,14.4,F6_inactive_days,11.1,5,F1 login count (20.5%) and F5 on time rate (14.4%),2048,0.0,0.05343927525333764,0.7254391261719529,0.2173729540274038,1,0.0818,LOW
2049,OULAD_TEST_2049,1,0.8576,0.6722,0.7109,0.6844,0.8576,HIGH,F1_login_count,19.2,F4_num_submitted,15.7,F6_inactive_days,15.2,9,F1 login count (19.2%) and F4 num submitted (15.7%),2049,0.6158390683858979,0.7726229370825884,0.16553440395863794,0.5486293270483658,8,0.8734,HIGH
2050,OULAD_TEST_2050,1,0.4692,0.7357,0.7813,0.7339,0.4692,MEDIUM,F1_login_count,19.4,F5_on_time_rate,15.1,F13_weeks_since_active,13.1,5,F1 login count (19.4%) and F5 on time rate (15.1%),2050,0.4109498264667635,0.2250942876191642,0.3593871706783354,0.2806724514539004,6,0.629,MEDIUM
2051,OULAD_TEST_2051,0,0.1251,0.5712,0.2704,0.1926,0.1251,LOW,F1_login_count,23.2,F5_on_time_rate,13.5,F13_weeks_since_active,10.1,6,F1 login count (23.2%) and F5 on time rate (13.5%),2051,0.0008569784289099436,0.10568594387105996,0.6388022847980674,0.027354156414506628,1,0.1154,LOW
2052,OULAD_TEST_2052,0,0.1662,0.4192,0.3511,0.2132,0.1662,LOW,F1_login_count,25.9,F5_on_time_rate,13.3,F6_inactive_days,12.2,9,F1 login count (25.9%) and F5 on time rate (13.3%),2052,0.05052835109247432,0.15391713802585474,0.6142405978234388,0.0,0,0.1123,LOW
2053,OULAD_TEST_2053,1,0.9865,0.4866,0.5718,0.5463,0.9865,HIGH,F1_login_count,26.6,F5_on_time_rate,13.8,F13_weeks_since_active,10.7,6,F1 login count (26.6%) and F5 on time rate (13.8%),2053,0.6601773971223335,0.8163214594947559,0.14610691601664072,0.7104274219109519,11,0.8998,HIGH
2054,OULAD_TEST_2054,0,0.1087,0.5068,0.4123,0.3028,0.1087,LOW,F1_login_count,15.6,F13_weeks_since_active,15.5,F5_on_time_rate,12.9,5,F1 login count (15.6%) and F13 weeks since active (15.5%),2054,0.0,0.1956969071212703,0.39093836440142865,0.0,0,0.1317,LOW
2055,OULAD_TEST_2055,0,0.1756,0.373,0.1767,0.0535,0.1756,LOW,F1_login_count,19.1,F6_inactive_days,13.0,F4_num_submitted,11.9,1,F1 login count (19.1%) and F6 inactive days (13.0%),2055,0.04099421402785022,0.18300240594006967,0.6990798834762944,0.011783198911487963,1,0.1045,LOW
2056,OULAD_TEST_2056,0,0.6625,0.8279,0.9088,0.8589,0.6625,MEDIUM,F1_login_count,24.6,F5_on_time_rate,14.9,F13_weeks_since_active,8.4,9,F1 login count (24.6%) and F5 on time rate (14.9%),2056,0.41612791264553406,0.6679403526464718,0.27342718142002226,0.5165311571864345,8,0.8221,HIGH
2057,OULAD_TEST_2057,0,0.0889,0.3505,0.3592,0.189,0.0889,LOW,F1_login_count,23.8,F5_on_time_rate,13.4,F6_inactive_days,11.2,8,F1 login count (23.8%) and F5 on time rate (13.4%),2057,0.14966891807127275,0.058288158371981424,0.560792954076188,0.0,0,0.0995,LOW
2058,OULAD_TEST_2058,1,0.7532,0.7025,0.6137,0.6319,0.7532,HIGH,F1_login_count,21.4,F5_on_time_rate,13.5,F4_num_submitted,13.3,8,F1 login count (21.4%) and F5 on time rate (13.5%),2058,0.5534961329001924,0.715218199400554,0.22841267791360026,0.26908826271982,7,0.8028,HIGH
2059,OULAD_TEST_2059,1,0.994,0.6603,0.7856,0.9304,0.994,HIGH,F1_login_count,19.3,F4_num_submitted,16.1,F6_inactive_days,15.3,17,F1 login count (19.3%) and F4 num submitted (16.1%),2059,0.7151589911367544,0.9757053115622015,0.052375199183153205,0.5942238907790302,10,0.9304,HIGH
2060,OULAD_TEST_2060,1,0.6492,0.6132,0.5914,0.5639,0.6492,MEDIUM,F1_login_count,25.7,F5_on_time_rate,13.8,F6_inactive_days,11.0,8,F1 login count (25.7%) and F5 on time rate (13.8%),2060,0.5395297962167972,0.6567554759418128,0.33960392313574,0.42471413148058224,5,0.7661,HIGH
2061,OULAD_TEST_2061,0,0.5628,0.8466,0.9143,0.8358,0.5628,MEDIUM,F1_login_count,20.7,F6_inactive_days,13.3,F4_num_submitted,12.9,11,F1 login count (20.7%) and F6 inactive days (13.3%),2061,0.3802228211600603,0.3910086725257013,0.08457719369550515,0.39584815775627086,5,0.7438,HIGH
2062,OULAD_TEST_2062,0,0.0309,0.3305,0.3004,0.1224,0.0309,LOW,F1_login_count,18.1,F6_inactive_days,11.6,F4_num_submitted,11.5,8,F1 login count (18.1%) and F6 inactive days (11.6%),2062,0.060676484992888954,0.005970913796609523,0.9119189411854438,0.0,0,0.0596,LOW
2063,OULAD_TEST_2063,0,0.0612,0.3344,0.2402,0.1385,0.0612,LOW,F1_login_count,21.9,F5_on_time_rate,13.3,F13_weeks_since_active,10.1,9,F1 login count (21.9%) and F5 on time rate (13.3%),2063,0.032517824706750374,0.024406823564016283,0.677266329531516,0.34036436023700267,0,0.081,LOW
2064,OULAD_TEST_2064,0,0.5257,0.3141,0.7092,0.5836,0.5257,MEDIUM,F1_login_count,20.9,F5_on_time_rate,12.0,F6_inactive_days,10.7,10,F1 login count (20.9%) and F5 on time rate (12.0%),2064,0.39452623493996275,0.48598536280610616,0.44809677467531767,0.2880728929480999,8,0.6861,MEDIUM
2065,OULAD_TEST_2065,0,0.234,0.4286,0.3212,0.306,0.234,LOW,F1_login_count,18.8,F13_weeks_since_active,13.4,F6_inactive_days,9.9,8,F1 login count (18.8%) and F13 weeks since active (13.4%),2065,0.1055241342388418,0.25380828440116265,0.6869073780682287,0.11270566174767334,1,0.1719,LOW
2066,OULAD_TEST_2066,0,0.512,0.5177,0.4335,0.5239,0.512,MEDIUM,F1_login_count,16.3,F5_on_time_rate,14.9,F13_weeks_since_active,14.5,11,F1 login count (16.3%) and F5 on time rate (14.9%),2066,0.11451828417235707,0.36808858607794104,0.30273029143807073,0.21156159974233468,6,0.4786,MEDIUM
2067,OULAD_TEST_2067,0,0.1201,0.4319,0.3731,0.316,0.1201,LOW,F13_weeks_since_active,16.0,F1_login_count,13.7,F5_on_time_rate,10.8,7,F13 weeks since active (16.0%) and F1 login count (13.7%),2067,0.07064208378136957,0.10751208111335502,0.7699659952351552,0.08692881798252852,0,0.1053,LOW
2068,OULAD_TEST_2068,0,0.3279,0.4682,0.5445,0.4905,0.3279,LOW,F1_login_count,20.5,F5_on_time_rate,12.2,F6_inactive_days,11.2,13,F1 login count (20.5%) and F5 on time rate (12.2%),2068,0.37180481360999407,0.11712081342750907,0.49913067590876414,0.27053534784561295,1,0.2895,LOW
2069,OULAD_TEST_2069,1,0.9972,0.5003,0.621,0.9029,0.9972,HIGH,F1_login_count,20.4,F4_num_submitted,16.1,F6_inactive_days,15.6,16,F1 login count (20.4%) and F4 num submitted (16.1%),2069,0.7906615402241592,0.9629756004641511,0.0,0.7427493665440151,10,0.9365,HIGH
2070,OULAD_TEST_2070,0,0.1749,0.3981,0.2446,0.1628,0.1749,LOW,F6_inactive_days,15.5,F4_num_submitted,15.0,F5_on_time_rate,14.6,8,F6 inactive days (15.5%) and F4 num submitted (15.0%),2070,0.21896974845911707,0.1076750607458645,0.7768541925527779,0.0,2,0.1407,LOW
2071,OULAD_TEST_2071,0,0.2729,0.8033,0.6111,0.4204,0.2729,LOW,F1_login_count,21.0,F6_inactive_days,11.2,F5_on_time_rate,9.8,9,F1 login count (21.0%) and F6 inactive days (11.2%),2071,0.31464307218062176,0.23643411518755975,0.5041755036983762,0.13422055939731586,4,0.3262,LOW
2072,OULAD_TEST_2072,1,0.3836,0.2849,0.1447,0.2713,0.3836,LOW,F1_login_count,17.5,F4_num_submitted,16.0,F6_inactive_days,15.8,17,F1 login count (17.5%) and F4 num submitted (16.0%),2072,0.2773857590961437,0.3012880228809551,0.4076706537261946,0.2837644332970973,6,0.3893,LOW
2073,OULAD_TEST_2073,0,0.9346,0.1927,0.3804,0.322,0.9346,HIGH,F1_login_count,19.7,F4_num_submitted,14.7,F6_inactive_days,14.3,17,F1 login count (19.7%) and F4 num submitted (14.7%),2073,0.6739515707405594,0.8860922060010732,0.012013413196327795,0.6312069041513442,13,0.8851,HIGH
2074,OULAD_TEST_2074,1,0.6972,0.2819,0.7727,0.8604,0.6972,MEDIUM,F1_login_count,18.6,F5_on_time_rate,13.1,F4_num_submitted,13.0,14,F1 login count (18.6%) and F5 on time rate (13.1%),2074,0.42627481045656496,0.3656194846882097,0.2694636725327388,0.41910583893654474,7,0.7802,HIGH
2075,OULAD_TEST_2075,0,0.0268,0.2726,0.171,0.22,0.0268,LOW,F1_login_count,20.3,F6_inactive_days,15.2,F4_num_submitted,14.5,13,F1 login count (20.3%) and F6 inactive days (15.2%),2075,0.0,0.02145117261392728,0.7728329589177898,0.08117087634385221,0,0.0707,LOW
2076,OULAD_TEST_2076,0,0.2813,0.5681,0.4131,0.4381,0.2813,LOW,F1_login_count,15.4,F4_num_submitted,13.0,F6_inactive_days,13.0,8,F1 login count (15.4%) and F4 num submitted (13.0%),2076,0.25848711497711413,0.23063949940018416,0.629766692470717,0.07170433284890394,3,0.2921,LOW
2077,OULAD_TEST_2077,0,0.0753,0.3468,0.2323,0.1941,0.0753,LOW,F1_login_count,15.1,F13_weeks_since_active,14.5,F5_on_time_rate,10.6,8,F1 login count (15.1%) and F13 weeks since active (14.5%),2077,0.17309844371688163,0.027714088992665385,0.6058110633471341,0.2321286518782028,0,0.1048,LOW
2078,OULAD_TEST_2078,1,0.985,0.6302,0.9313,0.9656,0.985,HIGH,F1_login_count,18.3,F4_num_submitted,16.0,F6_inactive_days,15.5,17,F1 login count (18.3%) and F4 num submitted (16.0%),2078,0.6755553724319,0.9753481236508506,0.0,0.7101153723575315,11,0.9397,HIGH
2079,OULAD_TEST_2079,0,0.0773,0.4354,0.2337,0.2521,0.0773,LOW,F1_login_count,16.4,F6_inactive_days,16.4,F4_num_submitted,16.1,8,F1 login count (16.4%) and F6 inactive days (16.4%),2079,0.009091073514858827,0.0,0.7265602927678467,0.0,0,0.0833,LOW
2080,OULAD_TEST_2080,0,0.0225,0.2264,0.204,0.0676,0.0225,LOW,F6_inactive_days,16.8,F4_num_submitted,15.5,F1_login_count,14.5,1,F6 inactive days (16.8%) and F4 num submitted (15.5%),2080,0.01580279588565973,0.0808686941788529,0.9717887292658706,0.0,3,0.0741,LOW
2081,OULAD_TEST_2081,0,0.1177,0.4855,0.2258,0.1476,0.1177,LOW,F1_login_count,24.0,F5_on_time_rate,14.1,F6_inactive_days,11.8,9,F1 login count (24.0%) and F5 on time rate (14.1%),2081,0.14251067489291147,0.1285452230964867,0.6944587461586242,0.0,2,0.1331,LOW
2082,OULAD_TEST_2082,0,0.1352,0.3246,0.1935,0.047,0.1352,LOW,F1_login_count,20.4,F6_inactive_days,14.4,F4_num_submitted,12.9,1,F1 login count (20.4%) and F6 inactive days (14.4%),2082,0.0,0.21584154020284124,0.8003622263661632,0.1624763965075834,0,0.082,LOW
2083,OULAD_TEST_2083,0,0.0937,0.4343,0.4682,0.1197,0.0937,LOW,F1_login_count,24.4,F4_num_submitted,12.7,F6_inactive_days,12.6,5,F1 login count (24.4%) and F4 num submitted (12.7%),2083,0.0,0.026269873217799576,0.7288955168784318,0.0,0,0.0721,LOW
2084,OULAD_TEST_2084,0,0.094,0.3292,0.6618,0.3494,0.094,LOW,F1_login_count,19.3,F5_on_time_rate,10.7,F13_weeks_since_active,10.5,14,F1 login count (19.3%) and F5 on time rate (10.7%),2084,0.010746315050841643,0.021262488070099284,0.6764341362562433,0.016677079895030332,2,0.1106,LOW
2085,OULAD_TEST_2085,0,0.9936,0.5312,0.4894,0.7913,0.9936,HIGH,F1_login_count,27.0,F5_on_time_rate,14.6,F6_inactive_days,10.0,14,F1 login count (27.0%) and F5 on time rate (14.6%),2085,0.5734487574085841,0.9322455925981918,0.0,0.650724527570013,11,0.9126,HIGH
2086,OULAD_TEST_2086,1,0.4658,0.5571,0.5639,0.6517,0.4658,MEDIUM,F1_login_count,27.0,F5_on_time_rate,15.3,F6_inactive_days,10.5,7,F1 login count (27.0%) and F5 on time rate (15.3%),2086,0.27524598023526886,0.42995570466640887,0.4105180287971119,0.27154008785442785,2,0.473,MEDIUM
2087,OULAD_TEST_2087,0,0.3493,0.4948,0.4358,0.4165,0.3493,LOW,F1_login_count,18.3,F13_weeks_since_active,16.6,F5_on_time_rate,14.1,6,F1 login count (18.3%) and F13 weeks since active (16.6%),2087,0.22973196811825283,0.1733100122658593,0.5809245738960739,0.2406465018855247,4,0.3365,LOW
2088,OULAD_TEST_2088,1,0.9997,0.9059,0.9743,0.987,0.9997,HIGH,F1_login_count,21.0,F4_num_submitted,15.3,F6_inactive_days,14.2,15,F1 login count (21.0%) and F4 num submitted (15.3%),2088,0.6544651590976986,0.8066005988429383,0.13770112675765542,0.471923674638149,7,0.9151,HIGH
2089,OULAD_TEST_2089,0,0.0692,0.4273,0.1768,0.1442,0.0692,LOW,F1_login_count,20.4,F6_inactive_days,14.4,F4_num_submitted,13.0,7,F1 login count (20.4%) and F6 inactive days (14.4%),2089,0.19368675344707453,0.08973061230784488,0.7806080847686321,0.11290252480766935,0,0.0946,LOW
2090,OULAD_TEST_2090,0,0.1778,0.4026,0.5469,0.3966,0.1778,LOW,F1_login_count,18.0,F5_on_time_rate,12.3,F13_weeks_since_active,11.4,6,F1 login count (18.0%) and F5 on time rate (12.3%),2090,0.15713447646023201,0.21815113772372713,0.7764677678741757,0.03309457290288044,3,0.1938,LOW
2091,OULAD_TEST_2091,1,0.855,0.4477,0.3889,0.4651,0.855,HIGH,F1_login_count,26.1,F5_on_time_rate,14.7,F4_num_submitted,10.6,6,F1 login count (26.1%) and F5 on time rate (14.7%),2091,0.6285474359610828,0.6724115477445636,0.01952102623703146,0.47404563907224706,7,0.8369,HIGH
2092,OULAD_TEST_2092,1,0.9987,0.5918,0.7275,0.903,0.9987,HIGH,F1_login_count,28.9,F5_on_time_rate,15.2,F4_num_submitted,9.9,13,F1 login count (28.9%) and F5 on time rate (15.2%),2092,0.7613107144043402,0.6157545208146447,0.0,0.6277478073487183,7,0.9148,HIGH
2093,OULAD_TEST_2093,1,0.2505,0.4662,0.5762,0.4095,0.2505,LOW,F1_login_count,15.8,F13_weeks_since_active,14.8,F5_on_time_rate,10.1,16,F1 login count (15.8%) and F13 weeks since active (14.8%),2093,0.061466688221923055,0.2547828548589627,0.5271697465792333,0.16266938658370178,2,0.2241,LOW
2094,OULAD_TEST_2094,1,0.5781,0.3522,0.3473,0.4545,0.5781,MEDIUM,F1_login_count,23.4,F5_on_time_rate,13.2,F4_num_submitted,11.5,8,F1 login count (23.4%) and F5 on time rate (13.2%),2094,0.5085811787420268,0.3937593448044819,0.3689644590874853,0.3497376022818711,4,0.6603,MEDIUM
2095,OULAD_TEST_2095,0,0.0802,0.2313,0.1293,0.0656,0.0802,LOW,F4_num_submitted,14.9,F6_inactive_days,14.1,F5_on_time_rate,11.2,1,F4 num submitted (14.9%) and F6 inactive days (14.1%),2095,0.048563571346454,0.0,0.6999441614820586,0.0,1,0.0752,LOW
2096,OULAD_TEST_2096,0,0.2569,0.4322,0.4363,0.2934,0.2569,LOW,F13_weeks_since_active,11.3,F1_login_count,10.6,F7_score_change,9.9,9,F13 weeks since active (11.3%) and F1 login count (10.6%),2096,0.24687806172412124,0.0,0.6674572937034196,0.11819407065609694,1,0.1642,LOW
2097,OULAD_TEST_2097,0,0.4797,0.5421,0.6582,0.6751,0.4797,MEDIUM,F1_login_count,24.9,F5_on_time_rate,12.6,F6_inactive_days,12.4,8,F1 login count (24.9%) and F5 on time rate (12.6%),2097,0.22860427669598443,0.4728634688158193,0.32313982883675585,0.2880820309004443,3,0.5535,MEDIUM
2098,OULAD_TEST_2098,0,0.2727,0.5089,0.4416,0.4544,0.2727,LOW,F1_login_count,28.2,F5_on_time_rate,17.6,F2_vle_clicks,10.0,5,F1 login count (28.2%) and F5 on time rate (17.6%),2098,0.03551412339839352,0.24208439603239731,0.5861430973321282,0.0,0,0.181,LOW
2099,OULAD_TEST_2099,0,0.3552,0.4611,0.4087,0.3376,0.3552,LOW,F1_login_count,16.2,F13_weeks_since_active,16.0,F5_on_time_rate,12.9,6,F1 login count (16.2%) and F13 weeks since active (16.0%),2099,0.33042896580250286,0.2838674895430199,0.5845257911012257,0.15761604404239454,3,0.3288,LOW
2100,OULAD_TEST_2100,0,0.0443,0.5488,0.3093,0.1208,0.0443,LOW,F1_login_count,19.1,F4_num_submitted,12.0,F13_weeks_since_active,12.0,9,F1 login count (19.1%) and F4 num submitted (12.0%),2100,0.06865095260975165,0.14877694903702093,0.558029722495939,0.07310158548394158,0,0.0985,LOW
2101,OULAD_TEST_2101,0,0.3113,0.6198,0.3882,0.4714,0.3113,LOW,F1_login_count,17.7,F6_inactive_days,15.5,F4_num_submitted,15.0,11,F1 login count (17.7%) and F6 inactive days (15.5%),2101,0.12770484456424896,0.3155909746418458,0.7631231307330204,0.033487607538558894,1,0.2273,LOW
2102,OULAD_TEST_2102,1,0.6483,0.4894,0.6323,0.6494,0.6483,MEDIUM,F1_login_count,18.1,F6_inactive_days,12.2,F4_num_submitted,11.4,6,F1 login count (18.1%) and F6 inactive days (12.2%),2102,0.3668436918725305,0.6803590034177533,0.2530448115120124,0.5277697981913088,6,0.7782,HIGH
2103,OULAD_TEST_2103,0,0.0693,0.474,0.3255,0.2699,0.0693,LOW,F1_login_count,22.4,F5_on_time_rate,11.5,F13_weeks_since_active,10.6,5,F1 login count (22.4%) and F5 on time rate (11.5%),2103,0.16105347844147694,0.0,0.5420560086323827,0.19393359151198114,2,0.1474,LOW
2104,OULAD_TEST_2104,0,0.2895,0.2637,0.31,0.7563,0.2895,LOW,F1_login_count,20.3,F5_on_time_rate,13.3,F6_inactive_days,12.3,13,F1 login count (20.3%) and F5 on time rate (13.3%),2104,0.08370881071326718,0.24331095008368292,0.5842093898576786,0.02428193088478972,2,0.2788,LOW
2105,OULAD_TEST_2105,0,0.3154,0.5838,0.6453,0.5324,0.3154,LOW,F1_login_count,19.4,F13_weeks_since_active,11.2,F6_inactive_days,11.0,11,F1 login count (19.4%) and F13 weeks since active (11.2%),2105,0.38504729532559634,0.13875293000415886,0.5510243467973152,0.35215435596601674,3,0.3516,LOW
2106,OULAD_TEST_2106,0,0.3966,0.5011,0.5745,0.7613,0.3966,LOW,F1_login_count,17.1,F5_on_time_rate,13.6,F13_weeks_since_active,12.2,17,F1 login count (17.1%) and F5 on time rate (13.6%),2106,0.18755792653521308,0.31875941345156267,0.4745305620427507,0.22073020935454388,4,0.4151,MEDIUM
2107,OULAD_TEST_2107,0,0.8484,0.8052,0.8311,0.8475,0.8484,HIGH,F1_login_count,20.6,F5_on_time_rate,12.8,F6_inactive_days,12.6,9,F1 login count (20.6%) and F5 on time rate (12.8%),2107,0.6577191925608382,0.7012507316986658,0.2203991112926666,0.5592617470988466,6,0.8782,HIGH
2108,OULAD_TEST_2108,0,0.291,0.5831,0.3659,0.3671,0.291,LOW,F1_login_count,27.3,F5_on_time_rate,14.9,F6_inactive_days,10.6,6,F1 login count (27.3%) and F5 on time rate (14.9%),2108,0.1708381524251015,0.29747909098104564,0.6419444971427056,0.11500187374461038,5,0.3354,LOW
2109,OULAD_TEST_2109,0,0.0841,0.4789,0.1807,0.1223,0.0841,LOW,F1_login_count,22.0,F5_on_time_rate,14.3,F6_inactive_days,13.1,9,F1 login count (22.0%) and F5 on time rate (14.3%),2109,0.1191887431082343,0.07513011049135186,0.7625076191023845,0.16122537926721142,0,0.0904,LOW
2110,OULAD_TEST_2110,0,0.2523,0.6392,0.4609,0.3077,0.2523,LOW,F1_login_count,15.4,F13_weeks_since_active,15.0,F7_score_change,10.2,5,F1 login count (15.4%) and F13 weeks since active (15.0%),2110,0.12219859978858075,0.26432757106239324,0.6431755633946648,0.20011128226184005,3,0.2451,LOW
2111,OULAD_TEST_2111,0,0.0552,0.4424,0.1507,0.1193,0.0552,LOW,F1_login_count,22.5,F6_inactive_days,13.3,F4_num_submitted,13.2,4,F1 login count (22.5%) and F6 inactive days (13.3%),2111,0.022360709392770572,0.10319521065111154,0.7454041550561914,0.0,1,0.0884,LOW
2112,OULAD_TEST_2112,0,0.0262,0.2788,0.2027,0.2086,0.0262,LOW,F13_weeks_since_active,15.3,F1_login_count,13.7,F7_score_change,9.6,9,F13 weeks since active (15.3%) and F1 login count (13.7%),2112,0.022431917539572112,0.19466429419065137,0.9565890849240049,0.0,0,0.0702,LOW
2113,OULAD_TEST_2113,0,0.2661,0.4177,0.6592,0.6772,0.2661,LOW,F1_login_count,21.9,F5_on_time_rate,14.0,F6_inactive_days,12.7,13,F1 login count (21.9%) and F5 on time rate (14.0%),2113,0.08605125442185271,0.20096126757711005,0.4392003981642233,0.0,3,0.2892,LOW
2114,OULAD_TEST_2114,1,0.9988,0.8216,0.9322,0.9304,0.9988,HIGH,F1_login_count,25.8,F5_on_time_rate,13.0,F13_weeks_since_active,11.5,8,F1 login count (25.8%) and F5 on time rate (13.0%),2114,0.7732424345420126,0.7736981839466897,0.014925167421589643,0.6218330131719308,10,0.9319,HIGH
2115,OULAD_TEST_2115,0,0.0574,0.4208,0.4101,0.1796,0.0574,LOW,F13_weeks_since_active,14.2,F1_login_count,12.7,F4_num_submitted,10.7,7,F13 weeks since active (14.2%) and F1 login count (12.7%),2115,0.0,0.0684766892253127,0.7605824631188781,0.10313656941356829,0,0.0755,LOW
2116,OULAD_TEST_2116,0,0.5135,0.5218,0.5316,0.5336,0.5135,MEDIUM,F1_login_count,24.0,F5_on_time_rate,15.4,F6_inactive_days,11.4,8,F1 login count (24.0%) and F5 on time rate (15.4%),2116,0.33659000846599807,0.37229259782883645,0.47052804060645936,0.38621588145353297,4,0.5894,MEDIUM
2117,OULAD_TEST_2117,0,0.0351,0.3039,0.0986,0.1035,0.0351,LOW,F1_login_count,16.2,F6_inactive_days,11.8,F5_on_time_rate,11.7,1,F1 login count (16.2%) and F6 inactive days (11.8%),2117,0.0,0.14839186147492286,0.6875346122575101,0.006902268647114658,0,0.0734,LOW
2118,OULAD_TEST_2118,0,0.5011,0.4093,0.5556,0.634,0.5011,MEDIUM,F1_login_count,29.2,F5_on_time_rate,16.1,F2_vle_clicks,9.7,9,F1 login count (29.2%) and F5 on time rate (16.1%),2118,0.09453663412046892,0.4032775568843813,0.2247527397603464,0.16182042532027632,4,0.4385,MEDIUM
2119,OULAD_TEST_2119,0,0.1088,0.5032,0.3886,0.2552,0.1088,LOW,F1_login_count,17.5,F13_weeks_since_active,12.5,F5_on_time_rate,12.4,8,F1 login count (17.5%) and F13 weeks since active (12.5%),2119,0.05705722373998309,0.04723389057008076,0.7286423016098194,0.0,0,0.0949,LOW
2120,OULAD_TEST_2120,0,0.0599,0.3118,0.1346,0.1326,0.0599,LOW,F6_inactive_days,15.7,F4_num_submitted,15.5,F1_login_count,14.5,1,F6 inactive days (15.7%) and F4 num submitted (15.5%),2120,0.2831915421612916,0.013209742307910569,0.7802030492218605,0.1742218366754311,2,0.1189,LOW
2121,OULAD_TEST_2121,1,0.8451,0.4437,0.661,0.8796,0.8451,HIGH,F1_login_count,18.0,F4_num_submitted,12.7,F6_inactive_days,12.1,17,F1 login count (18.0%) and F4 num submitted (12.7%),2121,0.6700304287898023,0.7758083938777313,0.272879940944765,0.4489045722479902,10,0.875,HIGH
2122,OULAD_TEST_2122,1,0.6415,0.4797,0.871,0.8583,0.6415,MEDIUM,F1_login_count,21.4,F6_inactive_days,13.0,F4_num_submitted,11.6,13,F1 login count (21.4%) and F6 inactive days (13.0%),2122,0.44712396202656046,0.5326552413414811,0.15976379536749144,0.4021101156817771,7,0.7985,HIGH
2123,OULAD_TEST_2123,0,0.0373,0.5029,0.1686,0.0731,0.0373,LOW,F1_login_count,21.3,F6_inactive_days,12.1,F4_num_submitted,11.4,5,F1 login count (21.3%) and F6 inactive days (12.1%),2123,0.0,0.0,0.8856293766716721,0.0,2,0.0773,LOW
2124,OULAD_TEST_2124,0,0.2541,0.4944,0.4018,0.2969,0.2541,LOW,F1_login_count,18.0,F13_weeks_since_active,11.6,F5_on_time_rate,11.3,6,F1 login count (18.0%) and F13 weeks since active (11.6%),2124,0.1801165892812046,0.34921315340988246,0.8334614364027122,0.19284996545508418,2,0.2083,LOW
2125,OULAD_TEST_2125,0,0.1499,0.4379,0.181,0.1811,0.1499,LOW,F1_login_count,21.3,F6_inactive_days,12.5,F5_on_time_rate,11.8,5,F1 login count (21.3%) and F6 inactive days (12.5%),2125,0.159641911517521,0.05892141274705999,0.6423035112477523,0.03501785259851067,0,0.1138,LOW
2126,OULAD_TEST_2126,0,0.0819,0.5203,0.1783,0.1156,0.0819,LOW,F1_login_count,19.0,F6_inactive_days,14.1,F5_on_time_rate,13.9,9,F1 login count (19.0%) and F6 inactive days (14.1%),2126,0.0,0.07246028592263948,0.6053857780506776,0.17474552565309162,0,0.0907,LOW
2127,OULAD_TEST_2127,0,0.0167,0.2484,0.1039,0.0525,0.0167,LOW,F1_login_count,13.7,F6_inactive_days,11.4,F13_weeks_since_active,11.3,1,F1 login count (13.7%) and F6 inactive days (11.4%),2127,0.12312216946688723,0.06637949212881844,0.7459425633626628,0.1028469247448176,1,0.0781,LOW
2128,OULAD_TEST_2128,1,0.9623,0.6937,0.8926,0.9406,0.9623,HIGH,F1_login_count,18.7,F4_num_submitted,15.4,F6_inactive_days,14.6,17,F1 login count (18.7%) and F4 num submitted (15.4%),2128,0.7451481315441244,0.6874481911666341,0.03156049673713804,0.517895286411012,9,0.9159,HIGH
2129,OULAD_TEST_2129,1,0.3051,0.4277,0.7964,0.6232,0.3051,LOW,F13_weeks_since_active,12.8,F1_login_count,12.0,F4_num_submitted,11.3,17,F13 weeks since active (12.8%) and F1 login count (12.0%),2129,0.2853885725707934,0.29775584011247397,0.6122987875006916,0.16786031671828036,2,0.3153,LOW
2130,OULAD_TEST_2130,0,0.0424,0.305,0.2843,0.1388,0.0424,LOW,F1_login_count,19.6,F5_on_time_rate,12.8,F4_num_submitted,12.1,1,F1 login count (19.6%) and F5 on time rate (12.8%),2130,0.07352757388097272,0.0,0.7069405270161954,0.0,2,0.0894,LOW
2131,OULAD_TEST_2131,0,0.1383,0.3874,0.3874,0.3839,0.1383,LOW,F13_weeks_since_active,16.8,F1_login_count,13.5,F5_on_time_rate,12.6,12,F13 weeks since active (16.8%) and F1 login count (13.5%),2131,0.09877166576939898,0.1833776224667202,0.8448798534147343,0.0,1,0.1306,LOW
2132,OULAD_TEST_2132,1,0.4391,0.5219,0.4537,0.4269,0.4391,MEDIUM,F1_login_count,20.7,F5_on_time_rate,16.0,F13_weeks_since_active,14.7,5,F1 login count (20.7%) and F5 on time rate (16.0%),2132,0.374656123596682,0.2962229190464819,0.33726676849919385,0.16056690845433397,3,0.4161,MEDIUM
2133,OULAD_TEST_2133,0,0.1222,0.3439,0.3997,0.3836,0.1222,LOW,F1_login_count,11.8,F13_weeks_since_active,11.7,F5_on_time_rate,10.6,13,F1 login count (11.8%) and F13 weeks since active (11.7%),2133,0.1447214133741378,0.15929152254790885,0.5283194847827201,0.09710607932649841,0,0.1439,LOW
2134,OULAD_TEST_2134,0,0.0976,0.3686,0.3271,0.2016,0.0976,LOW,F1_login_count,24.8,F5_on_time_rate,13.8,F6_inactive_days,12.6,9,F1 login count (24.8%) and F5 on time rate (13.8%),2134,0.032915928905897625,0.17142664530357704,0.8325910424287317,0.09759113978754982,1,0.0989,LOW
2135,OULAD_TEST_2135,1,0.3724,0.2956,0.6927,0.5184,0.3724,LOW,F1_login_count,20.1,F5_on_time_rate,15.1,F6_inactive_days,11.0,11,F1 login count (20.1%) and F5 on time rate (15.1%),2135,0.20331982271030988,0.38545492205062437,0.27461789687938,0.24126574843111667,5,0.4371,MEDIUM
2136,OULAD_TEST_2136,0,0.3953,0.248,0.2098,0.1178,0.3953,LOW,F1_login_count,25.0,F4_num_submitted,11.4,F6_inactive_days,11.4,8,F1 login count (25.0%) and F4 num submitted (11.4%),2136,0.2868956295261986,0.35611033185904817,0.4633470231127284,0.20097203352496368,4,0.3038,LOW
2137,OULAD_TEST_2137,1,0.9973,0.5457,0.8823,0.8736,0.9973,HIGH,F1_login_count,26.2,F5_on_time_rate,14.1,F13_weeks_since_active,11.1,8,F1 login count (26.2%) and F5 on time rate (14.1%),2137,0.8530120151495186,0.829200924565624,0.3139281129208048,0.7103479926865182,12,0.9303,HIGH
2138,OULAD_TEST_2138,0,0.1208,0.4989,0.4523,0.365,0.1208,LOW,F1_login_count,16.3,F13_weeks_since_active,15.6,F5_on_time_rate,12.0,6,F1 login count (16.3%) and F13 weeks since active (15.6%),2138,0.0,0.056566433893212496,0.7021556447040068,0.0801050285473125,3,0.1515,LOW
2139,OULAD_TEST_2139,0,0.0372,0.3485,0.1249,0.0688,0.0372,LOW,F1_login_count,22.2,F6_inactive_days,12.9,F4_num_submitted,12.2,5,F1 login count (22.2%) and F6 inactive days (12.9%),2139,0.0,0.1493027752653683,0.6581632349303751,0.10671045937151366,1,0.0859,LOW
2140,OULAD_TEST_2140,1,0.5665,0.8001,0.7384,0.6875,0.5665,MEDIUM,F1_login_count,17.4,F5_on_time_rate,15.1,F13_weeks_since_active,12.1,5,F1 login count (17.4%) and F5 on time rate (15.1%),2140,0.4130260841236516,0.42556538238658853,0.34106025362132064,0.12704698413569776,4,0.6749,MEDIUM
2141,OULAD_TEST_2141,0,0.3834,0.6875,0.4647,0.4552,0.3834,LOW,F1_login_count,15.4,F6_inactive_days,10.8,F5_on_time_rate,10.3,14,F1 login count (15.4%) and F6 inactive days (10.8%),2141,0.27346877018560184,0.2429247141144003,0.4881999211380467,0.0,1,0.2832,LOW
2142,OULAD_TEST_2142,0,0.3406,0.7568,0.6285,0.5922,0.3406,LOW,F1_login_count,17.2,F5_on_time_rate,13.0,F13_weeks_since_active,11.3,8,F1 login count (17.2%) and F5 on time rate (13.0%),2142,0.2557541664370408,0.3427395148026264,0.5435849940353117,0.23841456334056962,2,0.3355,LOW
2143,OULAD_TEST_2143,1,0.9981,0.4199,0.8959,0.9154,0.9981,HIGH,F1_login_count,26.8,F5_on_time_rate,14.2,F13_weeks_since_active,10.5,12,F1 login count (26.8%) and F5 on time rate (14.2%),2143,0.72306531979085,0.7846940557450803,0.06774629821596198,0.4278881215534212,11,0.918,HIGH
2144,OULAD_TEST_2144,0,0.266,0.4494,0.4072,0.3395,0.266,LOW,F1_login_count,18.1,F13_weeks_since_active,16.2,F5_on_time_rate,14.9,11,F1 login count (18.1%) and F13 weeks since active (16.2%),2144,0.1638797745365195,0.15009492020270981,0.48328888316322616,0.13410579567443326,5,0.298,LOW
2145,OULAD_TEST_2145,0,0.0362,0.4383,0.2185,0.1354,0.0362,LOW,F1_login_count,16.2,F13_weeks_since_active,10.9,F5_on_time_rate,10.7,5,F1 login count (16.2%) and F13 weeks since active (10.9%),2145,0.17432634386020823,0.0,0.9397948055236794,0.0,0,0.0703,LOW
2146,OULAD_TEST_2146,0,0.3384,0.4931,0.3942,0.3294,0.3384,LOW,F1_login_count,26.7,F5_on_time_rate,17.3,F2_vle_clicks,9.1,6,F1 login count (26.7%) and F5 on time rate (17.3%),2146,0.07678960215234842,0.24900721284315852,0.5537914284372618,0.3935280722898644,5,0.3207,LOW
2147,OULAD_TEST_2147,0,0.0586,0.3142,0.2054,0.0803,0.0586,LOW,F1_login_count,18.6,F6_inactive_days,11.7,F4_num_submitted,11.1,1,F1 login count (18.6%) and F6 inactive days (11.7%),2147,0.0,0.04319279808828055,0.8257994046401804,0.08315958635323276,0,0.0634,LOW
2148,OULAD_TEST_2148,0,0.0257,0.4581,0.2816,0.119,0.0257,LOW,F13_weeks_since_active,15.8,F1_login_count,14.5,F7_score_change,9.7,7,F13 weeks since active (15.8%) and F1 login count (14.5%),2148,0.00766452398509526,0.041292338212855904,0.7166250600244357,0.035323083215840725,1,0.0804,LOW
2149,OULAD_TEST_2149,0,0.5001,0.6575,0.7127,0.5335,0.5001,MEDIUM,F1_login_count,18.2,F6_inactive_days,13.1,F4_num_submitted,12.8,8,F1 login count (18.2%) and F6 inactive days (13.1%),2149,0.18575111888458326,0.5011894995439586,0.5285582136995535,0.40049893855604085,6,0.6328,MEDIUM
2150,OULAD_TEST_2150,1,0.3928,0.293,0.1856,0.099,0.3928,LOW,F1_login_count,16.1,F6_inactive_days,13.3,F4_num_submitted,13.0,17,F1 login count (16.1%) and F6 inactive days (13.3%),2150,0.2573745595567929,0.37603183389326345,0.4600547591186935,0.2798997104206846,0,0.2095,LOW
2151,OULAD_TEST_2151,1,0.905,0.6373,0.681,0.7448,0.905,HIGH,F1_login_count,19.1,F6_inactive_days,12.1,F4_num_submitted,11.0,15,F1 login count (19.1%) and F6 inactive days (12.1%),2151,0.7996470165728018,0.7539802224357456,0.10375525134935315,0.48807876084138807,8,0.8938,HIGH
2152,OULAD_TEST_2152,0,0.311,0.6618,0.7199,0.5964,0.311,LOW,F1_login_count,14.9,F13_weeks_since_active,13.4,F5_on_time_rate,12.6,13,F1 login count (14.9%) and F13 weeks since active (13.4%),2152,0.21978864882959614,0.24849434588962238,0.4578893922812891,0.3151771116305472,4,0.3672,LOW
2153,OULAD_TEST_2153,0,0.0581,0.4016,0.0708,0.1335,0.0581,LOW,F1_login_count,22.5,F6_inactive_days,13.1,F5_on_time_rate,12.2,16,F1 login count (22.5%) and F6 inactive days (13.1%),2153,0.06374009057186834,0.09019759751321468,0.6538268373597873,0.0,0,0.0873,LOW
2154,OULAD_TEST_2154,1,0.5935,0.6996,0.657,0.5994,0.5935,MEDIUM,F1_login_count,22.3,F5_on_time_rate,10.6,F13_weeks_since_active,9.5,11,F1 login count (22.3%) and F5 on time rate (10.6%),2154,0.289433523482742,0.6062806130342856,0.39402053064528825,0.3948896625040275,4,0.7019,HIGH
2155,OULAD_TEST_2155,0,0.1588,0.4959,0.1987,0.1018,0.1588,LOW,F6_inactive_days,13.5,F4_num_submitted,13.2,F1_login_count,11.9,1,F6 inactive days (13.5%) and F4 num submitted (13.2%),2155,0.04952385919605225,0.145085135958656,0.6285993169792614,0.0,0,0.1044,LOW
2156,OULAD_TEST_2156,0,0.139,0.5406,0.3225,0.1579,0.139,LOW,F1_login_count,15.4,F5_on_time_rate,14.0,F6_inactive_days,11.6,8,F1 login count (15.4%) and F5 on time rate (14.0%),2156,0.0597803619676063,0.0806195316631673,0.6034176912495623,0.1078732629019194,0,0.1065,LOW
2157,OULAD_TEST_2157,0,0.0546,0.2924,0.1688,0.1222,0.0546,LOW,F1_login_count,16.9,F5_on_time_rate,13.3,F6_inactive_days,12.3,1,F1 login count (16.9%) and F5 on time rate (13.3%),2157,0.006448490324376589,0.0,0.692001665797297,0.055918757012751535,0,0.0693,LOW
2158,OULAD_TEST_2158,1,0.4684,0.5477,0.5844,0.6388,0.4684,MEDIUM,F1_login_count,26.6,F5_on_time_rate,13.5,F6_inactive_days,12.1,6,F1 login count (26.6%) and F5 on time rate (13.5%),2158,0.4560443795003768,0.28252357884702195,0.49517530717174224,0.4822145954297595,3,0.5965,MEDIUM
2159,OULAD_TEST_2159,0,0.0663,0.2804,0.0953,0.0576,0.0663,LOW,F1_login_count,19.0,F4_num_submitted,13.0,F6_inactive_days,12.5,1,F1 login count (19.0%) and F4 num submitted (13.0%),2159,0.10217910607251245,0.10965657376348184,0.684056213879639,0.0,0,0.0777,LOW
2160,OULAD_TEST_2160,0,0.0154,0.1979,0.0912,0.0415,0.0154,LOW,F13_weeks_since_active,13.5,F1_login_count,12.0,F4_num_submitted,11.2,1,F13 weeks since active (13.5%) and F1 login count (12.0%),2160,0.0,0.05932828189116457,0.7759145068397837,0.0,0,0.0549,LOW
2161,OULAD_TEST_2161,0,0.07,0.63,0.4705,0.4178,0.07,LOW,F1_login_count,17.5,F6_inactive_days,15.1,F4_num_submitted,14.7,4,F1 login count (17.5%) and F6 inactive days (15.1%),2161,0.07365047784320049,0.10568908200853293,0.7455027750287097,0.14072189118889725,1,0.1318,LOW
2162,OULAD_TEST_2162,0,0.8302,0.429,0.7254,0.5655,0.8302,HIGH,F1_login_count,19.3,F4_num_submitted,15.0,F6_inactive_days,14.3,7,F1 login count (19.3%) and F4 num submitted (15.0%),2162,0.6309621748496785,0.6953772442918356,0.0,0.5383580707676769,4,0.8587,HIGH
2163,OULAD_TEST_2163,1,0.1218,0.5984,0.2208,0.2491,0.1218,LOW,F6_inactive_days,16.2,F4_num_submitted,15.0,F13_weeks_since_active,11.7,16,F6 inactive days (16.2%) and F4 num submitted (15.0%),2163,0.19927490385212665,0.21608477967134004,0.5554473594626482,0.09471660616050037,0,0.1544,LOW
2164,OULAD_TEST_2164,0,0.0376,0.3992,0.1806,0.1906,0.0376,LOW,F1_login_count,19.6,F4_num_submitted,14.8,F6_inactive_days,14.8,1,F1 login count (19.6%) and F4 num submitted (14.8%),2164,0.18437406865683736,0.0,0.8035477889247563,0.0,0,0.0828,LOW
2165,OULAD_TEST_2165,0,0.6297,0.5556,0.6847,0.8183,0.6297,MEDIUM,F1_login_count,18.5,F6_inactive_days,14.4,F4_num_submitted,14.1,13,F1 login count (18.5%) and F6 inactive days (14.4%),2165,0.33928058081721313,0.6116665389765764,0.22253706388473027,0.3069217982290285,7,0.7596,HIGH
2166,OULAD_TEST_2166,1,0.4935,0.3306,0.1786,0.1717,0.4935,MEDIUM,F1_login_count,19.6,F6_inactive_days,12.9,F4_num_submitted,11.6,2,F1 login count (19.6%) and F6 inactive days (12.9%),2166,0.26436424887896615,0.41637556840083656,0.5108724911280419,0.44550492098679073,5,0.4179,MEDIUM
2167,OULAD_TEST_2167,0,0.0692,0.4442,0.4139,0.2114,0.0692,LOW,F6_inactive_days,13.8,F1_login_count,13.6,F4_num_submitted,12.9,1,F6 inactive days (13.8%) and F1 login count (13.6%),2167,0.0,0.01015193882565299,0.8413207104250544,0.03533889674952864,1,0.0806,LOW
2168,OULAD_TEST_2168,0,0.1147,0.4165,0.4617,0.3045,0.1147,LOW,F6_inactive_days,14.7,F4_num_submitted,14.6,F13_weeks_since_active,12.6,1,F6 inactive days (14.7%) and F4 num submitted (14.6%),2168,0.056888014089301844,0.1448974245854209,0.7801568666355437,0.11386316353733678,0,0.1026,LOW
2169,OULAD_TEST_2169,0,0.3243,0.6064,0.6412,0.5396,0.3243,LOW,F1_login_count,18.3,F13_weeks_since_active,15.1,F5_on_time_rate,11.1,14,F1 login count (18.3%) and F13 weeks since active (15.1%),2169,0.27364583744463344,0.3084258894947195,0.7225371787312598,0.1807574005468225,2,0.2927,LOW
2170,OULAD_TEST_2170,0,0.2271,0.5547,0.2649,0.214,0.2271,LOW,F6_inactive_days,17.5,F4_num_submitted,16.9,F5_on_time_rate,11.5,5,F6 inactive days (17.5%) and F4 num submitted (16.9%),2170,0.2577034516589102,0.22159282074135409,0.6100110672256818,0.0,1,0.1902,LOW
2171,OULAD_TEST_2171,1,0.2304,0.5189,0.2755,0.2921,0.2304,LOW,F1_login_count,24.3,F5_on_time_rate,13.9,F6_inactive_days,9.7,6,F1 login count (24.3%) and F5 on time rate (13.9%),2171,0.1536848976357477,0.2023422737644959,0.680568192590384,0.2502972511289996,3,0.2265,LOW
2172,OULAD_TEST_2172,0,0.0591,0.3588,0.2485,0.1467,0.0591,LOW,F1_login_count,16.3,F6_inactive_days,14.5,F4_num_submitted,14.2,1,F1 login count (16.3%) and F6 inactive days (14.5%),2172,0.009385247674515602,0.04720355346265353,0.6942799023403969,0.09584788614389955,0,0.0769,LOW
2173,OULAD_TEST_2173,1,0.9482,0.5713,0.8306,0.8987,0.9482,HIGH,F1_login_count,25.4,F5_on_time_rate,14.1,F13_weeks_since_active,11.1,9,F1 login count (25.4%) and F5 on time rate (14.1%),2173,0.678915799224874,0.9970397594296351,0.28667699128687235,0.8455964204840627,10,0.9289,HIGH
2174,OULAD_TEST_2174,0,0.048,0.4269,0.1378,0.0838,0.048,LOW,F1_login_count,20.9,F5_on_time_rate,11.7,F6_inactive_days,11.4,5,F1 login count (20.9%) and F5 on time rate (11.7%),2174,0.0,0.13554053161569385,0.959963365243602,0.0,0,0.0634,LOW
2175,OULAD_TEST_2175,0,0.0598,0.321,0.1415,0.1668,0.0598,LOW,F1_login_count,14.2,F6_inactive_days,13.8,F4_num_submitted,13.6,2,F1 login count (14.2%) and F6 inactive days (13.8%),2175,0.25081387216947737,0.10865615159884097,0.7533480434517792,0.13458875054405767,0,0.102,LOW
2176,OULAD_TEST_2176,0,0.644,0.6561,0.7474,0.7655,0.644,MEDIUM,F1_login_count,18.8,F6_inactive_days,12.7,F4_num_submitted,11.8,9,F1 login count (18.8%) and F6 inactive days (12.7%),2176,0.29003389728819406,0.556343932656271,0.3234586229905192,0.2290147240755599,5,0.7212,HIGH
2177,OULAD_TEST_2177,0,0.545,0.3948,0.6482,0.4954,0.545,MEDIUM,F1_login_count,20.6,F5_on_time_rate,14.3,F6_inactive_days,11.9,6,F1 login count (20.6%) and F5 on time rate (14.3%),2177,0.39997405788957247,0.5438225760477335,0.4999297599364806,0.34588158812076936,3,0.654,MEDIUM
2178,OULAD_TEST_2178,1,0.9952,0.4572,0.5919,0.4754,0.9952,HIGH,F1_login_count,19.0,F6_inactive_days,16.4,F4_num_submitted,16.2,17,F1 login count (19.0%) and F6 inactive days (16.4%),2178,0.8990006219229638,0.8873595821113162,0.0,0.7143007906875798,8,0.919,HIGH
2179,OULAD_TEST_2179,0,0.0804,0.2517,0.2454,0.0646,0.0804,LOW,F4_num_submitted,16.4,F6_inactive_days,16.4,F5_on_time_rate,11.6,1,F4 num submitted (16.4%) and F6 inactive days (16.4%),2179,0.05695998445599977,0.07043638022192285,0.6700175929200295,0.0,0,0.0706,LOW
2180,OULAD_TEST_2180,0,0.0313,0.4624,0.2649,0.1086,0.0313,LOW,F1_login_count,19.4,F5_on_time_rate,11.8,F13_weeks_since_active,10.8,6,F1 login count (19.4%) and F5 on time rate (11.8%),2180,0.00290609649985055,0.0023198539787267977,0.8623589751006884,0.0,0,0.0605,LOW
2181,OULAD_TEST_2181,0,0.219,0.5491,0.4934,0.464,0.219,LOW,F1_login_count,16.9,F5_on_time_rate,12.3,F13_weeks_since_active,12.0,9,F1 login count (16.9%) and F5 on time rate (12.3%),2181,0.11755545771895727,0.17967661298698492,0.632643924608367,0.06381483191488556,1,0.1924,LOW
2182,OULAD_TEST_2182,1,0.2815,0.6601,0.5218,0.5163,0.2815,LOW,F1_login_count,24.3,F5_on_time_rate,15.7,F6_inactive_days,11.0,7,F1 login count (24.3%) and F5 on time rate (15.7%),2182,0.17901083182375918,0.0,0.5930994449645262,0.08466512420458534,4,0.2738,LOW
2183,OULAD_TEST_2183,0,0.0964,0.4548,0.5592,0.284,0.0964,LOW,F1_login_count,19.7,F5_on_time_rate,12.1,F13_weeks_since_active,10.7,5,F1 login count (19.7%) and F5 on time rate (12.1%),2183,0.204764847467653,0.09878806714381135,0.6394528656932035,0.1040655182711225,1,0.1358,LOW
2184,OULAD_TEST_2184,1,0.9458,0.5305,0.4529,0.7931,0.9458,HIGH,F1_login_count,21.7,F5_on_time_rate,13.8,F6_inactive_days,12.6,17,F1 login count (21.7%) and F5 on time rate (13.8%),2184,0.4408738088670493,0.7648519135911711,0.0,0.7019622847707114,8,0.8858,HIGH
2185,OULAD_TEST_2185,0,0.0807,0.5366,0.4455,0.1231,0.0807,LOW,F1_login_count,17.0,F4_num_submitted,15.9,F6_inactive_days,15.5,15,F1 login count (17.0%) and F4 num submitted (15.9%),2185,0.20983337012963255,0.19600859986263072,0.7590542409879102,0.03242655417250134,0,0.1034,LOW
2186,OULAD_TEST_2186,0,0.0273,0.4586,0.2009,0.196,0.0273,LOW,F1_login_count,19.8,F6_inactive_days,13.1,F4_num_submitted,12.8,4,F1 login count (19.8%) and F6 inactive days (13.1%),2186,0.0,0.024752525664940343,0.86865620414942,0.04103837130720242,0,0.0678,LOW
2187,OULAD_TEST_2187,1,0.9247,0.8729,0.9176,0.9013,0.9247,HIGH,F1_login_count,20.6,F5_on_time_rate,13.5,F4_num_submitted,12.7,9,F1 login count (20.6%) and F5 on time rate (13.5%),2187,0.6206247670765584,0.690877926437203,0.03765932509239585,0.5685370503671097,9,0.9055,HIGH
2188,OULAD_TEST_2188,0,0.0519,0.4402,0.2353,0.1508,0.0519,LOW,F1_login_count,16.2,F4_num_submitted,12.9,F5_on_time_rate,12.6,1,F1 login count (16.2%) and F4 num submitted (12.9%),2188,0.0,0.040124587669750585,0.9021229519558868,0.031356420762769704,2,0.0849,LOW
2189,OULAD_TEST_2189,0,0.7409,0.5373,0.3817,0.2812,0.7409,HIGH,F1_login_count,18.5,F6_inactive_days,16.3,F4_num_submitted,16.2,17,F1 login count (18.5%) and F6 inactive days (16.3%),2189,0.5774853269770719,0.5460753131949997,0.13688836745844557,0.31381888347454723,8,0.7497,HIGH
2190,OULAD_TEST_2190,0,0.155,0.5402,0.3197,0.343,0.155,LOW,F13_weeks_since_active,15.8,F1_login_count,15.7,F5_on_time_rate,11.4,7,F13 weeks since active (15.8%) and F1 login count (15.7%),2190,0.0,0.16962259325699733,0.570529554503408,0.22601335220674715,2,0.1752,LOW
2191,OULAD_TEST_2191,0,0.2516,0.4074,0.636,0.4217,0.2516,LOW,F1_login_count,16.8,F13_weeks_since_active,16.7,F5_on_time_rate,11.9,7,F1 login count (16.8%) and F13 weeks since active (16.7%),2191,0.22233726660819425,0.23713578914715883,0.5919969692803869,0.1863834441790603,1,0.2197,LOW
2192,OULAD_TEST_2192,1,0.5485,0.5859,0.5581,0.5877,0.5485,MEDIUM,F1_login_count,24.7,F5_on_time_rate,15.0,F6_inactive_days,10.2,8,F1 login count (24.7%) and F5 on time rate (15.0%),2192,0.5863809623286852,0.5428521704886614,0.35294074246487095,0.3764857788003093,6,0.7275,HIGH
2193,OULAD_TEST_2193,0,0.0356,0.3403,0.0982,0.0888,0.0356,LOW,F6_inactive_days,14.4,F1_login_count,14.4,F4_num_submitted,14.3,2,F6 inactive days (14.4%) and F1 login count (14.4%),2193,0.0,0.0,0.8485168731335224,0.0,0,0.0593,LOW
2194,OULAD_TEST_2194,1,0.9997,0.8044,0.9258,0.9763,0.9997,HIGH,F1_login_count,26.7,F5_on_time_rate,13.5,F4_num_submitted,10.2,6,F1 login count (26.7%) and F5 on time rate (13.5%),2194,0.7187606167610396,0.8524656476982517,0.0,0.5447135522412911,9,0.9298,HIGH
2195,OULAD_TEST_2195,0,0.0294,0.2947,0.0879,0.0579,0.0294,LOW,F6_inactive_days,18.4,F4_num_submitted,17.6,F1_login_count,12.4,1,F6 inactive days (18.4%) and F4 num submitted (17.6%),2195,0.0,0.0,0.9132894236814899,0.0,1,0.0602,LOW
2196,OULAD_TEST_2196,0,0.0957,0.31,0.3933,0.2285,0.0957,LOW,F1_login_count,19.4,F4_num_submitted,14.3,F6_inactive_days,14.1,13,F1 login count (19.4%) and F4 num submitted (14.3%),2196,0.10957872061930357,0.13746458255397714,0.9201316962508255,0.0,2,0.1051,LOW
2197,OULAD_TEST_2197,0,0.2411,0.4194,0.1758,0.1763,0.2411,LOW,F1_login_count,22.2,F5_on_time_rate,14.3,F6_inactive_days,14.0,16,F1 login count (22.2%) and F5 on time rate (14.3%),2197,0.1706847777415752,0.24644469443520978,0.6032055973031659,0.0,3,0.2059,LOW
2198,OULAD_TEST_2198,1,0.5869,0.8228,0.7589,0.7293,0.5869,MEDIUM,F1_login_count,21.0,F5_on_time_rate,12.5,F6_inactive_days,11.9,7,F1 login count (21.0%) and F5 on time rate (12.5%),2198,0.346681309095569,0.5385294016822056,0.4554510420184319,0.28005024832337183,6,0.7116,HIGH
2199,OULAD_TEST_2199,0,0.0243,0.2564,0.0633,0.0409,0.0243,LOW,F1_login_count,17.7,F13_weeks_since_active,12.8,F6_inactive_days,8.9,1,F1 login count (17.7%) and F13 weeks since active (12.8%),2199,0.0657972284871074,0.020784522508555288,0.674910292937474,0.07728249197308679,0,0.0664,LOW
2200,OULAD_TEST_2200,0,0.1716,0.3075,0.1403,0.0532,0.1716,LOW,F1_login_count,17.2,F5_on_time_rate,11.7,F6_inactive_days,11.3,1,F1 login count (17.2%) and F5 on time rate (11.7%),2200,0.3005548109786743,0.17904183126310327,0.7702421541181916,0.0245835132084071,2,0.139,LOW
2201,OULAD_TEST_2201,0,0.043,0.266,0.1758,0.116,0.043,LOW,F1_login_count,18.2,F6_inactive_days,14.5,F4_num_submitted,13.1,1,F1 login count (18.2%) and F6 inactive days (14.5%),2201,0.011009620827270125,0.1648971286646877,0.8703276408559464,0.0,0,0.066,LOW
2202,OULAD_TEST_2202,0,0.1526,0.562,0.3021,0.1779,0.1526,LOW,F1_login_count,20.9,F13_weeks_since_active,11.9,F5_on_time_rate,11.8,8,F1 login count (20.9%) and F13 weeks since active (11.9%),2202,0.17879579421481817,0.1069024594366389,0.7642637280189879,0.0,0,0.112,LOW
2203,OULAD_TEST_2203,0,0.108,0.6921,0.5142,0.5103,0.108,LOW,F6_inactive_days,15.8,F4_num_submitted,14.4,F1_login_count,14.3,9,F6 inactive days (15.8%) and F4 num submitted (14.4%),2203,0.0,0.10289161469680676,0.7120436911129706,0.01015890922256249,1,0.1414,LOW
2204,OULAD_TEST_2204,0,0.4917,0.655,0.5101,0.3929,0.4917,MEDIUM,F1_login_count,20.7,F5_on_time_rate,11.4,F13_weeks_since_active,10.6,5,F1 login count (20.7%) and F5 on time rate (11.4%),2204,0.2485463623181991,0.3310548960654872,0.11121510587579686,0.25255692446158756,5,0.5124,MEDIUM
2205,OULAD_TEST_2205,0,0.3392,0.4705,0.6006,0.4975,0.3392,LOW,F1_login_count,17.5,F13_weeks_since_active,16.4,F5_on_time_rate,14.3,6,F1 login count (17.5%) and F13 weeks since active (16.4%),2205,0.2846806277880377,0.21885912307213343,0.4644672856347872,0.4633825742647868,0,0.2883,LOW
2206,OULAD_TEST_2206,1,0.9976,0.3859,0.42,0.5651,0.9976,HIGH,F1_login_count,25.7,F5_on_time_rate,15.0,F6_inactive_days,11.2,17,F1 login count (25.7%) and F5 on time rate (15.0%),2206,0.8467316028535965,0.8557850634474646,0.0,0.7251144754184782,10,0.916,HIGH
2207,OULAD_TEST_2207,0,0.2299,0.5389,0.3434,0.4609,0.2299,LOW,F1_login_count,20.8,F6_inactive_days,13.8,F4_num_submitted,12.9,7,F1 login count (20.8%) and F6 inactive days (13.8%),2207,0.196491334878566,0.28372968373615254,0.5182545061939523,0.2609128934738073,3,0.3079,LOW
2208,OULAD_TEST_2208,1,0.2342,0.5282,0.4962,0.2069,0.2342,LOW,F1_login_count,22.3,F5_on_time_rate,11.6,F6_inactive_days,11.6,9,F1 login count (22.3%) and F5 on time rate (11.6%),2208,0.13263419694768452,0.1785675340598742,0.6248643004547066,0.28074964371280575,2,0.1841,LOW
2209,OULAD_TEST_2209,1,0.0771,0.586,0.4095,0.2468,0.0771,LOW,F1_login_count,15.2,F4_num_submitted,15.0,F6_inactive_days,14.2,13,F1 login count (15.2%) and F4 num submitted (15.0%),2209,0.053899140542335404,0.046661677655030084,0.6964236554478767,0.0,4,0.1523,LOW
2210,OULAD_TEST_2210,0,0.0409,0.2133,0.1701,0.1613,0.0409,LOW,F13_weeks_since_active,13.2,F1_login_count,11.0,F6_inactive_days,10.2,8,F13 weeks since active (13.2%) and F1 login count (11.0%),2210,0.0,0.002214180439650021,0.6848187990234977,0.0,0,0.0661,LOW
2211,OULAD_TEST_2211,1,0.8345,0.3511,0.5856,0.5843,0.8345,HIGH,F1_login_count,17.0,F6_inactive_days,16.1,F4_num_submitted,15.1,17,F1 login count (17.0%) and F6 inactive days (16.1%),2211,0.6446015326355367,0.6665444663324541,0.026519985175218003,0.36787556501591323,7,0.843,HIGH
2212,OULAD_TEST_2212,0,0.0581,0.4873,0.2375,0.1331,0.0581,LOW,F1_login_count,21.8,F5_on_time_rate,15.3,F6_inactive_days,12.2,6,F1 login count (21.8%) and F5 on time rate (15.3%),2212,0.12890330623234092,0.07298271645670572,0.6819687014514771,0.19500073600054055,0,0.094,LOW
2213,OULAD_TEST_2213,0,0.0982,0.2908,0.3337,0.2047,0.0982,LOW,F4_num_submitted,14.4,F6_inactive_days,12.9,F5_on_time_rate,12.8,2,F4 num submitted (14.4%) and F6 inactive days (12.9%),2213,0.023530966716691956,0.0,0.8335899211849929,0.0,0,0.0715,LOW
2214,OULAD_TEST_2214,0,0.1582,0.4047,0.3372,0.2586,0.1582,LOW,F1_login_count,19.9,F5_on_time_rate,12.6,F4_num_submitted,12.2,17,F1 login count (19.9%) and F5 on time rate (12.6%),2214,0.06373578522404984,0.23694516613333821,0.6073374945372506,0.0,1,0.1396,LOW
2215,OULAD_TEST_2215,0,0.1667,0.2607,0.2733,0.2636,0.1667,LOW,F1_login_count,15.7,F13_weeks_since_active,12.8,F5_on_time_rate,12.6,8,F1 login count (15.7%) and F13 weeks since active (12.8%),2215,0.14327782296520483,0.08846121614964314,0.6151461293566729,0.048300455973622425,0,0.1175,LOW
2216,OULAD_TEST_2216,1,0.9897,0.467,0.442,0.8727,0.9897,HIGH,F1_login_count,22.7,F6_inactive_days,11.5,F13_weeks_since_active,11.3,12,F1 login count (22.7%) and F6 inactive days (11.5%),2216,0.6491180263959404,0.8989972788350513,0.0,0.5651873361942448,9,0.9099,HIGH
2217,OULAD_TEST_2217,0,0.7925,0.5769,0.5636,0.626,0.7925,HIGH,F1_login_count,18.2,F4_num_submitted,14.2,F6_inactive_days,14.1,17,F1 login count (18.2%) and F4 num submitted (14.2%),2217,0.5481367385374177,0.5720251122084898,0.199899351380942,0.5077095928433475,7,0.8206,HIGH
2218,OULAD_TEST_2218,0,0.2903,0.7465,0.7761,0.6005,0.2903,LOW,F5_on_time_rate,13.5,F1_login_count,11.8,F13_weeks_since_active,11.5,11,F5 on time rate (13.5%) and F1 login count (11.8%),2218,0.41318217891665154,0.30026221044369744,0.6133849488528533,0.20429412248544515,4,0.3799,LOW
2219,OULAD_TEST_2219,0,0.0522,0.2567,0.2086,0.118,0.0522,LOW,F1_login_count,21.2,F6_inactive_days,12.7,F4_num_submitted,12.2,9,F1 login count (21.2%) and F6 inactive days (12.7%),2219,0.011837429925400336,0.09812556862515981,0.4537743460756838,0.0,3,0.1138,LOW
2220,OULAD_TEST_2220,1,0.3025,0.5399,0.4533,0.4656,0.3025,LOW,F1_login_count,27.5,F5_on_time_rate,15.4,F6_inactive_days,10.8,6,F1 login count (27.5%) and F5 on time rate (15.4%),2220,0.17591598479787776,0.2878611657604717,0.6601635213827609,0.2637787671016453,5,0.3607,LOW
2221,OULAD_TEST_2221,0,0.5136,0.6711,0.5716,0.4739,0.5136,MEDIUM,F1_login_count,23.6,F5_on_time_rate,14.1,F13_weeks_since_active,10.5,5,F1 login count (23.6%) and F5 on time rate (14.1%),2221,0.29476581943648406,0.35700571825601657,0.5327568034243755,0.231456775949981,3,0.4701,MEDIUM
2222,OULAD_TEST_2222,1,0.0485,0.2602,0.1413,0.1452,0.0485,LOW,F1_login_count,16.9,F13_weeks_since_active,13.3,F5_on_time_rate,11.4,8,F1 login count (16.9%) and F13 weeks since active (13.3%),2222,0.10836919714999368,0.061188855167846154,0.6561813462638332,0.010346839595394838,0,0.0812,LOW
2223,OULAD_TEST_2223,0,0.7395,0.3797,0.2629,0.1382,0.7395,HIGH,F1_login_count,20.8,F6_inactive_days,14.7,F4_num_submitted,14.6,17,F1 login count (20.8%) and F6 inactive days (14.7%),2223,0.49952758267818975,0.5339305052212489,0.1111701755265165,0.5261128884604026,7,0.7479,HIGH
2224,OULAD_TEST_2224,0,0.2662,0.3471,0.6603,0.3927,0.2662,LOW,F6_inactive_days,16.1,F4_num_submitted,15.1,F5_on_time_rate,12.0,1,F6 inactive days (16.1%) and F4 num submitted (15.1%),2224,0.12140269616785737,0.20604893959230516,0.5420146612221729,0.08270143152667904,5,0.2659,LOW
2225,OULAD_TEST_2225,0,0.1256,0.5055,0.4124,0.4922,0.1256,LOW,F6_inactive_days,15.3,F4_num_submitted,15.0,F5_on_time_rate,12.9,9,F6 inactive days (15.3%) and F4 num submitted (15.0%),2225,0.22005040322730118,0.1891130480764261,0.6239195980543397,0.007037829170263493,1,0.1892,LOW
2226,OULAD_TEST_2226,1,0.998,0.3867,0.6754,0.9325,0.998,HIGH,F1_login_count,26.0,F5_on_time_rate,12.8,F6_inactive_days,12.5,14,F1 login count (26.0%) and F5 on time rate (12.8%),2226,0.8405603004513638,0.9120361541656593,0.02399268739466064,0.6698001659631757,7,0.9325,HIGH
2227,OULAD_TEST_2227,0,0.1156,0.6423,0.4789,0.3801,0.1156,LOW,F13_weeks_since_active,14.1,F4_num_submitted,12.2,F6_inactive_days,12.1,8,F13 weeks since active (14.1%) and F4 num submitted (12.2%),2227,0.020877643426129473,0.09947463540323463,0.5128674713641136,0.0,0,0.1308,LOW
2228,OULAD_TEST_2228,0,0.612,0.6635,0.6865,0.5024,0.612,MEDIUM,F1_login_count,18.5,F6_inactive_days,12.7,F4_num_submitted,11.9,9,F1 login count (18.5%) and F6 inactive days (12.7%),2228,0.24174600486393832,0.44221547392617266,0.19860723919632603,0.3210249571675115,7,0.6882,MEDIUM
2229,OULAD_TEST_2229,1,0.9995,0.7835,0.9056,0.9583,0.9995,HIGH,F1_login_count,27.1,F5_on_time_rate,14.0,F4_num_submitted,10.3,7,F1 login count (27.1%) and F5 on time rate (14.0%),2229,0.8004013689836922,0.9012220169739356,0.15431972001749072,0.6663890613651471,11,0.9366,HIGH
2230,OULAD_TEST_2230,1,0.2931,0.5796,0.4772,0.4714,0.2931,LOW,F1_login_count,19.9,F5_on_time_rate,13.7,F6_inactive_days,11.5,8,F1 login count (19.9%) and F5 on time rate (13.7%),2230,0.1367070174239996,0.25068549901584203,0.47269800326519823,0.422351092972317,2,0.2966,LOW
2231,OULAD_TEST_2231,0,0.0219,0.2982,0.1746,0.0536,0.0219,LOW,F1_login_count,16.8,F6_inactive_days,10.4,F13_weeks_since_active,10.1,2,F1 login count (16.8%) and F6 inactive days (10.4%),2231,0.09439255991627686,0.0,0.9068228278102926,0.0857885405715296,1,0.0662,LOW
2232,OULAD_TEST_2232,0,0.0306,0.4458,0.11,0.0899,0.0306,LOW,F1_login_count,16.3,F13_weeks_since_active,11.2,F6_inactive_days,10.1,5,F1 login count (16.3%) and F13 weeks since active (11.2%),2232,0.0,0.08862038610532144,0.8110538195590138,0.0750767715588014,0,0.0687,LOW
2233,OULAD_TEST_2233,0,0.0452,0.3235,0.4312,0.2117,0.0452,LOW,F4_num_submitted,16.9,F6_inactive_days,16.8,F5_on_time_rate,11.1,2,F4 num submitted (16.9%) and F6 inactive days (16.8%),2233,0.12089973382993091,0.036481373290424626,0.5829132285411742,0.09081619004072755,0,0.0905,LOW
2234,OULAD_TEST_2234,0,0.5774,0.5355,0.7766,0.7144,0.5774,MEDIUM,F1_login_count,18.0,F4_num_submitted,12.0,F5_on_time_rate,11.9,17,F1 login count (18.0%) and F4 num submitted (12.0%),2234,0.2830628070719219,0.5869860998386458,0.4016129195216206,0.2176571671119541,7,0.7058,HIGH
2235,OULAD_TEST_2235,0,0.0201,0.3166,0.1828,0.2013,0.0201,LOW,F6_inactive_days,15.3,F4_num_submitted,14.8,F5_on_time_rate,11.4,1,F6 inactive days (15.3%) and F4 num submitted (14.8%),2235,0.08714641190665245,0.0,0.7721532697807147,0.025931608641588957,0,0.0739,LOW
2236,OULAD_TEST_2236,0,0.0411,0.3303,0.3152,0.1625,0.0411,LOW,F4_num_submitted,12.9,F6_inactive_days,10.4,F5_on_time_rate,10.3,1,F4 num submitted (12.9%) and F6 inactive days (10.4%),2236,0.030197306783643407,0.0,0.7215732943750259,0.021088021399631788,0,0.0698,LOW
2237,OULAD_TEST_2237,0,0.1866,0.3516,0.4297,0.2551,0.1866,LOW,F1_login_count,14.8,F13_weeks_since_active,11.8,F5_on_time_rate,10.6,2,F1 login count (14.8%) and F13 weeks since active (11.8%),2237,0.03522605806033549,0.1809367086676148,0.6752157093172004,0.15055014484473073,0,0.1168,LOW
2238,OULAD_TEST_2238,0,0.5353,0.5524,0.5848,0.4777,0.5353,MEDIUM,F1_login_count,19.8,F4_num_submitted,14.1,F6_inactive_days,13.9,17,F1 login count (19.8%) and F4 num submitted (14.1%),2238,0.3340063687073219,0.4783300941345578,0.41922334855667925,0.33516096629710446,7,0.6567,MEDIUM
2239,OULAD_TEST_2239,0,0.0933,0.4368,0.398,0.2864,0.0933,LOW,F1_login_count,18.0,F5_on_time_rate,14.7,F13_weeks_since_active,13.5,6,F1 login count (18.0%) and F5 on time rate (14.7%),2239,0.13394184569567008,0.0,0.796119182197462,0.1015439612900535,0,0.0941,LOW
2240,OULAD_TEST_2240,0,0.6558,0.5308,0.6915,0.871,0.6558,MEDIUM,F1_login_count,21.6,F6_inactive_days,13.1,F4_num_submitted,12.4,13,F1 login count (21.6%) and F6 inactive days (13.1%),2240,0.4696494453115235,0.47915003633067144,0.39318528475480025,0.35610393661209583,6,0.7636,HIGH
2241,OULAD_TEST_2241,0,0.0264,0.214,0.0859,0.1141,0.0264,LOW,F1_login_count,15.7,F6_inactive_days,13.0,F5_on_time_rate,12.7,1,F1 login count (15.7%) and F6 inactive days (13.0%),2241,0.07692129804724843,0.24285741949759213,0.8196935912778357,0.022873070084615126,1,0.0842,LOW
2242,OULAD_TEST_2242,1,0.5665,0.6269,0.4545,0.4665,0.5665,MEDIUM,F1_login_count,18.9,F6_inactive_days,13.5,F4_num_submitted,13.0,17,F1 login count (18.9%) and F6 inactive days (13.5%),2242,0.5941940584515485,0.4570761508676957,0.2092365911213638,0.19256057207316093,7,0.6974,MEDIUM
2243,OULAD_TEST_2243,1,0.997,0.2986,0.3287,0.6696,0.997,HIGH,F1_login_count,26.0,F5_on_time_rate,14.2,F6_inactive_days,9.7,17,F1 login count (26.0%) and F5 on time rate (14.2%),2243,0.5414758388288948,0.9059267181100972,0.0,0.5598111266396503,9,0.8896,HIGH
2244,OULAD_TEST_2244,0,0.119,0.3905,0.1842,0.3129,0.119,LOW,F5_on_time_rate,14.6,F1_login_count,13.8,F6_inactive_days,13.6,17,F5 on time rate (14.6%) and F1 login count (13.8%),2244,0.24502125749686238,0.0490972138105293,0.9991048335268622,0.2383000257811972,0,0.1052,LOW
2245,OULAD_TEST_2245,0,0.1369,0.3236,0.1154,0.0865,0.1369,LOW,F1_login_count,17.6,F4_num_submitted,15.5,F6_inactive_days,15.1,7,F1 login count (17.6%) and F4 num submitted (15.5%),2245,0.10626559375232128,0.0,0.7629291060381728,0.1203970007553907,1,0.0943,LOW
2246,OULAD_TEST_2246,0,0.1237,0.6803,0.5668,0.1701,0.1237,LOW,F1_login_count,15.3,F13_weeks_since_active,11.4,F7_score_change,9.2,7,F1 login count (15.3%) and F13 weeks since active (11.4%),2246,0.0,0.09152434025632757,0.9379687300811497,0.07170947551403077,3,0.1141,LOW
2247,OULAD_TEST_2247,0,0.045,0.3153,0.1013,0.1785,0.045,LOW,F6_inactive_days,17.2,F4_num_submitted,16.8,F1_login_count,13.1,1,F6 inactive days (17.2%) and F4 num submitted (16.8%),2247,0.0,0.017001635177111583,0.9035434082199185,0.25453479315052163,0,0.0669,LOW
2248,OULAD_TEST_2248,1,0.9785,0.5251,0.7268,0.8613,0.9785,HIGH,F1_login_count,20.6,F5_on_time_rate,14.0,F4_num_submitted,12.9,14,F1 login count (20.6%) and F5 on time rate (14.0%),2248,0.6660379609222966,0.7997347409065303,0.04138020715557483,0.42379980260387046,8,0.9029,HIGH
2249,OULAD_TEST_2249,0,0.1359,0.4986,0.3343,0.2007,0.1359,LOW,F13_weeks_since_active,14.9,F1_login_count,12.0,F4_num_submitted,9.9,7,F13 weeks since active (14.9%) and F1 login count (12.0%),2249,0.18729501119244593,0.1063437331594886,0.7214207069781118,0.0,0,0.1131,LOW
2250,OULAD_TEST_2250,0,0.0812,0.2728,0.2652,0.2703,0.0812,LOW,F1_login_count,18.7,F6_inactive_days,14.5,F4_num_submitted,13.7,1,F1 login count (18.7%) and F6 inactive days (14.5%),2250,0.04408508796224657,0.09016146173165092,0.7313819960123156,0.25424536935315273,0,0.0936,LOW
2251,OULAD_TEST_2251,0,0.3097,0.3697,0.6519,0.4512,0.3097,LOW,F1_login_count,21.9,F5_on_time_rate,14.8,F6_inactive_days,9.4,10,F1 login count (21.9%) and F5 on time rate (14.8%),2251,0.36790549302473474,0.25123564389969544,0.37845953841535007,0.19133531232587203,4,0.3687,LOW
2252,OULAD_TEST_2252,1,0.9796,0.5887,0.9178,0.9861,0.9796,HIGH,F1_login_count,21.9,F6_inactive_days,11.0,F4_num_submitted,10.6,17,F1 login count (21.9%) and F6 inactive days (11.0%),2252,0.5406024309948441,0.7315395065642109,0.018124725246822408,0.5586500356452246,9,0.9131,HIGH
2253,OULAD_TEST_2253,0,0.3884,0.6871,0.6506,0.6076,0.3884,LOW,F1_login_count,21.5,F5_on_time_rate,12.7,F4_num_submitted,11.7,17,F1 login count (21.5%) and F5 on time rate (12.7%),2253,0.27067110521539456,0.3690347833249551,0.6103474552542196,0.08913548098852281,2,0.3393,LOW
2254,OULAD_TEST_2254,0,0.2681,0.4784,0.3462,0.3856,0.2681,LOW,F1_login_count,23.7,F5_on_time_rate,13.9,F6_inactive_days,10.3,6,F1 login count (23.7%) and F5 on time rate (13.9%),2254,0.0624306555586881,0.07193525957420613,0.5255560005178797,0.21458355196740142,1,0.1864,LOW
2255,OULAD_TEST_2255,0,0.0964,0.3202,0.2331,0.2055,0.0964,LOW,F1_login_count,16.5,F6_inactive_days,16.1,F4_num_submitted,14.5,13,F1 login count (16.5%) and F6 inactive days (16.1%),2255,0.10384318826249678,0.0,0.764075299906181,0.12317518434329547,1,0.0978,LOW
2256,OULAD_TEST_2256,0,0.4067,0.5801,0.5897,0.6255,0.4067,MEDIUM,F1_login_count,21.5,F5_on_time_rate,15.5,F6_inactive_days,11.6,8,F1 login count (21.5%) and F5 on time rate (15.5%),2256,0.37337873900973007,0.4048294395761254,0.5597991045893197,0.11268067669981244,3,0.4321,MEDIUM
2257,OULAD_TEST_2257,0,0.0364,0.4917,0.1523,0.1153,0.0364,LOW,F6_inactive_days,17.0,F4_num_submitted,16.0,F1_login_count,13.5,5,F6 inactive days (17.0%) and F4 num submitted (16.0%),2257,0.0,0.07150162177082856,0.6799119560687524,0.0050069297339486035,0,0.077,LOW
2258,OULAD_TEST_2258,0,0.3157,0.28,0.1852,0.1071,0.3157,LOW,F1_login_count,20.2,F6_inactive_days,13.6,F4_num_submitted,13.4,17,F1 login count (20.2%) and F6 inactive days (13.6%),2258,0.0,0.2637533707940771,0.5023097135656336,0.14915810015603204,5,0.2269,LOW
2259,OULAD_TEST_2259,0,0.6055,0.6365,0.5401,0.4766,0.6055,MEDIUM,F1_login_count,19.1,F6_inactive_days,12.6,F4_num_submitted,12.3,12,F1 login count (19.1%) and F6 inactive days (12.6%),2259,0.44374481467964944,0.40303911961959427,0.21380885095228408,0.3940172575702525,8,0.715,HIGH
2260,OULAD_TEST_2260,0,0.4277,0.2876,0.4076,0.8152,0.4277,MEDIUM,F1_login_count,25.2,F5_on_time_rate,14.1,F6_inactive_days,11.8,13,F1 login count (25.2%) and F5 on time rate (14.1%),2260,0.3430638551733509,0.306912124746074,0.37562343933105935,0.12230997093352275,1,0.4065,MEDIUM
2261,OULAD_TEST_2261,1,0.8377,0.6227,0.5859,0.6709,0.8377,HIGH,F1_login_count,19.7,F4_num_submitted,16.1,F6_inactive_days,15.9,14,F1 login count (19.7%) and F4 num submitted (16.1%),2261,0.6268194754961698,0.6910252601850796,0.0010794716346938793,0.6528536945415788,8,0.8756,HIGH
2262,OULAD_TEST_2262,1,0.9986,0.3562,0.9537,0.9444,0.9986,HIGH,F1_login_count,20.3,F6_inactive_days,13.0,F4_num_submitted,12.6,13,F1 login count (20.3%) and F6 inactive days (13.0%),2262,0.8225982191822154,0.721138482514071,0.0,0.7090588537917125,8,0.9355,HIGH
2263,OULAD_TEST_2263,0,0.0341,0.2596,0.1368,0.052,0.0341,LOW,F1_login_count,15.5,F13_weeks_since_active,13.7,F7_score_change,9.2,1,F1 login count (15.5%) and F13 weeks since active (13.7%),2263,0.0,0.0,0.9146655680797839,0.0,0,0.0517,LOW
2264,OULAD_TEST_2264,0,0.1,0.2899,0.3372,0.2488,0.1,LOW,F1_login_count,19.9,F6_inactive_days,15.2,F4_num_submitted,14.2,1,F1 login count (19.9%) and F6 inactive days (15.2%),2264,0.13802161054504494,0.1371864270541344,0.6284522970909708,0.034029754603395454,1,0.1194,LOW
2265,OULAD_TEST_2265,0,0.0639,0.6493,0.2298,0.1103,0.0639,LOW,F1_login_count,23.1,F6_inactive_days,13.2,F5_on_time_rate,12.8,8,F1 login count (23.1%) and F6 inactive days (13.2%),2265,0.16398075124779748,0.1684994291431373,0.7615259219060692,0.021969341966686075,0,0.1002,LOW
2266,OULAD_TEST_2266,0,0.1332,0.2987,0.2829,0.2304,0.1332,LOW,F1_login_count,16.9,F13_weeks_since_active,12.6,F5_on_time_rate,11.5,8,F1 login count (16.9%) and F13 weeks since active (12.6%),2266,0.0,0.07966521978731594,0.6431531246329045,0.0,1,0.1027,LOW
2267,OULAD_TEST_2267,1,0.4196,0.4322,0.2143,0.323,0.4196,MEDIUM,F1_login_count,17.0,F5_on_time_rate,12.4,F6_inactive_days,11.4,17,F1 login count (17.0%) and F5 on time rate (12.4%),2267,0.3256851825918977,0.41717906834528784,0.582206593703694,0.1985484698117957,5,0.4162,MEDIUM
2268,OULAD_TEST_2268,0,0.086,0.391,0.1595,0.1367,0.086,LOW,F6_inactive_days,15.4,F4_num_submitted,14.8,F1_login_count,12.3,16,F6 inactive days (15.4%) and F4 num submitted (14.8%),2268,0.009782016899232839,0.0,0.8623162296603617,0.019167555879046907,1,0.0774,LOW
2269,OULAD_TEST_2269,1,0.9365,0.808,0.9563,0.9507,0.9365,HIGH,F1_login_count,17.9,F4_num_submitted,14.6,F6_inactive_days,13.7,11,F1 login count (17.9%) and F4 num submitted (14.6%),2269,0.6473977326898354,0.848781099289089,0.1372069982138947,0.7554442044848553,8,0.9236,HIGH
2270,OULAD_TEST_2270,0,0.3439,0.6457,0.6179,0.5295,0.3439,LOW,F4_num_submitted,15.5,F1_login_count,15.4,F6_inactive_days,14.9,13,F4 num submitted (15.5%) and F1 login count (15.4%),2270,0.2754976483538336,0.2279991268218015,0.5554934553102755,0.3199341969996524,2,0.3245,LOW
2271,OULAD_TEST_2271,0,0.5191,0.3404,0.4285,0.6632,0.5191,MEDIUM,F1_login_count,17.6,F6_inactive_days,14.3,F4_num_submitted,12.9,15,F1 login count (17.6%) and F6 inactive days (14.3%),2271,0.31464714358864476,0.4658226493366376,0.36161404631591015,0.42361856488039484,3,0.6398,MEDIUM
2272,OULAD_TEST_2272,0,0.0597,0.2947,0.1732,0.073,0.0597,LOW,F4_num_submitted,13.0,F6_inactive_days,12.3,F5_on_time_rate,10.4,1,F4 num submitted (13.0%) and F6 inactive days (12.3%),2272,0.0,0.030924806540823257,0.633052529580875,0.08021107356052684,0,0.0702,LOW
2273,OULAD_TEST_2273,1,0.5998,0.7376,0.6116,0.6851,0.5998,MEDIUM,F1_login_count,20.7,F6_inactive_days,12.6,F5_on_time_rate,12.3,7,F1 login count (20.7%) and F6 inactive days (12.6%),2273,0.42327524174880243,0.6154631207827067,0.5145128881122197,0.22580075892825183,8,0.7178,HIGH
2274,OULAD_TEST_2274,0,0.1096,0.5568,0.3058,0.2459,0.1096,LOW,F4_num_submitted,14.3,F6_inactive_days,13.9,F1_login_count,13.5,8,F4 num submitted (14.3%) and F6 inactive days (13.9%),2274,0.0,0.023205148132806552,0.6363526982247447,0.06078106745071449,0,0.0977,LOW
2275,OULAD_TEST_2275,0,0.217,0.4612,0.3572,0.1184,0.217,LOW,F1_login_count,26.7,F6_inactive_days,11.2,F4_num_submitted,10.9,9,F1 login count (26.7%) and F6 inactive days (11.2%),2275,0.04331748711148142,0.2346585038049465,0.6927646347032842,0.24665861515360557,0,0.1189,LOW
2276,OULAD_TEST_2276,0,0.7466,0.6721,0.7205,0.6974,0.7466,HIGH,F1_login_count,22.5,F4_num_submitted,12.6,F6_inactive_days,12.4,9,F1 login count (22.5%) and F4 num submitted (12.6%),2276,0.5905573282956503,0.6122494029362773,0.3086765572623397,0.2969682444759255,7,0.8049,HIGH
2277,OULAD_TEST_2277,0,0.3115,0.6286,0.4846,0.377,0.3115,LOW,F1_login_count,19.4,F5_on_time_rate,13.3,F13_weeks_since_active,11.8,8,F1 login count (19.4%) and F5 on time rate (13.3%),2277,0.10317059648413437,0.25211056175922686,0.49527195030946713,0.2632863848247917,2,0.2687,LOW
2278,OULAD_TEST_2278,0,0.041,0.3876,0.0883,0.0496,0.041,LOW,F1_login_count,21.8,F5_on_time_rate,13.7,F6_inactive_days,13.4,1,F1 login count (21.8%) and F5 on time rate (13.7%),2278,0.0953312500909212,0.020141688547263226,0.8710012527315962,0.3033131070315319,0,0.0685,LOW
2279,OULAD_TEST_2279,0,0.0811,0.4236,0.1452,0.2231,0.0811,LOW,F4_num_submitted,14.7,F6_inactive_days,13.5,F5_on_time_rate,11.4,1,F4 num submitted (14.7%) and F6 inactive days (13.5%),2279,0.10302912928539512,0.0012811516404709622,0.8115413203338857,0.17607799751876782,2,0.1133,LOW
2280,OULAD_TEST_2280,0,0.3019,0.3389,0.453,0.3612,0.3019,LOW,F1_login_count,14.1,F6_inactive_days,12.4,F5_on_time_rate,12.0,16,F1 login count (14.1%) and F6 inactive days (12.4%),2280,0.03874932712094031,0.25548708272746623,0.7312763835381765,0.3508234962674385,3,0.2201,LOW
2281,OULAD_TEST_2281,0,0.4009,0.493,0.3965,0.2779,0.4009,MEDIUM,F1_login_count,19.5,F13_weeks_since_active,13.9,F5_on_time_rate,13.7,5,F1 login count (19.5%) and F13 weeks since active (13.9%),2281,0.21287353476643447,0.33575314223025426,0.4323453533573289,0.26674065005305925,3,0.3466,LOW
2282,OULAD_TEST_2282,0,0.1379,0.4426,0.3748,0.1793,0.1379,LOW,F1_login_count,19.6,F5_on_time_rate,11.4,F6_inactive_days,11.3,5,F1 login count (19.6%) and F5 on time rate (11.4%),2282,0.21594094030473726,0.13651421987253834,0.5610935982720285,0.19889183385179876,0,0.1328,LOW
2283,OULAD_TEST_2283,0,0.1192,0.5194,0.3161,0.206,0.1192,LOW,F1_login_count,22.4,F5_on_time_rate,12.7,F13_weeks_since_active,10.6,8,F1 login count (22.4%) and F5 on time rate (12.7%),2283,0.0,0.108080411655429,0.6540910244555489,0.0,0,0.0981,LOW
2284,OULAD_TEST_2284,1,0.6546,0.3227,0.3478,0.2607,0.6546,MEDIUM,F1_login_count,18.8,F6_inactive_days,13.8,F4_num_submitted,12.6,2,F1 login count (18.8%) and F6 inactive days (13.8%),2284,0.4117795737690612,0.6202495639689789,0.29720535425343325,0.48826365748094713,7,0.7258,HIGH
2285,OULAD_TEST_2285,0,0.6197,0.4671,0.5369,0.7465,0.6197,MEDIUM,F1_login_count,21.6,F6_inactive_days,12.6,F4_num_submitted,12.4,17,F1 login count (21.6%) and F6 inactive days (12.6%),2285,0.47999608932518967,0.6006256892837896,0.31006127270850564,0.45034657608729156,5,0.7618,HIGH
2286,OULAD_TEST_2286,1,0.9818,0.8255,0.9477,0.9566,0.9818,HIGH,F1_login_count,23.8,F5_on_time_rate,15.2,F4_num_submitted,10.9,17,F1 login count (23.8%) and F5 on time rate (15.2%),2286,0.7655990509282595,0.7504801342537759,0.0,0.6238693408845195,7,0.927,HIGH
2287,OULAD_TEST_2287,1,0.4112,0.4581,0.439,0.4127,0.4112,MEDIUM,F1_login_count,13.4,F13_weeks_since_active,11.7,F4_num_submitted,11.5,17,F1 login count (13.4%) and F13 weeks since active (11.7%),2287,0.2626861113955504,0.4190218000472617,0.2801202541022757,0.40464089036621975,4,0.484,MEDIUM
2288,OULAD_TEST_2288,0,0.1212,0.3604,0.2286,0.144,0.1212,LOW,F1_login_count,22.7,F5_on_time_rate,15.7,F6_inactive_days,9.6,7,F1 login count (22.7%) and F5 on time rate (15.7%),2288,0.025088980530835837,0.008113085831211647,0.7500882996129108,0.008065819458313361,0,0.0783,LOW
2289,OULAD_TEST_2289,0,0.1811,0.287,0.2574,0.2403,0.1811,LOW,F4_num_submitted,14.5,F6_inactive_days,13.6,F13_weeks_since_active,12.6,1,F4 num submitted (14.5%) and F6 inactive days (13.6%),2289,0.26900698616985075,0.2009634710510188,0.85235444790822,0.08621309802316049,5,0.2162,LOW
2290,OULAD_TEST_2290,0,0.0958,0.4592,0.1248,0.0725,0.0958,LOW,F1_login_count,20.0,F6_inactive_days,14.1,F4_num_submitted,13.1,5,F1 login count (20.0%) and F6 inactive days (14.1%),2290,0.2409499663797579,0.13100910277622949,0.7697851238123004,0.06893544496299558,0,0.1013,LOW
2291,OULAD_TEST_2291,0,0.2594,0.4889,0.2508,0.2742,0.2594,LOW,F1_login_count,26.2,F5_on_time_rate,14.6,F6_inactive_days,11.0,6,F1 login count (26.2%) and F5 on time rate (14.6%),2291,0.27946580507817953,0.0675846486669997,0.6533935519053513,0.03208668346927193,2,0.2049,LOW
2292,OULAD_TEST_2292,0,0.3494,0.5539,0.3633,0.2355,0.3494,LOW,F1_login_count,22.0,F5_on_time_rate,12.5,F13_weeks_since_active,10.1,8,F1 login count (22.0%) and F5 on time rate (12.5%),2292,0.25311181425650237,0.3044283397223527,0.5777245306155102,0.23687183325602973,3,0.304,LOW
2293,OULAD_TEST_2293,1,0.9997,0.7123,0.7628,0.9806,0.9997,HIGH,F1_login_count,21.4,F4_num_submitted,15.7,F6_inactive_days,14.8,17,F1 login count (21.4%) and F4 num submitted (15.7%),2293,0.6189634278359074,0.8122653109311747,0.039944666988239966,0.3935483504455384,9,0.9089,HIGH
2294,OULAD_TEST_2294,0,0.6378,0.7072,0.8132,0.851,0.6378,MEDIUM,F1_login_count,17.5,F6_inactive_days,15.1,F4_num_submitted,15.0,9,F1 login count (17.5%) and F6 inactive days (15.1%),2294,0.36341555934434344,0.48142877936517,0.38292659668680945,0.5083145441313851,5,0.7652,HIGH
2295,OULAD_TEST_2295,0,0.239,0.4133,0.3835,0.4192,0.239,LOW,F1_login_count,22.5,F5_on_time_rate,13.1,F6_inactive_days,11.7,7,F1 login count (22.5%) and F5 on time rate (13.1%),2295,0.21955141052657573,0.3112181864559204,0.6483373681185666,0.1489964839879159,3,0.2735,LOW
2296,OULAD_TEST_2296,0,0.4047,0.6044,0.4456,0.4666,0.4047,MEDIUM,F1_login_count,19.5,F5_on_time_rate,15.6,F6_inactive_days,10.7,8,F1 login count (19.5%) and F5 on time rate (15.6%),2296,0.32512982208886837,0.29170066874900646,0.4449722830346724,0.18031285153154838,6,0.4596,MEDIUM
2297,OULAD_TEST_2297,0,0.0744,0.3843,0.4839,0.3925,0.0744,LOW,F1_login_count,17.6,F6_inactive_days,14.6,F4_num_submitted,13.9,13,F1 login count (17.6%) and F6 inactive days (14.6%),2297,0.19223985929464293,0.0,0.6608811089991247,0.0,1,0.1272,LOW
2298,OULAD_TEST_2298,0,0.1968,0.4688,0.3044,0.2461,0.1968,LOW,F1_login_count,21.0,F5_on_time_rate,12.5,F4_num_submitted,11.0,17,F1 login count (21.0%) and F5 on time rate (12.5%),2298,0.20280500925361392,0.17333559520040745,0.6176626344719325,0.08993051644569748,4,0.2299,LOW
2299,OULAD_TEST_2299,0,0.176,0.4141,0.4912,0.4983,0.176,LOW,F1_login_count,24.3,F5_on_time_rate,13.4,F6_inactive_days,12.6,9,F1 login count (24.3%) and F5 on time rate (13.4%),2299,0.0,0.2044471797038733,0.6906129496450667,0.1881911652926896,0,0.144,LOW
2300,OULAD_TEST_2300,0,0.145,0.2726,0.2684,0.2649,0.145,LOW,F6_inactive_days,15.6,F4_num_submitted,15.1,F1_login_count,14.5,1,F6 inactive days (15.6%) and F4 num submitted (15.1%),2300,0.20669476177229185,0.11191811311918984,0.6523917038877027,0.15272867744850727,1,0.1406,LOW
2301,OULAD_TEST_2301,0,0.092,0.3016,0.2694,0.1968,0.092,LOW,F1_login_count,22.6,F5_on_time_rate,13.2,F4_num_submitted,10.9,2,F1 login count (22.6%) and F5 on time rate (13.2%),2301,0.0,0.17150964365354016,0.7578338683131431,0.0,1,0.0932,LOW
2302,OULAD_TEST_2302,0,0.374,0.4308,0.3691,0.3718,0.374,LOW,F1_login_count,16.9,F4_num_submitted,13.8,F6_inactive_days,13.3,13,F1 login count (16.9%) and F4 num submitted (13.8%),2302,0.2234028728047648,0.36037805295712727,0.5447150133700418,0.12287523928468386,4,0.3584,LOW
2303,OULAD_TEST_2303,1,0.9719,0.6778,0.7192,0.5552,0.9719,HIGH,F1_login_count,24.7,F5_on_time_rate,14.1,F4_num_submitted,11.2,5,F1 login count (24.7%) and F5 on time rate (14.1%),2303,0.7053500206251695,0.6518580944214856,0.10579794312701819,0.6619678447583577,11,0.8966,HIGH
2304,OULAD_TEST_2304,1,0.9993,0.6829,0.8204,0.9581,0.9993,HIGH,F1_login_count,26.5,F5_on_time_rate,14.7,F4_num_submitted,11.0,13,F1 login count (26.5%) and F5 on time rate (14.7%),2304,0.8990767489783964,0.8070476429194393,0.12883949688389806,0.5128983114461965,9,0.9279,HIGH
2305,OULAD_TEST_2305,0,0.7601,0.4481,0.3659,0.3943,0.7601,HIGH,F1_login_count,16.7,F6_inactive_days,11.7,F5_on_time_rate,10.8,17,F1 login count (16.7%) and F6 inactive days (11.7%),2305,0.843061855600536,0.6011376320518641,0.19972074184788577,0.4632491728895404,6,0.8114,HIGH
2306,OULAD_TEST_2306,0,0.3055,0.4725,0.2282,0.1699,0.3055,LOW,F1_login_count,16.4,F6_inactive_days,14.1,F4_num_submitted,13.9,2,F1 login count (16.4%) and F6 inactive days (14.1%),2306,0.27452230591361826,0.2980238762743538,0.4248223434852339,0.19815055710291324,3,0.2908,LOW
2307,OULAD_TEST_2307,0,0.5412,0.4016,0.5675,0.3386,0.5412,MEDIUM,F1_login_count,17.2,F4_num_submitted,17.1,F6_inactive_days,16.9,17,F1 login count (17.2%) and F4 num submitted (17.1%),2307,0.36052033812796125,0.25003463549007104,0.33252959031808105,0.3621674558072086,2,0.453,MEDIUM
2308,OULAD_TEST_2308,0,0.0158,0.2317,0.1414,0.0343,0.0158,LOW,F1_login_count,15.2,F4_num_submitted,12.8,F6_inactive_days,11.7,1,F1 login count (15.2%) and F4 num submitted (12.8%),2308,0.06451056484805504,0.21735077669741779,0.79176625674066,0.1124724516218246,0,0.0682,LOW
2309,OULAD_TEST_2309,0,0.1193,0.3261,0.3981,0.3079,0.1193,LOW,F13_weeks_since_active,12.8,F1_login_count,11.3,F5_on_time_rate,9.5,1,F13 weeks since active (12.8%) and F1 login count (11.3%),2309,0.17227554258738362,0.1438870875915368,0.5209831243822911,0.0,0,0.1286,LOW
2310,OULAD_TEST_2310,1,0.9984,0.5589,0.7023,0.8263,0.9984,HIGH,F1_login_count,28.5,F5_on_time_rate,15.2,F4_num_submitted,10.5,13,F1 login count (28.5%) and F5 on time rate (15.2%),2310,0.6668132374442808,0.8605501443134153,0.14014645201024825,0.36970088096874143,8,0.8984,HIGH
2311,OULAD_TEST_2311,0,0.4026,0.4097,0.4665,0.4012,0.4026,MEDIUM,F1_login_count,20.5,F5_on_time_rate,14.4,F6_inactive_days,10.4,7,F1 login count (20.5%) and F5 on time rate (14.4%),2311,0.46134113559123224,0.4367354173135317,0.4921577912510466,0.1734663262525978,5,0.5161,MEDIUM
2312,OULAD_TEST_2312,0,0.0935,0.4559,0.2851,0.3133,0.0935,LOW,F6_inactive_days,17.1,F4_num_submitted,16.2,F13_weeks_since_active,10.3,14,F6 inactive days (17.1%) and F4 num submitted (16.2%),2312,0.0884570759191402,0.26696732422501,0.7633352834580286,0.2722834089398623,0,0.1244,LOW
2313,OULAD_TEST_2313,0,0.4935,0.4884,0.4567,0.6979,0.4935,MEDIUM,F1_login_count,19.0,F4_num_submitted,15.8,F6_inactive_days,15.4,13,F1 login count (19.0%) and F4 num submitted (15.8%),2313,0.3952243089091394,0.48913473156707227,0.5417526462526265,0.5387608920104854,4,0.6699,MEDIUM
2314,OULAD_TEST_2314,0,0.288,0.5313,0.341,0.2734,0.288,LOW,F1_login_count,23.1,F6_inactive_days,12.6,F4_num_submitted,12.4,17,F1 login count (23.1%) and F6 inactive days (12.6%),2314,0.2681924252054461,0.32070504771772956,0.5065857169857653,0.3925412562679065,3,0.3151,LOW
2315,OULAD_TEST_2315,1,0.9678,0.7838,0.9081,0.9,0.9678,HIGH,F1_login_count,21.0,F5_on_time_rate,12.6,F4_num_submitted,12.0,14,F1 login count (21.0%) and F5 on time rate (12.6%),2315,0.7196186610614456,0.8330852019571505,0.08316419308840302,0.5575222358687172,11,0.9226,HIGH
2316,OULAD_TEST_2316,1,0.8813,0.5251,0.9267,0.6795,0.8813,HIGH,F4_num_submitted,17.0,F1_login_count,16.9,F6_inactive_days,16.4,17,F4 num submitted (17.0%) and F1 login count (16.9%),2316,0.7008040500469612,0.737782939730644,0.08397358768980646,0.31492619016182044,8,0.8774,HIGH
2317,OULAD_TEST_2317,1,0.4252,0.362,0.2693,0.1845,0.4252,MEDIUM,F1_login_count,18.5,F6_inactive_days,15.0,F4_num_submitted,14.9,17,F1 login count (18.5%) and F6 inactive days (15.0%),2317,0.2359146813453077,0.3233563644796079,0.44143131329840807,0.0,5,0.3448,LOW
2318,OULAD_TEST_2318,0,0.1806,0.5801,0.3397,0.3513,0.1806,LOW,F1_login_count,19.5,F5_on_time_rate,12.7,F4_num_submitted,11.0,14,F1 login count (19.5%) and F5 on time rate (12.7%),2318,0.07058982460539695,0.08742104066283664,0.5783007612195622,0.03467542061407067,2,0.1776,LOW
2319,OULAD_TEST_2319,0,0.0984,0.5106,0.4886,0.3207,0.0984,LOW,F1_login_count,17.5,F13_weeks_since_active,11.8,F5_on_time_rate,10.3,5,F1 login count (17.5%) and F13 weeks since active (11.8%),2319,0.0,0.0286788720240402,0.8878403213686528,0.03527116438207678,1,0.0929,LOW
2320,OULAD_TEST_2320,1,0.8153,0.7034,0.8525,0.8235,0.8153,HIGH,F1_login_count,18.4,F4_num_submitted,15.3,F6_inactive_days,14.9,13,F1 login count (18.4%) and F4 num submitted (15.3%),2320,0.6146601230620226,0.5849605228525613,0.11020999599244288,0.6452550481267151,6,0.8735,HIGH
2321,OULAD_TEST_2321,0,0.1097,0.32,0.1694,0.2838,0.1097,LOW,F1_login_count,21.6,F6_inactive_days,15.5,F4_num_submitted,14.8,6,F1 login count (21.6%) and F6 inactive days (15.5%),2321,0.1546836503512114,0.08717528394519815,0.7821864246895702,0.16995665514509348,0,0.1078,LOW
2322,OULAD_TEST_2322,1,0.3475,0.4023,0.6606,0.4195,0.3475,LOW,F1_login_count,18.8,F4_num_submitted,14.3,F6_inactive_days,13.5,15,F1 login count (18.8%) and F4 num submitted (14.3%),2322,0.28902728661518856,0.16060159382188904,0.3344992612528065,0.23578860947899447,3,0.3312,LOW
2323,OULAD_TEST_2323,0,0.0838,0.5221,0.3945,0.2201,0.0838,LOW,F1_login_count,19.6,F5_on_time_rate,14.4,F13_weeks_since_active,14.0,5,F1 login count (19.6%) and F5 on time rate (14.4%),2323,0.22610924333475374,0.08650332193149686,0.8509588529689787,0.0,0,0.0991,LOW
2324,OULAD_TEST_2324,1,0.0984,0.4942,0.1704,0.1738,0.0984,LOW,F1_login_count,20.9,F5_on_time_rate,12.2,F6_inactive_days,12.0,7,F1 login count (20.9%) and F5 on time rate (12.2%),2324,0.06832039811709534,0.08073355135661266,0.8265011155957059,0.0,2,0.1113,LOW
2325,OULAD_TEST_2325,0,0.0532,0.3209,0.1049,0.1508,0.0532,LOW,F1_login_count,14.6,F6_inactive_days,12.0,F4_num_submitted,11.9,2,F1 login count (14.6%) and F6 inactive days (12.0%),2325,0.10411416555925126,0.05697482387093502,0.7671834110297303,0.062415322448572244,1,0.0911,LOW
2326,OULAD_TEST_2326,0,0.2059,0.4782,0.4234,0.2859,0.2059,LOW,F1_login_count,18.3,F13_weeks_since_active,15.4,F5_on_time_rate,14.1,6,F1 login count (18.3%) and F13 weeks since active (15.4%),2326,0.03495991238606855,0.1332444743984006,0.6125857533862076,0.20718611746076718,1,0.1485,LOW
2327,OULAD_TEST_2327,1,0.9995,0.3044,0.9125,0.9538,0.9995,HIGH,F1_login_count,26.7,F5_on_time_rate,14.2,F13_weeks_since_active,9.9,15,F1 login count (26.7%) and F5 on time rate (14.2%),2327,0.6609400297525598,1.0,0.0404000005613566,0.6467257514694702,8,0.9339,HIGH
2328,OULAD_TEST_2328,0,0.1904,0.5083,0.2223,0.1199,0.1904,LOW,F1_login_count,24.2,F5_on_time_rate,15.5,F6_inactive_days,10.6,9,F1 login count (24.2%) and F5 on time rate (15.5%),2328,0.20283377575657777,0.270649272014425,0.8765590660880289,0.0,2,0.1516,LOW
2329,OULAD_TEST_2329,0,0.3964,0.5612,0.4139,0.4477,0.3964,LOW,F1_login_count,23.7,F5_on_time_rate,16.3,F6_inactive_days,12.0,8,F1 login count (23.7%) and F5 on time rate (16.3%),2329,0.36239021107431435,0.23737659999322214,0.3065563301096515,0.3159201154550503,2,0.3894,LOW
2330,OULAD_TEST_2330,0,0.4888,0.5518,0.5956,0.6339,0.4888,MEDIUM,F1_login_count,25.1,F5_on_time_rate,16.7,F6_inactive_days,10.8,8,F1 login count (25.1%) and F5 on time rate (16.7%),2330,0.31276330523358176,0.4341094469941519,0.4871627387574128,0.3443893160521694,3,0.5666,MEDIUM
2331,OULAD_TEST_2331,1,0.8698,0.4069,0.7587,0.835,0.8698,HIGH,F1_login_count,28.0,F5_on_time_rate,14.3,F6_inactive_days,9.6,11,F1 login count (28.0%) and F5 on time rate (14.3%),2331,0.6017000748141933,0.6906895085650142,0.012998269784609731,0.3934000312571786,7,0.8735,HIGH
2332,OULAD_TEST_2332,0,0.6513,0.7524,0.6984,0.7818,0.6513,MEDIUM,F1_login_count,20.4,F13_weeks_since_active,13.0,F5_on_time_rate,12.9,15,F1 login count (20.4%) and F13 weeks since active (13.0%),2332,0.304122625331919,0.4724466218634069,0.2769681603700269,0.29666148356396926,6,0.7308,HIGH
2333,OULAD_TEST_2333,0,0.0677,0.3987,0.1895,0.0959,0.0677,LOW,F6_inactive_days,14.5,F4_num_submitted,13.8,F5_on_time_rate,11.4,8,F6 inactive days (14.5%) and F4 num submitted (13.8%),2333,0.011687079919339052,0.0,0.7210519880921338,0.12323951694738797,2,0.0926,LOW
2334,OULAD_TEST_2334,0,0.5114,0.5336,0.7701,0.8506,0.5114,MEDIUM,F1_login_count,24.8,F5_on_time_rate,12.6,F6_inactive_days,12.6,8,F1 login count (24.8%) and F5 on time rate (12.6%),2334,0.4470183163519786,0.46926733526074027,0.3480481742202245,0.278699095782493,5,0.7083,HIGH
2335,OULAD_TEST_2335,1,0.9993,0.5766,0.8562,0.9181,0.9993,HIGH,F1_login_count,26.0,F5_on_time_rate,13.4,F4_num_submitted,11.7,17,F1 login count (26.0%) and F5 on time rate (13.4%),2335,0.7570305016106565,0.794894581194434,0.0,0.7902776761963749,9,0.9362,HIGH
2336,OULAD_TEST_2336,0,0.634,0.7363,0.7109,0.7122,0.634,MEDIUM,F1_login_count,19.6,F4_num_submitted,11.5,F5_on_time_rate,11.2,17,F1 login count (19.6%) and F4 num submitted (11.5%),2336,0.49386657213812096,0.6163260819220164,0.17938288547222095,0.4405355131277492,4,0.7829,HIGH
2337,OULAD_TEST_2337,0,0.6353,0.3771,0.3936,0.2845,0.6353,MEDIUM,F1_login_count,17.2,F6_inactive_days,13.0,F4_num_submitted,11.6,2,F1 login count (17.2%) and F6 inactive days (13.0%),2337,0.44968736871809595,0.6195075771624351,0.39467804361279674,0.32278425741728767,7,0.6937,MEDIUM
2338,OULAD_TEST_2338,0,0.3015,0.4328,0.8467,0.8669,0.3015,LOW,F1_login_count,15.1,F6_inactive_days,12.8,F5_on_time_rate,12.8,16,F1 login count (15.1%) and F6 inactive days (12.8%),2338,0.21175631586281762,0.3661881508169159,0.37938564888014004,0.17967532795308805,1,0.3284,LOW
2339,OULAD_TEST_2339,1,0.9007,0.5794,0.715,0.751,0.9007,HIGH,F1_login_count,22.5,F5_on_time_rate,12.9,F4_num_submitted,10.3,14,F1 login count (22.5%) and F5 on time rate (12.9%),2339,0.5644578860526552,0.6974040587140716,0.13341645128283425,0.548026007116526,9,0.8781,HIGH
2340,OULAD_TEST_2340,0,0.1495,0.551,0.3268,0.2012,0.1495,LOW,F1_login_count,26.0,F5_on_time_rate,15.6,F6_inactive_days,10.7,8,F1 login count (26.0%) and F5 on time rate (15.6%),2340,0.1745328420202535,0.16510424885536082,0.647746414746543,0.002293162410994795,0,0.1284,LOW
2341,OULAD_TEST_2341,1,0.7329,0.8723,0.9712,0.9669,0.7329,HIGH,F1_login_count,16.5,F6_inactive_days,14.9,F4_num_submitted,14.8,14,F1 login count (16.5%) and F6 inactive days (14.9%),2341,0.5551272944389389,0.673561337331384,0.09658751061925464,0.3302294162186848,8,0.8549,HIGH
2342,OULAD_TEST_2342,0,0.3354,0.6064,0.6006,0.5356,0.3354,LOW,F13_weeks_since_active,13.4,F1_login_count,13.1,F5_on_time_rate,12.5,13,F13 weeks since active (13.4%) and F1 login count (13.1%),2342,0.2839818847992799,0.24715574599168277,0.5519183370598696,0.28540678725713986,3,0.3542,LOW
2343,OULAD_TEST_2343,0,0.4371,0.4447,0.6149,0.6863,0.4371,MEDIUM,F1_login_count,27.8,F5_on_time_rate,15.5,F13_weeks_since_active,9.0,7,F1 login count (27.8%) and F5 on time rate (15.5%),2343,0.2533665157332419,0.30979324340857,0.2946248913293522,0.36369279564505147,4,0.5225,MEDIUM
2344,OULAD_TEST_2344,0,0.1318,0.5673,0.4108,0.2766,0.1318,LOW,F1_login_count,27.1,F5_on_time_rate,16.5,F6_inactive_days,10.2,8,F1 login count (27.1%) and F5 on time rate (16.5%),2344,0.0,0.24079165326207783,0.6985313821719635,0.15153377634635504,2,0.1514,LOW
2345,OULAD_TEST_2345,1,0.483,0.5202,0.5673,0.592,0.483,MEDIUM,F1_login_count,28.5,F5_on_time_rate,17.2,F2_vle_clicks,10.3,5,F1 login count (28.5%) and F5 on time rate (17.2%),2345,0.4478152711753695,0.4287496700585643,0.2713123092188446,0.4716381713188562,7,0.6976,MEDIUM
2346,OULAD_TEST_2346,0,0.1091,0.4592,0.2853,0.5506,0.1091,LOW,F1_login_count,19.0,F5_on_time_rate,13.0,F6_inactive_days,12.3,7,F1 login count (19.0%) and F5 on time rate (13.0%),2346,0.028486254399159576,0.14361242005693903,0.7588472084317831,0.000447211678607784,2,0.166,LOW
2347,OULAD_TEST_2347,0,0.4636,0.5763,0.5855,0.5642,0.4636,MEDIUM,F1_login_count,24.1,F5_on_time_rate,13.9,F6_inactive_days,13.9,16,F1 login count (24.1%) and F5 on time rate (13.9%),2347,0.23824242359568792,0.3282939190537658,0.33668426663696244,0.4790724919285356,4,0.5484,MEDIUM
2348,OULAD_TEST_2348,0,0.5036,0.4403,0.7808,0.8263,0.5036,MEDIUM,F1_login_count,26.7,F5_on_time_rate,14.1,F6_inactive_days,12.2,15,F1 login count (26.7%) and F5 on time rate (14.1%),2348,0.4218678911913994,0.3305172426782246,0.352020598297069,0.1940494657735017,5,0.6598,MEDIUM
2349,OULAD_TEST_2349,0,0.9218,0.8031,0.7522,0.864,0.9218,HIGH,F1_login_count,18.2,F4_num_submitted,16.1,F6_inactive_days,15.5,17,F1 login count (18.2%) and F4 num submitted (16.1%),2349,0.606058736008087,0.7379740180406311,0.09195493879431627,0.43155773239578077,8,0.8865,HIGH
2350,OULAD_TEST_2350,0,0.2515,0.5347,0.333,0.3744,0.2515,LOW,F1_login_count,26.9,F5_on_time_rate,15.3,F6_inactive_days,11.0,6,F1 login count (26.9%) and F5 on time rate (15.3%),2350,0.2820436384046622,0.20385328900880023,0.5215457888157764,0.0,1,0.232,LOW
2351,OULAD_TEST_2351,0,0.3251,0.4102,0.425,0.2769,0.3251,LOW,F1_login_count,16.5,F13_weeks_since_active,12.5,F5_on_time_rate,11.6,7,F1 login count (16.5%) and F13 weeks since active (12.5%),2351,0.28927059495766977,0.1911973994546121,0.5341236000331698,0.14156456234078194,2,0.2519,LOW
2352,OULAD_TEST_2352,0,0.0384,0.4768,0.2627,0.0928,0.0384,LOW,F1_login_count,18.9,F6_inactive_days,14.3,F4_num_submitted,13.4,11,F1 login count (18.9%) and F6 inactive days (14.3%),2352,0.09523693232004776,0.03185241530796935,0.6178969498755147,0.0,0,0.0818,LOW
2353,OULAD_TEST_2353,0,0.1433,0.2806,0.4091,0.5318,0.1433,LOW,F1_login_count,18.6,F6_inactive_days,15.9,F4_num_submitted,15.6,13,F1 login count (18.6%) and F6 inactive days (15.9%),2353,0.0,0.0,0.7484475603596157,0.14909247363055805,2,0.1428,LOW
2354,OULAD_TEST_2354,1,0.9952,0.4752,0.5503,0.3936,0.9952,HIGH,F1_login_count,21.8,F6_inactive_days,14.0,F4_num_submitted,14.0,9,F1 login count (21.8%) and F6 inactive days (14.0%),2354,0.81783439853864,0.7563162062024102,0.18033138055507716,0.6263869129944541,8,0.8888,HIGH
2355,OULAD_TEST_2355,1,0.4816,0.6047,0.528,0.4288,0.4816,MEDIUM,F1_login_count,18.3,F6_inactive_days,15.4,F4_num_submitted,14.1,11,F1 login count (18.3%) and F6 inactive days (15.4%),2355,0.36324505312338556,0.46303289986214996,0.6939408867909962,0.1458031954777036,6,0.5575,MEDIUM
2356,OULAD_TEST_2356,1,0.9056,0.7799,0.5641,0.7495,0.9056,HIGH,F1_login_count,18.0,F4_num_submitted,13.6,F6_inactive_days,13.5,5,F1 login count (18.0%) and F4 num submitted (13.6%),2356,0.5969922860753796,0.8180632416222315,0.08463681466664395,0.49623285138890183,10,0.8828,HIGH
2357,OULAD_TEST_2357,0,0.0283,0.4123,0.188,0.1792,0.0283,LOW,F1_login_count,20.2,F6_inactive_days,13.8,F4_num_submitted,13.0,1,F1 login count (20.2%) and F6 inactive days (13.8%),2357,0.03414884673422511,0.0,0.8561804140797187,0.0,0,0.0668,LOW
2358,OULAD_TEST_2358,0,0.2215,0.5336,0.3613,0.3421,0.2215,LOW,F1_login_count,26.4,F5_on_time_rate,15.0,F6_inactive_days,11.1,6,F1 login count (26.4%) and F5 on time rate (15.0%),2358,0.0,0.10685385527384375,0.4447374327092511,0.0,2,0.1872,LOW
2359,OULAD_TEST_2359,0,0.2886,0.5204,0.4221,0.3289,0.2886,LOW,F13_weeks_since_active,16.5,F1_login_count,15.4,F5_on_time_rate,12.9,6,F13 weeks since active (16.5%) and F1 login count (15.4%),2359,0.2428852811480671,0.16311771587791912,0.7193934326305589,0.05544639275839568,2,0.2188,LOW
2360,OULAD_TEST_2360,1,0.9897,0.4801,0.5451,0.5209,0.9897,HIGH,F1_login_count,26.9,F5_on_time_rate,13.7,F13_weeks_since_active,10.6,7,F1 login count (26.9%) and F5 on time rate (13.7%),2360,0.5898528491817928,0.8113835403246948,0.0858628504724106,0.5013223643263093,10,0.8802,HIGH
2361,OULAD_TEST_2361,0,0.3868,0.3652,0.2523,0.7613,0.3868,LOW,F1_login_count,20.5,F6_inactive_days,11.9,F5_on_time_rate,11.6,17,F1 login count (20.5%) and F6 inactive days (11.9%),2361,0.1354929714156465,0.38034147933162327,0.44216665550487666,0.4041150023785135,5,0.5046,MEDIUM
2362,OULAD_TEST_2362,0,0.2704,0.4982,0.3657,0.297,0.2704,LOW,F1_login_count,24.8,F5_on_time_rate,14.0,F6_inactive_days,10.0,8,F1 login count (24.8%) and F5 on time rate (14.0%),2362,0.03704408137821086,0.3040996553075459,0.707398080028901,0.18521408591488228,1,0.177,LOW
2363,OULAD_TEST_2363,0,0.1079,0.3833,0.4361,0.3785,0.1079,LOW,F6_inactive_days,17.4,F4_num_submitted,17.3,F5_on_time_rate,12.3,13,F6 inactive days (17.4%) and F4 num submitted (17.3%),2363,0.1867988374989925,0.05199246116144247,0.688232392335466,0.14420025047369994,0,0.1229,LOW
2364,OULAD_TEST_2364,1,0.9902,0.7538,0.5624,0.9122,0.9902,HIGH,F1_login_count,20.0,F13_weeks_since_active,12.3,F6_inactive_days,12.1,12,F1 login count (20.0%) and F13 weeks since active (12.3%),2364,0.6302136606307212,0.7493906059212172,0.0,0.4142837403420946,10,0.8994,HIGH
2365,OULAD_TEST_2365,1,0.2673,0.4127,0.4747,0.2147,0.2673,LOW,F1_login_count,14.2,F5_on_time_rate,13.0,F6_inactive_days,11.3,1,F1 login count (14.2%) and F5 on time rate (13.0%),2365,0.3404827709916499,0.24863249102930665,0.6336934925427491,0.30368573796167897,3,0.2619,LOW
2366,OULAD_TEST_2366,0,0.2585,0.364,0.247,0.2623,0.2585,LOW,F1_login_count,20.9,F4_num_submitted,14.3,F6_inactive_days,14.3,1,F1 login count (20.9%) and F4 num submitted (14.3%),2366,0.12736985369477022,0.15384220234993204,0.4868645500169682,0.31123224756289114,0,0.1692,LOW
2367,OULAD_TEST_2367,0,0.546,0.4492,0.3393,0.3662,0.546,MEDIUM,F1_login_count,17.1,F6_inactive_days,15.6,F4_num_submitted,15.1,16,F1 login count (17.1%) and F6 inactive days (15.6%),2367,0.2114642042407053,0.4226397888911038,0.4653624764399948,0.08779860394264488,4,0.4269,MEDIUM
2368,OULAD_TEST_2368,1,0.7131,0.6861,0.784,0.8174,0.7131,HIGH,F1_login_count,17.7,F6_inactive_days,14.5,F4_num_submitted,14.4,9,F1 login count (17.7%) and F6 inactive days (14.5%),2368,0.38751755600513405,0.712157087234963,0.12392101880731571,0.34322199313009816,5,0.808,HIGH
2369,OULAD_TEST_2369,0,0.3647,0.6954,0.6913,0.8091,0.3647,LOW,F1_login_count,19.5,F6_inactive_days,13.0,F4_num_submitted,12.2,11,F1 login count (19.5%) and F6 inactive days (13.0%),2369,0.3788711620006939,0.37616423428526147,0.4032345210176814,0.27831186876186126,2,0.4461,MEDIUM
2370,OULAD_TEST_2370,0,0.067,0.2641,0.1649,0.07,0.067,LOW,F13_weeks_since_active,13.2,F4_num_submitted,12.3,F6_inactive_days,11.9,1,F13 weeks since active (13.2%) and F4 num submitted (12.3%),2370,0.03131018220633325,0.06958794498011614,0.6554310211591666,0.11752661442458186,0,0.0738,LOW
2371,OULAD_TEST_2371,0,0.3622,0.4971,0.417,0.3125,0.3622,LOW,F1_login_count,18.5,F13_weeks_since_active,15.6,F5_on_time_rate,14.2,5,F1 login count (18.5%) and F13 weeks since active (15.6%),2371,0.19871127035093988,0.2061164799109822,0.5861900037516121,0.1359006323415334,3,0.2823,LOW
2372,OULAD_TEST_2372,1,0.8691,0.6255,0.8869,0.9142,0.8691,HIGH,F1_login_count,22.7,F5_on_time_rate,13.2,F6_inactive_days,10.4,15,F1 login count (22.7%) and F5 on time rate (13.2%),2372,0.6243718225852788,0.7556467253976527,0.04304246384802925,0.4848000644335616,7,0.8934,HIGH
2373,OULAD_TEST_2373,0,0.781,0.6056,0.795,0.8491,0.781,HIGH,F1_login_count,25.3,F5_on_time_rate,15.0,F6_inactive_days,10.3,9,F1 login count (25.3%) and F5 on time rate (15.0%),2373,0.5968782736167545,0.7488625832630021,0.040400421563283107,0.3969142726745829,6,0.8617,HIGH
2374,OULAD_TEST_2374,0,0.1201,0.4044,0.3049,0.1974,0.1201,LOW,F1_login_count,20.8,F6_inactive_days,15.0,F4_num_submitted,14.0,11,F1 login count (20.8%) and F6 inactive days (15.0%),2374,0.1958098815902461,0.07203430673875715,0.6433520000064203,0.08531016563353434,0,0.1132,LOW
2375,OULAD_TEST_2375,0,0.0636,0.2873,0.15,0.1196,0.0636,LOW,F1_login_count,21.2,F5_on_time_rate,13.2,F4_num_submitted,11.4,1,F1 login count (21.2%) and F5 on time rate (13.2%),2375,0.18936992298929264,0.1621491271989372,0.7459157629319513,0.18182142377542954,0,0.0957,LOW
2376,OULAD_TEST_2376,0,0.5796,0.3885,0.4218,0.4162,0.5796,MEDIUM,F1_login_count,19.0,F4_num_submitted,13.7,F6_inactive_days,13.7,17,F1 login count (19.0%) and F4 num submitted (13.7%),2376,0.3697431354210914,0.5960796231614566,0.21822275163356145,0.25523494114305545,5,0.6631,MEDIUM
2377,OULAD_TEST_2377,1,0.5282,0.3518,0.5975,0.6925,0.5282,MEDIUM,F1_login_count,24.9,F5_on_time_rate,12.7,F6_inactive_days,10.7,16,F1 login count (24.9%) and F5 on time rate (12.7%),2377,0.23713523139179613,0.5820686265714778,0.2622718890965656,0.43701845973220965,7,0.7061,HIGH
2378,OULAD_TEST_2378,0,0.8405,0.5531,0.7445,0.813,0.8405,HIGH,F1_login_count,17.8,F4_num_submitted,13.3,F6_inactive_days,13.2,15,F1 login count (17.8%) and F4 num submitted (13.3%),2378,0.5470034838876723,0.7388444501225082,0.33872963340995843,0.41049935131837345,9,0.8523,HIGH
2379,OULAD_TEST_2379,0,0.4267,0.5016,0.6895,0.5109,0.4267,MEDIUM,F6_inactive_days,14.6,F4_num_submitted,13.4,F1_login_count,12.4,9,F6 inactive days (14.6%) and F4 num submitted (13.4%),2379,0.3247180506582886,0.40968633598448095,0.3725834596186112,0.1543047345003739,1,0.3699,LOW
2380,OULAD_TEST_2380,0,0.2908,0.4439,0.5193,0.4436,0.2908,LOW,F6_inactive_days,16.4,F4_num_submitted,15.4,F1_login_count,11.8,16,F6 inactive days (16.4%) and F4 num submitted (15.4%),2380,0.1071841073789389,0.3603149830664872,0.5350557631226994,0.2727113542011856,3,0.3023,LOW
2381,OULAD_TEST_2381,0,0.0783,0.3165,0.2048,0.1637,0.0783,LOW,F1_login_count,14.3,F13_weeks_since_active,10.9,F7_score_change,9.7,1,F1 login count (14.3%) and F13 weeks since active (10.9%),2381,0.0,0.10234651496551804,0.7006362999200715,0.157612365360914,1,0.0939,LOW
2382,OULAD_TEST_2382,1,0.8595,0.6209,0.6514,0.6944,0.8595,HIGH,F1_login_count,22.3,F13_weeks_since_active,11.7,F5_on_time_rate,11.3,12,F1 login count (22.3%) and F13 weeks since active (11.7%),2382,0.6360287881549885,0.6904762713767829,0.07026431922295578,0.6178691924115186,7,0.876,HIGH
2383,OULAD_TEST_2383,0,0.0285,0.3527,0.2253,0.0904,0.0285,LOW,F13_weeks_since_active,14.8,F1_login_count,11.5,F4_num_submitted,10.2,7,F13 weeks since active (14.8%) and F1 login count (11.5%),2383,0.015084764842954883,0.0,0.8393346739969103,0.0,0,0.059,LOW
2384,OULAD_TEST_2384,1,0.9262,0.5305,0.8586,0.8884,0.9262,HIGH,F1_login_count,19.0,F4_num_submitted,15.1,F6_inactive_days,14.3,6,F1 login count (19.0%) and F4 num submitted (15.1%),2384,0.6516196995411587,0.8063543963018992,0.15385429504720494,0.4998058826313539,9,0.9027,HIGH
2385,OULAD_TEST_2385,1,0.8459,0.8415,0.9302,0.8273,0.8459,HIGH,F1_login_count,17.4,F6_inactive_days,12.8,F4_num_submitted,12.3,11,F1 login count (17.4%) and F6 inactive days (12.8%),2385,0.5162804665299929,0.6157700862443025,0.09268455684684081,0.6062986310403986,8,0.8779,HIGH
2386,OULAD_TEST_2386,0,0.5746,0.4287,0.5586,0.5308,0.5746,MEDIUM,F1_login_count,22.1,F5_on_time_rate,13.2,F6_inactive_days,10.3,7,F1 login count (22.1%) and F5 on time rate (13.2%),2386,0.37917992857942323,0.4769492867708646,0.2166721713407651,0.34974502086766734,4,0.6883,MEDIUM
2387,OULAD_TEST_2387,0,0.5481,0.3714,0.7077,0.4939,0.5481,MEDIUM,F1_login_count,20.0,F6_inactive_days,13.2,F4_num_submitted,12.1,14,F1 login count (20.0%) and F6 inactive days (13.2%),2387,0.2912466855731696,0.5536087694584203,0.4889640227848904,0.2000168584563043,3,0.587,MEDIUM
2388,OULAD_TEST_2388,1,0.954,0.8158,0.9157,0.9691,0.954,HIGH,F1_login_count,22.9,F4_num_submitted,15.5,F6_inactive_days,14.9,13,F1 login count (22.9%) and F4 num submitted (15.5%),2388,0.7568198411124787,0.6355996919067775,0.027265890880331774,0.627398152695053,9,0.9203,HIGH
2389,OULAD_TEST_2389,0,0.0412,0.3388,0.28,0.1148,0.0412,LOW,F1_login_count,17.2,F6_inactive_days,15.6,F4_num_submitted,13.9,1,F1 login count (17.2%) and F6 inactive days (15.6%),2389,0.13236493347237527,0.1577785681435612,0.9400721814857169,0.0,0,0.0721,LOW
2390,OULAD_TEST_2390,0,0.4309,0.6223,0.6319,0.6026,0.4309,MEDIUM,F13_weeks_since_active,17.0,F1_login_count,16.8,F5_on_time_rate,13.9,6,F13 weeks since active (17.0%) and F1 login count (16.8%),2390,0.11701121377619061,0.45605493749625275,0.23072141024348367,0.47388298180706545,3,0.4875,MEDIUM
2391,OULAD_TEST_2391,0,0.6375,0.6452,0.7444,0.7655,0.6375,MEDIUM,F1_login_count,18.7,F4_num_submitted,12.7,F6_inactive_days,12.7,11,F1 login count (18.7%) and F4 num submitted (12.7%),2391,0.3532989139807589,0.5050938307335618,0.30954032212833205,0.567880975490191,6,0.7719,HIGH
2392,OULAD_TEST_2392,1,0.995,0.7495,0.8486,0.9067,0.995,HIGH,F1_login_count,21.8,F4_num_submitted,13.3,F6_inactive_days,12.0,9,F1 login count (21.8%) and F4 num submitted (13.3%),2392,0.5468470744909921,0.8892212662297447,0.1958606333876208,0.669491691162668,8,0.9153,HIGH
2393,OULAD_TEST_2393,0,0.0981,0.4785,0.2253,0.1155,0.0981,LOW,F1_login_count,17.3,F13_weeks_since_active,12.4,F5_on_time_rate,11.3,7,F1 login count (17.3%) and F13 weeks since active (12.4%),2393,0.0036676065593101714,0.08363681815250613,0.6861935864561842,0.22218080457237283,0,0.0873,LOW
2394,OULAD_TEST_2394,1,0.6953,0.6385,0.7538,0.7803,0.6953,MEDIUM,F1_login_count,22.6,F5_on_time_rate,12.6,F4_num_submitted,12.5,10,F1 login count (22.6%) and F5 on time rate (12.6%),2394,0.4783662030209639,0.6894042294750946,0.22121065766653636,0.4249549620148057,7,0.8157,HIGH
2395,OULAD_TEST_2395,0,0.3852,0.4371,0.4326,0.4154,0.3852,LOW,F1_login_count,20.3,F5_on_time_rate,13.4,F13_weeks_since_active,11.8,7,F1 login count (20.3%) and F5 on time rate (13.4%),2395,0.12467547803014697,0.4060346514215953,0.5213911691590339,0.3229724993250019,3,0.3468,LOW
2396,OULAD_TEST_2396,0,0.2525,0.5655,0.3343,0.2409,0.2525,LOW,F1_login_count,26.8,F5_on_time_rate,16.8,F6_inactive_days,9.3,8,F1 login count (26.8%) and F5 on time rate (16.8%),2396,0.08456401868746867,0.10261934214535924,0.5421204181115044,0.328826435436249,0,0.1545,LOW
2397,OULAD_TEST_2397,0,0.2428,0.2858,0.4705,0.5571,0.2428,LOW,F1_login_count,23.8,F5_on_time_rate,15.0,F6_inactive_days,12.3,13,F1 login count (23.8%) and F5 on time rate (15.0%),2397,0.06956426279185011,0.2533609930771341,0.5745528067947268,0.1751398418153175,1,0.2136,LOW
2398,OULAD_TEST_2398,0,0.0442,0.3096,0.1755,0.1661,0.0442,LOW,F13_weeks_since_active,13.6,F4_num_submitted,11.7,F1_login_count,11.2,9,F13 weeks since active (13.6%) and F4 num submitted (11.7%),2398,0.05166673293989439,0.021119771708540187,0.7308584905808597,0.0,0,0.0736,LOW
2399,OULAD_TEST_2399,0,0.1345,0.5247,0.3792,0.5903,0.1345,LOW,F1_login_count,15.7,F6_inactive_days,13.5,F4_num_submitted,13.1,14,F1 login count (15.7%) and F6 inactive days (13.5%),2399,0.10108443370362503,0.120951605641448,0.6296579265573627,0.0,1,0.1798,LOW
2400,OULAD_TEST_2400,0,0.0329,0.3009,0.371,0.131,0.0329,LOW,F1_login_count,15.6,F6_inactive_days,12.6,F5_on_time_rate,12.4,1,F1 login count (15.6%) and F6 inactive days (12.6%),2400,0.0,0.0,0.896565655020056,0.009763976913420718,0,0.0557,LOW
2401,OULAD_TEST_2401,0,0.058,0.3348,0.3632,0.1696,0.058,LOW,F1_login_count,17.7,F6_inactive_days,16.6,F4_num_submitted,15.3,1,F1 login count (17.7%) and F6 inactive days (16.6%),2401,0.05828208721393979,0.18915096552966684,0.7997078032296435,0.13361078214747735,0,0.0837,LOW
2402,OULAD_TEST_2402,1,0.7153,0.7062,0.8323,0.8099,0.7153,HIGH,F1_login_count,24.1,F5_on_time_rate,11.7,F6_inactive_days,11.1,7,F1 login count (24.1%) and F5 on time rate (11.7%),2402,0.44604199154127344,0.691209945592206,0.25282282321033017,0.5426560113081156,8,0.835,HIGH
2403,OULAD_TEST_2403,0,0.1903,0.4628,0.3653,0.2581,0.1903,LOW,F1_login_count,19.4,F13_weeks_since_active,11.8,F6_inactive_days,11.7,5,F1 login count (19.4%) and F13 weeks since active (11.8%),2403,0.10604448896739467,0.1025733068821626,0.7286171006890116,0.17470380788620915,0,0.1203,LOW
2404,OULAD_TEST_2404,0,0.2581,0.5313,0.3628,0.446,0.2581,LOW,F1_login_count,22.3,F5_on_time_rate,13.2,F13_weeks_since_active,12.0,6,F1 login count (22.3%) and F5 on time rate (13.2%),2404,0.3480152090298537,0.11261615144718139,0.5670844166796534,0.08990410860453123,4,0.3229,LOW
2405,OULAD_TEST_2405,0,0.0553,0.3783,0.2641,0.0852,0.0553,LOW,F1_login_count,22.8,F4_num_submitted,12.8,F6_inactive_days,12.6,2,F1 login count (22.8%) and F4 num submitted (12.8%),2405,0.17275610517903478,0.01615118952177214,0.6783396181647099,0.0,0,0.0809,LOW
2406,OULAD_TEST_2406,0,0.145,0.3237,0.3229,0.2601,0.145,LOW,F13_weeks_since_active,15.0,F4_num_submitted,13.1,F5_on_time_rate,13.0,11,F13 weeks since active (15.0%) and F4 num submitted (13.1%),2406,0.0,0.15801021168730445,0.6237375695385443,0.02757418823943178,0,0.1044,LOW
2407,OULAD_TEST_2407,1,0.9065,0.3889,0.833,0.9633,0.9065,HIGH,F1_login_count,28.2,F5_on_time_rate,13.8,F6_inactive_days,12.4,8,F1 login count (28.2%) and F5 on time rate (13.8%),2407,0.7175232417879174,0.7897414675156977,0.07497830411046091,0.5073786154735258,7,0.9068,HIGH
2408,OULAD_TEST_2408,1,0.9926,0.4823,0.7084,0.8055,0.9926,HIGH,F1_login_count,29.6,F5_on_time_rate,16.2,F2_vle_clicks,9.7,10,F1 login count (29.6%) and F5 on time rate (16.2%),2408,0.7759596554491592,0.9439606259814595,0.0,0.5580085239371982,10,0.9253,HIGH
2409,OULAD_TEST_2409,0,0.0342,0.3843,0.213,0.1394,0.0342,LOW,F6_inactive_days,12.7,F1_login_count,12.3,F4_num_submitted,12.2,7,F6 inactive days (12.7%) and F1 login count (12.3%),2409,0.0,0.09226357777446818,0.7226138983413324,0.09474676283735092,0,0.0751,LOW
2410,OULAD_TEST_2410,0,0.6077,0.5356,0.6713,0.6928,0.6077,MEDIUM,F1_login_count,21.0,F6_inactive_days,13.4,F4_num_submitted,13.3,14,F1 login count (21.0%) and F6 inactive days (13.4%),2410,0.507267764375486,0.5941105220602326,0.26222833581285654,0.6029011693217807,5,0.7881,HIGH
2411,OULAD_TEST_2411,1,0.4852,0.4383,0.5501,0.5919,0.4852,MEDIUM,F1_login_count,25.6,F5_on_time_rate,15.6,F6_inactive_days,12.5,8,F1 login count (25.6%) and F5 on time rate (15.6%),2411,0.4934331918412553,0.438568432048835,0.6242956229829013,0.30594350422093114,7,0.6475,MEDIUM
2412,OULAD_TEST_2412,0,0.5269,0.3937,0.6079,0.8089,0.5269,MEDIUM,F1_login_count,21.7,F6_inactive_days,13.9,F4_num_submitted,13.6,13,F1 login count (21.7%) and F6 inactive days (13.9%),2412,0.2565755193755586,0.3367211015831208,0.1010985060066083,0.29013218530122464,4,0.6233,MEDIUM
2413,OULAD_TEST_2413,0,0.9986,0.33,0.3529,0.4666,0.9986,HIGH,F1_login_count,18.5,F4_num_submitted,15.3,F6_inactive_days,14.7,17,F1 login count (18.5%) and F4 num submitted (15.3%),2413,0.6072697178985736,0.833154117508248,0.0,0.5680533824395089,10,0.8821,HIGH
2414,OULAD_TEST_2414,0,0.1659,0.433,0.2473,0.1699,0.1659,LOW,F1_login_count,21.6,F5_on_time_rate,12.4,F13_weeks_since_active,10.0,4,F1 login count (21.6%) and F5 on time rate (12.4%),2414,0.21789614668435023,0.22582217919269326,0.8398493792814772,0.1144661720289257,3,0.1715,LOW
2415,OULAD_TEST_2415,1,0.9946,0.76,0.7914,0.8097,0.9946,HIGH,F1_login_count,26.5,F5_on_time_rate,13.4,F13_weeks_since_active,11.4,5,F1 login count (26.5%) and F5 on time rate (13.4%),2415,0.7233695310825647,0.8412881657180283,0.016504446413245367,0.4973647487581921,10,0.9173,HIGH
2416,OULAD_TEST_2416,0,0.2216,0.2969,0.3803,0.3108,0.2216,LOW,F6_inactive_days,17.6,F4_num_submitted,17.0,F1_login_count,12.9,15,F6 inactive days (17.6%) and F4 num submitted (17.0%),2416,0.2102676275239523,0.22860722948989975,0.6980617473421094,0.1473838270495266,0,0.1537,LOW
2417,OULAD_TEST_2417,0,0.134,0.4915,0.4129,0.2875,0.134,LOW,F1_login_count,17.3,F13_weeks_since_active,15.0,F5_on_time_rate,14.3,5,F1 login count (17.3%) and F13 weeks since active (15.0%),2417,0.12785892164004967,0.08840013478030935,0.7027826315099769,0.13449748035981596,2,0.1491,LOW
2418,OULAD_TEST_2418,0,0.6251,0.5697,0.6871,0.6632,0.6251,MEDIUM,F1_login_count,20.4,F6_inactive_days,13.2,F4_num_submitted,12.9,8,F1 login count (20.4%) and F6 inactive days (13.2%),2418,0.47663959209281437,0.4489500521166524,0.23318666187835196,0.40022232762893856,4,0.746,HIGH
2419,OULAD_TEST_2419,1,0.9256,0.2626,0.4215,0.8781,0.9256,HIGH,F1_login_count,16.9,F6_inactive_days,13.1,F13_weeks_since_active,12.3,13,F1 login count (16.9%) and F6 inactive days (13.1%),2419,0.5152727871688916,0.7768924748763112,0.0,0.6102650320805737,11,0.8917,HIGH
2420,OULAD_TEST_2420,0,0.0659,0.35,0.3009,0.1102,0.0659,LOW,F1_login_count,17.5,F6_inactive_days,14.3,F4_num_submitted,13.7,1,F1 login count (17.5%) and F6 inactive days (14.3%),2420,0.15086177066214485,0.08073879544261231,0.7678255687036304,0.09158971312182423,0,0.0826,LOW
2421,OULAD_TEST_2421,0,0.235,0.3207,0.381,0.264,0.235,LOW,F1_login_count,21.3,F5_on_time_rate,12.6,F4_num_submitted,11.1,8,F1 login count (21.3%) and F5 on time rate (12.6%),2421,0.28145899924277734,0.14729498244308448,0.534439339539761,0.0,6,0.2856,LOW
2422,OULAD_TEST_2422,0,0.3131,0.6423,0.6871,0.4941,0.3131,LOW,F1_login_count,25.5,F5_on_time_rate,16.7,F6_inactive_days,8.9,9,F1 login count (25.5%) and F5 on time rate (16.7%),2422,0.19623092559319721,0.24727810041146653,0.4694864593834697,0.26428441900744837,5,0.3773,LOW
2423,OULAD_TEST_2423,0,0.0421,0.2666,0.1954,0.0929,0.0421,LOW,F1_login_count,21.7,F6_inactive_days,13.7,F4_num_submitted,12.8,8,F1 login count (21.7%) and F6 inactive days (13.7%),2423,0.025122305018613754,0.0,0.7164212744020888,0.0,0,0.0632,LOW
2424,OULAD_TEST_2424,1,0.9973,0.53,0.5683,0.779,0.9973,HIGH,F1_login_count,28.7,F5_on_time_rate,14.5,F6_inactive_days,11.3,14,F1 login count (28.7%) and F5 on time rate (14.5%),2424,0.5449992497444277,0.9372445934051277,0.17664614066234938,0.46687930043952497,10,0.8938,HIGH
2425,OULAD_TEST_2425,1,0.5088,0.3774,0.1654,0.1158,0.5088,MEDIUM,F1_login_count,20.1,F6_inactive_days,15.0,F4_num_submitted,14.9,1,F1 login count (20.1%) and F6 inactive days (15.0%),2425,0.4075854756017835,0.40892353939295734,0.6334437542253972,0.17274578065740046,6,0.4124,MEDIUM
2426,OULAD_TEST_2426,0,0.0605,0.4055,0.1682,0.082,0.0605,LOW,F1_login_count,20.6,F6_inactive_days,13.8,F4_num_submitted,13.6,7,F1 login count (20.6%) and F6 inactive days (13.8%),2426,0.09955574417141441,0.16764544361009465,0.7733207937528401,0.08832499325670351,1,0.0954,LOW
2427,OULAD_TEST_2427,1,0.8184,0.312,0.5539,0.5398,0.8184,HIGH,F6_inactive_days,17.4,F4_num_submitted,16.9,F1_login_count,13.0,14,F6 inactive days (17.4%) and F4 num submitted (16.9%),2427,0.5666608983000688,0.8179398280432727,0.09880327760882722,0.46433100873301764,8,0.8454,HIGH
2428,OULAD_TEST_2428,1,0.7468,0.6407,0.6124,0.4759,0.7468,HIGH,F1_login_count,19.6,F5_on_time_rate,13.2,F6_inactive_days,12.8,8,F1 login count (19.6%) and F5 on time rate (13.2%),2428,0.6351953359870502,0.6282963228222606,0.08483735825487895,0.2462437459217507,9,0.8028,HIGH
2429,OULAD_TEST_2429,0,0.1312,0.4343,0.1987,0.1329,0.1312,LOW,F1_login_count,20.2,F5_on_time_rate,11.9,F6_inactive_days,11.1,5,F1 login count (20.2%) and F5 on time rate (11.9%),2429,0.058432276902005954,0.030844101396212034,0.741894016154607,0.136084537823074,1,0.1001,LOW
2430,OULAD_TEST_2430,1,0.8473,0.768,0.7907,0.7887,0.8473,HIGH,F1_login_count,26.8,F5_on_time_rate,15.3,F13_weeks_since_active,9.8,5,F1 login count (26.8%) and F5 on time rate (15.3%),2430,0.64957059258936,0.5533331697813331,0.3004505600065144,0.3356270243041408,7,0.8416,HIGH
2431,OULAD_TEST_2431,1,0.6313,0.7265,0.8085,0.587,0.6313,MEDIUM,F1_login_count,22.4,F13_weeks_since_active,11.7,F5_on_time_rate,10.6,11,F1 login count (22.4%) and F13 weeks since active (11.7%),2431,0.3399435661307884,0.4188420341578567,0.2702259612974844,0.3955585630221853,5,0.7236,HIGH
2432,OULAD_TEST_2432,1,0.9102,0.7701,0.8664,0.7636,0.9102,HIGH,F1_login_count,19.5,F4_num_submitted,14.2,F6_inactive_days,14.0,11,F1 login count (19.5%) and F4 num submitted (14.2%),2432,0.6347847849125761,0.6637632140081071,0.0,0.5747398710807664,10,0.8989,HIGH
2433,OULAD_TEST_2433,0,0.1326,0.359,0.3081,0.305,0.1326,LOW,F4_num_submitted,15.9,F6_inactive_days,15.7,F1_login_count,12.0,1,F4 num submitted (15.9%) and F6 inactive days (15.7%),2433,0.07538457420971639,0.22298757019692036,0.7609249671815523,0.18582924980340537,1,0.1338,LOW
2434,OULAD_TEST_2434,1,0.8979,0.4562,0.7415,0.7936,0.8979,HIGH,F1_login_count,20.7,F6_inactive_days,11.3,F4_num_submitted,10.7,16,F1 login count (20.7%) and F6 inactive days (11.3%),2434,0.6510607922040942,0.7724809669781557,0.18021997114500493,0.7525421743760221,9,0.9028,HIGH
2435,OULAD_TEST_2435,0,0.078,0.4703,0.2479,0.2009,0.078,LOW,F1_login_count,23.7,F5_on_time_rate,15.4,F6_inactive_days,12.3,5,F1 login count (23.7%) and F5 on time rate (15.4%),2435,0.017647307116664138,0.09746836192735903,0.5790154359614152,0.0,1,0.1093,LOW
2436,OULAD_TEST_2436,0,0.3545,0.521,0.5728,0.4252,0.3545,LOW,F1_login_count,12.5,F13_weeks_since_active,12.2,F7_score_change,10.1,13,F1 login count (12.5%) and F13 weeks since active (12.2%),2436,0.2350027404328332,0.12369131928518987,0.5340484183662952,0.20640313727243403,0,0.2281,LOW
2437,OULAD_TEST_2437,0,0.4772,0.6504,0.6477,0.6063,0.4772,MEDIUM,F1_login_count,16.4,F4_num_submitted,13.5,F6_inactive_days,13.0,8,F1 login count (16.4%) and F4 num submitted (13.5%),2437,0.41664471714415063,0.309782685662619,0.4633626016136098,0.2531597645946939,5,0.6099,MEDIUM
2438,OULAD_TEST_2438,0,0.7706,0.6091,0.7474,0.7969,0.7706,HIGH,F1_login_count,19.2,F6_inactive_days,12.4,F4_num_submitted,12.0,15,F1 login count (19.2%) and F6 inactive days (12.4%),2438,0.49574357627617816,0.7259763821157029,0.1762092697991062,0.5144099623153154,8,0.85,HIGH
2439,OULAD_TEST_2439,1,0.4054,0.6484,0.5529,0.4883,0.4054,MEDIUM,F1_login_count,17.7,F6_inactive_days,11.9,F4_num_submitted,11.9,9,F1 login count (17.7%) and F6 inactive days (11.9%),2439,0.12312228992613203,0.3675319289906068,0.3966029080914647,0.2691202525120342,6,0.4438,MEDIUM
2440,OULAD_TEST_2440,1,0.9162,0.528,0.6186,0.8948,0.9162,HIGH,F1_login_count,20.3,F13_weeks_since_active,14.5,F6_inactive_days,13.2,10,F1 login count (20.3%) and F13 weeks since active (14.5%),2440,0.8162983904205421,0.7669935777051522,0.1686337223563556,0.5074144508716056,6,0.8972,HIGH
2441,OULAD_TEST_2441,0,0.2452,0.5531,0.3279,0.2181,0.2452,LOW,F1_login_count,19.9,F5_on_time_rate,12.7,F13_weeks_since_active,10.9,8,F1 login count (19.9%) and F5 on time rate (12.7%),2441,0.3097854078690486,0.2536073886880098,0.5635020254031318,0.09421173736669734,4,0.2854,LOW
2442,OULAD_TEST_2442,0,0.0412,0.4996,0.4081,0.3238,0.0412,LOW,F1_login_count,19.9,F6_inactive_days,14.8,F4_num_submitted,13.4,5,F1 login count (19.9%) and F6 inactive days (14.8%),2442,0.0,0.1658838244908652,0.6185213837300069,0.0,0,0.1034,LOW
2443,OULAD_TEST_2443,1,0.4897,0.5088,0.4483,0.4601,0.4897,MEDIUM,F1_login_count,21.8,F5_on_time_rate,17.1,F13_weeks_since_active,13.7,11,F1 login count (21.8%) and F5 on time rate (17.1%),2443,0.4117607805245194,0.39856160291703596,0.20329255143303188,0.41236338988878113,5,0.6492,MEDIUM
2444,OULAD_TEST_2444,0,0.3439,0.4299,0.1816,0.1806,0.3439,LOW,F6_inactive_days,17.7,F4_num_submitted,17.4,F1_login_count,15.7,17,F6 inactive days (17.7%) and F4 num submitted (17.4%),2444,0.19043252294486565,0.29786458421264556,0.650964951999931,0.2614445017919435,5,0.2954,LOW
2445,OULAD_TEST_2445,0,0.4452,0.4554,0.4297,0.4735,0.4452,MEDIUM,F1_login_count,17.0,F13_weeks_since_active,14.2,F5_on_time_rate,12.4,7,F1 login count (17.0%) and F13 weeks since active (14.2%),2445,0.33798872153310594,0.3938277534985044,0.5055063976471118,0.37725218373541647,5,0.5318,MEDIUM
2446,OULAD_TEST_2446,1,0.5717,0.5276,0.7057,0.5876,0.5717,MEDIUM,F1_login_count,22.4,F6_inactive_days,12.4,F4_num_submitted,12.2,17,F1 login count (22.4%) and F6 inactive days (12.4%),2446,0.4296124129013494,0.6773137708219193,0.3514373547129169,0.30577246362293836,6,0.7305,HIGH
2447,OULAD_TEST_2447,0,0.0651,0.3108,0.1628,0.115,0.0651,LOW,F1_login_count,13.9,F4_num_submitted,13.0,F6_inactive_days,12.8,1,F1 login count (13.9%) and F4 num submitted (13.0%),2447,0.022129219968367798,0.0,0.7038925363149197,0.0,1,0.0787,LOW
2448,OULAD_TEST_2448,1,0.3914,0.485,0.6265,0.5853,0.3914,LOW,F1_login_count,23.8,F5_on_time_rate,13.8,F6_inactive_days,12.4,6,F1 login count (23.8%) and F5 on time rate (13.8%),2448,0.19560343344136033,0.3873478411831046,0.4339801585796873,0.10544219200449265,3,0.3779,LOW
2449,OULAD_TEST_2449,1,0.3364,0.5337,0.4143,0.3694,0.3364,LOW,F1_login_count,19.1,F4_num_submitted,14.5,F6_inactive_days,14.5,13,F1 login count (19.1%) and F4 num submitted (14.5%),2449,0.16642589476837402,0.27675582009927485,0.4233063351558389,0.24491011004887914,3,0.3285,LOW
2450,OULAD_TEST_2450,0,0.0402,0.304,0.1731,0.104,0.0402,LOW,F6_inactive_days,17.2,F4_num_submitted,17.0,F1_login_count,12.4,1,F6 inactive days (17.2%) and F4 num submitted (17.0%),2450,0.0,0.07951173809473436,0.7246944355440116,0.0,0,0.0675,LOW
2451,OULAD_TEST_2451,0,0.2266,0.8013,0.7358,0.4334,0.2266,LOW,F1_login_count,19.2,F5_on_time_rate,13.0,F13_weeks_since_active,10.1,11,F1 login count (19.2%) and F5 on time rate (13.0%),2451,0.0754377791769555,0.14002019568042207,0.4067112784879826,0.357799568275986,2,0.2372,LOW
2452,OULAD_TEST_2452,0,0.1883,0.446,0.3669,0.387,0.1883,LOW,F6_inactive_days,18.1,F4_num_submitted,17.4,F1_login_count,12.1,16,F6 inactive days (18.1%) and F4 num submitted (17.4%),2452,0.12509217099506445,0.15613779753132398,0.5757536346531487,0.0,0,0.1544,LOW
2453,OULAD_TEST_2453,0,0.1427,0.4549,0.303,0.348,0.1427,LOW,F1_login_count,21.3,F6_inactive_days,11.9,F5_on_time_rate,9.6,9,F1 login count (21.3%) and F6 inactive days (11.9%),2453,0.028314001088924817,0.1782078463572396,0.6547462483648906,0.11845921430550022,2,0.1617,LOW
2454,OULAD_TEST_2454,0,0.19,0.4589,0.3156,0.3252,0.19,LOW,F1_login_count,18.3,F13_weeks_since_active,13.7,F5_on_time_rate,11.7,9,F1 login count (18.3%) and F13 weeks since active (13.7%),2454,0.20120520657126195,0.4105328160835073,0.708988004719042,0.3020225648656543,1,0.2073,LOW
2455,OULAD_TEST_2455,0,0.3888,0.4016,0.3495,0.6863,0.3888,LOW,F1_login_count,27.1,F5_on_time_rate,14.9,F6_inactive_days,11.0,15,F1 login count (27.1%) and F5 on time rate (14.9%),2455,0.4208846155335927,0.3951228951521657,0.48496735366266364,0.3051707711116571,3,0.4964,MEDIUM
2456,OULAD_TEST_2456,1,0.1653,0.1777,0.3093,0.3705,0.1653,LOW,F13_weeks_since_active,13.5,F4_num_submitted,12.5,F6_inactive_days,11.5,9,F13 weeks since active (13.5%) and F4 num submitted (12.5%),2456,0.05770467586299569,0.0726597521575593,0.747252311387556,0.12026084549901353,1,0.1207,LOW
2457,OULAD_TEST_2457,0,0.5378,0.5355,0.7483,0.4927,0.5378,MEDIUM,F1_login_count,21.8,F5_on_time_rate,11.1,F13_weeks_since_active,11.1,5,F1 login count (21.8%) and F5 on time rate (11.1%),2457,0.4004004500535377,0.42322922543818364,0.504673510511343,0.20646196236457248,3,0.6121,MEDIUM
2458,OULAD_TEST_2458,0,0.5552,0.6679,0.6807,0.5929,0.5552,MEDIUM,F1_login_count,22.6,F5_on_time_rate,14.3,F13_weeks_since_active,10.4,5,F1 login count (22.6%) and F5 on time rate (14.3%),2458,0.43860851103029336,0.4356468713292917,0.46165700938241017,0.16730769737187556,8,0.6781,MEDIUM
2459,OULAD_TEST_2459,0,0.1049,0.335,0.1674,0.2266,0.1049,LOW,F1_login_count,25.6,F6_inactive_days,13.0,F5_on_time_rate,12.9,14,F1 login count (25.6%) and F6 inactive days (13.0%),2459,0.12063022709192744,0.0,0.7631309847378558,0.1553460130701103,0,0.0927,LOW
2460,OULAD_TEST_2460,1,0.3702,0.2923,0.5254,0.4717,0.3702,LOW,F1_login_count,19.4,F6_inactive_days,13.9,F4_num_submitted,13.1,14,F1 login count (19.4%) and F6 inactive days (13.9%),2460,0.2667355267916087,0.288262784663885,0.5050262679180785,0.40285766889299357,3,0.3708,LOW
2461,OULAD_TEST_2461,0,0.0343,0.2522,0.1594,0.1637,0.0343,LOW,F1_login_count,17.0,F6_inactive_days,13.6,F4_num_submitted,12.7,9,F1 login count (17.0%) and F6 inactive days (13.6%),2461,0.09827824183597222,0.0877813265457396,0.6744811991586441,0.0,0,0.0799,LOW
2462,OULAD_TEST_2462,0,0.1221,0.2071,0.1098,0.0491,0.1221,LOW,F4_num_submitted,13.5,F6_inactive_days,13.4,F1_login_count,12.9,1,F4 num submitted (13.5%) and F6 inactive days (13.4%),2462,0.13369489526806572,0.0018464304738563947,0.7763144051379317,0.0,1,0.0812,LOW
2463,OULAD_TEST_2463,0,0.5587,0.594,0.5196,0.5121,0.5587,MEDIUM,F1_login_count,17.3,F6_inactive_days,12.3,F4_num_submitted,12.1,9,F1 login count (17.3%) and F6 inactive days (12.3%),2463,0.26732375776727013,0.5587736120840474,0.5210147382221529,0.04023966833411774,7,0.6213,MEDIUM
2464,OULAD_TEST_2464,0,0.1925,0.4679,0.3957,0.1872,0.1925,LOW,F1_login_count,21.8,F5_on_time_rate,14.4,F4_num_submitted,12.2,6,F1 login count (21.8%) and F5 on time rate (14.4%),2464,0.2216656064389273,0.20264698568674705,0.6802106039650418,0.0,3,0.1866,LOW
2465,OULAD_TEST_2465,1,0.9721,0.3322,0.217,0.3052,0.9721,HIGH,F1_login_count,19.5,F4_num_submitted,13.5,F6_inactive_days,13.3,17,F1 login count (19.5%) and F4 num submitted (13.5%),2465,0.7691990837266741,0.7675463342423169,0.21404591484261234,0.5696211789001152,11,0.8634,HIGH
2466,OULAD_TEST_2466,1,0.9984,0.2083,0.5987,0.8429,0.9984,HIGH,F1_login_count,22.8,F5_on_time_rate,13.6,F4_num_submitted,11.8,15,F1 login count (22.8%) and F5 on time rate (13.6%),2466,0.6225513895821417,0.8373176290129721,0.0,0.790934788900408,10,0.923,HIGH
2467,OULAD_TEST_2467,1,0.0634,0.3986,0.1448,0.2407,0.0634,LOW,F1_login_count,22.2,F6_inactive_days,14.6,F4_num_submitted,13.9,5,F1 login count (22.2%) and F6 inactive days (14.6%),2467,0.0481737835447602,0.18175574461128263,0.6338636615220459,0.1188160430679562,0,0.107,LOW
2468,OULAD_TEST_2468,1,0.85,0.5882,0.6386,0.7274,0.85,HIGH,F1_login_count,17.3,F5_on_time_rate,13.3,F6_inactive_days,12.4,15,F1 login count (17.3%) and F5 on time rate (13.3%),2468,0.663332899281107,0.7811838250804692,0.20552015077482627,0.5466102485648103,6,0.8701,HIGH
2469,OULAD_TEST_2469,0,0.0276,0.2399,0.1824,0.0523,0.0276,LOW,F6_inactive_days,16.3,F1_login_count,15.0,F4_num_submitted,14.3,1,F6 inactive days (16.3%) and F1 login count (15.0%),2469,0.0,0.024162692391851825,0.8043490210153251,0.0,0,0.0546,LOW
2470,OULAD_TEST_2470,0,0.0444,0.3058,0.1641,0.2039,0.0444,LOW,F6_inactive_days,16.7,F4_num_submitted,16.5,F1_login_count,11.7,1,F6 inactive days (16.7%) and F4 num submitted (16.5%),2470,0.1383778047766012,0.018725334643121257,0.8958582176571808,0.0,0,0.0745,LOW
2471,OULAD_TEST_2471,0,0.1241,0.3215,0.3212,0.2558,0.1241,LOW,F1_login_count,15.3,F13_weeks_since_active,14.3,F5_on_time_rate,11.6,8,F1 login count (15.3%) and F13 weeks since active (14.3%),2471,0.3232572494619361,0.11161372563613277,0.699172835927326,0.24313771170095563,2,0.1707,LOW
2472,OULAD_TEST_2472,0,0.0933,0.2948,0.2425,0.0973,0.0933,LOW,F1_login_count,23.1,F6_inactive_days,12.1,F4_num_submitted,11.9,8,F1 login count (23.1%) and F6 inactive days (12.1%),2472,0.0,0.03836391536461571,0.6385624577471669,0.08006862489100673,1,0.0841,LOW
2473,OULAD_TEST_2473,1,0.6631,0.4609,0.4282,0.4327,0.6631,MEDIUM,F1_login_count,20.8,F5_on_time_rate,16.1,F6_inactive_days,12.5,17,F1 login count (20.8%) and F5 on time rate (16.1%),2473,0.3260655396846225,0.3952550395424788,0.24816067577949574,0.14554791696947733,9,0.6657,MEDIUM
2474,OULAD_TEST_2474,0,0.1804,0.3474,0.215,0.1938,0.1804,LOW,F1_login_count,21.7,F5_on_time_rate,13.1,F4_num_submitted,11.7,17,F1 login count (21.7%) and F5 on time rate (13.1%),2474,0.1566618595604876,0.31671423284277844,0.5024116029076267,0.027415242252330857,3,0.202,LOW
2475,OULAD_TEST_2475,0,0.126,0.4292,0.3063,0.2291,0.126,LOW,F13_weeks_since_active,14.1,F4_num_submitted,13.3,F6_inactive_days,12.2,7,F13 weeks since active (14.1%) and F4 num submitted (13.3%),2475,0.16035625051261437,0.11952599993595212,0.5863409326902966,0.0,0,0.1211,LOW
2476,OULAD_TEST_2476,0,0.0559,0.3026,0.2806,0.2224,0.0559,LOW,F1_login_count,14.5,F13_weeks_since_active,13.0,F4_num_submitted,11.6,9,F1 login count (14.5%) and F13 weeks since active (13.0%),2476,0.0160433626155231,0.07936678120980296,0.8525243997918011,0.0,0,0.0725,LOW
2477,OULAD_TEST_2477,0,0.0871,0.4936,0.2735,0.1163,0.0871,LOW,F1_login_count,19.8,F6_inactive_days,15.4,F4_num_submitted,14.5,16,F1 login count (19.8%) and F6 inactive days (15.4%),2477,0.20629606633210343,0.06940238000984729,0.8175987414469611,0.11980927923421023,2,0.1186,LOW
2478,OULAD_TEST_2478,0,0.1346,0.3301,0.1655,0.1767,0.1346,LOW,F6_inactive_days,16.5,F4_num_submitted,15.9,F1_login_count,15.2,16,F6 inactive days (16.5%) and F4 num submitted (15.9%),2478,0.0,0.05560065594203296,0.7286204284806077,0.06786661418469007,3,0.1219,LOW
2479,OULAD_TEST_2479,0,0.4719,0.5542,0.6807,0.7365,0.4719,MEDIUM,F1_login_count,22.1,F5_on_time_rate,15.5,F6_inactive_days,10.7,8,F1 login count (22.1%) and F5 on time rate (15.5%),2479,0.3996218623031611,0.3862410415240983,0.25037224790395307,0.2739161511595606,2,0.5905,MEDIUM
2480,OULAD_TEST_2480,0,0.0958,0.4235,0.2007,0.1159,0.0958,LOW,F1_login_count,21.7,F5_on_time_rate,13.0,F6_inactive_days,11.1,5,F1 login count (21.7%) and F5 on time rate (13.0%),2480,0.006473917924110659,0.0,0.6875196424487111,0.21509677935902838,3,0.1172,LOW
2481,OULAD_TEST_2481,1,0.8598,0.5296,0.5301,0.52,0.8598,HIGH,F1_login_count,22.1,F5_on_time_rate,13.0,F6_inactive_days,11.5,7,F1 login count (22.1%) and F5 on time rate (13.0%),2481,0.7737977906207296,0.9129969198442643,0.0,0.4323046692255974,9,0.8793,HIGH
2482,OULAD_TEST_2482,0,0.164,0.6101,0.406,0.2411,0.164,LOW,F1_login_count,16.9,F13_weeks_since_active,11.4,F6_inactive_days,9.6,9,F1 login count (16.9%) and F13 weeks since active (11.4%),2482,0.31405153531681185,0.04063904012620831,0.7864533253787767,0.32210394310648194,1,0.1537,LOW
2483,OULAD_TEST_2483,0,0.0443,0.3237,0.2777,0.2114,0.0443,LOW,F13_weeks_since_active,15.2,F1_login_count,11.6,F4_num_submitted,10.1,7,F13 weeks since active (15.2%) and F1 login count (11.6%),2483,0.0,0.0,0.7061877866437399,0.0,2,0.0917,LOW
2484,OULAD_TEST_2484,0,0.113,0.2522,0.3885,0.31,0.113,LOW,F5_on_time_rate,13.1,F6_inactive_days,10.7,F4_num_submitted,10.1,1,F5 on time rate (13.1%) and F6 inactive days (10.7%),2484,0.024144286409141985,0.06082926364908796,0.6010252289218451,0.07850378359350857,3,0.1379,LOW
2485,OULAD_TEST_2485,0,0.0345,0.3719,0.13,0.0556,0.0345,LOW,F1_login_count,18.0,F4_num_submitted,12.8,F6_inactive_days,12.2,1,F1 login count (18.0%) and F4 num submitted (12.8%),2485,0.1101087886979802,0.1323710579881902,0.7753796165121425,0.0,1,0.0842,LOW
2486,OULAD_TEST_2486,0,0.0525,0.2509,0.0776,0.0273,0.0525,LOW,F1_login_count,16.1,F6_inactive_days,11.2,F13_weeks_since_active,11.0,1,F1 login count (16.1%) and F6 inactive days (11.2%),2486,0.0,0.045785719941012326,0.6939845543165388,0.04631029602011533,1,0.071,LOW
2487,OULAD_TEST_2487,0,0.3154,0.4584,0.4193,0.5203,0.3154,LOW,F1_login_count,16.5,F13_weeks_since_active,13.5,F5_on_time_rate,12.3,7,F1 login count (16.5%) and F13 weeks since active (13.5%),2487,0.21623887820677617,0.169199136317563,0.6960543910203707,0.24259103940877547,4,0.3206,LOW
2488,OULAD_TEST_2488,0,0.3489,0.586,0.4331,0.5011,0.3489,LOW,F1_login_count,16.6,F6_inactive_days,13.6,F4_num_submitted,13.6,12,F1 login count (16.6%) and F6 inactive days (13.6%),2488,0.246768842054241,0.39691206886058716,0.4473989102465809,0.26140022881066516,2,0.3588,LOW
2489,OULAD_TEST_2489,0,0.3401,0.4233,0.4263,0.5263,0.3401,LOW,F1_login_count,18.7,F5_on_time_rate,13.3,F13_weeks_since_active,13.2,17,F1 login count (18.7%) and F5 on time rate (13.3%),2489,0.04610268438023435,0.3475650501428385,0.3879971740775368,0.1136859203255304,3,0.328,LOW
2490,OULAD_TEST_2490,0,0.0857,0.2059,0.0945,0.0994,0.0857,LOW,F6_inactive_days,15.0,F4_num_submitted,14.7,F1_login_count,12.8,1,F6 inactive days (15.0%) and F4 num submitted (14.7%),2490,0.05860622539057627,0.11591979657731619,0.5161486484242486,0.0,0,0.0846,LOW
2491,OULAD_TEST_2491,0,0.1898,0.5373,0.4884,0.4114,0.1898,LOW,F1_login_count,13.6,F5_on_time_rate,12.2,F7_score_change,9.4,16,F1 login count (13.6%) and F5 on time rate (12.2%),2491,0.0638872225935826,0.21858873929366723,0.6450813497586585,0.41426061490868527,1,0.1826,LOW
2492,OULAD_TEST_2492,0,0.1206,0.3314,0.2247,0.4666,0.1206,LOW,F1_login_count,14.5,F6_inactive_days,13.3,F4_num_submitted,13.0,16,F1 login count (14.5%) and F6 inactive days (13.3%),2492,0.03510771776002279,0.29405895204659604,0.6473269886142075,0.014281879247933622,0,0.145,LOW
2493,OULAD_TEST_2493,0,0.134,0.3619,0.2018,0.2165,0.134,LOW,F1_login_count,22.1,F5_on_time_rate,13.9,F6_inactive_days,13.1,7,F1 login count (22.1%) and F5 on time rate (13.9%),2493,0.2381632003468814,0.28870759160288895,0.5499095393488274,0.16430549264063837,0,0.1542,LOW
2494,OULAD_TEST_2494,0,0.0366,0.228,0.1412,0.1111,0.0366,LOW,F6_inactive_days,14.7,F4_num_submitted,14.6,F5_on_time_rate,10.5,1,F6 inactive days (14.7%) and F4 num submitted (14.6%),2494,0.0,0.0,0.8896426461255786,0.0,0,0.0554,LOW
2495,OULAD_TEST_2495,0,0.2376,0.5749,0.4566,0.4979,0.2376,LOW,F1_login_count,27.8,F5_on_time_rate,15.1,F6_inactive_days,10.9,7,F1 login count (27.8%) and F5 on time rate (15.1%),2495,0.24764051867479772,0.33187079942489217,0.6766445147429242,0.10900647361143878,1,0.2465,LOW
2496,OULAD_TEST_2496,0,0.0331,0.3849,0.1226,0.112,0.0331,LOW,F1_login_count,19.8,F6_inactive_days,14.0,F4_num_submitted,13.3,5,F1 login count (19.8%) and F6 inactive days (14.0%),2496,0.0,0.058788455180712025,0.770698212106277,0.004596073922106848,1,0.0771,LOW
2497,OULAD_TEST_2497,1,0.5767,0.8524,0.7674,0.6952,0.5767,MEDIUM,F1_login_count,15.7,F6_inactive_days,15.2,F4_num_submitted,14.3,9,F1 login count (15.7%) and F6 inactive days (15.2%),2497,0.37571398315041654,0.5301226652910199,0.47507262441708675,0.4027578083913399,3,0.7086,HIGH
2498,OULAD_TEST_2498,1,0.6822,0.4097,0.366,0.3749,0.6822,MEDIUM,F1_login_count,20.2,F5_on_time_rate,15.8,F6_inactive_days,13.4,17,F1 login count (20.2%) and F5 on time rate (15.8%),2498,0.5565771896051711,0.44448833346853367,0.32049360333986127,0.08262550308096733,6,0.6651,MEDIUM
2499,OULAD_TEST_2499,0,0.0524,0.3588,0.1978,0.0657,0.0524,LOW,F1_login_count,21.2,F6_inactive_days,12.8,F4_num_submitted,12.4,9,F1 login count (21.2%) and F6 inactive days (12.8%),2499,0.07068512945688904,0.030909138768944328,0.6757944098481569,0.051376873569399684,0,0.0736,LOW
2500,OULAD_TEST_2500,1,0.1643,0.3741,0.423,0.1993,0.1643,LOW,F1_login_count,19.2,F6_inactive_days,14.8,F4_num_submitted,13.6,1,F1 login count (19.2%) and F6 inactive days (14.8%),2500,0.1720712997219531,0.07462911277307481,0.5646379836009234,0.0,1,0.1296,LOW
2501,OULAD_TEST_2501,1,0.9006,0.6425,0.7882,0.7442,0.9006,HIGH,F1_login_count,17.5,F4_num_submitted,15.7,F6_inactive_days,14.9,17,F1 login count (17.5%) and F4 num submitted (15.7%),2501,0.7272384660532861,0.8317547051914647,0.16131815444538616,0.5792814853433909,8,0.8997,HIGH
2502,OULAD_TEST_2502,0,0.5752,0.4915,0.7798,0.7757,0.5752,MEDIUM,F1_login_count,24.5,F5_on_time_rate,15.0,F13_weeks_since_active,11.2,14,F1 login count (24.5%) and F5 on time rate (15.0%),2502,0.3695091616816677,0.5746064400322244,0.3794766956467351,0.2207604963794205,3,0.7001,HIGH
2503,OULAD_TEST_2503,1,0.2006,0.4961,0.3304,0.4065,0.2006,LOW,F1_login_count,25.5,F5_on_time_rate,15.6,F6_inactive_days,11.7,6,F1 login count (25.5%) and F5 on time rate (15.6%),2503,0.07919632654922495,0.004551091918695072,0.6564947767970662,0.01770207648893024,2,0.1678,LOW
2504,OULAD_TEST_2504,0,0.2065,0.2837,0.306,0.1546,0.2065,LOW,F1_login_count,19.3,F6_inactive_days,13.7,F5_on_time_rate,13.3,1,F1 login count (19.3%) and F6 inactive days (13.7%),2504,0.036034947344220164,0.17376221087965835,0.5501502197131093,0.0910646867528078,3,0.1549,LOW
2505,OULAD_TEST_2505,0,0.3432,0.3902,0.2524,0.3909,0.3432,LOW,F1_login_count,23.1,F6_inactive_days,13.4,F4_num_submitted,12.1,15,F1 login count (23.1%) and F6 inactive days (13.4%),2505,0.15769894700210446,0.3814689203835402,0.5862347567005755,0.07964046364761657,4,0.3301,LOW
2506,OULAD_TEST_2506,0,0.7638,0.3947,0.4246,0.7292,0.7638,HIGH,F1_login_count,19.4,F4_num_submitted,13.9,F6_inactive_days,13.6,17,F1 login count (19.4%) and F4 num submitted (13.9%),2506,0.8295694425308726,0.6342956830149243,0.11341011168660506,0.40121586639175744,9,0.8485,HIGH
2507,OULAD_TEST_2507,1,0.5686,0.7239,0.5924,0.6075,0.5686,MEDIUM,F1_login_count,17.3,F5_on_time_rate,13.2,F4_num_submitted,12.5,5,F1 login count (17.3%) and F5 on time rate (13.2%),2507,0.5224879580736786,0.5416350916001891,0.3349213345406322,0.19795490777480212,5,0.7067,HIGH
2508,OULAD_TEST_2508,1,0.9819,0.5824,0.6177,0.617,0.9819,HIGH,F1_login_count,22.6,F13_weeks_since_active,12.4,F4_num_submitted,11.1,9,F1 login count (22.6%) and F13 weeks since active (12.4%),2508,0.5522225633791978,0.8627082374101667,0.159174414638698,0.36915954579615273,10,0.8746,HIGH
2509,OULAD_TEST_2509,0,0.2814,0.5912,0.3817,0.3485,0.2814,LOW,F1_login_count,16.3,F13_weeks_since_active,13.4,F4_num_submitted,10.4,8,F1 login count (16.3%) and F13 weeks since active (13.4%),2509,0.06473420432564297,0.2665228185562101,0.5087965764189855,0.2909948462915231,3,0.2754,LOW
2510,OULAD_TEST_2510,0,0.057,0.4023,0.1958,0.1478,0.057,LOW,F1_login_count,16.5,F6_inactive_days,14.5,F4_num_submitted,13.6,2,F1 login count (16.5%) and F6 inactive days (14.5%),2510,0.08808660617184916,0.026744801754536203,0.5971010742927139,0.0,1,0.0981,LOW
2511,OULAD_TEST_2511,0,0.8763,0.3043,0.6283,0.739,0.8763,HIGH,F1_login_count,22.5,F6_inactive_days,11.9,F4_num_submitted,10.8,15,F1 login count (22.5%) and F6 inactive days (11.9%),2511,0.6681364797377966,0.6475285356691431,0.0,0.5043382934870418,6,0.8729,HIGH
2512,OULAD_TEST_2512,0,0.0808,0.5388,0.212,0.1447,0.0808,LOW,F1_login_count,18.3,F6_inactive_days,13.1,F4_num_submitted,13.1,4,F1 login count (18.3%) and F6 inactive days (13.1%),2512,0.11144838353173644,0.0,0.8347898826687623,0.13882692977925418,0,0.0821,LOW
2513,OULAD_TEST_2513,0,0.5342,0.71,0.5482,0.6052,0.5342,MEDIUM,F6_inactive_days,15.0,F1_login_count,14.8,F13_weeks_since_active,14.6,16,F6 inactive days (15.0%) and F1 login count (14.8%),2513,0.3484444206446302,0.5108182011564254,0.398113113738021,0.2467267076980748,7,0.6702,MEDIUM
2514,OULAD_TEST_2514,1,0.2986,0.5948,0.4574,0.4384,0.2986,LOW,F1_login_count,25.4,F5_on_time_rate,15.8,F6_inactive_days,9.7,7,F1 login count (25.4%) and F5 on time rate (15.8%),2514,0.19647457399970997,0.25536666044151063,0.5482322621311247,0.08014009203053545,0,0.2264,LOW
2515,OULAD_TEST_2515,1,0.3818,0.8782,0.8705,0.6338,0.3818,LOW,F5_on_time_rate,16.5,F1_login_count,15.7,F13_weeks_since_active,14.5,9,F5 on time rate (16.5%) and F1 login count (15.7%),2515,0.3000479524159357,0.31344902043142203,0.44365061946884315,0.2562285706400906,3,0.3985,LOW
2516,OULAD_TEST_2516,1,0.9928,0.6046,0.6306,0.6887,0.9928,HIGH,F1_login_count,27.9,F5_on_time_rate,14.9,F6_inactive_days,9.7,17,F1 login count (27.9%) and F5 on time rate (14.9%),2516,0.7035493006293331,0.8099687966142117,0.054295990755319,0.7298320587272582,11,0.9163,HIGH
2517,OULAD_TEST_2517,0,0.06,0.4959,0.3703,0.1406,0.06,LOW,F1_login_count,18.6,F6_inactive_days,13.9,F4_num_submitted,13.2,11,F1 login count (18.6%) and F6 inactive days (13.9%),2517,0.0,0.026584892361539856,0.6670895149009777,0.0,0,0.0766,LOW
2518,OULAD_TEST_2518,1,0.1798,0.4031,0.1925,0.1803,0.1798,LOW,F1_login_count,17.3,F4_num_submitted,14.0,F6_inactive_days,12.8,8,F1 login count (17.3%) and F4 num submitted (14.0%),2518,0.10288003694248059,0.23658294355905113,0.6867265568642597,0.08986226015790733,1,0.1394,LOW
2519,OULAD_TEST_2519,1,0.9993,0.4966,0.721,0.6958,0.9993,HIGH,F6_inactive_days,17.9,F4_num_submitted,17.9,F1_login_count,14.8,17,F6 inactive days (17.9%) and F4 num submitted (17.9%),2519,0.6143693565739686,0.8225854734505578,0.0,0.3916806486039207,10,0.8972,HIGH
2520,OULAD_TEST_2520,1,0.6708,0.5651,0.6372,0.547,0.6708,MEDIUM,F1_login_count,17.9,F13_weeks_since_active,14.1,F6_inactive_days,13.3,8,F1 login count (17.9%) and F13 weeks since active (14.1%),2520,0.4870811418908511,0.4628948229358744,0.17359406147249462,0.35529587955813713,6,0.7535,HIGH
2521,OULAD_TEST_2521,1,0.9809,0.8302,0.8831,0.9526,0.9809,HIGH,F1_login_count,17.8,F4_num_submitted,15.8,F6_inactive_days,15.0,17,F1 login count (17.8%) and F4 num submitted (15.8%),2521,0.9851559002603409,0.8932571420432138,0.0,0.592644562144569,9,0.9418,HIGH
2522,OULAD_TEST_2522,0,0.0898,0.2918,0.2565,0.1612,0.0898,LOW,F13_weeks_since_active,11.2,F1_login_count,10.8,F7_score_change,10.4,1,F13 weeks since active (11.2%) and F1 login count (10.8%),2522,0.09960816654743043,0.05993986689082263,0.6906192553516038,0.0,0,0.0843,LOW
2523,OULAD_TEST_2523,0,0.599,0.5108,0.451,0.5634,0.599,MEDIUM,F1_login_count,24.1,F5_on_time_rate,16.1,F6_inactive_days,11.5,6,F1 login count (24.1%) and F5 on time rate (16.1%),2523,0.38794703138276015,0.5116616692426221,0.3159170164066297,0.3045609799409722,7,0.6927,MEDIUM
2524,OULAD_TEST_2524,0,0.8602,0.5669,0.462,0.8508,0.8602,HIGH,F1_login_count,20.5,F6_inactive_days,16.2,F4_num_submitted,16.2,16,F1 login count (20.5%) and F6 inactive days (16.2%),2524,0.6943201501977251,0.8597762645119609,0.13538557951111146,0.3471327878031059,10,0.8743,HIGH
2525,OULAD_TEST_2525,1,0.8922,0.8653,0.8015,0.9094,0.8922,HIGH,F1_login_count,20.1,F5_on_time_rate,11.7,F6_inactive_days,11.0,12,F1 login count (20.1%) and F5 on time rate (11.7%),2525,0.6728087887209213,0.7567251554119594,0.0,0.5445694333657792,8,0.903,HIGH
2526,OULAD_TEST_2526,0,0.7444,0.4089,0.4493,0.5548,0.7444,HIGH,F1_login_count,22.4,F5_on_time_rate,12.7,F4_num_submitted,12.2,15,F1 login count (22.4%) and F5 on time rate (12.7%),2526,0.5630894490451841,0.655874693849498,0.12371494422532356,0.573323309865978,5,0.8139,HIGH
2527,OULAD_TEST_2527,1,0.5316,0.5715,0.7058,0.8459,0.5316,MEDIUM,F1_login_count,20.1,F5_on_time_rate,15.2,F6_inactive_days,11.4,14,F1 login count (20.1%) and F5 on time rate (15.2%),2527,0.43280505932156704,0.3575461206961339,0.3355630022643961,0.18730273562754435,4,0.6711,MEDIUM
2528,OULAD_TEST_2528,0,0.0671,0.265,0.3405,0.3127,0.0671,LOW,F4_num_submitted,16.1,F6_inactive_days,16.1,F5_on_time_rate,12.4,1,F4 num submitted (16.1%) and F6 inactive days (16.1%),2528,0.25262435648295417,0.039461443811923194,0.896826203860833,0.0,0,0.0936,LOW
2529,OULAD_TEST_2529,0,0.1025,0.3845,0.14,0.1006,0.1025,LOW,F1_login_count,16.0,F6_inactive_days,10.5,F4_num_submitted,10.4,2,F1 login count (16.0%) and F6 inactive days (10.5%),2529,0.0,0.1358870836166881,0.6099997391617867,0.1218055495745018,1,0.1022,LOW
2530,OULAD_TEST_2530,0,0.1541,0.3792,0.2293,0.1235,0.1541,LOW,F1_login_count,24.7,F5_on_time_rate,13.4,F6_inactive_days,12.1,7,F1 login count (24.7%) and F5 on time rate (13.4%),2530,0.15523320768114543,0.0065551012927006075,0.6929996618099913,0.2379108863187283,0,0.1006,LOW
2531,OULAD_TEST_2531,0,0.1288,0.3073,0.2843,0.0908,0.1288,LOW,F1_login_count,13.4,F5_on_time_rate,12.8,F6_inactive_days,12.1,2,F1 login count (13.4%) and F5 on time rate (12.8%),2531,0.0,0.12554760744925675,0.8464630309735838,0.0,0,0.0711,LOW
2532,OULAD_TEST_2532,0,0.3006,0.5204,0.4413,0.4004,0.3006,LOW,F1_login_count,17.8,F13_weeks_since_active,16.5,F5_on_time_rate,14.5,5,F1 login count (17.8%) and F13 weeks since active (16.5%),2532,0.2659712646342248,0.26357328581158446,0.42822314700527275,0.16010583151008606,3,0.3283,LOW
2533,OULAD_TEST_2533,0,0.0222,0.4331,0.0932,0.0651,0.0222,LOW,F1_login_count,19.4,F4_num_submitted,14.3,F6_inactive_days,14.2,1,F1 login count (19.4%) and F4 num submitted (14.3%),2533,0.0,0.022172996446995153,0.8216375225864403,0.047295698678343,1,0.0703,LOW
2534,OULAD_TEST_2534,0,0.5422,0.5045,0.3639,0.4666,0.5422,MEDIUM,F1_login_count,22.4,F6_inactive_days,12.3,F4_num_submitted,11.6,17,F1 login count (22.4%) and F6 inactive days (12.3%),2534,0.33780331863949153,0.5438427118926594,0.286012816606548,0.3130732331245382,4,0.6393,MEDIUM
2535,OULAD_TEST_2535,0,0.2886,0.3294,0.2826,0.1703,0.2886,LOW,F1_login_count,26.4,F5_on_time_rate,14.7,F6_inactive_days,10.8,17,F1 login count (26.4%) and F5 on time rate (14.7%),2535,0.17251100857620938,0.2720650811878817,0.5186566257710766,0.0,0,0.1571,LOW
2536,OULAD_TEST_2536,1,0.9999,0.9183,0.9177,0.9862,0.9999,HIGH,F1_login_count,19.4,F4_num_submitted,16.9,F6_inactive_days,16.2,15,F1 login count (19.4%) and F4 num submitted (16.9%),2536,0.7975116719344708,0.9681607518685155,0.0,0.6600708011170526,14,0.946,HIGH
2537,OULAD_TEST_2537,0,0.0737,0.2809,0.2593,0.2632,0.0737,LOW,F13_weeks_since_active,17.4,F1_login_count,11.5,F5_on_time_rate,11.4,11,F13 weeks since active (17.4%) and F1 login count (11.5%),2537,0.14343544439424138,0.0,0.6678542691584114,0.2265403621308773,1,0.1119,LOW
2538,OULAD_TEST_2538,0,0.2586,0.327,0.35,0.3134,0.2586,LOW,F1_login_count,20.5,F5_on_time_rate,12.2,F6_inactive_days,11.5,6,F1 login count (20.5%) and F5 on time rate (12.2%),2538,0.05644826235536153,0.23068396537746783,0.8653112147906494,0.16915941014034042,2,0.1629,LOW
2539,OULAD_TEST_2539,1,0.9928,0.3201,0.2964,0.5024,0.9928,HIGH,F1_login_count,21.5,F5_on_time_rate,14.2,F6_inactive_days,13.4,17,F1 login count (21.5%) and F5 on time rate (14.2%),2539,0.7004534110999849,0.8506373429111957,0.09020558720716657,0.4719472736046884,11,0.879,HIGH
2540,OULAD_TEST_2540,0,0.1256,0.5287,0.3498,0.3664,0.1256,LOW,F1_login_count,19.4,F13_weeks_since_active,11.3,F6_inactive_days,9.7,9,F1 login count (19.4%) and F13 weeks since active (11.3%),2540,0.016962014525082725,0.021219640499593587,0.8096937861786211,0.01378473043628603,1,0.1112,LOW
2541,OULAD_TEST_2541,0,0.3018,0.42,0.3026,0.4283,0.3018,LOW,F1_login_count,24.6,F5_on_time_rate,13.4,F6_inactive_days,13.4,7,F1 login count (24.6%) and F5 on time rate (13.4%),2541,0.08540950893246654,0.33303360016730765,0.6077593486836496,0.3934695681186712,4,0.3191,LOW
2542,OULAD_TEST_2542,1,0.3206,0.498,0.413,0.4745,0.3206,LOW,F1_login_count,20.1,F5_on_time_rate,15.8,F6_inactive_days,13.0,9,F1 login count (20.1%) and F5 on time rate (15.8%),2542,0.20271829495756294,0.4584838644682254,0.38289432115980415,0.30155550490326705,3,0.3802,LOW
