student_index,student_id,actual_label,academic_risk,week4_risk,week8_risk,week12_risk,week17_risk,alert_level
0,OULAD_TEST_0000,0,0.2189,0.4972,0.2383,0.4808,0.2189,LOW
1,OULAD_TEST_0001,0,0.0364,0.2526,0.1709,0.0989,0.0364,LOW
2,OULAD_TEST_0002,0,0.0868,0.4531,0.4016,0.2778,0.0868,LOW
3,OULAD_TEST_0003,0,0.3093,0.7197,0.5743,0.5142,0.3093,LOW
4,OULAD_TEST_0004,1,0.0591,0.3349,0.1159,0.0494,0.0591,LOW
5,OULAD_TEST_0005,1,0.172,0.683,0.4412,0.1511,0.172,LOW
6,OULAD_TEST_0006,0,0.2438,0.4845,0.5142,0.4083,0.2438,LOW
7,OULAD_TEST_0007,1,0.9922,0.4417,0.7664,0.8518,0.9922,HIGH
8,OULAD_TEST_0008,0,0.3813,0.7909,0.8408,0.7356,0.3813,LOW
9,OULAD_TEST_0009,1,0.4823,0.33,0.1866,0.2642,0.4823,MEDIUM
10,OULAD_TEST_0010,1,0.9467,0.4438,0.3381,0.4583,0.9467,HIGH
11,OULAD_TEST_0011,1,0.9993,0.8503,0.9322,0.9766,0.9993,HIGH
12,OULAD_TEST_0012,0,0.3351,0.456,0.4652,0.4666,0.3351,LOW
13,OULAD_TEST_0013,0,0.1566,0.2495,0.2977,0.4696,0.1566,LOW
14,OULAD_TEST_0014,0,0.0506,0.4205,0.4157,0.1573,0.0506,LOW
15,OULAD_TEST_0015,0,0.1426,0.7152,0.2862,0.2884,0.1426,LOW
16,OULAD_TEST_0016,0,0.0246,0.3651,0.0618,0.0391,0.0246,LOW
17,OULAD_TEST_0017,0,0.1259,0.2911,0.1075,0.0998,0.1259,LOW
18,OULAD_TEST_0018,0,0.5622,0.5424,0.5187,0.5756,0.5622,MEDIUM
19,OULAD_TEST_0019,1,0.1933,0.3192,0.4635,0.4246,0.1933,LOW
20,OULAD_TEST_0020,1,0.9926,0.8592,0.9411,0.9875,0.9926,HIGH
21,OULAD_TEST_0021,0,0.0303,0.3712,0.1236,0.0868,0.0303,LOW
22,OULAD_TEST_0022,1,0.9964,0.8588,0.8715,0.9487,0.9964,HIGH
23,OULAD_TEST_0023,0,0.0152,0.204,0.2157,0.079,0.0152,LOW
24,OULAD_TEST_0024,1,0.1738,0.6363,0.4703,0.4131,0.1738,LOW
25,OULAD_TEST_0025,1,0.4056,0.4816,0.5164,0.6051,0.4056,MEDIUM
26,OULAD_TEST_0026,0,0.4579,0.5039,0.4014,0.3384,0.4579,MEDIUM
27,OULAD_TEST_0027,1,0.554,0.5448,0.4164,0.5184,0.554,MEDIUM
28,OULAD_TEST_0028,0,0.03,0.3678,0.1661,0.076,0.03,LOW
29,OULAD_TEST_0029,1,0.9976,0.4502,0.6894,0.7769,0.9976,HIGH
30,OULAD_TEST_0030,1,0.2135,0.6659,0.4263,0.4795,0.2135,LOW
31,OULAD_TEST_0031,1,0.9141,0.7738,0.9415,0.8728,0.9141,HIGH
32,OULAD_TEST_0032,0,0.5614,0.4422,0.5064,0.4688,0.5614,MEDIUM
33,OULAD_TEST_0033,0,0.5983,0.7418,0.6096,0.5818,0.5983,MEDIUM
34,OULAD_TEST_0034,1,0.5436,0.8292,0.8446,0.8265,0.5436,MEDIUM
35,OULAD_TEST_0035,0,0.3006,0.4906,0.3389,0.1646,0.3006,LOW
36,OULAD_TEST_0036,0,0.3018,0.3255,0.3594,0.1938,0.3018,LOW
37,OULAD_TEST_0037,0,0.3651,0.5319,0.6639,0.831,0.3651,LOW
38,OULAD_TEST_0038,1,0.9762,0.6083,0.757,0.8066,0.9762,HIGH
39,OULAD_TEST_0039,0,0.4512,0.5573,0.5657,0.5923,0.4512,MEDIUM
40,OULAD_TEST_0040,0,0.1364,0.3936,0.2217,0.0892,0.1364,LOW
41,OULAD_TEST_0041,0,0.4584,0.7823,0.7823,0.7474,0.4584,MEDIUM
42,OULAD_TEST_0042,0,0.1187,0.2885,0.2298,0.1824,0.1187,LOW
43,OULAD_TEST_0043,0,0.358,0.7905,0.7334,0.5812,0.358,LOW
44,OULAD_TEST_0044,1,0.9996,0.7399,0.9642,0.9779,0.9996,HIGH
45,OULAD_TEST_0045,1,0.9884,0.4855,0.4519,0.4449,0.9884,HIGH
46,OULAD_TEST_0046,1,0.5997,0.4928,0.8069,0.8835,0.5997,MEDIUM
47,OULAD_TEST_0047,0,0.3413,0.4818,0.4387,0.3486,0.3413,LOW
48,OULAD_TEST_0048,0,0.3181,0.5498,0.507,0.5781,0.3181,LOW
49,OULAD_TEST_0049,1,0.9848,0.8108,0.8139,0.9134,0.9848,HIGH
50,OULAD_TEST_0050,0,0.0198,0.3815,0.2184,0.054,0.0198,LOW
51,OULAD_TEST_0051,0,0.317,0.4676,0.4188,0.394,0.317,LOW
52,OULAD_TEST_0052,0,0.6429,0.4398,0.5476,0.5129,0.6429,MEDIUM
53,OULAD_TEST_0053,0,0.0376,0.4098,0.1398,0.0854,0.0376,LOW
54,OULAD_TEST_0054,0,0.0232,0.3264,0.1634,0.0853,0.0232,LOW
55,OULAD_TEST_0055,0,0.0758,0.3477,0.1754,0.1116,0.0758,LOW
56,OULAD_TEST_0056,0,0.4849,0.4447,0.529,0.3649,0.4849,MEDIUM
57,OULAD_TEST_0057,0,0.4179,0.2562,0.6009,0.4862,0.4179,MEDIUM
58,OULAD_TEST_0058,0,0.0354,0.3943,0.2322,0.0613,0.0354,LOW
59,OULAD_TEST_0059,0,0.9334,0.5023,0.5019,0.771,0.9334,HIGH
60,OULAD_TEST_0060,1,0.2348,0.5332,0.473,0.2008,0.2348,LOW
61,OULAD_TEST_0061,1,0.4275,0.4967,0.474,0.4851,0.4275,MEDIUM
62,OULAD_TEST_0062,0,0.2881,0.3487,0.462,0.5087,0.2881,LOW
63,OULAD_TEST_0063,0,0.0804,0.4535,0.3532,0.4112,0.0804,LOW
64,OULAD_TEST_0064,1,0.2886,0.5078,0.402,0.2381,0.2886,LOW
65,OULAD_TEST_0065,1,0.1167,0.4249,0.3406,0.1556,0.1167,LOW
66,OULAD_TEST_0066,0,0.7019,0.5867,0.8647,0.8133,0.7019,HIGH
67,OULAD_TEST_0067,1,0.9996,0.3689,0.4184,0.8336,0.9996,HIGH
68,OULAD_TEST_0068,0,0.8165,0.6729,0.8721,0.8921,0.8165,HIGH
69,OULAD_TEST_0069,0,0.0808,0.3871,0.1525,0.1146,0.0808,LOW
70,OULAD_TEST_0070,1,0.9963,0.7982,0.8134,0.8743,0.9963,HIGH
71,OULAD_TEST_0071,0,0.0801,0.4285,0.1303,0.1219,0.0801,LOW
72,OULAD_TEST_0072,1,0.5081,0.6367,0.5125,0.4585,0.5081,MEDIUM
73,OULAD_TEST_0073,0,0.4846,0.3825,0.4196,0.5824,0.4846,MEDIUM
74,OULAD_TEST_0074,0,0.5567,0.5021,0.6941,0.6458,0.5567,MEDIUM
75,OULAD_TEST_0075,0,0.3505,0.5038,0.2942,0.2131,0.3505,LOW
76,OULAD_TEST_0076,1,0.9177,0.6769,0.7243,0.8572,0.9177,HIGH
77,OULAD_TEST_0077,0,0.0429,0.2562,0.0983,0.1124,0.0429,LOW
78,OULAD_TEST_0078,0,0.0552,0.7668,0.6551,0.1821,0.0552,LOW
79,OULAD_TEST_0079,1,0.4475,0.6735,0.3306,0.3325,0.4475,MEDIUM
80,OULAD_TEST_0080,0,0.0293,0.2465,0.1242,0.1142,0.0293,LOW
81,OULAD_TEST_0081,1,0.7236,0.5024,0.7322,0.6205,0.7236,HIGH
82,OULAD_TEST_0082,0,0.4308,0.5034,0.4168,0.4909,0.4308,MEDIUM
83,OULAD_TEST_0083,0,0.5693,0.5444,0.6728,0.7231,0.5693,MEDIUM
84,OULAD_TEST_0084,0,0.1143,0.3826,0.1991,0.1284,0.1143,LOW
85,OULAD_TEST_0085,0,0.0138,0.1949,0.1004,0.0717,0.0138,LOW
86,OULAD_TEST_0086,0,0.2267,0.544,0.4567,0.2048,0.2267,LOW
87,OULAD_TEST_0087,0,0.2485,0.532,0.3291,0.3847,0.2485,LOW
88,OULAD_TEST_0088,1,0.9885,0.5064,0.522,0.5584,0.9885,HIGH
89,OULAD_TEST_0089,0,0.0564,0.3137,0.303,0.1934,0.0564,LOW
90,OULAD_TEST_0090,0,0.5007,0.5857,0.5834,0.5749,0.5007,MEDIUM
91,OULAD_TEST_0091,0,0.7222,0.5332,0.7392,0.6554,0.7222,HIGH
92,OULAD_TEST_0092,0,0.6255,0.6814,0.7011,0.8144,0.6255,MEDIUM
93,OULAD_TEST_0093,0,0.0178,0.2322,0.1424,0.031,0.0178,LOW
94,OULAD_TEST_0094,0,0.1195,0.404,0.2845,0.2341,0.1195,LOW
95,OULAD_TEST_0095,0,0.1688,0.285,0.5133,0.267,0.1688,LOW
96,OULAD_TEST_0096,0,0.0741,0.3083,0.2163,0.1452,0.0741,LOW
97,OULAD_TEST_0097,0,0.0462,0.4537,0.1486,0.0843,0.0462,LOW
98,OULAD_TEST_0098,0,0.4496,0.5607,0.4913,0.4816,0.4496,MEDIUM
99,OULAD_TEST_0099,1,0.912,0.5593,0.7117,0.7399,0.912,HIGH
100,OULAD_TEST_0100,0,0.1098,0.4183,0.2005,0.1432,0.1098,LOW
101,OULAD_TEST_0101,0,0.3189,0.5458,0.6567,0.5385,0.3189,LOW
102,OULAD_TEST_0102,0,0.1965,0.3732,0.1828,0.1158,0.1965,LOW
103,OULAD_TEST_0103,0,0.2216,0.6768,0.5639,0.5064,0.2216,LOW
104,OULAD_TEST_0104,0,0.315,0.5425,0.5002,0.3316,0.315,LOW
105,OULAD_TEST_0105,0,0.3949,0.5688,0.255,0.3639,0.3949,LOW
106,OULAD_TEST_0106,0,0.3249,0.5056,0.4121,0.2336,0.3249,LOW
107,OULAD_TEST_0107,0,0.5088,0.4373,0.5703,0.6544,0.5088,MEDIUM
108,OULAD_TEST_0108,0,0.3069,0.5059,0.429,0.5015,0.3069,LOW
109,OULAD_TEST_0109,1,0.9949,0.5135,0.5982,0.8102,0.9949,HIGH
110,OULAD_TEST_0110,0,0.3362,0.5593,0.4389,0.5578,0.3362,LOW
111,OULAD_TEST_0111,1,0.9965,0.7092,0.6202,0.7404,0.9965,HIGH
112,OULAD_TEST_0112,0,0.1925,0.2989,0.3884,0.3081,0.1925,LOW
113,OULAD_TEST_0113,0,0.1855,0.5704,0.1963,0.2495,0.1855,LOW
114,OULAD_TEST_0114,0,0.4378,0.5311,0.579,0.521,0.4378,MEDIUM
115,OULAD_TEST_0115,0,0.1243,0.5019,0.1998,0.1738,0.1243,LOW
116,OULAD_TEST_0116,0,0.1242,0.4864,0.2076,0.1182,0.1242,LOW
117,OULAD_TEST_0117,0,0.2026,0.4899,0.4958,0.362,0.2026,LOW
118,OULAD_TEST_0118,0,0.1086,0.2081,0.1015,0.0799,0.1086,LOW
119,OULAD_TEST_0119,0,0.1432,0.3507,0.3341,0.4863,0.1432,LOW
120,OULAD_TEST_0120,1,0.772,0.7972,0.721,0.7332,0.772,HIGH
121,OULAD_TEST_0121,0,0.1292,0.5911,0.4479,0.3549,0.1292,LOW
122,OULAD_TEST_0122,1,0.6079,0.4486,0.5254,0.8013,0.6079,MEDIUM
123,OULAD_TEST_0123,0,0.5373,0.5168,0.5598,0.5364,0.5373,MEDIUM
124,OULAD_TEST_0124,0,0.0332,0.3905,0.1096,0.059,0.0332,LOW
125,OULAD_TEST_0125,0,0.0375,0.3725,0.238,0.1372,0.0375,LOW
126,OULAD_TEST_0126,1,0.4809,0.5291,0.5956,0.4359,0.4809,MEDIUM
127,OULAD_TEST_0127,0,0.0383,0.4645,0.4569,0.1379,0.0383,LOW
128,OULAD_TEST_0128,0,0.142,0.362,0.3738,0.2235,0.142,LOW
129,OULAD_TEST_0129,0,0.0578,0.3866,0.3304,0.0978,0.0578,LOW
130,OULAD_TEST_0130,0,0.0741,0.3998,0.1866,0.0795,0.0741,LOW
131,OULAD_TEST_0131,0,0.0671,0.2483,0.1846,0.0649,0.0671,LOW
132,OULAD_TEST_0132,0,0.1605,0.5361,0.4715,0.4407,0.1605,LOW
133,OULAD_TEST_0133,1,0.6233,0.2975,0.3247,0.6472,0.6233,MEDIUM
134,OULAD_TEST_0134,0,0.0153,0.2686,0.0803,0.0648,0.0153,LOW
135,OULAD_TEST_0135,0,0.0896,0.2612,0.0493,0.1633,0.0896,LOW
136,OULAD_TEST_0136,1,0.9989,0.7204,0.8835,0.8227,0.9989,HIGH
137,OULAD_TEST_0137,1,0.9873,0.3797,0.5666,0.6291,0.9873,HIGH
138,OULAD_TEST_0138,1,0.9995,0.7975,0.9517,0.9646,0.9995,HIGH
139,OULAD_TEST_0139,0,0.5028,0.7044,0.7127,0.5023,0.5028,MEDIUM
140,OULAD_TEST_0140,0,0.0408,0.2637,0.183,0.1332,0.0408,LOW
141,OULAD_TEST_0141,0,0.1661,0.5568,0.3906,0.1577,0.1661,LOW
142,OULAD_TEST_0142,1,0.4111,0.5091,0.4303,0.4815,0.4111,MEDIUM
143,OULAD_TEST_0143,0,0.2816,0.7409,0.5672,0.5198,0.2816,LOW
144,OULAD_TEST_0144,0,0.3535,0.4722,0.3469,0.5119,0.3535,LOW
145,OULAD_TEST_0145,1,0.7355,0.6965,0.65,0.5918,0.7355,HIGH
146,OULAD_TEST_0146,0,0.4871,0.5227,0.5473,0.4614,0.4871,MEDIUM
147,OULAD_TEST_0147,0,0.393,0.689,0.675,0.5749,0.393,LOW
148,OULAD_TEST_0148,0,0.5686,0.5917,0.5256,0.4467,0.5686,MEDIUM
149,OULAD_TEST_0149,0,0.8151,0.6737,0.4773,0.8753,0.8151,HIGH
150,OULAD_TEST_0150,0,0.0661,0.4682,0.3493,0.1782,0.0661,LOW
151,OULAD_TEST_0151,0,0.6421,0.6102,0.745,0.5355,0.6421,MEDIUM
152,OULAD_TEST_0152,1,0.942,0.6734,0.6303,0.5137,0.942,HIGH
153,OULAD_TEST_0153,1,0.6619,0.758,0.7651,0.8274,0.6619,MEDIUM
154,OULAD_TEST_0154,0,0.1627,0.2814,0.1744,0.2888,0.1627,LOW
155,OULAD_TEST_0155,0,0.1756,0.5098,0.4234,0.2892,0.1756,LOW
156,OULAD_TEST_0156,1,0.4286,0.4012,0.4789,0.4844,0.4286,MEDIUM
157,OULAD_TEST_0157,0,0.2161,0.4864,0.4468,0.4718,0.2161,LOW
158,OULAD_TEST_0158,0,0.4822,0.446,0.4921,0.5233,0.4822,MEDIUM
159,OULAD_TEST_0159,0,0.5402,0.5584,0.5262,0.5913,0.5402,MEDIUM
160,OULAD_TEST_0160,1,0.5139,0.4854,0.5061,0.472,0.5139,MEDIUM
161,OULAD_TEST_0161,0,0.2028,0.377,0.4524,0.5038,0.2028,LOW
162,OULAD_TEST_0162,0,0.0168,0.4082,0.1119,0.0481,0.0168,LOW
163,OULAD_TEST_0163,1,0.6308,0.8247,0.7313,0.7919,0.6308,MEDIUM
164,OULAD_TEST_0164,0,0.9709,0.2612,0.7508,0.8717,0.9709,HIGH
165,OULAD_TEST_0165,0,0.0576,0.4644,0.2374,0.1511,0.0576,LOW
166,OULAD_TEST_0166,0,0.1443,0.6658,0.346,0.2389,0.1443,LOW
167,OULAD_TEST_0167,0,0.2897,0.4286,0.5105,0.4222,0.2897,LOW
168,OULAD_TEST_0168,1,0.0259,0.3437,0.3241,0.2039,0.0259,LOW
169,OULAD_TEST_0169,1,0.2455,0.3497,0.4462,0.4016,0.2455,LOW
170,OULAD_TEST_0170,0,0.3215,0.5202,0.5503,0.5129,0.3215,LOW
171,OULAD_TEST_0171,0,0.601,0.4993,0.4447,0.4767,0.601,MEDIUM
172,OULAD_TEST_0172,0,0.1736,0.4467,0.194,0.0726,0.1736,LOW
173,OULAD_TEST_0173,0,0.0422,0.3669,0.1455,0.0656,0.0422,LOW
174,OULAD_TEST_0174,1,0.6216,0.5787,0.609,0.666,0.6216,MEDIUM
175,OULAD_TEST_0175,0,0.4511,0.5247,0.4521,0.4738,0.4511,MEDIUM
176,OULAD_TEST_0176,0,0.0453,0.3539,0.1482,0.1075,0.0453,LOW
177,OULAD_TEST_0177,0,0.5448,0.5191,0.4604,0.4984,0.5448,MEDIUM
178,OULAD_TEST_0178,0,0.2158,0.3432,0.1739,0.133,0.2158,LOW
179,OULAD_TEST_0179,1,0.9994,0.5435,0.8415,0.8918,0.9994,HIGH
180,OULAD_TEST_0180,0,0.4961,0.4146,0.5622,0.53,0.4961,MEDIUM
181,OULAD_TEST_0181,0,0.082,0.3842,0.3055,0.2526,0.082,LOW
182,OULAD_TEST_0182,0,0.5227,0.7699,0.6491,0.5814,0.5227,MEDIUM
183,OULAD_TEST_0183,0,0.5955,0.5575,0.8503,0.6334,0.5955,MEDIUM
184,OULAD_TEST_0184,0,0.6875,0.3352,0.2832,0.7469,0.6875,MEDIUM
185,OULAD_TEST_0185,0,0.3896,0.8432,0.8269,0.5287,0.3896,LOW
186,OULAD_TEST_0186,1,0.4362,0.7587,0.7,0.6699,0.4362,MEDIUM
187,OULAD_TEST_0187,1,0.3961,0.7525,0.4562,0.5898,0.3961,LOW
188,OULAD_TEST_0188,1,0.6399,0.5802,0.44,0.1749,0.6399,MEDIUM
189,OULAD_TEST_0189,1,0.7738,0.8681,0.902,0.9255,0.7738,HIGH
190,OULAD_TEST_0190,1,0.5154,0.3549,0.3684,0.3213,0.5154,MEDIUM
191,OULAD_TEST_0191,0,0.075,0.3133,0.2706,0.2344,0.075,LOW
192,OULAD_TEST_0192,1,0.9847,0.7202,0.8344,0.786,0.9847,HIGH
193,OULAD_TEST_0193,1,0.9953,0.6814,0.7015,0.7784,0.9953,HIGH
194,OULAD_TEST_0194,1,0.0873,0.4104,0.2168,0.3122,0.0873,LOW
195,OULAD_TEST_0195,1,0.9811,0.5853,0.5263,0.6054,0.9811,HIGH
196,OULAD_TEST_0196,0,0.0401,0.2268,0.2308,0.1337,0.0401,LOW
197,OULAD_TEST_0197,0,0.3279,0.4829,0.6742,0.5518,0.3279,LOW
198,OULAD_TEST_0198,1,0.9993,0.5326,0.8597,0.9514,0.9993,HIGH
199,OULAD_TEST_0199,1,0.9572,0.7969,0.9228,0.9471,0.9572,HIGH
200,OULAD_TEST_0200,0,0.1896,0.5286,0.5631,0.3431,0.1896,LOW
201,OULAD_TEST_0201,0,0.1246,0.2898,0.5768,0.3149,0.1246,LOW
202,OULAD_TEST_0202,0,0.0395,0.3313,0.2084,0.0405,0.0395,LOW
203,OULAD_TEST_0203,0,0.5046,0.5842,0.7384,0.7871,0.5046,MEDIUM
204,OULAD_TEST_0204,0,0.0177,0.2918,0.1119,0.1513,0.0177,LOW
205,OULAD_TEST_0205,0,0.0465,0.3312,0.171,0.0707,0.0465,LOW
206,OULAD_TEST_0206,0,0.5695,0.6023,0.5489,0.5755,0.5695,MEDIUM
207,OULAD_TEST_0207,0,0.3629,0.4406,0.9138,0.8503,0.3629,LOW
208,OULAD_TEST_0208,0,0.0882,0.2307,0.1884,0.0931,0.0882,LOW
209,OULAD_TEST_0209,0,0.1293,0.3378,0.3217,0.3571,0.1293,LOW
210,OULAD_TEST_0210,0,0.4934,0.5736,0.2694,0.3993,0.4934,MEDIUM
211,OULAD_TEST_0211,0,0.963,0.8616,0.8867,0.8867,0.963,HIGH
212,OULAD_TEST_0212,0,0.0863,0.2855,0.2858,0.1965,0.0863,LOW
213,OULAD_TEST_0213,1,0.9971,0.3715,0.3643,0.7139,0.9971,HIGH
214,OULAD_TEST_0214,0,0.0606,0.3966,0.4607,0.3065,0.0606,LOW
215,OULAD_TEST_0215,0,0.0641,0.5875,0.1591,0.0869,0.0641,LOW
216,OULAD_TEST_0216,1,0.5741,0.3321,0.6052,0.5555,0.5741,MEDIUM
217,OULAD_TEST_0217,1,0.9476,0.9196,0.9599,0.982,0.9476,HIGH
218,OULAD_TEST_0218,0,0.6804,0.4895,0.6727,0.7584,0.6804,MEDIUM
219,OULAD_TEST_0219,0,0.8983,0.7511,0.9357,0.9375,0.8983,HIGH
220,OULAD_TEST_0220,0,0.0506,0.3786,0.3449,0.0857,0.0506,LOW
221,OULAD_TEST_0221,0,0.0414,0.405,0.1638,0.1293,0.0414,LOW
222,OULAD_TEST_0222,1,0.9992,0.419,0.6895,0.7941,0.9992,HIGH
223,OULAD_TEST_0223,1,0.9879,0.7486,0.8818,0.9389,0.9879,HIGH
224,OULAD_TEST_0224,1,0.6621,0.5855,0.538,0.5601,0.6621,MEDIUM
225,OULAD_TEST_0225,0,0.6154,0.6075,0.5767,0.5559,0.6154,MEDIUM
226,OULAD_TEST_0226,0,0.1814,0.4713,0.4317,0.4122,0.1814,LOW
227,OULAD_TEST_0227,0,0.8561,0.4264,0.7088,0.7818,0.8561,HIGH
228,OULAD_TEST_0228,1,0.9985,0.733,0.8004,0.832,0.9985,HIGH
229,OULAD_TEST_0229,0,0.0176,0.5308,0.0888,0.0592,0.0176,LOW
230,OULAD_TEST_0230,0,0.1829,0.5847,0.3527,0.2734,0.1829,LOW
231,OULAD_TEST_0231,1,0.3435,0.5811,0.7724,0.5547,0.3435,LOW
232,OULAD_TEST_0232,0,0.2811,0.7255,0.664,0.3766,0.2811,LOW
233,OULAD_TEST_0233,0,0.4722,0.375,0.5016,0.4886,0.4722,MEDIUM
234,OULAD_TEST_0234,1,0.5159,0.8207,0.8593,0.8544,0.5159,MEDIUM
235,OULAD_TEST_0235,0,0.1626,0.4773,0.6285,0.4876,0.1626,LOW
236,OULAD_TEST_0236,1,0.9946,0.8731,0.9677,0.9304,0.9946,HIGH
237,OULAD_TEST_0237,0,0.3662,0.5086,0.7152,0.7599,0.3662,LOW
238,OULAD_TEST_0238,1,0.9971,0.4734,0.8699,0.8248,0.9971,HIGH
239,OULAD_TEST_0239,0,0.8266,0.6207,0.7792,0.8977,0.8266,HIGH
240,OULAD_TEST_0240,0,0.0422,0.3041,0.2952,0.1711,0.0422,LOW
241,OULAD_TEST_0241,0,0.0474,0.3793,0.2968,0.2198,0.0474,LOW
242,OULAD_TEST_0242,1,0.9931,0.4215,0.7093,0.5936,0.9931,HIGH
243,OULAD_TEST_0243,1,0.9958,0.5975,0.6138,0.6012,0.9958,HIGH
244,OULAD_TEST_0244,0,0.5314,0.4214,0.5642,0.4413,0.5314,MEDIUM
245,OULAD_TEST_0245,0,0.4192,0.7114,0.6842,0.3744,0.4192,MEDIUM
246,OULAD_TEST_0246,0,0.9246,0.5934,0.4774,0.5481,0.9246,HIGH
247,OULAD_TEST_0247,0,0.0178,0.4013,0.2343,0.1131,0.0178,LOW
248,OULAD_TEST_0248,0,0.0748,0.3668,0.2766,0.1285,0.0748,LOW
249,OULAD_TEST_0249,0,0.1031,0.3179,0.3394,0.2436,0.1031,LOW
250,OULAD_TEST_0250,0,0.2824,0.693,0.4698,0.3937,0.2824,LOW
251,OULAD_TEST_0251,1,0.9964,0.4744,0.7683,0.8814,0.9964,HIGH
252,OULAD_TEST_0252,0,0.2642,0.6723,0.6978,0.6113,0.2642,LOW
253,OULAD_TEST_0253,0,0.0565,0.5719,0.205,0.0965,0.0565,LOW
254,OULAD_TEST_0254,0,0.219,0.4172,0.2136,0.1124,0.219,LOW
255,OULAD_TEST_0255,1,0.8661,0.5212,0.5728,0.5713,0.8661,HIGH
256,OULAD_TEST_0256,1,0.6878,0.4441,0.4086,0.5579,0.6878,MEDIUM
257,OULAD_TEST_0257,1,0.9626,0.5597,0.5786,0.7302,0.9626,HIGH
258,OULAD_TEST_0258,1,0.9951,0.7389,0.5687,0.6495,0.9951,HIGH
259,OULAD_TEST_0259,0,0.0884,0.3333,0.2176,0.0869,0.0884,LOW
260,OULAD_TEST_0260,0,0.0472,0.337,0.2178,0.0855,0.0472,LOW
261,OULAD_TEST_0261,1,0.2131,0.8212,0.5979,0.5353,0.2131,LOW
262,OULAD_TEST_0262,1,0.6309,0.598,0.5773,0.6973,0.6309,MEDIUM
263,OULAD_TEST_0263,0,0.3647,0.5999,0.6113,0.5703,0.3647,LOW
264,OULAD_TEST_0264,0,0.0875,0.5387,0.3565,0.247,0.0875,LOW
265,OULAD_TEST_0265,0,0.1249,0.377,0.3514,0.1887,0.1249,LOW
266,OULAD_TEST_0266,1,0.2626,0.6004,0.537,0.2783,0.2626,LOW
267,OULAD_TEST_0267,0,0.9984,0.7121,0.7499,0.929,0.9984,HIGH
268,OULAD_TEST_0268,0,0.2101,0.5956,0.3369,0.233,0.2101,LOW
269,OULAD_TEST_0269,0,0.019,0.2365,0.0954,0.0356,0.019,LOW
270,OULAD_TEST_0270,1,0.5584,0.492,0.503,0.5627,0.5584,MEDIUM
271,OULAD_TEST_0271,0,0.4689,0.7401,0.7759,0.7688,0.4689,MEDIUM
272,OULAD_TEST_0272,0,0.2599,0.4304,0.261,0.1988,0.2599,LOW
273,OULAD_TEST_0273,0,0.6202,0.5957,0.4925,0.4139,0.6202,MEDIUM
274,OULAD_TEST_0274,0,0.0966,0.4522,0.203,0.0641,0.0966,LOW
275,OULAD_TEST_0275,1,0.3921,0.5884,0.3784,0.3708,0.3921,LOW
276,OULAD_TEST_0276,0,0.0287,0.2796,0.1038,0.078,0.0287,LOW
277,OULAD_TEST_0277,1,0.6788,0.6471,0.8767,0.9119,0.6788,MEDIUM
278,OULAD_TEST_0278,1,0.9986,0.6247,0.6859,0.8974,0.9986,HIGH
279,OULAD_TEST_0279,1,0.6757,0.7947,0.7741,0.7492,0.6757,MEDIUM
280,OULAD_TEST_0280,1,0.8375,0.4051,0.7408,0.7607,0.8375,HIGH
281,OULAD_TEST_0281,1,0.5563,0.5543,0.3916,0.4341,0.5563,MEDIUM
282,OULAD_TEST_0282,0,0.0633,0.6164,0.5106,0.3421,0.0633,LOW
283,OULAD_TEST_0283,1,0.6062,0.4717,0.5972,0.4172,0.6062,MEDIUM
284,OULAD_TEST_0284,1,0.916,0.7713,0.8968,0.957,0.916,HIGH
285,OULAD_TEST_0285,1,0.0351,0.5944,0.115,0.0914,0.0351,LOW
286,OULAD_TEST_0286,0,0.1958,0.6852,0.4891,0.5503,0.1958,LOW
287,OULAD_TEST_0287,0,0.1645,0.6236,0.4104,0.3622,0.1645,LOW
288,OULAD_TEST_0288,0,0.0301,0.2944,0.2291,0.0981,0.0301,LOW
289,OULAD_TEST_0289,0,0.2154,0.2994,0.3606,0.3396,0.2154,LOW
290,OULAD_TEST_0290,0,0.2036,0.4343,0.3946,0.382,0.2036,LOW
291,OULAD_TEST_0291,0,0.5641,0.4642,0.8154,0.9188,0.5641,MEDIUM
292,OULAD_TEST_0292,0,0.0232,0.2918,0.1486,0.1378,0.0232,LOW
293,OULAD_TEST_0293,0,0.0136,0.1988,0.1127,0.0611,0.0136,LOW
294,OULAD_TEST_0294,0,0.3814,0.5549,0.5368,0.4797,0.3814,LOW
295,OULAD_TEST_0295,0,0.0453,0.5453,0.2343,0.0751,0.0453,LOW
296,OULAD_TEST_0296,0,0.4944,0.5618,0.7585,0.6568,0.4944,MEDIUM
297,OULAD_TEST_0297,0,0.1094,0.2169,0.4436,0.2295,0.1094,LOW
298,OULAD_TEST_0298,1,0.998,0.5029,0.6637,0.7082,0.998,HIGH
299,OULAD_TEST_0299,0,0.242,0.2162,0.2105,0.2942,0.242,LOW
300,OULAD_TEST_0300,1,0.7755,0.4631,0.4109,0.231,0.7755,HIGH
301,OULAD_TEST_0301,0,0.5515,0.6661,0.6895,0.5525,0.5515,MEDIUM
302,OULAD_TEST_0302,1,0.9992,0.8187,0.7918,0.9697,0.9992,HIGH
303,OULAD_TEST_0303,1,0.9995,0.8439,0.9611,0.9789,0.9995,HIGH
304,OULAD_TEST_0304,1,0.9924,0.453,0.5227,0.6807,0.9924,HIGH
305,OULAD_TEST_0305,0,0.5417,0.3885,0.5783,0.7185,0.5417,MEDIUM
306,OULAD_TEST_0306,1,0.9947,0.621,0.5116,0.9147,0.9947,HIGH
307,OULAD_TEST_0307,1,0.9989,0.6006,0.8406,0.9499,0.9989,HIGH
308,OULAD_TEST_0308,1,0.9786,0.473,0.3819,0.5095,0.9786,HIGH
309,OULAD_TEST_0309,1,0.9978,0.3764,0.5975,0.8919,0.9978,HIGH
310,OULAD_TEST_0310,1,0.4701,0.5807,0.2706,0.3966,0.4701,MEDIUM
311,OULAD_TEST_0311,0,0.0646,0.3955,0.3768,0.1665,0.0646,LOW
312,OULAD_TEST_0312,0,0.3011,0.4959,0.7301,0.4621,0.3011,LOW
313,OULAD_TEST_0313,0,0.3829,0.4971,0.6891,0.7684,0.3829,LOW
314,OULAD_TEST_0314,0,0.061,0.2194,0.2603,0.0867,0.061,LOW
315,OULAD_TEST_0315,0,0.2441,0.3899,0.5002,0.3366,0.2441,LOW
316,OULAD_TEST_0316,0,0.0411,0.2529,0.1874,0.0978,0.0411,LOW
317,OULAD_TEST_0317,0,0.8126,0.609,0.6465,0.6687,0.8126,HIGH
318,OULAD_TEST_0318,0,0.3177,0.4273,0.8022,0.5412,0.3177,LOW
319,OULAD_TEST_0319,0,0.3253,0.5421,0.4902,0.4603,0.3253,LOW
320,OULAD_TEST_0320,1,0.4734,0.3551,0.8178,0.6153,0.4734,MEDIUM
321,OULAD_TEST_0321,0,0.5628,0.371,0.5379,0.6411,0.5628,MEDIUM
322,OULAD_TEST_0322,0,0.8459,0.6912,0.6305,0.672,0.8459,HIGH
323,OULAD_TEST_0323,1,0.8849,0.2645,0.5477,0.5018,0.8849,HIGH
324,OULAD_TEST_0324,0,0.2784,0.3857,0.2717,0.2731,0.2784,LOW
325,OULAD_TEST_0325,1,0.968,0.7395,0.8244,0.9099,0.968,HIGH
326,OULAD_TEST_0326,0,0.0385,0.5544,0.3946,0.291,0.0385,LOW
327,OULAD_TEST_0327,1,0.5083,0.6315,0.6638,0.6798,0.5083,MEDIUM
328,OULAD_TEST_0328,0,0.0817,0.405,0.45,0.1877,0.0817,LOW
329,OULAD_TEST_0329,1,0.1285,0.3526,0.3814,0.1994,0.1285,LOW
330,OULAD_TEST_0330,0,0.1399,0.4052,0.482,0.3908,0.1399,LOW
331,OULAD_TEST_0331,0,0.1422,0.2529,0.1267,0.057,0.1422,LOW
332,OULAD_TEST_0332,0,0.3951,0.4156,0.4854,0.5044,0.3951,LOW
333,OULAD_TEST_0333,1,0.9646,0.4707,0.8004,0.9274,0.9646,HIGH
334,OULAD_TEST_0334,1,0.9994,0.7656,0.964,0.9366,0.9994,HIGH
335,OULAD_TEST_0335,1,0.9938,0.4749,0.5087,0.6182,0.9938,HIGH
336,OULAD_TEST_0336,0,0.8833,0.5418,0.3601,0.5139,0.8833,HIGH
337,OULAD_TEST_0337,0,0.0286,0.2597,0.1027,0.1144,0.0286,LOW
338,OULAD_TEST_0338,0,0.4185,0.5777,0.616,0.661,0.4185,MEDIUM
339,OULAD_TEST_0339,0,0.5218,0.6658,0.7118,0.7242,0.5218,MEDIUM
340,OULAD_TEST_0340,0,0.0317,0.311,0.1861,0.1377,0.0317,LOW
341,OULAD_TEST_0341,0,0.1711,0.4953,0.4145,0.4466,0.1711,LOW
342,OULAD_TEST_0342,0,0.4541,0.4734,0.5853,0.6899,0.4541,MEDIUM
343,OULAD_TEST_0343,0,0.6964,0.423,0.7598,0.6606,0.6964,MEDIUM
344,OULAD_TEST_0344,0,0.1586,0.5871,0.3575,0.3739,0.1586,LOW
345,OULAD_TEST_0345,0,0.0563,0.437,0.2454,0.1226,0.0563,LOW
346,OULAD_TEST_0346,0,0.0942,0.3905,0.4294,0.1969,0.0942,LOW
347,OULAD_TEST_0347,0,0.101,0.3623,0.2239,0.1261,0.101,LOW
348,OULAD_TEST_0348,0,0.1069,0.4496,0.4496,0.1927,0.1069,LOW
349,OULAD_TEST_0349,0,0.3668,0.4746,0.4934,0.6525,0.3668,LOW
350,OULAD_TEST_0350,0,0.4678,0.4528,0.3904,0.3141,0.4678,MEDIUM
351,OULAD_TEST_0351,1,0.7004,0.4647,0.3779,0.6081,0.7004,HIGH
352,OULAD_TEST_0352,0,0.0645,0.4239,0.1101,0.0672,0.0645,LOW
353,OULAD_TEST_0353,1,0.9897,0.4444,0.326,0.4029,0.9897,HIGH
354,OULAD_TEST_0354,0,0.0204,0.2873,0.2711,0.1051,0.0204,LOW
355,OULAD_TEST_0355,1,0.4855,0.6134,0.707,0.9518,0.4855,MEDIUM
356,OULAD_TEST_0356,0,0.0842,0.3568,0.1109,0.1409,0.0842,LOW
357,OULAD_TEST_0357,0,0.1037,0.4592,0.3336,0.2249,0.1037,LOW
358,OULAD_TEST_0358,0,0.1361,0.7124,0.4563,0.3637,0.1361,LOW
359,OULAD_TEST_0359,0,0.3978,0.3547,0.4988,0.4537,0.3978,LOW
360,OULAD_TEST_0360,0,0.7812,0.5562,0.7687,0.8561,0.7812,HIGH
361,OULAD_TEST_0361,1,0.6434,0.5332,0.4655,0.5458,0.6434,MEDIUM
362,OULAD_TEST_0362,1,0.9979,0.4756,0.705,0.8083,0.9979,HIGH
363,OULAD_TEST_0363,1,0.5491,0.4069,0.4057,0.4842,0.5491,MEDIUM
364,OULAD_TEST_0364,0,0.4317,0.5903,0.701,0.7962,0.4317,MEDIUM
365,OULAD_TEST_0365,0,0.354,0.6577,0.5309,0.4136,0.354,LOW
366,OULAD_TEST_0366,1,0.9882,0.4399,0.3007,0.1786,0.9882,HIGH
367,OULAD_TEST_0367,0,0.0662,0.2124,0.2383,0.2532,0.0662,LOW
368,OULAD_TEST_0368,0,0.1221,0.316,0.2844,0.1687,0.1221,LOW
369,OULAD_TEST_0369,1,0.9486,0.682,0.5195,0.5952,0.9486,HIGH
370,OULAD_TEST_0370,0,0.0384,0.4678,0.198,0.1076,0.0384,LOW
371,OULAD_TEST_0371,0,0.0895,0.3847,0.2289,0.2322,0.0895,LOW
372,OULAD_TEST_0372,0,0.4479,0.3809,0.3594,0.4912,0.4479,MEDIUM
373,OULAD_TEST_0373,0,0.1429,0.3405,0.3711,0.3585,0.1429,LOW
374,OULAD_TEST_0374,0,0.8677,0.6916,0.6004,0.7727,0.8677,HIGH
375,OULAD_TEST_0375,0,0.0239,0.2678,0.1385,0.1537,0.0239,LOW
376,OULAD_TEST_0376,1,0.9166,0.8956,0.8508,0.9593,0.9166,HIGH
377,OULAD_TEST_0377,1,0.7888,0.9301,0.931,0.9108,0.7888,HIGH
378,OULAD_TEST_0378,1,0.8464,0.8218,0.9186,0.8852,0.8464,HIGH
379,OULAD_TEST_0379,0,0.0608,0.2945,0.2998,0.1436,0.0608,LOW
380,OULAD_TEST_0380,0,0.1645,0.2324,0.1517,0.2373,0.1645,LOW
381,OULAD_TEST_0381,0,0.4655,0.2997,0.197,0.2709,0.4655,MEDIUM
382,OULAD_TEST_0382,0,0.1903,0.4479,0.173,0.0935,0.1903,LOW
383,OULAD_TEST_0383,0,0.0913,0.4247,0.1882,0.141,0.0913,LOW
384,OULAD_TEST_0384,0,0.3778,0.4287,0.5244,0.2373,0.3778,LOW
385,OULAD_TEST_0385,1,0.9982,0.5085,0.8783,0.8781,0.9982,HIGH
386,OULAD_TEST_0386,1,0.8744,0.6982,0.9509,0.9668,0.8744,HIGH
387,OULAD_TEST_0387,0,0.6033,0.3887,0.7639,0.4076,0.6033,MEDIUM
388,OULAD_TEST_0388,0,0.2966,0.3724,0.2813,0.2914,0.2966,LOW
389,OULAD_TEST_0389,0,0.1069,0.3511,0.2748,0.2197,0.1069,LOW
390,OULAD_TEST_0390,0,0.273,0.4354,0.2967,0.4493,0.273,LOW
391,OULAD_TEST_0391,1,0.9962,0.4447,0.7651,0.7163,0.9962,HIGH
392,OULAD_TEST_0392,1,0.9942,0.8641,0.906,0.9557,0.9942,HIGH
393,OULAD_TEST_0393,0,0.0262,0.3004,0.544,0.1934,0.0262,LOW
394,OULAD_TEST_0394,0,0.3291,0.5296,0.4447,0.4674,0.3291,LOW
395,OULAD_TEST_0395,0,0.3022,0.5013,0.7601,0.6416,0.3022,LOW
396,OULAD_TEST_0396,0,0.0689,0.2974,0.1323,0.1575,0.0689,LOW
397,OULAD_TEST_0397,1,0.5346,0.7536,0.6357,0.5679,0.5346,MEDIUM
398,OULAD_TEST_0398,0,0.5306,0.343,0.3361,0.3942,0.5306,MEDIUM
399,OULAD_TEST_0399,1,0.3723,0.5814,0.627,0.4561,0.3723,LOW
400,OULAD_TEST_0400,0,0.8997,0.8723,0.8689,0.9029,0.8997,HIGH
401,OULAD_TEST_0401,0,0.4108,0.5193,0.4759,0.4917,0.4108,MEDIUM
402,OULAD_TEST_0402,0,0.3292,0.4264,0.3116,0.4443,0.3292,LOW
403,OULAD_TEST_0403,0,0.0149,0.2045,0.0801,0.0329,0.0149,LOW
404,OULAD_TEST_0404,0,0.6574,0.3971,0.4601,0.6925,0.6574,MEDIUM
405,OULAD_TEST_0405,0,0.6506,0.391,0.7039,0.7592,0.6506,MEDIUM
406,OULAD_TEST_0406,0,0.023,0.2844,0.1269,0.1171,0.023,LOW
407,OULAD_TEST_0407,0,0.2909,0.475,0.4062,0.348,0.2909,LOW
408,OULAD_TEST_0408,0,0.1263,0.4634,0.3762,0.2177,0.1263,LOW
409,OULAD_TEST_0409,0,0.0167,0.2505,0.1282,0.0489,0.0167,LOW
410,OULAD_TEST_0410,0,0.0513,0.5777,0.3336,0.249,0.0513,LOW
411,OULAD_TEST_0411,1,0.9823,0.582,0.8868,0.8269,0.9823,HIGH
412,OULAD_TEST_0412,1,0.6218,0.6243,0.4245,0.2715,0.6218,MEDIUM
413,OULAD_TEST_0413,1,0.7127,0.6697,0.7219,0.8031,0.7127,HIGH
414,OULAD_TEST_0414,0,0.0324,0.3211,0.1717,0.0923,0.0324,LOW
415,OULAD_TEST_0415,1,0.7037,0.5057,0.5966,0.5889,0.7037,HIGH
416,OULAD_TEST_0416,0,0.2435,0.2808,0.625,0.6581,0.2435,LOW
417,OULAD_TEST_0417,1,0.6282,0.6506,0.6472,0.6266,0.6282,MEDIUM
418,OULAD_TEST_0418,0,0.0164,0.3128,0.282,0.083,0.0164,LOW
419,OULAD_TEST_0419,1,0.8406,0.6857,0.836,0.9276,0.8406,HIGH
420,OULAD_TEST_0420,1,0.9992,0.2832,0.664,0.9394,0.9992,HIGH
421,OULAD_TEST_0421,0,0.1611,0.3402,0.2724,0.1014,0.1611,LOW
422,OULAD_TEST_0422,0,0.4816,0.5329,0.6055,0.6991,0.4816,MEDIUM
423,OULAD_TEST_0423,0,0.0638,0.25,0.1946,0.0927,0.0638,LOW
424,OULAD_TEST_0424,0,0.0363,0.2012,0.1716,0.053,0.0363,LOW
425,OULAD_TEST_0425,0,0.2585,0.4805,0.4078,0.52,0.2585,LOW
426,OULAD_TEST_0426,1,0.8491,0.4891,0.6871,0.8826,0.8491,HIGH
427,OULAD_TEST_0427,0,0.0231,0.3405,0.1132,0.0926,0.0231,LOW
428,OULAD_TEST_0428,0,0.9861,0.6363,0.9176,0.967,0.9861,HIGH
429,OULAD_TEST_0429,0,0.1082,0.4364,0.1919,0.0537,0.1082,LOW
430,OULAD_TEST_0430,0,0.4699,0.5577,0.5908,0.7151,0.4699,MEDIUM
431,OULAD_TEST_0431,0,0.6262,0.508,0.4603,0.5269,0.6262,MEDIUM
432,OULAD_TEST_0432,1,0.9168,0.5236,0.7732,0.9186,0.9168,HIGH
433,OULAD_TEST_0433,1,0.8033,0.4938,0.8179,0.8281,0.8033,HIGH
434,OULAD_TEST_0434,0,0.4022,0.5053,0.7059,0.6748,0.4022,MEDIUM
435,OULAD_TEST_0435,0,0.0624,0.2992,0.1649,0.1574,0.0624,LOW
436,OULAD_TEST_0436,0,0.1537,0.4232,0.3969,0.3936,0.1537,LOW
437,OULAD_TEST_0437,0,0.098,0.311,0.2817,0.1431,0.098,LOW
438,OULAD_TEST_0438,0,0.1847,0.484,0.3219,0.2873,0.1847,LOW
439,OULAD_TEST_0439,0,0.1887,0.6593,0.3581,0.3143,0.1887,LOW
440,OULAD_TEST_0440,1,0.81,0.6474,0.4547,0.4388,0.81,HIGH
441,OULAD_TEST_0441,0,0.765,0.2799,0.53,0.7923,0.765,HIGH
442,OULAD_TEST_0442,1,0.9871,0.3271,0.4376,0.4523,0.9871,HIGH
443,OULAD_TEST_0443,1,0.9808,0.2888,0.2964,0.0802,0.9808,HIGH
444,OULAD_TEST_0444,0,0.5421,0.4981,0.5013,0.4987,0.5421,MEDIUM
445,OULAD_TEST_0445,1,0.3611,0.7197,0.6298,0.5203,0.3611,LOW
446,OULAD_TEST_0446,0,0.2303,0.4714,0.3012,0.273,0.2303,LOW
447,OULAD_TEST_0447,1,0.944,0.7191,0.786,0.9459,0.944,HIGH
448,OULAD_TEST_0448,0,0.0757,0.2655,0.232,0.1261,0.0757,LOW
449,OULAD_TEST_0449,0,0.0635,0.2355,0.1342,0.2077,0.0635,LOW
450,OULAD_TEST_0450,1,0.306,0.4941,0.5986,0.457,0.306,LOW
451,OULAD_TEST_0451,1,0.8342,0.4801,0.4721,0.5923,0.8342,HIGH
452,OULAD_TEST_0452,0,0.0994,0.4247,0.177,0.1001,0.0994,LOW
453,OULAD_TEST_0453,1,0.411,0.5,0.4764,0.4675,0.411,MEDIUM
454,OULAD_TEST_0454,0,0.5378,0.6247,0.879,0.6459,0.5378,MEDIUM
455,OULAD_TEST_0455,1,0.9683,0.7928,0.7402,0.969,0.9683,HIGH
456,OULAD_TEST_0456,0,0.5353,0.4737,0.3732,0.3861,0.5353,MEDIUM
457,OULAD_TEST_0457,0,0.7232,0.5607,0.6561,0.6291,0.7232,HIGH
458,OULAD_TEST_0458,0,0.2045,0.4731,0.1648,0.1307,0.2045,LOW
459,OULAD_TEST_0459,0,0.0314,0.3678,0.1384,0.0927,0.0314,LOW
460,OULAD_TEST_0460,0,0.2205,0.4233,0.318,0.3323,0.2205,LOW
461,OULAD_TEST_0461,0,0.015,0.2471,0.0974,0.0439,0.015,LOW
462,OULAD_TEST_0462,1,0.726,0.3575,0.2249,0.1118,0.726,HIGH
463,OULAD_TEST_0463,0,0.0998,0.4369,0.3385,0.0603,0.0998,LOW
464,OULAD_TEST_0464,1,0.9986,0.8338,0.9425,0.956,0.9986,HIGH
465,OULAD_TEST_0465,1,0.1387,0.2067,0.3138,0.2532,0.1387,LOW
466,OULAD_TEST_0466,0,0.2963,0.4281,0.5316,0.5054,0.2963,LOW
467,OULAD_TEST_0467,1,0.7641,0.5612,0.3583,0.6043,0.7641,HIGH
468,OULAD_TEST_0468,1,0.476,0.5988,0.4425,0.1909,0.476,MEDIUM
469,OULAD_TEST_0469,1,0.995,0.4657,0.5309,0.6247,0.995,HIGH
470,OULAD_TEST_0470,0,0.0414,0.2568,0.2786,0.2153,0.0414,LOW
471,OULAD_TEST_0471,1,0.6431,0.6017,0.6215,0.7017,0.6431,MEDIUM
472,OULAD_TEST_0472,1,0.1954,0.4229,0.443,0.453,0.1954,LOW
473,OULAD_TEST_0473,0,0.9,0.9306,0.9128,0.9455,0.9,HIGH
474,OULAD_TEST_0474,0,0.0185,0.3347,0.1631,0.0804,0.0185,LOW
475,OULAD_TEST_0475,0,0.1421,0.3022,0.2942,0.3532,0.1421,LOW
476,OULAD_TEST_0476,1,0.9924,0.5413,0.6841,0.9516,0.9924,HIGH
477,OULAD_TEST_0477,1,0.8239,0.6665,0.8533,0.8731,0.8239,HIGH
478,OULAD_TEST_0478,0,0.0704,0.3331,0.3288,0.3357,0.0704,LOW
479,OULAD_TEST_0479,0,0.0596,0.3397,0.2786,0.1444,0.0596,LOW
480,OULAD_TEST_0480,0,0.1757,0.726,0.5026,0.4081,0.1757,LOW
481,OULAD_TEST_0481,1,0.8049,0.8372,0.8333,0.8335,0.8049,HIGH
482,OULAD_TEST_0482,1,0.3505,0.4986,0.2322,0.2605,0.3505,LOW
483,OULAD_TEST_0483,1,0.8201,0.6975,0.8026,0.8193,0.8201,HIGH
484,OULAD_TEST_0484,0,0.348,0.4745,0.5781,0.6954,0.348,LOW
485,OULAD_TEST_0485,1,0.5105,0.3434,0.6388,0.8554,0.5105,MEDIUM
486,OULAD_TEST_0486,0,0.5953,0.3479,0.6276,0.3414,0.5953,MEDIUM
487,OULAD_TEST_0487,1,0.9827,0.7927,0.8949,0.9321,0.9827,HIGH
488,OULAD_TEST_0488,0,0.2607,0.6234,0.4628,0.5062,0.2607,LOW
489,OULAD_TEST_0489,1,0.997,0.4384,0.7741,0.8283,0.997,HIGH
490,OULAD_TEST_0490,0,0.0462,0.3633,0.1434,0.0893,0.0462,LOW
491,OULAD_TEST_0491,0,0.1112,0.3063,0.3805,0.2184,0.1112,LOW
492,OULAD_TEST_0492,1,0.8019,0.5114,0.6848,0.5877,0.8019,HIGH
493,OULAD_TEST_0493,1,0.4656,0.4442,0.6323,0.6635,0.4656,MEDIUM
494,OULAD_TEST_0494,0,0.4674,0.429,0.3384,0.5151,0.4674,MEDIUM
495,OULAD_TEST_0495,0,0.1547,0.4503,0.3541,0.3771,0.1547,LOW
496,OULAD_TEST_0496,1,0.9974,0.8949,0.9826,0.9774,0.9974,HIGH
497,OULAD_TEST_0497,0,0.1319,0.4927,0.3365,0.2553,0.1319,LOW
498,OULAD_TEST_0498,0,0.2898,0.3789,0.5732,0.5336,0.2898,LOW
499,OULAD_TEST_0499,0,0.0949,0.3217,0.181,0.1619,0.0949,LOW
500,OULAD_TEST_0500,1,0.1979,0.5661,0.3861,0.3218,0.1979,LOW
501,OULAD_TEST_0501,0,0.0287,0.2992,0.194,0.0718,0.0287,LOW
502,OULAD_TEST_0502,0,0.5632,0.4877,0.6421,0.6709,0.5632,MEDIUM
503,OULAD_TEST_0503,0,0.7997,0.6118,0.6226,0.6144,0.7997,HIGH
504,OULAD_TEST_0504,0,0.0616,0.3015,0.6286,0.3939,0.0616,LOW
505,OULAD_TEST_0505,1,0.8457,0.6131,0.7236,0.8876,0.8457,HIGH
506,OULAD_TEST_0506,1,0.9994,0.2905,0.2171,0.5264,0.9994,HIGH
507,OULAD_TEST_0507,0,0.5847,0.5209,0.7746,0.6558,0.5847,MEDIUM
508,OULAD_TEST_0508,0,0.0283,0.3153,0.1377,0.0843,0.0283,LOW
509,OULAD_TEST_0509,1,0.7539,0.4677,0.4065,0.7574,0.7539,HIGH
510,OULAD_TEST_0510,0,0.2575,0.6926,0.5539,0.5644,0.2575,LOW
511,OULAD_TEST_0511,1,0.9939,0.5784,0.667,0.7822,0.9939,HIGH
512,OULAD_TEST_0512,0,0.8121,0.8198,0.84,0.8719,0.8121,HIGH
513,OULAD_TEST_0513,0,0.0676,0.4233,0.3291,0.1479,0.0676,LOW
514,OULAD_TEST_0514,0,0.2985,0.4626,0.389,0.4789,0.2985,LOW
515,OULAD_TEST_0515,0,0.1519,0.413,0.413,0.4876,0.1519,LOW
516,OULAD_TEST_0516,0,0.2787,0.353,0.5891,0.2903,0.2787,LOW
517,OULAD_TEST_0517,0,0.088,0.3971,0.4199,0.373,0.088,LOW
518,OULAD_TEST_0518,1,0.2795,0.3603,0.3905,0.1345,0.2795,LOW
519,OULAD_TEST_0519,0,0.0726,0.3662,0.5144,0.2609,0.0726,LOW
520,OULAD_TEST_0520,0,0.0511,0.3095,0.1306,0.1722,0.0511,LOW
521,OULAD_TEST_0521,1,0.4599,0.8554,0.6341,0.7744,0.4599,MEDIUM
522,OULAD_TEST_0522,1,0.9567,0.3706,0.5368,0.7432,0.9567,HIGH
523,OULAD_TEST_0523,1,0.6423,0.8048,0.8635,0.701,0.6423,MEDIUM
524,OULAD_TEST_0524,1,0.2604,0.2947,0.1972,0.3097,0.2604,LOW
525,OULAD_TEST_0525,0,0.0522,0.2823,0.1191,0.0839,0.0522,LOW
526,OULAD_TEST_0526,0,0.1772,0.5675,0.4667,0.3282,0.1772,LOW
527,OULAD_TEST_0527,0,0.6283,0.6491,0.6617,0.6687,0.6283,MEDIUM
528,OULAD_TEST_0528,0,0.7082,0.4776,0.8984,0.8164,0.7082,HIGH
529,OULAD_TEST_0529,0,0.1669,0.5022,0.2377,0.2996,0.1669,LOW
530,OULAD_TEST_0530,0,0.3392,0.5291,0.4014,0.3681,0.3392,LOW
531,OULAD_TEST_0531,0,0.0289,0.3763,0.2447,0.0899,0.0289,LOW
532,OULAD_TEST_0532,0,0.0775,0.3069,0.1745,0.1737,0.0775,LOW
533,OULAD_TEST_0533,1,0.9982,0.6749,0.8614,0.9392,0.9982,HIGH
534,OULAD_TEST_0534,0,0.2675,0.41,0.2872,0.2443,0.2675,LOW
535,OULAD_TEST_0535,0,0.7058,0.8207,0.8372,0.8373,0.7058,HIGH
536,OULAD_TEST_0536,0,0.0615,0.3575,0.285,0.1363,0.0615,LOW
537,OULAD_TEST_0537,1,0.9996,0.8582,0.9872,0.9871,0.9996,HIGH
538,OULAD_TEST_0538,0,0.0806,0.4916,0.3544,0.0895,0.0806,LOW
539,OULAD_TEST_0539,0,0.3362,0.577,0.3507,0.2305,0.3362,LOW
540,OULAD_TEST_0540,0,0.0355,0.353,0.0848,0.1265,0.0355,LOW
541,OULAD_TEST_0541,0,0.031,0.3342,0.2161,0.126,0.031,LOW
542,OULAD_TEST_0542,0,0.1045,0.1628,0.1768,0.2672,0.1045,LOW
543,OULAD_TEST_0543,0,0.3994,0.7053,0.6321,0.5522,0.3994,LOW
544,OULAD_TEST_0544,1,0.4074,0.4224,0.3046,0.2752,0.4074,MEDIUM
545,OULAD_TEST_0545,0,0.0478,0.4604,0.137,0.0557,0.0478,LOW
546,OULAD_TEST_0546,0,0.156,0.671,0.6398,0.2031,0.156,LOW
547,OULAD_TEST_0547,1,0.6506,0.6133,0.5856,0.5498,0.6506,MEDIUM
548,OULAD_TEST_0548,0,0.0563,0.4152,0.2649,0.1562,0.0563,LOW
549,OULAD_TEST_0549,1,0.9986,0.2199,0.2582,0.2995,0.9986,HIGH
550,OULAD_TEST_0550,1,0.9989,0.9118,0.9428,0.9439,0.9989,HIGH
551,OULAD_TEST_0551,0,0.1933,0.2939,0.2946,0.2212,0.1933,LOW
552,OULAD_TEST_0552,0,0.0669,0.4227,0.158,0.1456,0.0669,LOW
553,OULAD_TEST_0553,0,0.083,0.3398,0.3492,0.1715,0.083,LOW
554,OULAD_TEST_0554,0,0.1071,0.3704,0.3452,0.211,0.1071,LOW
555,OULAD_TEST_0555,0,0.0329,0.2771,0.1465,0.0753,0.0329,LOW
556,OULAD_TEST_0556,1,0.9682,0.4928,0.7074,0.8555,0.9682,HIGH
557,OULAD_TEST_0557,0,0.0194,0.2865,0.1707,0.0727,0.0194,LOW
558,OULAD_TEST_0558,0,0.0355,0.3463,0.2458,0.1039,0.0355,LOW
559,OULAD_TEST_0559,0,0.0257,0.2557,0.1018,0.0621,0.0257,LOW
560,OULAD_TEST_0560,0,0.1481,0.463,0.3252,0.3226,0.1481,LOW
561,OULAD_TEST_0561,1,0.9272,0.5121,0.8086,0.8722,0.9272,HIGH
562,OULAD_TEST_0562,1,0.9045,0.605,0.7098,0.8251,0.9045,HIGH
563,OULAD_TEST_0563,1,0.0477,0.1353,0.2656,0.1098,0.0477,LOW
564,OULAD_TEST_0564,0,0.2534,0.4825,0.8496,0.6471,0.2534,LOW
565,OULAD_TEST_0565,1,0.7728,0.635,0.7921,0.6169,0.7728,HIGH
566,OULAD_TEST_0566,1,0.1786,0.44,0.2909,0.3862,0.1786,LOW
567,OULAD_TEST_0567,0,0.0481,0.2948,0.2584,0.1173,0.0481,LOW
568,OULAD_TEST_0568,1,0.9191,0.5365,0.7234,0.6532,0.9191,HIGH
569,OULAD_TEST_0569,0,0.057,0.5216,0.3512,0.1224,0.057,LOW
570,OULAD_TEST_0570,0,0.1816,0.4643,0.3629,0.1562,0.1816,LOW
571,OULAD_TEST_0571,1,0.9644,0.446,0.6978,0.8168,0.9644,HIGH
572,OULAD_TEST_0572,0,0.0506,0.4956,0.2495,0.1015,0.0506,LOW
573,OULAD_TEST_0573,0,0.374,0.2473,0.1078,0.3134,0.374,LOW
574,OULAD_TEST_0574,0,0.0206,0.2967,0.1361,0.0882,0.0206,LOW
575,OULAD_TEST_0575,0,0.4737,0.5332,0.6701,0.5172,0.4737,MEDIUM
576,OULAD_TEST_0576,0,0.2866,0.461,0.4622,0.464,0.2866,LOW
577,OULAD_TEST_0577,0,0.0595,0.6525,0.35,0.2427,0.0595,LOW
578,OULAD_TEST_0578,0,0.0941,0.3337,0.1137,0.3718,0.0941,LOW
579,OULAD_TEST_0579,0,0.2587,0.4801,0.3682,0.2511,0.2587,LOW
580,OULAD_TEST_0580,0,0.3502,0.5183,0.4651,0.4611,0.3502,LOW
581,OULAD_TEST_0581,0,0.0885,0.2885,0.1129,0.0366,0.0885,LOW
582,OULAD_TEST_0582,0,0.972,0.9211,0.961,0.9674,0.972,HIGH
583,OULAD_TEST_0583,0,0.2304,0.4336,0.371,0.4309,0.2304,LOW
584,OULAD_TEST_0584,0,0.1492,0.3997,0.4421,0.293,0.1492,LOW
585,OULAD_TEST_0585,1,0.6244,0.5647,0.4702,0.3746,0.6244,MEDIUM
586,OULAD_TEST_0586,0,0.3469,0.4271,0.1549,0.1823,0.3469,LOW
587,OULAD_TEST_0587,0,0.8413,0.5207,0.5795,0.5524,0.8413,HIGH
588,OULAD_TEST_0588,0,0.4111,0.519,0.4497,0.3208,0.4111,MEDIUM
589,OULAD_TEST_0589,0,0.5031,0.5444,0.6399,0.6324,0.5031,MEDIUM
590,OULAD_TEST_0590,1,0.1477,0.4208,0.5082,0.4426,0.1477,LOW
591,OULAD_TEST_0591,1,0.9311,0.6329,0.7719,0.8692,0.9311,HIGH
592,OULAD_TEST_0592,0,0.0495,0.2851,0.1159,0.1265,0.0495,LOW
593,OULAD_TEST_0593,0,0.3028,0.4706,0.2657,0.2319,0.3028,LOW
594,OULAD_TEST_0594,0,0.3306,0.4869,0.4069,0.3284,0.3306,LOW
595,OULAD_TEST_0595,0,0.6177,0.5284,0.6802,0.6832,0.6177,MEDIUM
596,OULAD_TEST_0596,1,0.9879,0.5332,0.5935,0.6404,0.9879,HIGH
597,OULAD_TEST_0597,1,0.9994,0.703,0.9413,0.9713,0.9994,HIGH
598,OULAD_TEST_0598,0,0.0337,0.4378,0.1221,0.1522,0.0337,LOW
599,OULAD_TEST_0599,1,0.9843,0.4657,0.6516,0.555,0.9843,HIGH
600,OULAD_TEST_0600,0,0.1371,0.4532,0.2258,0.1727,0.1371,LOW
601,OULAD_TEST_0601,0,0.5537,0.579,0.612,0.436,0.5537,MEDIUM
602,OULAD_TEST_0602,0,0.3584,0.5086,0.509,0.4661,0.3584,LOW
603,OULAD_TEST_0603,0,0.3464,0.2472,0.142,0.1525,0.3464,LOW
604,OULAD_TEST_0604,0,0.0258,0.3788,0.2033,0.1249,0.0258,LOW
605,OULAD_TEST_0605,1,0.7724,0.3799,0.3097,0.2414,0.7724,HIGH
606,OULAD_TEST_0606,1,0.4598,0.3954,0.3688,0.3376,0.4598,MEDIUM
607,OULAD_TEST_0607,0,0.2853,0.5911,0.7786,0.6592,0.2853,LOW
608,OULAD_TEST_0608,0,0.1277,0.3587,0.2869,0.3212,0.1277,LOW
609,OULAD_TEST_0609,1,0.0822,0.3769,0.1987,0.1079,0.0822,LOW
610,OULAD_TEST_0610,1,0.4818,0.406,0.2922,0.3903,0.4818,MEDIUM
611,OULAD_TEST_0611,1,0.7384,0.5012,0.4202,0.5731,0.7384,HIGH
612,OULAD_TEST_0612,0,0.5238,0.5534,0.5824,0.5613,0.5238,MEDIUM
613,OULAD_TEST_0613,1,0.9942,0.5026,0.8218,0.821,0.9942,HIGH
614,OULAD_TEST_0614,0,0.411,0.7592,0.5744,0.5076,0.411,MEDIUM
615,OULAD_TEST_0615,0,0.9882,0.8759,0.8611,0.9518,0.9882,HIGH
616,OULAD_TEST_0616,0,0.5983,0.6793,0.5464,0.5522,0.5983,MEDIUM
617,OULAD_TEST_0617,1,0.8521,0.495,0.4158,0.8428,0.8521,HIGH
618,OULAD_TEST_0618,1,0.932,0.7684,0.7414,0.7889,0.932,HIGH
619,OULAD_TEST_0619,0,0.041,0.3113,0.1795,0.118,0.041,LOW
620,OULAD_TEST_0620,0,0.2185,0.5084,0.2595,0.4222,0.2185,LOW
621,OULAD_TEST_0621,0,0.2051,0.4813,0.4782,0.2931,0.2051,LOW
622,OULAD_TEST_0622,0,0.0492,0.5215,0.2901,0.238,0.0492,LOW
623,OULAD_TEST_0623,0,0.8877,0.7646,0.7851,0.7934,0.8877,HIGH
624,OULAD_TEST_0624,0,0.5323,0.5185,0.4893,0.6154,0.5323,MEDIUM
625,OULAD_TEST_0625,0,0.1537,0.4979,0.14,0.4266,0.1537,LOW
626,OULAD_TEST_0626,0,0.2962,0.4941,0.6337,0.6069,0.2962,LOW
627,OULAD_TEST_0627,0,0.2157,0.4642,0.4372,0.3313,0.2157,LOW
628,OULAD_TEST_0628,0,0.3416,0.4101,0.2989,0.4307,0.3416,LOW
629,OULAD_TEST_0629,0,0.015,0.3612,0.1282,0.0622,0.015,LOW
630,OULAD_TEST_0630,0,0.134,0.6707,0.3532,0.344,0.134,LOW
631,OULAD_TEST_0631,1,0.8212,0.9336,0.9361,0.9286,0.8212,HIGH
632,OULAD_TEST_0632,1,0.5511,0.5743,0.473,0.501,0.5511,MEDIUM
633,OULAD_TEST_0633,1,0.9964,0.7198,0.6292,0.7411,0.9964,HIGH
634,OULAD_TEST_0634,0,0.0937,0.3503,0.4242,0.2348,0.0937,LOW
635,OULAD_TEST_0635,0,0.1398,0.4576,0.5321,0.2802,0.1398,LOW
636,OULAD_TEST_0636,1,0.8974,0.6139,0.8231,0.8617,0.8974,HIGH
637,OULAD_TEST_0637,0,0.3588,0.5438,0.4895,0.5238,0.3588,LOW
638,OULAD_TEST_0638,1,0.0463,0.4532,0.1491,0.1035,0.0463,LOW
639,OULAD_TEST_0639,0,0.2029,0.4624,0.2164,0.28,0.2029,LOW
640,OULAD_TEST_0640,0,0.4916,0.5144,0.6665,0.5754,0.4916,MEDIUM
641,OULAD_TEST_0641,0,0.2623,0.6661,0.6442,0.5163,0.2623,LOW
642,OULAD_TEST_0642,0,0.0424,0.4231,0.2058,0.2216,0.0424,LOW
643,OULAD_TEST_0643,0,0.4951,0.5083,0.529,0.4881,0.4951,MEDIUM
644,OULAD_TEST_0644,0,0.092,0.4475,0.1544,0.1983,0.092,LOW
645,OULAD_TEST_0645,0,0.0909,0.5133,0.5528,0.5814,0.0909,LOW
646,OULAD_TEST_0646,0,0.1483,0.5714,0.3359,0.1939,0.1483,LOW
647,OULAD_TEST_0647,0,0.6097,0.4206,0.3908,0.4252,0.6097,MEDIUM
648,OULAD_TEST_0648,0,0.3163,0.4663,0.2013,0.2544,0.3163,LOW
649,OULAD_TEST_0649,0,0.3163,0.3361,0.509,0.519,0.3163,LOW
650,OULAD_TEST_0650,1,0.7149,0.6155,0.8655,0.8491,0.7149,HIGH
651,OULAD_TEST_0651,0,0.1806,0.3318,0.4063,0.3797,0.1806,LOW
652,OULAD_TEST_0652,0,0.7922,0.6382,0.5198,0.8983,0.7922,HIGH
653,OULAD_TEST_0653,0,0.1642,0.3714,0.408,0.3404,0.1642,LOW
654,OULAD_TEST_0654,0,0.0393,0.3207,0.1022,0.0556,0.0393,LOW
655,OULAD_TEST_0655,1,0.2379,0.3837,0.4648,0.2696,0.2379,LOW
656,OULAD_TEST_0656,1,0.0885,0.6017,0.3576,0.3746,0.0885,LOW
657,OULAD_TEST_0657,0,0.2481,0.5001,0.406,0.3462,0.2481,LOW
658,OULAD_TEST_0658,0,0.0462,0.2857,0.104,0.0842,0.0462,LOW
659,OULAD_TEST_0659,0,0.0901,0.3767,0.0885,0.2171,0.0901,LOW
660,OULAD_TEST_0660,0,0.8534,0.8748,0.7476,0.5516,0.8534,HIGH
661,OULAD_TEST_0661,1,0.9984,0.4577,0.7078,0.7285,0.9984,HIGH
662,OULAD_TEST_0662,0,0.2407,0.3066,0.4854,0.3175,0.2407,LOW
663,OULAD_TEST_0663,0,0.7972,0.6873,0.7327,0.7637,0.7972,HIGH
664,OULAD_TEST_0664,0,0.5175,0.7889,0.7108,0.6745,0.5175,MEDIUM
665,OULAD_TEST_0665,1,0.8809,0.8485,0.8831,0.8955,0.8809,HIGH
666,OULAD_TEST_0666,0,0.2406,0.6666,0.3846,0.374,0.2406,LOW
667,OULAD_TEST_0667,0,0.3723,0.4196,0.3611,0.2373,0.3723,LOW
668,OULAD_TEST_0668,0,0.4063,0.7355,0.5016,0.3103,0.4063,MEDIUM
669,OULAD_TEST_0669,0,0.0724,0.3717,0.3591,0.2239,0.0724,LOW
670,OULAD_TEST_0670,0,0.0148,0.2661,0.285,0.0514,0.0148,LOW
671,OULAD_TEST_0671,0,0.827,0.5843,0.7374,0.8195,0.827,HIGH
672,OULAD_TEST_0672,0,0.0269,0.3884,0.1067,0.0736,0.0269,LOW
673,OULAD_TEST_0673,0,0.0552,0.4706,0.1276,0.0969,0.0552,LOW
674,OULAD_TEST_0674,0,0.0339,0.2882,0.3298,0.1207,0.0339,LOW
675,OULAD_TEST_0675,1,0.864,0.5303,0.4572,0.6435,0.864,HIGH
676,OULAD_TEST_0676,0,0.3833,0.6482,0.5009,0.5008,0.3833,LOW
677,OULAD_TEST_0677,0,0.1997,0.4955,0.3697,0.2847,0.1997,LOW
678,OULAD_TEST_0678,0,0.5268,0.499,0.4623,0.518,0.5268,MEDIUM
679,OULAD_TEST_0679,0,0.5524,0.281,0.1401,0.1779,0.5524,MEDIUM
680,OULAD_TEST_0680,0,0.1122,0.3433,0.2203,0.2822,0.1122,LOW
681,OULAD_TEST_0681,0,0.6285,0.6023,0.6008,0.6616,0.6285,MEDIUM
682,OULAD_TEST_0682,1,0.6649,0.6287,0.6068,0.5972,0.6649,MEDIUM
683,OULAD_TEST_0683,1,0.9997,0.8669,0.9603,0.9869,0.9997,HIGH
684,OULAD_TEST_0684,0,0.2581,0.4307,0.2076,0.3168,0.2581,LOW
685,OULAD_TEST_0685,1,0.9996,0.8735,0.9325,0.962,0.9996,HIGH
686,OULAD_TEST_0686,1,0.9948,0.1991,0.3022,0.512,0.9948,HIGH
687,OULAD_TEST_0687,0,0.2384,0.4778,0.3621,0.3721,0.2384,LOW
688,OULAD_TEST_0688,1,0.9961,0.6652,0.8805,0.9658,0.9961,HIGH
689,OULAD_TEST_0689,0,0.1714,0.5396,0.5713,0.2577,0.1714,LOW
690,OULAD_TEST_0690,0,0.0951,0.3831,0.3256,0.2045,0.0951,LOW
691,OULAD_TEST_0691,0,0.4201,0.422,0.4167,0.3872,0.4201,MEDIUM
692,OULAD_TEST_0692,0,0.1894,0.2876,0.1408,0.1555,0.1894,LOW
693,OULAD_TEST_0693,1,0.7935,0.8508,0.8446,0.8964,0.7935,HIGH
694,OULAD_TEST_0694,1,0.9872,0.4196,0.3218,0.3996,0.9872,HIGH
695,OULAD_TEST_0695,1,0.9967,0.3088,0.3823,0.8262,0.9967,HIGH
696,OULAD_TEST_0696,0,0.0348,0.4271,0.2601,0.1146,0.0348,LOW
697,OULAD_TEST_0697,0,0.0808,0.4806,0.3943,0.3912,0.0808,LOW
698,OULAD_TEST_0698,0,0.3136,0.3775,0.2381,0.3571,0.3136,LOW
699,OULAD_TEST_0699,1,0.9986,0.361,0.6364,0.6127,0.9986,HIGH
700,OULAD_TEST_0700,1,0.6573,0.7859,0.8467,0.7098,0.6573,MEDIUM
701,OULAD_TEST_0701,1,0.5085,0.5987,0.718,0.7277,0.5085,MEDIUM
702,OULAD_TEST_0702,1,0.8666,0.8574,0.8736,0.9229,0.8666,HIGH
703,OULAD_TEST_0703,1,0.7866,0.818,0.931,0.9061,0.7866,HIGH
704,OULAD_TEST_0704,0,0.3604,0.4316,0.1951,0.1963,0.3604,LOW
705,OULAD_TEST_0705,0,0.2382,0.5186,0.278,0.237,0.2382,LOW
706,OULAD_TEST_0706,0,0.8175,0.5589,0.4173,0.4886,0.8175,HIGH
707,OULAD_TEST_0707,1,0.9992,0.4914,0.5682,0.7104,0.9992,HIGH
708,OULAD_TEST_0708,1,0.4368,0.3884,0.3747,0.8882,0.4368,MEDIUM
709,OULAD_TEST_0709,0,0.2392,0.6569,0.4199,0.5253,0.2392,LOW
710,OULAD_TEST_0710,0,0.076,0.2735,0.3676,0.1912,0.076,LOW
711,OULAD_TEST_0711,0,0.0845,0.3668,0.4126,0.1923,0.0845,LOW
712,OULAD_TEST_0712,1,0.5634,0.7174,0.6181,0.41,0.5634,MEDIUM
713,OULAD_TEST_0713,0,0.2761,0.3899,0.544,0.5351,0.2761,LOW
714,OULAD_TEST_0714,0,0.1428,0.3996,0.4514,0.3764,0.1428,LOW
715,OULAD_TEST_0715,1,0.8112,0.72,0.7887,0.8317,0.8112,HIGH
716,OULAD_TEST_0716,1,0.685,0.5884,0.7867,0.8023,0.685,MEDIUM
717,OULAD_TEST_0717,1,0.7502,0.5173,0.5733,0.6073,0.7502,HIGH
718,OULAD_TEST_0718,1,0.9992,0.7247,0.9341,0.9611,0.9992,HIGH
719,OULAD_TEST_0719,0,0.5056,0.5269,0.5316,0.4926,0.5056,MEDIUM
720,OULAD_TEST_0720,1,0.8039,0.7524,0.8794,0.861,0.8039,HIGH
721,OULAD_TEST_0721,0,0.1529,0.472,0.3902,0.2483,0.1529,LOW
722,OULAD_TEST_0722,1,0.7052,0.6127,0.6577,0.6551,0.7052,HIGH
723,OULAD_TEST_0723,0,0.4167,0.7883,0.6686,0.5087,0.4167,MEDIUM
724,OULAD_TEST_0724,0,0.0869,0.3357,0.3605,0.1762,0.0869,LOW
725,OULAD_TEST_0725,1,0.6025,0.5434,0.4383,0.5042,0.6025,MEDIUM
726,OULAD_TEST_0726,0,0.0507,0.2813,0.2433,0.1625,0.0507,LOW
727,OULAD_TEST_0727,0,0.4508,0.4683,0.5127,0.5883,0.4508,MEDIUM
728,OULAD_TEST_0728,0,0.7189,0.5655,0.8496,0.6076,0.7189,HIGH
729,OULAD_TEST_0729,0,0.2421,0.4963,0.2287,0.3057,0.2421,LOW
730,OULAD_TEST_0730,1,0.9989,0.3995,0.3469,0.7513,0.9989,HIGH
731,OULAD_TEST_0731,1,0.5971,0.3467,0.5836,0.5226,0.5971,MEDIUM
732,OULAD_TEST_0732,0,0.595,0.5413,0.3302,0.4868,0.595,MEDIUM
733,OULAD_TEST_0733,0,0.6973,0.3648,0.2059,0.1767,0.6973,MEDIUM
734,OULAD_TEST_0734,0,0.6285,0.7531,0.6313,0.6219,0.6285,MEDIUM
735,OULAD_TEST_0735,0,0.019,0.4531,0.302,0.0696,0.019,LOW
736,OULAD_TEST_0736,1,0.8854,0.6852,0.2471,0.5762,0.8854,HIGH
737,OULAD_TEST_0737,1,0.876,0.3452,0.2674,0.4054,0.876,HIGH
738,OULAD_TEST_0738,0,0.2663,0.3312,0.4255,0.4805,0.2663,LOW
739,OULAD_TEST_0739,0,0.3627,0.3995,0.2022,0.3065,0.3627,LOW
740,OULAD_TEST_0740,0,0.0409,0.4158,0.1722,0.2753,0.0409,LOW
741,OULAD_TEST_0741,1,0.7623,0.2909,0.4656,0.4775,0.7623,HIGH
742,OULAD_TEST_0742,0,0.4841,0.8475,0.7435,0.764,0.4841,MEDIUM
743,OULAD_TEST_0743,1,0.3624,0.4781,0.3792,0.2242,0.3624,LOW
744,OULAD_TEST_0744,0,0.7925,0.6722,0.8167,0.8981,0.7925,HIGH
745,OULAD_TEST_0745,0,0.0956,0.2377,0.1659,0.2589,0.0956,LOW
746,OULAD_TEST_0746,0,0.0431,0.4367,0.2394,0.1682,0.0431,LOW
747,OULAD_TEST_0747,1,0.0603,0.2152,0.1238,0.2293,0.0603,LOW
748,OULAD_TEST_0748,0,0.0552,0.3753,0.1347,0.0501,0.0552,LOW
749,OULAD_TEST_0749,0,0.1843,0.3671,0.1615,0.3079,0.1843,LOW
750,OULAD_TEST_0750,1,0.9996,0.3167,0.2138,0.853,0.9996,HIGH
751,OULAD_TEST_0751,0,0.3028,0.632,0.4743,0.4399,0.3028,LOW
752,OULAD_TEST_0752,0,0.0358,0.3654,0.1268,0.043,0.0358,LOW
753,OULAD_TEST_0753,0,0.1165,0.397,0.2606,0.1661,0.1165,LOW
754,OULAD_TEST_0754,0,0.0595,0.4428,0.1584,0.1191,0.0595,LOW
755,OULAD_TEST_0755,0,0.015,0.3741,0.239,0.054,0.015,LOW
756,OULAD_TEST_0756,1,0.6846,0.5067,0.4622,0.8113,0.6846,MEDIUM
757,OULAD_TEST_0757,0,0.0436,0.4888,0.3195,0.0714,0.0436,LOW
758,OULAD_TEST_0758,1,0.7587,0.3574,0.6568,0.6992,0.7587,HIGH
759,OULAD_TEST_0759,1,0.9947,0.3789,0.8761,0.9164,0.9947,HIGH
760,OULAD_TEST_0760,0,0.0272,0.4003,0.1338,0.0639,0.0272,LOW
761,OULAD_TEST_0761,0,0.2302,0.4875,0.4399,0.3003,0.2302,LOW
762,OULAD_TEST_0762,0,0.1565,0.5031,0.2729,0.1711,0.1565,LOW
763,OULAD_TEST_0763,1,0.7123,0.6399,0.6295,0.5864,0.7123,HIGH
764,OULAD_TEST_0764,0,0.8719,0.7252,0.6449,0.8457,0.8719,HIGH
765,OULAD_TEST_0765,1,0.5864,0.3101,0.2713,0.7632,0.5864,MEDIUM
766,OULAD_TEST_0766,0,0.159,0.3938,0.2969,0.5047,0.159,LOW
767,OULAD_TEST_0767,0,0.7678,0.817,0.6749,0.5003,0.7678,HIGH
768,OULAD_TEST_0768,0,0.2526,0.4841,0.4338,0.4953,0.2526,LOW
769,OULAD_TEST_0769,0,0.0849,0.4416,0.2409,0.5123,0.0849,LOW
770,OULAD_TEST_0770,1,0.9924,0.8303,0.825,0.9614,0.9924,HIGH
771,OULAD_TEST_0771,0,0.9008,0.6726,0.7497,0.8304,0.9008,HIGH
772,OULAD_TEST_0772,1,0.6285,0.6891,0.6508,0.6987,0.6285,MEDIUM
773,OULAD_TEST_0773,0,0.5435,0.6105,0.5607,0.5213,0.5435,MEDIUM
774,OULAD_TEST_0774,1,0.7116,0.4483,0.7161,0.6013,0.7116,HIGH
775,OULAD_TEST_0775,0,0.4234,0.5179,0.368,0.3748,0.4234,MEDIUM
776,OULAD_TEST_0776,0,0.253,0.4361,0.2445,0.3195,0.253,LOW
777,OULAD_TEST_0777,0,0.206,0.4511,0.3496,0.3735,0.206,LOW
778,OULAD_TEST_0778,0,0.9017,0.544,0.7794,0.7854,0.9017,HIGH
779,OULAD_TEST_0779,0,0.9706,0.8711,0.6711,0.6995,0.9706,HIGH
780,OULAD_TEST_0780,0,0.0829,0.3304,0.3468,0.299,0.0829,LOW
781,OULAD_TEST_0781,1,0.9982,0.8493,0.9176,0.9464,0.9982,HIGH
782,OULAD_TEST_0782,0,0.0812,0.6387,0.142,0.0732,0.0812,LOW
783,OULAD_TEST_0783,0,0.3004,0.4397,0.4733,0.528,0.3004,LOW
784,OULAD_TEST_0784,0,0.4847,0.5449,0.5867,0.6114,0.4847,MEDIUM
785,OULAD_TEST_0785,0,0.5608,0.8543,0.9095,0.9097,0.5608,MEDIUM
786,OULAD_TEST_0786,0,0.4041,0.3931,0.3035,0.2134,0.4041,MEDIUM
787,OULAD_TEST_0787,0,0.1686,0.642,0.4746,0.375,0.1686,LOW
788,OULAD_TEST_0788,1,0.9028,0.8435,0.7846,0.7131,0.9028,HIGH
789,OULAD_TEST_0789,0,0.2688,0.6229,0.5307,0.5481,0.2688,LOW
790,OULAD_TEST_0790,1,0.5041,0.4945,0.729,0.6134,0.5041,MEDIUM
791,OULAD_TEST_0791,0,0.6015,0.8257,0.695,0.8516,0.6015,MEDIUM
792,OULAD_TEST_0792,0,0.2456,0.3203,0.5171,0.5883,0.2456,LOW
793,OULAD_TEST_0793,0,0.5904,0.4797,0.2955,0.1873,0.5904,MEDIUM
794,OULAD_TEST_0794,0,0.3756,0.2131,0.1552,0.2278,0.3756,LOW
795,OULAD_TEST_0795,0,0.1295,0.3812,0.3156,0.4099,0.1295,LOW
796,OULAD_TEST_0796,0,0.1313,0.6348,0.449,0.4758,0.1313,LOW
797,OULAD_TEST_0797,0,0.5253,0.6745,0.5953,0.5474,0.5253,MEDIUM
798,OULAD_TEST_0798,1,0.7351,0.7432,0.7942,0.6484,0.7351,HIGH
799,OULAD_TEST_0799,0,0.321,0.4749,0.4196,0.3196,0.321,LOW
800,OULAD_TEST_0800,0,0.2793,0.5496,0.5521,0.5392,0.2793,LOW
801,OULAD_TEST_0801,0,0.1102,0.3504,0.1579,0.1757,0.1102,LOW
802,OULAD_TEST_0802,1,0.9912,0.657,0.9043,0.954,0.9912,HIGH
803,OULAD_TEST_0803,0,0.0666,0.3602,0.2671,0.1061,0.0666,LOW
804,OULAD_TEST_0804,0,0.5843,0.3986,0.3661,0.4721,0.5843,MEDIUM
805,OULAD_TEST_0805,0,0.7829,0.8701,0.7881,0.8263,0.7829,HIGH
806,OULAD_TEST_0806,0,0.0214,0.2931,0.2707,0.0785,0.0214,LOW
807,OULAD_TEST_0807,1,0.9256,0.7643,0.8874,0.9205,0.9256,HIGH
808,OULAD_TEST_0808,0,0.0352,0.3,0.2058,0.0493,0.0352,LOW
809,OULAD_TEST_0809,0,0.199,0.5254,0.5072,0.4692,0.199,LOW
810,OULAD_TEST_0810,0,0.1605,0.4992,0.3646,0.2787,0.1605,LOW
811,OULAD_TEST_0811,1,0.9982,0.5055,0.7851,0.7265,0.9982,HIGH
812,OULAD_TEST_0812,0,0.0372,0.2597,0.236,0.1092,0.0372,LOW
813,OULAD_TEST_0813,0,0.1714,0.5303,0.3831,0.3941,0.1714,LOW
814,OULAD_TEST_0814,1,0.9957,0.4757,0.4915,0.8215,0.9957,HIGH
815,OULAD_TEST_0815,0,0.0221,0.2564,0.107,0.0514,0.0221,LOW
816,OULAD_TEST_0816,0,0.5348,0.6757,0.5987,0.56,0.5348,MEDIUM
817,OULAD_TEST_0817,0,0.3434,0.4636,0.4495,0.4338,0.3434,LOW
818,OULAD_TEST_0818,1,0.5917,0.5768,0.7282,0.7634,0.5917,MEDIUM
819,OULAD_TEST_0819,0,0.3417,0.5081,0.4557,0.471,0.3417,LOW
820,OULAD_TEST_0820,0,0.1616,0.4539,0.4347,0.3883,0.1616,LOW
821,OULAD_TEST_0821,1,0.9993,0.4914,0.5906,0.948,0.9993,HIGH
822,OULAD_TEST_0822,0,0.5008,0.5822,0.4685,0.4123,0.5008,MEDIUM
823,OULAD_TEST_0823,1,0.4772,0.4432,0.4583,0.5851,0.4772,MEDIUM
824,OULAD_TEST_0824,0,0.1485,0.4333,0.3769,0.2794,0.1485,LOW
825,OULAD_TEST_0825,0,0.7397,0.385,0.8196,0.5024,0.7397,HIGH
826,OULAD_TEST_0826,0,0.0854,0.398,0.2328,0.233,0.0854,LOW
827,OULAD_TEST_0827,0,0.258,0.6474,0.6208,0.4641,0.258,LOW
828,OULAD_TEST_0828,0,0.1176,0.2102,0.4152,0.4119,0.1176,LOW
829,OULAD_TEST_0829,0,0.5205,0.6095,0.2894,0.5321,0.5205,MEDIUM
830,OULAD_TEST_0830,1,0.9749,0.5953,0.6911,0.6308,0.9749,HIGH
831,OULAD_TEST_0831,0,0.8731,0.744,0.7582,0.7709,0.8731,HIGH
832,OULAD_TEST_0832,1,0.9997,0.9498,0.9872,0.9886,0.9997,HIGH
833,OULAD_TEST_0833,1,0.2115,0.5025,0.2066,0.3373,0.2115,LOW
834,OULAD_TEST_0834,0,0.0694,0.2737,0.1261,0.1887,0.0694,LOW
835,OULAD_TEST_0835,0,0.7993,0.5885,0.5844,0.6091,0.7993,HIGH
836,OULAD_TEST_0836,1,0.996,0.6274,0.6289,0.6686,0.996,HIGH
837,OULAD_TEST_0837,1,0.5201,0.4807,0.6267,0.5683,0.5201,MEDIUM
838,OULAD_TEST_0838,0,0.0187,0.25,0.158,0.0446,0.0187,LOW
839,OULAD_TEST_0839,0,0.4675,0.3469,0.7274,0.4248,0.4675,MEDIUM
840,OULAD_TEST_0840,0,0.07,0.411,0.1701,0.1288,0.07,LOW
841,OULAD_TEST_0841,0,0.0434,0.2939,0.1716,0.0667,0.0434,LOW
842,OULAD_TEST_0842,0,0.1139,0.4329,0.4968,0.5112,0.1139,LOW
843,OULAD_TEST_0843,1,0.8239,0.408,0.4434,0.5419,0.8239,HIGH
844,OULAD_TEST_0844,1,0.99,0.5088,0.4961,0.5802,0.99,HIGH
845,OULAD_TEST_0845,1,0.5202,0.6272,0.4982,0.4951,0.5202,MEDIUM
846,OULAD_TEST_0846,0,0.4081,0.6398,0.6964,0.6671,0.4081,MEDIUM
847,OULAD_TEST_0847,0,0.4977,0.4208,0.8027,0.6681,0.4977,MEDIUM
848,OULAD_TEST_0848,1,0.9983,0.3025,0.5339,0.8518,0.9983,HIGH
849,OULAD_TEST_0849,0,0.5348,0.769,0.4966,0.2352,0.5348,MEDIUM
850,OULAD_TEST_0850,0,0.0297,0.4911,0.1144,0.1025,0.0297,LOW
851,OULAD_TEST_0851,1,0.6862,0.566,0.6633,0.6326,0.6862,MEDIUM
852,OULAD_TEST_0852,1,0.8668,0.6595,0.5075,0.4824,0.8668,HIGH
853,OULAD_TEST_0853,0,0.2009,0.5011,0.4641,0.4964,0.2009,LOW
854,OULAD_TEST_0854,0,0.0423,0.3685,0.2615,0.2325,0.0423,LOW
855,OULAD_TEST_0855,1,0.731,0.7026,0.8875,0.8842,0.731,HIGH
856,OULAD_TEST_0856,0,0.0919,0.5397,0.2749,0.1168,0.0919,LOW
857,OULAD_TEST_0857,1,0.9919,0.7264,0.7865,0.8429,0.9919,HIGH
858,OULAD_TEST_0858,0,0.0849,0.3097,0.2055,0.3016,0.0849,LOW
859,OULAD_TEST_0859,0,0.0507,0.4438,0.1784,0.2111,0.0507,LOW
860,OULAD_TEST_0860,1,0.4537,0.403,0.6846,0.5997,0.4537,MEDIUM
861,OULAD_TEST_0861,0,0.4381,0.6023,0.505,0.4924,0.4381,MEDIUM
862,OULAD_TEST_0862,0,0.2485,0.4421,0.4004,0.3072,0.2485,LOW
863,OULAD_TEST_0863,0,0.5322,0.632,0.8734,0.8931,0.5322,MEDIUM
864,OULAD_TEST_0864,0,0.0733,0.403,0.143,0.0932,0.0733,LOW
865,OULAD_TEST_0865,0,0.2889,0.4916,0.4517,0.4304,0.2889,LOW
866,OULAD_TEST_0866,1,0.8378,0.7115,0.5421,0.6822,0.8378,HIGH
867,OULAD_TEST_0867,0,0.164,0.4395,0.2641,0.2537,0.164,LOW
868,OULAD_TEST_0868,0,0.9845,0.6728,0.6673,0.6577,0.9845,HIGH
869,OULAD_TEST_0869,0,0.0773,0.5486,0.3109,0.1566,0.0773,LOW
870,OULAD_TEST_0870,1,0.5097,0.5512,0.6121,0.6274,0.5097,MEDIUM
871,OULAD_TEST_0871,0,0.267,0.4859,0.429,0.3797,0.267,LOW
872,OULAD_TEST_0872,0,0.0286,0.3673,0.1332,0.064,0.0286,LOW
873,OULAD_TEST_0873,0,0.3356,0.3026,0.2528,0.2036,0.3356,LOW
874,OULAD_TEST_0874,0,0.3265,0.396,0.568,0.5711,0.3265,LOW
875,OULAD_TEST_0875,0,0.3114,0.7161,0.595,0.5634,0.3114,LOW
876,OULAD_TEST_0876,0,0.2565,0.4802,0.8249,0.7902,0.2565,LOW
877,OULAD_TEST_0877,1,0.9223,0.5156,0.5047,0.4122,0.9223,HIGH
878,OULAD_TEST_0878,0,0.116,0.2634,0.1408,0.0573,0.116,LOW
879,OULAD_TEST_0879,1,0.9021,0.8569,0.864,0.8299,0.9021,HIGH
880,OULAD_TEST_0880,0,0.0433,0.4129,0.377,0.1714,0.0433,LOW
881,OULAD_TEST_0881,0,0.7628,0.4533,0.3303,0.2717,0.7628,HIGH
882,OULAD_TEST_0882,1,0.9989,0.7514,0.9716,0.9693,0.9989,HIGH
883,OULAD_TEST_0883,1,0.9979,0.5791,0.6826,0.7995,0.9979,HIGH
884,OULAD_TEST_0884,0,0.046,0.3313,0.109,0.0503,0.046,LOW
885,OULAD_TEST_0885,1,0.8377,0.9225,0.9684,0.9341,0.8377,HIGH
886,OULAD_TEST_0886,0,0.5599,0.5587,0.4015,0.2624,0.5599,MEDIUM
887,OULAD_TEST_0887,0,0.4815,0.4819,0.4987,0.5473,0.4815,MEDIUM
888,OULAD_TEST_0888,1,0.477,0.5143,0.4871,0.4886,0.477,MEDIUM
889,OULAD_TEST_0889,0,0.0184,0.2061,0.0919,0.0623,0.0184,LOW
890,OULAD_TEST_0890,1,0.8243,0.6658,0.7193,0.8004,0.8243,HIGH
891,OULAD_TEST_0891,1,0.9995,0.5121,0.9416,0.9594,0.9995,HIGH
892,OULAD_TEST_0892,0,0.6332,0.3676,0.787,0.8332,0.6332,MEDIUM
893,OULAD_TEST_0893,0,0.144,0.419,0.2652,0.1806,0.144,LOW
894,OULAD_TEST_0894,0,0.3812,0.5629,0.5484,0.5865,0.3812,LOW
895,OULAD_TEST_0895,0,0.0288,0.2676,0.2158,0.0961,0.0288,LOW
896,OULAD_TEST_0896,1,0.9989,0.9215,0.9438,0.959,0.9989,HIGH
897,OULAD_TEST_0897,0,0.655,0.3765,0.2682,0.5957,0.655,MEDIUM
898,OULAD_TEST_0898,0,0.0494,0.3066,0.3712,0.1485,0.0494,LOW
899,OULAD_TEST_0899,0,0.2757,0.1826,0.5327,0.4291,0.2757,LOW
900,OULAD_TEST_0900,0,0.1881,0.4682,0.3225,0.377,0.1881,LOW
901,OULAD_TEST_0901,0,0.0167,0.3854,0.0896,0.0363,0.0167,LOW
902,OULAD_TEST_0902,0,0.0647,0.4128,0.3891,0.2316,0.0647,LOW
903,OULAD_TEST_0903,0,0.1043,0.3042,0.1507,0.1129,0.1043,LOW
904,OULAD_TEST_0904,0,0.0583,0.4083,0.1494,0.1139,0.0583,LOW
905,OULAD_TEST_0905,0,0.8588,0.2883,0.1597,0.3135,0.8588,HIGH
906,OULAD_TEST_0906,0,0.8916,0.3739,0.2812,0.3596,0.8916,HIGH
907,OULAD_TEST_0907,0,0.0173,0.2604,0.1353,0.0347,0.0173,LOW
908,OULAD_TEST_0908,0,0.3138,0.2608,0.5781,0.5663,0.3138,LOW
909,OULAD_TEST_0909,0,0.0132,0.202,0.0897,0.0465,0.0132,LOW
910,OULAD_TEST_0910,0,0.0685,0.5928,0.2661,0.2272,0.0685,LOW
911,OULAD_TEST_0911,0,0.5059,0.6137,0.3671,0.5328,0.5059,MEDIUM
912,OULAD_TEST_0912,0,0.6201,0.5332,0.6635,0.704,0.6201,MEDIUM
913,OULAD_TEST_0913,1,0.996,0.8323,0.8351,0.8571,0.996,HIGH
914,OULAD_TEST_0914,0,0.0318,0.3078,0.2722,0.0705,0.0318,LOW
915,OULAD_TEST_0915,1,0.6101,0.3898,0.41,0.5724,0.6101,MEDIUM
916,OULAD_TEST_0916,0,0.1511,0.4947,0.6337,0.2699,0.1511,LOW
917,OULAD_TEST_0917,0,0.8853,0.502,0.6197,0.6972,0.8853,HIGH
918,OULAD_TEST_0918,0,0.2143,0.3062,0.4102,0.4746,0.2143,LOW
919,OULAD_TEST_0919,0,0.1097,0.4805,0.3315,0.3028,0.1097,LOW
920,OULAD_TEST_0920,0,0.2254,0.7782,0.6448,0.355,0.2254,LOW
921,OULAD_TEST_0921,0,0.1271,0.3802,0.3001,0.3544,0.1271,LOW
922,OULAD_TEST_0922,1,0.0483,0.4025,0.2815,0.2079,0.0483,LOW
923,OULAD_TEST_0923,1,0.9707,0.3563,0.1613,0.1734,0.9707,HIGH
924,OULAD_TEST_0924,0,0.0364,0.4808,0.2207,0.0725,0.0364,LOW
925,OULAD_TEST_0925,0,0.1484,0.4716,0.3268,0.2337,0.1484,LOW
926,OULAD_TEST_0926,1,0.1114,0.4595,0.3954,0.2313,0.1114,LOW
927,OULAD_TEST_0927,0,0.4651,0.5097,0.5525,0.5062,0.4651,MEDIUM
928,OULAD_TEST_0928,0,0.0944,0.3611,0.3681,0.2477,0.0944,LOW
929,OULAD_TEST_0929,0,0.0612,0.3888,0.1474,0.1061,0.0612,LOW
930,OULAD_TEST_0930,1,0.5279,0.5109,0.6428,0.5981,0.5279,MEDIUM
931,OULAD_TEST_0931,0,0.0971,0.4437,0.2551,0.3387,0.0971,LOW
932,OULAD_TEST_0932,0,0.1928,0.4401,0.4997,0.3762,0.1928,LOW
933,OULAD_TEST_0933,0,0.0722,0.4622,0.2633,0.3172,0.0722,LOW
934,OULAD_TEST_0934,1,0.9993,0.7508,0.9159,0.9319,0.9993,HIGH
935,OULAD_TEST_0935,0,0.8441,0.6184,0.792,0.7296,0.8441,HIGH
936,OULAD_TEST_0936,0,0.0558,0.6094,0.2582,0.1704,0.0558,LOW
937,OULAD_TEST_0937,0,0.064,0.3146,0.1806,0.1437,0.064,LOW
938,OULAD_TEST_0938,0,0.1936,0.5441,0.4794,0.2779,0.1936,LOW
939,OULAD_TEST_0939,0,0.0601,0.4788,0.4993,0.2059,0.0601,LOW
940,OULAD_TEST_0940,0,0.6752,0.4193,0.7692,0.5493,0.6752,MEDIUM
941,OULAD_TEST_0941,1,0.9977,0.7824,0.811,0.9412,0.9977,HIGH
942,OULAD_TEST_0942,0,0.3205,0.3036,0.4245,0.5206,0.3205,LOW
943,OULAD_TEST_0943,1,0.9993,0.7547,0.931,0.9233,0.9993,HIGH
944,OULAD_TEST_0944,0,0.1454,0.2291,0.1739,0.2654,0.1454,LOW
945,OULAD_TEST_0945,0,0.6396,0.4834,0.5904,0.5575,0.6396,MEDIUM
946,OULAD_TEST_0946,0,0.2455,0.3226,0.3572,0.177,0.2455,LOW
947,OULAD_TEST_0947,1,0.9994,0.8453,0.8454,0.9547,0.9994,HIGH
948,OULAD_TEST_0948,0,0.3549,0.3263,0.364,0.3817,0.3549,LOW
949,OULAD_TEST_0949,0,0.3653,0.4746,0.7218,0.6669,0.3653,LOW
950,OULAD_TEST_0950,1,0.9983,0.7496,0.8349,0.8421,0.9983,HIGH
951,OULAD_TEST_0951,0,0.3003,0.2268,0.1031,0.1918,0.3003,LOW
952,OULAD_TEST_0952,1,0.508,0.3858,0.5668,0.5852,0.508,MEDIUM
953,OULAD_TEST_0953,0,0.542,0.7166,0.8494,0.7618,0.542,MEDIUM
954,OULAD_TEST_0954,1,0.9991,0.6907,0.9052,0.8955,0.9991,HIGH
955,OULAD_TEST_0955,0,0.1028,0.4654,0.2207,0.1555,0.1028,LOW
956,OULAD_TEST_0956,0,0.4685,0.5184,0.8584,0.5431,0.4685,MEDIUM
957,OULAD_TEST_0957,0,0.2982,0.6295,0.3303,0.2463,0.2982,LOW
958,OULAD_TEST_0958,1,0.9993,0.5074,0.4782,0.8706,0.9993,HIGH
959,OULAD_TEST_0959,0,0.1628,0.4379,0.3913,0.2599,0.1628,LOW
960,OULAD_TEST_0960,1,0.5204,0.6841,0.7739,0.7284,0.5204,MEDIUM
961,OULAD_TEST_0961,0,0.065,0.3412,0.3248,0.1631,0.065,LOW
962,OULAD_TEST_0962,0,0.0219,0.3694,0.2243,0.0394,0.0219,LOW
963,OULAD_TEST_0963,0,0.3871,0.4246,0.4973,0.4858,0.3871,LOW
964,OULAD_TEST_0964,1,0.9681,0.5085,0.6457,0.7815,0.9681,HIGH
965,OULAD_TEST_0965,1,0.5696,0.6003,0.5353,0.7254,0.5696,MEDIUM
966,OULAD_TEST_0966,0,0.5138,0.5062,0.5894,0.5299,0.5138,MEDIUM
967,OULAD_TEST_0967,1,0.9197,0.4283,0.5511,0.6769,0.9197,HIGH
968,OULAD_TEST_0968,0,0.4872,0.4036,0.3289,0.6151,0.4872,MEDIUM
969,OULAD_TEST_0969,1,0.9974,0.7496,0.8511,0.9656,0.9974,HIGH
970,OULAD_TEST_0970,0,0.0378,0.2707,0.2123,0.0578,0.0378,LOW
971,OULAD_TEST_0971,0,0.2023,0.309,0.3928,0.1954,0.2023,LOW
972,OULAD_TEST_0972,0,0.0765,0.3956,0.27,0.1646,0.0765,LOW
973,OULAD_TEST_0973,0,0.6767,0.442,0.559,0.5048,0.6767,MEDIUM
974,OULAD_TEST_0974,0,0.275,0.6373,0.6172,0.5266,0.275,LOW
975,OULAD_TEST_0975,1,0.6328,0.6207,0.6204,0.5801,0.6328,MEDIUM
976,OULAD_TEST_0976,1,0.7324,0.4316,0.5166,0.7122,0.7324,HIGH
977,OULAD_TEST_0977,0,0.0451,0.456,0.3293,0.283,0.0451,LOW
978,OULAD_TEST_0978,0,0.5683,0.5856,0.6603,0.6414,0.5683,MEDIUM
979,OULAD_TEST_0979,0,0.1247,0.4274,0.517,0.3919,0.1247,LOW
980,OULAD_TEST_0980,0,0.2504,0.427,0.5739,0.4848,0.2504,LOW
981,OULAD_TEST_0981,1,0.3106,0.6913,0.5318,0.5217,0.3106,LOW
982,OULAD_TEST_0982,1,0.9972,0.468,0.5806,0.6087,0.9972,HIGH
983,OULAD_TEST_0983,1,0.8695,0.8976,0.9124,0.9039,0.8695,HIGH
984,OULAD_TEST_0984,1,0.4614,0.4816,0.5364,0.4716,0.4614,MEDIUM
985,OULAD_TEST_0985,0,0.2408,0.5175,0.3893,0.4081,0.2408,LOW
986,OULAD_TEST_0986,0,0.3064,0.431,0.348,0.4203,0.3064,LOW
987,OULAD_TEST_0987,1,0.5224,0.5471,0.542,0.6386,0.5224,MEDIUM
988,OULAD_TEST_0988,0,0.2486,0.5477,0.4988,0.2394,0.2486,LOW
989,OULAD_TEST_0989,0,0.475,0.4045,0.5979,0.6508,0.475,MEDIUM
990,OULAD_TEST_0990,1,0.9996,0.7177,0.9364,0.9865,0.9996,HIGH
991,OULAD_TEST_0991,0,0.097,0.5497,0.4285,0.2055,0.097,LOW
992,OULAD_TEST_0992,1,0.9833,0.5789,0.7881,0.8639,0.9833,HIGH
993,OULAD_TEST_0993,1,0.5885,0.7111,0.7459,0.6643,0.5885,MEDIUM
994,OULAD_TEST_0994,0,0.0957,0.4368,0.2175,0.1467,0.0957,LOW
995,OULAD_TEST_0995,0,0.7475,0.2868,0.3706,0.5475,0.7475,HIGH
996,OULAD_TEST_0996,0,0.2584,0.5617,0.4403,0.1632,0.2584,LOW
997,OULAD_TEST_0997,0,0.0596,0.3003,0.1586,0.2169,0.0596,LOW
998,OULAD_TEST_0998,1,0.5355,0.3313,0.5497,0.5846,0.5355,MEDIUM
999,OULAD_TEST_0999,1,0.5781,0.4844,0.4515,0.5042,0.5781,MEDIUM
1000,OULAD_TEST_1000,0,0.5168,0.7331,0.643,0.5989,0.5168,MEDIUM
1001,OULAD_TEST_1001,1,0.9758,0.7621,0.5499,0.4967,0.9758,HIGH
1002,OULAD_TEST_1002,1,0.9946,0.5866,0.5578,0.6587,0.9946,HIGH
1003,OULAD_TEST_1003,0,0.0891,0.3298,0.1356,0.1697,0.0891,LOW
1004,OULAD_TEST_1004,0,0.0954,0.4508,0.3227,0.4217,0.0954,LOW
1005,OULAD_TEST_1005,0,0.0984,0.4176,0.4439,0.2561,0.0984,LOW
1006,OULAD_TEST_1006,0,0.3504,0.5216,0.4671,0.4875,0.3504,LOW
1007,OULAD_TEST_1007,0,0.1076,0.5252,0.4321,0.3171,0.1076,LOW
1008,OULAD_TEST_1008,0,0.0323,0.3066,0.3002,0.1391,0.0323,LOW
1009,OULAD_TEST_1009,0,0.0639,0.4909,0.2835,0.1715,0.0639,LOW
1010,OULAD_TEST_1010,0,0.4653,0.6156,0.6423,0.731,0.4653,MEDIUM
1011,OULAD_TEST_1011,0,0.2497,0.4072,0.4899,0.363,0.2497,LOW
1012,OULAD_TEST_1012,0,0.0947,0.696,0.3418,0.1512,0.0947,LOW
1013,OULAD_TEST_1013,1,0.8409,0.8876,0.9121,0.8151,0.8409,HIGH
1014,OULAD_TEST_1014,0,0.6175,0.5136,0.5284,0.5168,0.6175,MEDIUM
1015,OULAD_TEST_1015,0,0.2082,0.6728,0.7514,0.514,0.2082,LOW
1016,OULAD_TEST_1016,0,0.047,0.3339,0.2532,0.0903,0.047,LOW
1017,OULAD_TEST_1017,0,0.2819,0.5303,0.2753,0.2199,0.2819,LOW
1018,OULAD_TEST_1018,1,0.8688,0.8519,0.8516,0.659,0.8688,HIGH
1019,OULAD_TEST_1019,1,0.9841,0.4972,0.3607,0.4281,0.9841,HIGH
1020,OULAD_TEST_1020,1,0.5915,0.6115,0.5757,0.553,0.5915,MEDIUM
1021,OULAD_TEST_1021,0,0.1367,0.4267,0.3633,0.2332,0.1367,LOW
1022,OULAD_TEST_1022,0,0.611,0.6945,0.6386,0.5977,0.611,MEDIUM
1023,OULAD_TEST_1023,1,0.4991,0.5047,0.6052,0.6286,0.4991,MEDIUM
1024,OULAD_TEST_1024,1,0.4915,0.4324,0.5622,0.5175,0.4915,MEDIUM
1025,OULAD_TEST_1025,1,0.5015,0.7037,0.708,0.6342,0.5015,MEDIUM
1026,OULAD_TEST_1026,0,0.415,0.5376,0.2656,0.4644,0.415,MEDIUM
1027,OULAD_TEST_1027,0,0.0918,0.3868,0.2749,0.2258,0.0918,LOW
1028,OULAD_TEST_1028,0,0.024,0.2916,0.2043,0.0568,0.024,LOW
1029,OULAD_TEST_1029,0,0.3787,0.4637,0.4689,0.4858,0.3787,LOW
1030,OULAD_TEST_1030,0,0.1341,0.245,0.1243,0.1506,0.1341,LOW
1031,OULAD_TEST_1031,0,0.0432,0.4973,0.1367,0.0886,0.0432,LOW
1032,OULAD_TEST_1032,1,0.5566,0.6438,0.4074,0.4446,0.5566,MEDIUM
1033,OULAD_TEST_1033,1,0.9303,0.3061,0.5873,0.8595,0.9303,HIGH
1034,OULAD_TEST_1034,0,0.1239,0.3924,0.1694,0.1058,0.1239,LOW
1035,OULAD_TEST_1035,1,0.7327,0.588,0.6559,0.6854,0.7327,HIGH
1036,OULAD_TEST_1036,1,0.9981,0.7836,0.9199,0.9405,0.9981,HIGH
1037,OULAD_TEST_1037,0,0.3296,0.4993,0.4148,0.5255,0.3296,LOW
1038,OULAD_TEST_1038,0,0.1099,0.4583,0.2418,0.0938,0.1099,LOW
1039,OULAD_TEST_1039,0,0.3005,0.4501,0.347,0.5817,0.3005,LOW
1040,OULAD_TEST_1040,0,0.1656,0.3665,0.4134,0.4318,0.1656,LOW
1041,OULAD_TEST_1041,1,0.9965,0.4891,0.463,0.5643,0.9965,HIGH
1042,OULAD_TEST_1042,0,0.511,0.3723,0.6405,0.8296,0.511,MEDIUM
1043,OULAD_TEST_1043,1,0.4833,0.5112,0.6234,0.6087,0.4833,MEDIUM
1044,OULAD_TEST_1044,0,0.357,0.4407,0.2923,0.4122,0.357,LOW
1045,OULAD_TEST_1045,0,0.0862,0.6309,0.7196,0.32,0.0862,LOW
1046,OULAD_TEST_1046,1,0.0874,0.3324,0.0965,0.0898,0.0874,LOW
1047,OULAD_TEST_1047,0,0.5006,0.5405,0.6254,0.7666,0.5006,MEDIUM
1048,OULAD_TEST_1048,1,0.4948,0.5261,0.8183,0.8839,0.4948,MEDIUM
1049,OULAD_TEST_1049,0,0.4901,0.2337,0.1508,0.3409,0.4901,MEDIUM
1050,OULAD_TEST_1050,0,0.1867,0.4438,0.4898,0.4061,0.1867,LOW
1051,OULAD_TEST_1051,0,0.0201,0.2464,0.1247,0.0524,0.0201,LOW
1052,OULAD_TEST_1052,1,0.4831,0.5277,0.7463,0.6817,0.4831,MEDIUM
1053,OULAD_TEST_1053,0,0.1438,0.2458,0.3363,0.145,0.1438,LOW
1054,OULAD_TEST_1054,0,0.6106,0.3309,0.2891,0.5247,0.6106,MEDIUM
1055,OULAD_TEST_1055,0,0.1723,0.5931,0.2762,0.4084,0.1723,LOW
1056,OULAD_TEST_1056,1,0.8104,0.6336,0.8649,0.9345,0.8104,HIGH
1057,OULAD_TEST_1057,1,0.9997,0.8741,0.8922,0.9803,0.9997,HIGH
1058,OULAD_TEST_1058,1,0.986,0.7853,0.5164,0.8441,0.986,HIGH
1059,OULAD_TEST_1059,0,0.1886,0.3335,0.2297,0.4717,0.1886,LOW
1060,OULAD_TEST_1060,0,0.0348,0.3395,0.1353,0.1183,0.0348,LOW
1061,OULAD_TEST_1061,1,0.9319,0.4512,0.4071,0.2351,0.9319,HIGH
1062,OULAD_TEST_1062,1,0.7126,0.5153,0.4528,0.4171,0.7126,HIGH
1063,OULAD_TEST_1063,1,0.8962,0.8467,0.8396,0.8968,0.8962,HIGH
1064,OULAD_TEST_1064,0,0.4579,0.5655,0.7208,0.7382,0.4579,MEDIUM
1065,OULAD_TEST_1065,0,0.1209,0.2541,0.1824,0.0497,0.1209,LOW
1066,OULAD_TEST_1066,0,0.3095,0.4087,0.529,0.4221,0.3095,LOW
1067,OULAD_TEST_1067,1,0.1991,0.3816,0.4672,0.3914,0.1991,LOW
1068,OULAD_TEST_1068,1,0.7306,0.7986,0.9153,0.909,0.7306,HIGH
1069,OULAD_TEST_1069,0,0.0451,0.2056,0.0923,0.1158,0.0451,LOW
1070,OULAD_TEST_1070,0,0.172,0.348,0.2366,0.2847,0.172,LOW
1071,OULAD_TEST_1071,0,0.0482,0.2883,0.3155,0.2747,0.0482,LOW
1072,OULAD_TEST_1072,0,0.2447,0.3656,0.3304,0.3006,0.2447,LOW
1073,OULAD_TEST_1073,0,0.2267,0.3602,0.7204,0.6311,0.2267,LOW
1074,OULAD_TEST_1074,1,0.9952,0.3953,0.6477,0.5827,0.9952,HIGH
1075,OULAD_TEST_1075,0,0.3312,0.5719,0.5832,0.5417,0.3312,LOW
1076,OULAD_TEST_1076,0,0.2998,0.5499,0.5105,0.4728,0.2998,LOW
1077,OULAD_TEST_1077,0,0.1271,0.5402,0.3627,0.3311,0.1271,LOW
1078,OULAD_TEST_1078,0,0.2239,0.5378,0.4868,0.5259,0.2239,LOW
1079,OULAD_TEST_1079,0,0.1058,0.3183,0.3595,0.3154,0.1058,LOW
1080,OULAD_TEST_1080,0,0.157,0.262,0.1739,0.3812,0.157,LOW
1081,OULAD_TEST_1081,0,0.0658,0.3346,0.2252,0.237,0.0658,LOW
1082,OULAD_TEST_1082,0,0.0252,0.4126,0.1136,0.0688,0.0252,LOW
1083,OULAD_TEST_1083,1,0.9941,0.6889,0.5116,0.8284,0.9941,HIGH
1084,OULAD_TEST_1084,0,0.73,0.6688,0.6636,0.5832,0.73,HIGH
1085,OULAD_TEST_1085,0,0.5437,0.545,0.6853,0.6997,0.5437,MEDIUM
1086,OULAD_TEST_1086,1,0.4136,0.5013,0.6405,0.6431,0.4136,MEDIUM
1087,OULAD_TEST_1087,0,0.644,0.5891,0.5102,0.4974,0.644,MEDIUM
1088,OULAD_TEST_1088,1,0.9992,0.7878,0.8909,0.8651,0.9992,HIGH
1089,OULAD_TEST_1089,0,0.0308,0.4946,0.1493,0.0798,0.0308,LOW
1090,OULAD_TEST_1090,1,0.9995,0.8745,0.974,0.9795,0.9995,HIGH
1091,OULAD_TEST_1091,0,0.1258,0.4691,0.1838,0.2327,0.1258,LOW
1092,OULAD_TEST_1092,0,0.1118,0.425,0.243,0.1221,0.1118,LOW
1093,OULAD_TEST_1093,0,0.5008,0.8795,0.8638,0.8873,0.5008,MEDIUM
1094,OULAD_TEST_1094,0,0.0577,0.3325,0.1838,0.0823,0.0577,LOW
1095,OULAD_TEST_1095,1,0.6476,0.5316,0.4288,0.4803,0.6476,MEDIUM
1096,OULAD_TEST_1096,1,0.6117,0.5746,0.5614,0.633,0.6117,MEDIUM
1097,OULAD_TEST_1097,0,0.2241,0.5466,0.334,0.2152,0.2241,LOW
1098,OULAD_TEST_1098,0,0.0788,0.3234,0.0935,0.0471,0.0788,LOW
1099,OULAD_TEST_1099,1,0.9896,0.833,0.7791,0.7922,0.9896,HIGH
1100,OULAD_TEST_1100,0,0.1162,0.5168,0.3889,0.1524,0.1162,LOW
1101,OULAD_TEST_1101,0,0.0639,0.3502,0.3238,0.112,0.0639,LOW
1102,OULAD_TEST_1102,0,0.4705,0.5047,0.4512,0.4799,0.4705,MEDIUM
1103,OULAD_TEST_1103,1,0.9996,0.3791,0.7278,0.9048,0.9996,HIGH
1104,OULAD_TEST_1104,0,0.1979,0.3864,0.333,0.3334,0.1979,LOW
1105,OULAD_TEST_1105,0,0.0574,0.4668,0.3594,0.1794,0.0574,LOW
1106,OULAD_TEST_1106,0,0.0286,0.2373,0.1417,0.0525,0.0286,LOW
1107,OULAD_TEST_1107,0,0.9641,0.4799,0.4769,0.5866,0.9641,HIGH
1108,OULAD_TEST_1108,0,0.4842,0.5275,0.5098,0.4465,0.4842,MEDIUM
1109,OULAD_TEST_1109,1,0.9426,0.388,0.5408,0.5279,0.9426,HIGH
1110,OULAD_TEST_1110,1,0.7672,0.3359,0.6819,0.5342,0.7672,HIGH
1111,OULAD_TEST_1111,1,0.7219,0.5332,0.4556,0.7436,0.7219,HIGH
1112,OULAD_TEST_1112,1,0.5871,0.5635,0.5278,0.5874,0.5871,MEDIUM
1113,OULAD_TEST_1113,0,0.5712,0.4408,0.2458,0.2778,0.5712,MEDIUM
1114,OULAD_TEST_1114,1,0.2558,0.7068,0.4635,0.4074,0.2558,LOW
1115,OULAD_TEST_1115,0,0.0364,0.2815,0.1414,0.0626,0.0364,LOW
1116,OULAD_TEST_1116,0,0.2836,0.6469,0.5005,0.4657,0.2836,LOW
1117,OULAD_TEST_1117,0,0.6733,0.7068,0.8317,0.7516,0.6733,MEDIUM
1118,OULAD_TEST_1118,1,0.3037,0.4202,0.4623,0.4364,0.3037,LOW
1119,OULAD_TEST_1119,1,0.4712,0.6631,0.4908,0.3665,0.4712,MEDIUM
1120,OULAD_TEST_1120,0,0.1671,0.4195,0.3951,0.1782,0.1671,LOW
1121,OULAD_TEST_1121,0,0.1423,0.4499,0.4174,0.2105,0.1423,LOW
1122,OULAD_TEST_1122,1,0.4772,0.6553,0.5322,0.6383,0.4772,MEDIUM
1123,OULAD_TEST_1123,1,0.4005,0.57,0.7109,0.5667,0.4005,MEDIUM
1124,OULAD_TEST_1124,0,0.1942,0.3748,0.1918,0.2607,0.1942,LOW
1125,OULAD_TEST_1125,0,0.6788,0.8974,0.8231,0.7693,0.6788,MEDIUM
1126,OULAD_TEST_1126,0,0.0373,0.2769,0.1375,0.0849,0.0373,LOW
1127,OULAD_TEST_1127,0,0.1982,0.6242,0.3562,0.3748,0.1982,LOW
1128,OULAD_TEST_1128,0,0.0412,0.3672,0.1824,0.0669,0.0412,LOW
1129,OULAD_TEST_1129,0,0.1021,0.5922,0.5853,0.3476,0.1021,LOW
1130,OULAD_TEST_1130,1,0.7889,0.861,0.8443,0.7493,0.7889,HIGH
1131,OULAD_TEST_1131,0,0.0939,0.4809,0.3367,0.1319,0.0939,LOW
1132,OULAD_TEST_1132,0,0.0204,0.1613,0.1537,0.0661,0.0204,LOW
1133,OULAD_TEST_1133,0,0.5638,0.3666,0.5512,0.3274,0.5638,MEDIUM
1134,OULAD_TEST_1134,0,0.0268,0.3826,0.1683,0.0716,0.0268,LOW
1135,OULAD_TEST_1135,1,0.9779,0.5648,0.6422,0.6144,0.9779,HIGH
1136,OULAD_TEST_1136,1,0.2731,0.521,0.4214,0.3524,0.2731,LOW
1137,OULAD_TEST_1137,0,0.1082,0.3579,0.2303,0.2316,0.1082,LOW
1138,OULAD_TEST_1138,0,0.1834,0.2382,0.3058,0.2352,0.1834,LOW
1139,OULAD_TEST_1139,1,0.9954,0.4632,0.4838,0.5833,0.9954,HIGH
1140,OULAD_TEST_1140,1,0.9987,0.5537,0.8452,0.8744,0.9987,HIGH
1141,OULAD_TEST_1141,0,0.7564,0.7003,0.8239,0.6843,0.7564,HIGH
1142,OULAD_TEST_1142,0,0.0225,0.2741,0.0988,0.0589,0.0225,LOW
1143,OULAD_TEST_1143,1,0.6767,0.3914,0.6857,0.6253,0.6767,MEDIUM
1144,OULAD_TEST_1144,0,0.0595,0.3036,0.184,0.1033,0.0595,LOW
1145,OULAD_TEST_1145,0,0.0655,0.3521,0.1686,0.1807,0.0655,LOW
1146,OULAD_TEST_1146,0,0.1064,0.3286,0.1252,0.1028,0.1064,LOW
1147,OULAD_TEST_1147,1,0.8379,0.6284,0.7231,0.791,0.8379,HIGH
1148,OULAD_TEST_1148,0,0.5499,0.5567,0.6351,0.6825,0.5499,MEDIUM
1149,OULAD_TEST_1149,0,0.0807,0.3915,0.2072,0.0932,0.0807,LOW
1150,OULAD_TEST_1150,0,0.3512,0.5307,0.3543,0.3317,0.3512,LOW
1151,OULAD_TEST_1151,0,0.1218,0.5024,0.1649,0.241,0.1218,LOW
1152,OULAD_TEST_1152,1,0.5814,0.3774,0.62,0.6349,0.5814,MEDIUM
1153,OULAD_TEST_1153,0,0.4923,0.5161,0.4767,0.4605,0.4923,MEDIUM
1154,OULAD_TEST_1154,0,0.2519,0.5069,0.6626,0.8668,0.2519,LOW
1155,OULAD_TEST_1155,1,0.689,0.7149,0.6109,0.6052,0.689,MEDIUM
1156,OULAD_TEST_1156,0,0.4161,0.5189,0.4853,0.3497,0.4161,MEDIUM
1157,OULAD_TEST_1157,0,0.0768,0.3208,0.3843,0.2885,0.0768,LOW
1158,OULAD_TEST_1158,0,0.4206,0.7843,0.7172,0.6451,0.4206,MEDIUM
1159,OULAD_TEST_1159,1,0.8218,0.6353,0.8533,0.7307,0.8218,HIGH
1160,OULAD_TEST_1160,1,0.9962,0.5719,0.579,0.8339,0.9962,HIGH
1161,OULAD_TEST_1161,0,0.3687,0.564,0.4948,0.4153,0.3687,LOW
1162,OULAD_TEST_1162,0,0.2075,0.4884,0.4607,0.4574,0.2075,LOW
1163,OULAD_TEST_1163,0,0.0426,0.2879,0.1513,0.1068,0.0426,LOW
1164,OULAD_TEST_1164,0,0.1206,0.3666,0.1305,0.2369,0.1206,LOW
1165,OULAD_TEST_1165,0,0.0512,0.3886,0.1984,0.0986,0.0512,LOW
1166,OULAD_TEST_1166,0,0.0797,0.289,0.2033,0.0823,0.0797,LOW
1167,OULAD_TEST_1167,1,0.7083,0.4781,0.5747,0.5227,0.7083,HIGH
1168,OULAD_TEST_1168,0,0.0999,0.4246,0.5413,0.1488,0.0999,LOW
1169,OULAD_TEST_1169,1,0.9086,0.3254,0.611,0.6118,0.9086,HIGH
1170,OULAD_TEST_1170,0,0.1688,0.4754,0.1926,0.3217,0.1688,LOW
1171,OULAD_TEST_1171,0,0.1759,0.3092,0.4748,0.4773,0.1759,LOW
1172,OULAD_TEST_1172,0,0.4055,0.4934,0.2068,0.1868,0.4055,MEDIUM
1173,OULAD_TEST_1173,0,0.6379,0.3646,0.5887,0.4667,0.6379,MEDIUM
1174,OULAD_TEST_1174,0,0.6033,0.5661,0.6928,0.7419,0.6033,MEDIUM
1175,OULAD_TEST_1175,0,0.4309,0.4686,0.3974,0.4438,0.4309,MEDIUM
1176,OULAD_TEST_1176,1,0.995,0.6973,0.9479,0.9771,0.995,HIGH
1177,OULAD_TEST_1177,0,0.0204,0.2788,0.1596,0.1206,0.0204,LOW
1178,OULAD_TEST_1178,0,0.0239,0.2649,0.1496,0.0808,0.0239,LOW
1179,OULAD_TEST_1179,1,0.4921,0.3838,0.2896,0.1317,0.4921,MEDIUM
1180,OULAD_TEST_1180,0,0.502,0.564,0.5736,0.6299,0.502,MEDIUM
1181,OULAD_TEST_1181,0,0.0633,0.4033,0.2422,0.1026,0.0633,LOW
1182,OULAD_TEST_1182,0,0.2628,0.678,0.3612,0.3867,0.2628,LOW
1183,OULAD_TEST_1183,0,0.1298,0.4204,0.3426,0.1314,0.1298,LOW
1184,OULAD_TEST_1184,1,0.3626,0.3097,0.5157,0.4004,0.3626,LOW
1185,OULAD_TEST_1185,1,0.9555,0.7471,0.9012,0.9775,0.9555,HIGH
1186,OULAD_TEST_1186,0,0.0629,0.4095,0.182,0.091,0.0629,LOW
1187,OULAD_TEST_1187,1,0.5132,0.3893,0.3367,0.4589,0.5132,MEDIUM
1188,OULAD_TEST_1188,0,0.2578,0.3445,0.6187,0.3126,0.2578,LOW
1189,OULAD_TEST_1189,1,0.9983,0.7544,0.7816,0.7294,0.9983,HIGH
1190,OULAD_TEST_1190,1,0.985,0.6958,0.6656,0.6732,0.985,HIGH
1191,OULAD_TEST_1191,1,0.461,0.6144,0.5915,0.5505,0.461,MEDIUM
1192,OULAD_TEST_1192,0,0.2392,0.5234,0.3361,0.3264,0.2392,LOW
1193,OULAD_TEST_1193,1,0.6533,0.754,0.7953,0.7168,0.6533,MEDIUM
1194,OULAD_TEST_1194,1,0.5624,0.5822,0.8758,0.6882,0.5624,MEDIUM
1195,OULAD_TEST_1195,0,0.0573,0.428,0.2039,0.2194,0.0573,LOW
1196,OULAD_TEST_1196,1,0.6566,0.4822,0.3775,0.3476,0.6566,MEDIUM
1197,OULAD_TEST_1197,0,0.0633,0.4058,0.2967,0.1168,0.0633,LOW
1198,OULAD_TEST_1198,1,0.686,0.3133,0.4289,0.5628,0.686,MEDIUM
1199,OULAD_TEST_1199,0,0.5645,0.3445,0.2605,0.3432,0.5645,MEDIUM
1200,OULAD_TEST_1200,0,0.1871,0.2902,0.0955,0.1365,0.1871,LOW
1201,OULAD_TEST_1201,1,0.984,0.7351,0.7615,0.9719,0.984,HIGH
1202,OULAD_TEST_1202,0,0.1016,0.5006,0.5009,0.3932,0.1016,LOW
1203,OULAD_TEST_1203,1,0.712,0.529,0.4643,0.5387,0.712,HIGH
1204,OULAD_TEST_1204,0,0.3177,0.302,0.3451,0.1813,0.3177,LOW
1205,OULAD_TEST_1205,0,0.1832,0.4502,0.8421,0.8246,0.1832,LOW
1206,OULAD_TEST_1206,1,0.3689,0.6114,0.5387,0.4925,0.3689,LOW
1207,OULAD_TEST_1207,0,0.0694,0.4656,0.2218,0.1283,0.0694,LOW
1208,OULAD_TEST_1208,1,0.9943,0.672,0.8553,0.8793,0.9943,HIGH
1209,OULAD_TEST_1209,0,0.0196,0.1482,0.1235,0.0741,0.0196,LOW
1210,OULAD_TEST_1210,0,0.4267,0.5305,0.6062,0.6366,0.4267,MEDIUM
1211,OULAD_TEST_1211,0,0.413,0.7813,0.4969,0.5318,0.413,MEDIUM
1212,OULAD_TEST_1212,1,0.9964,0.5123,0.7412,0.7572,0.9964,HIGH
1213,OULAD_TEST_1213,0,0.1601,0.2214,0.2172,0.1144,0.1601,LOW
1214,OULAD_TEST_1214,0,0.1397,0.4831,0.219,0.2132,0.1397,LOW
1215,OULAD_TEST_1215,0,0.0628,0.3876,0.2215,0.1411,0.0628,LOW
1216,OULAD_TEST_1216,0,0.594,0.5042,0.8169,0.8472,0.594,MEDIUM
1217,OULAD_TEST_1217,0,0.6856,0.7136,0.6932,0.9626,0.6856,MEDIUM
1218,OULAD_TEST_1218,0,0.41,0.4769,0.5438,0.676,0.41,MEDIUM
1219,OULAD_TEST_1219,0,0.7205,0.8435,0.8972,0.9172,0.7205,HIGH
1220,OULAD_TEST_1220,0,0.2463,0.4007,0.6406,0.3242,0.2463,LOW
1221,OULAD_TEST_1221,1,0.9933,0.5207,0.7193,0.7776,0.9933,HIGH
1222,OULAD_TEST_1222,0,0.2748,0.4043,0.5379,0.3178,0.2748,LOW
1223,OULAD_TEST_1223,0,0.0208,0.291,0.1116,0.0894,0.0208,LOW
1224,OULAD_TEST_1224,0,0.468,0.7503,0.8163,0.7082,0.468,MEDIUM
1225,OULAD_TEST_1225,1,0.3355,0.5824,0.4228,0.4441,0.3355,LOW
1226,OULAD_TEST_1226,0,0.0267,0.2556,0.0909,0.0434,0.0267,LOW
1227,OULAD_TEST_1227,0,0.0262,0.206,0.1263,0.1388,0.0262,LOW
1228,OULAD_TEST_1228,1,0.6831,0.3823,0.2521,0.8046,0.6831,MEDIUM
1229,OULAD_TEST_1229,0,0.1275,0.4214,0.215,0.1091,0.1275,LOW
1230,OULAD_TEST_1230,0,0.2068,0.4871,0.4279,0.4214,0.2068,LOW
1231,OULAD_TEST_1231,0,0.0174,0.2971,0.1837,0.066,0.0174,LOW
1232,OULAD_TEST_1232,0,0.0111,0.1607,0.1135,0.0316,0.0111,LOW
1233,OULAD_TEST_1233,0,0.1967,0.3757,0.6287,0.5564,0.1967,LOW
1234,OULAD_TEST_1234,0,0.2232,0.6152,0.4279,0.3485,0.2232,LOW
1235,OULAD_TEST_1235,0,0.1178,0.4292,0.3245,0.2382,0.1178,LOW
1236,OULAD_TEST_1236,0,0.0637,0.4094,0.3284,0.0946,0.0637,LOW
1237,OULAD_TEST_1237,0,0.0177,0.4806,0.324,0.1268,0.0177,LOW
1238,OULAD_TEST_1238,0,0.0669,0.3942,0.3185,0.113,0.0669,LOW
1239,OULAD_TEST_1239,0,0.0947,0.4916,0.2523,0.2097,0.0947,LOW
1240,OULAD_TEST_1240,0,0.2988,0.3088,0.2076,0.3071,0.2988,LOW
1241,OULAD_TEST_1241,0,0.1209,0.5935,0.4034,0.2211,0.1209,LOW
1242,OULAD_TEST_1242,1,0.2541,0.4231,0.2956,0.1997,0.2541,LOW
1243,OULAD_TEST_1243,1,0.336,0.2665,0.1809,0.327,0.336,LOW
1244,OULAD_TEST_1244,0,0.0339,0.3184,0.2064,0.1249,0.0339,LOW
1245,OULAD_TEST_1245,0,0.5967,0.3875,0.4829,0.5316,0.5967,MEDIUM
1246,OULAD_TEST_1246,1,0.8696,0.2603,0.4458,0.3246,0.8696,HIGH
1247,OULAD_TEST_1247,0,0.1996,0.3873,0.2626,0.2498,0.1996,LOW
1248,OULAD_TEST_1248,1,0.576,0.5537,0.6451,0.5811,0.576,MEDIUM
1249,OULAD_TEST_1249,0,0.0325,0.3097,0.1929,0.1763,0.0325,LOW
1250,OULAD_TEST_1250,1,0.1652,0.383,0.2767,0.181,0.1652,LOW
1251,OULAD_TEST_1251,0,0.0529,0.3467,0.2896,0.1002,0.0529,LOW
1252,OULAD_TEST_1252,0,0.6045,0.6768,0.4272,0.3941,0.6045,MEDIUM
1253,OULAD_TEST_1253,1,0.5535,0.6787,0.5836,0.512,0.5535,MEDIUM
1254,OULAD_TEST_1254,0,0.5533,0.4961,0.5547,0.5407,0.5533,MEDIUM
1255,OULAD_TEST_1255,1,0.447,0.5587,0.5227,0.5469,0.447,MEDIUM
1256,OULAD_TEST_1256,1,0.893,0.7459,0.8196,0.899,0.893,HIGH
1257,OULAD_TEST_1257,1,0.2805,0.239,0.1517,0.0695,0.2805,LOW
1258,OULAD_TEST_1258,0,0.0341,0.3319,0.2081,0.2014,0.0341,LOW
1259,OULAD_TEST_1259,0,0.1109,0.2145,0.354,0.2832,0.1109,LOW
1260,OULAD_TEST_1260,0,0.068,0.3886,0.2369,0.1316,0.068,LOW
1261,OULAD_TEST_1261,0,0.1611,0.3902,0.2257,0.2242,0.1611,LOW
1262,OULAD_TEST_1262,0,0.3938,0.3017,0.1823,0.7042,0.3938,LOW
1263,OULAD_TEST_1263,0,0.0182,0.1951,0.1463,0.0729,0.0182,LOW
1264,OULAD_TEST_1264,0,0.0454,0.3812,0.1517,0.1521,0.0454,LOW
1265,OULAD_TEST_1265,0,0.4226,0.4247,0.3506,0.2669,0.4226,MEDIUM
1266,OULAD_TEST_1266,0,0.4422,0.5332,0.4689,0.6331,0.4422,MEDIUM
1267,OULAD_TEST_1267,0,0.1736,0.6771,0.2772,0.1156,0.1736,LOW
1268,OULAD_TEST_1268,0,0.0172,0.3263,0.3359,0.0997,0.0172,LOW
1269,OULAD_TEST_1269,0,0.2371,0.4916,0.4609,0.4677,0.2371,LOW
1270,OULAD_TEST_1270,0,0.3755,0.6637,0.7206,0.7243,0.3755,LOW
1271,OULAD_TEST_1271,0,0.2177,0.7731,0.5125,0.3512,0.2177,LOW
1272,OULAD_TEST_1272,1,0.5286,0.4312,0.4758,0.5526,0.5286,MEDIUM
1273,OULAD_TEST_1273,0,0.5633,0.6758,0.5338,0.5935,0.5633,MEDIUM
1274,OULAD_TEST_1274,0,0.1504,0.4121,0.3424,0.2294,0.1504,LOW
1275,OULAD_TEST_1275,1,0.9418,0.5448,0.5182,0.8395,0.9418,HIGH
1276,OULAD_TEST_1276,0,0.1434,0.4071,0.4587,0.5495,0.1434,LOW
1277,OULAD_TEST_1277,0,0.2885,0.4169,0.2365,0.1777,0.2885,LOW
1278,OULAD_TEST_1278,1,0.346,0.2939,0.3814,0.5585,0.346,LOW
1279,OULAD_TEST_1279,1,0.2338,0.2838,0.4828,0.2202,0.2338,LOW
1280,OULAD_TEST_1280,0,0.2969,0.4939,0.412,0.3482,0.2969,LOW
1281,OULAD_TEST_1281,0,0.2613,0.74,0.4731,0.3566,0.2613,LOW
1282,OULAD_TEST_1282,0,0.1783,0.5929,0.3541,0.2937,0.1783,LOW
1283,OULAD_TEST_1283,1,0.8433,0.6097,0.6963,0.7564,0.8433,HIGH
1284,OULAD_TEST_1284,1,0.9983,0.3686,0.257,0.3888,0.9983,HIGH
1285,OULAD_TEST_1285,0,0.0749,0.4548,0.1862,0.1086,0.0749,LOW
1286,OULAD_TEST_1286,0,0.0327,0.2407,0.2397,0.1016,0.0327,LOW
1287,OULAD_TEST_1287,0,0.0279,0.2633,0.059,0.0395,0.0279,LOW
1288,OULAD_TEST_1288,1,0.2389,0.4222,0.4069,0.3463,0.2389,LOW
1289,OULAD_TEST_1289,1,0.4968,0.5599,0.6019,0.5078,0.4968,MEDIUM
1290,OULAD_TEST_1290,0,0.4333,0.4821,0.555,0.7447,0.4333,MEDIUM
1291,OULAD_TEST_1291,1,0.8169,0.789,0.758,0.8693,0.8169,HIGH
1292,OULAD_TEST_1292,0,0.3062,0.6469,0.4453,0.364,0.3062,LOW
1293,OULAD_TEST_1293,1,0.1382,0.4371,0.161,0.1265,0.1382,LOW
1294,OULAD_TEST_1294,1,0.8739,0.2253,0.4765,0.7204,0.8739,HIGH
1295,OULAD_TEST_1295,0,0.0438,0.3977,0.2268,0.1273,0.0438,LOW
1296,OULAD_TEST_1296,0,0.3253,0.5775,0.4409,0.4952,0.3253,LOW
1297,OULAD_TEST_1297,0,0.0288,0.3336,0.3057,0.0524,0.0288,LOW
1298,OULAD_TEST_1298,0,0.3541,0.4994,0.6895,0.7309,0.3541,LOW
1299,OULAD_TEST_1299,0,0.2829,0.5313,0.5253,0.4794,0.2829,LOW
1300,OULAD_TEST_1300,0,0.5001,0.6717,0.6673,0.6571,0.5001,MEDIUM
1301,OULAD_TEST_1301,0,0.0288,0.2662,0.1334,0.0541,0.0288,LOW
1302,OULAD_TEST_1302,0,0.6955,0.4888,0.3789,0.6294,0.6955,MEDIUM
1303,OULAD_TEST_1303,0,0.731,0.7202,0.7783,0.6635,0.731,HIGH
1304,OULAD_TEST_1304,1,0.4803,0.3811,0.4214,0.5092,0.4803,MEDIUM
1305,OULAD_TEST_1305,0,0.0913,0.6088,0.3315,0.3591,0.0913,LOW
1306,OULAD_TEST_1306,0,0.5296,0.5166,0.5287,0.4792,0.5296,MEDIUM
1307,OULAD_TEST_1307,1,0.1043,0.3176,0.276,0.2679,0.1043,LOW
1308,OULAD_TEST_1308,0,0.1656,0.4823,0.3904,0.2757,0.1656,LOW
1309,OULAD_TEST_1309,0,0.1924,0.4661,0.4649,0.478,0.1924,LOW
1310,OULAD_TEST_1310,1,0.9964,0.4148,0.2093,0.4959,0.9964,HIGH
1311,OULAD_TEST_1311,0,0.031,0.2772,0.1565,0.0854,0.031,LOW
1312,OULAD_TEST_1312,0,0.1279,0.6104,0.4275,0.3038,0.1279,LOW
1313,OULAD_TEST_1313,0,0.1134,0.4948,0.1397,0.1141,0.1134,LOW
1314,OULAD_TEST_1314,0,0.2692,0.5111,0.4373,0.2832,0.2692,LOW
1315,OULAD_TEST_1315,0,0.4449,0.607,0.5207,0.5378,0.4449,MEDIUM
1316,OULAD_TEST_1316,1,0.9997,0.8775,0.9698,0.9852,0.9997,HIGH
1317,OULAD_TEST_1317,0,0.2682,0.679,0.4984,0.5554,0.2682,LOW
1318,OULAD_TEST_1318,1,0.8482,0.4779,0.837,0.8036,0.8482,HIGH
1319,OULAD_TEST_1319,1,0.9975,0.5546,0.6027,0.9163,0.9975,HIGH
1320,OULAD_TEST_1320,1,0.6321,0.4362,0.5233,0.3043,0.6321,MEDIUM
1321,OULAD_TEST_1321,0,0.2703,0.4144,0.3646,0.2951,0.2703,LOW
1322,OULAD_TEST_1322,0,0.3499,0.4653,0.5208,0.4353,0.3499,LOW
1323,OULAD_TEST_1323,1,0.2665,0.6928,0.6834,0.2729,0.2665,LOW
1324,OULAD_TEST_1324,0,0.0944,0.2694,0.1709,0.3236,0.0944,LOW
1325,OULAD_TEST_1325,1,0.4256,0.4908,0.5487,0.4767,0.4256,MEDIUM
1326,OULAD_TEST_1326,0,0.1586,0.3262,0.2178,0.2271,0.1586,LOW
1327,OULAD_TEST_1327,0,0.0326,0.3449,0.2222,0.0914,0.0326,LOW
1328,OULAD_TEST_1328,0,0.1846,0.2157,0.386,0.4737,0.1846,LOW
1329,OULAD_TEST_1329,0,0.5038,0.6096,0.5958,0.6113,0.5038,MEDIUM
1330,OULAD_TEST_1330,0,0.071,0.5001,0.4278,0.0982,0.071,LOW
1331,OULAD_TEST_1331,0,0.1502,0.4939,0.3993,0.3077,0.1502,LOW
1332,OULAD_TEST_1332,1,0.3632,0.6842,0.6032,0.5363,0.3632,LOW
1333,OULAD_TEST_1333,0,0.2234,0.3973,0.0811,0.1056,0.2234,LOW
1334,OULAD_TEST_1334,0,0.097,0.3419,0.4788,0.3058,0.097,LOW
1335,OULAD_TEST_1335,1,0.2048,0.4241,0.3118,0.4157,0.2048,LOW
1336,OULAD_TEST_1336,0,0.5111,0.3819,0.5877,0.4827,0.5111,MEDIUM
1337,OULAD_TEST_1337,1,0.9969,0.9233,0.8015,0.683,0.9969,HIGH
1338,OULAD_TEST_1338,0,0.1606,0.6823,0.3483,0.3411,0.1606,LOW
1339,OULAD_TEST_1339,1,0.4243,0.5018,0.5191,0.4875,0.4243,MEDIUM
1340,OULAD_TEST_1340,1,0.9767,0.6152,0.6862,0.9517,0.9767,HIGH
1341,OULAD_TEST_1341,1,0.9844,0.4619,0.4186,0.4584,0.9844,HIGH
1342,OULAD_TEST_1342,0,0.0365,0.3655,0.2594,0.1365,0.0365,LOW
1343,OULAD_TEST_1343,0,0.5047,0.6142,0.622,0.5947,0.5047,MEDIUM
1344,OULAD_TEST_1344,1,0.9512,0.3118,0.3375,0.4529,0.9512,HIGH
1345,OULAD_TEST_1345,0,0.038,0.1944,0.1303,0.0981,0.038,LOW
1346,OULAD_TEST_1346,0,0.1937,0.589,0.4448,0.3604,0.1937,LOW
1347,OULAD_TEST_1347,0,0.1333,0.5325,0.2905,0.2195,0.1333,LOW
1348,OULAD_TEST_1348,1,0.9919,0.4106,0.6087,0.639,0.9919,HIGH
1349,OULAD_TEST_1349,1,0.298,0.3836,0.7358,0.5734,0.298,LOW
1350,OULAD_TEST_1350,0,0.4398,0.5647,0.5054,0.5489,0.4398,MEDIUM
1351,OULAD_TEST_1351,1,0.5481,0.3975,0.5434,0.4709,0.5481,MEDIUM
1352,OULAD_TEST_1352,0,0.131,0.7442,0.611,0.3238,0.131,LOW
1353,OULAD_TEST_1353,0,0.144,0.4868,0.2311,0.2562,0.144,LOW
1354,OULAD_TEST_1354,1,0.9612,0.8818,0.942,0.9596,0.9612,HIGH
1355,OULAD_TEST_1355,0,0.4311,0.5191,0.4857,0.4586,0.4311,MEDIUM
1356,OULAD_TEST_1356,1,0.1691,0.3949,0.2124,0.2483,0.1691,LOW
1357,OULAD_TEST_1357,1,0.9977,0.4207,0.6202,0.8282,0.9977,HIGH
1358,OULAD_TEST_1358,1,0.9946,0.6337,0.7586,0.7608,0.9946,HIGH
1359,OULAD_TEST_1359,0,0.1178,0.4217,0.1975,0.1899,0.1178,LOW
1360,OULAD_TEST_1360,0,0.2675,0.3498,0.3288,0.3727,0.2675,LOW
1361,OULAD_TEST_1361,0,0.7416,0.6585,0.9072,0.8282,0.7416,HIGH
1362,OULAD_TEST_1362,1,0.7873,0.6039,0.5934,0.559,0.7873,HIGH
1363,OULAD_TEST_1363,0,0.1432,0.4209,0.2379,0.1232,0.1432,LOW
1364,OULAD_TEST_1364,1,0.3317,0.3081,0.4598,0.244,0.3317,LOW
1365,OULAD_TEST_1365,1,0.997,0.7582,0.7429,0.8704,0.997,HIGH
1366,OULAD_TEST_1366,0,0.0281,0.3313,0.2651,0.0651,0.0281,LOW
1367,OULAD_TEST_1367,1,0.6233,0.8695,0.922,0.9166,0.6233,MEDIUM
1368,OULAD_TEST_1368,0,0.0149,0.224,0.0921,0.0488,0.0149,LOW
1369,OULAD_TEST_1369,0,0.4861,0.4531,0.6703,0.6985,0.4861,MEDIUM
1370,OULAD_TEST_1370,1,0.3364,0.356,0.3925,0.255,0.3364,LOW
1371,OULAD_TEST_1371,1,0.867,0.4726,0.7746,0.6218,0.867,HIGH
1372,OULAD_TEST_1372,0,0.1055,0.4697,0.4381,0.1587,0.1055,LOW
1373,OULAD_TEST_1373,1,0.2362,0.3237,0.1776,0.3664,0.2362,LOW
1374,OULAD_TEST_1374,0,0.4361,0.7476,0.8314,0.454,0.4361,MEDIUM
1375,OULAD_TEST_1375,0,0.1984,0.3555,0.3163,0.3374,0.1984,LOW
1376,OULAD_TEST_1376,1,0.6233,0.4665,0.6296,0.5484,0.6233,MEDIUM
1377,OULAD_TEST_1377,0,0.6988,0.5269,0.6928,0.7985,0.6988,MEDIUM
1378,OULAD_TEST_1378,0,0.5746,0.4758,0.5267,0.6169,0.5746,MEDIUM
1379,OULAD_TEST_1379,0,0.1544,0.4106,0.3484,0.4471,0.1544,LOW
1380,OULAD_TEST_1380,0,0.5474,0.6786,0.726,0.8346,0.5474,MEDIUM
1381,OULAD_TEST_1381,0,0.6121,0.6263,0.6233,0.698,0.6121,MEDIUM
1382,OULAD_TEST_1382,0,0.2391,0.4564,0.4552,0.4255,0.2391,LOW
1383,OULAD_TEST_1383,1,0.9997,0.7353,0.9368,0.9744,0.9997,HIGH
1384,OULAD_TEST_1384,0,0.2015,0.4387,0.6031,0.42,0.2015,LOW
1385,OULAD_TEST_1385,1,0.9784,0.5215,0.6795,0.9138,0.9784,HIGH
1386,OULAD_TEST_1386,0,0.103,0.3787,0.1476,0.1348,0.103,LOW
1387,OULAD_TEST_1387,0,0.4304,0.5665,0.3757,0.2877,0.4304,MEDIUM
1388,OULAD_TEST_1388,0,0.0611,0.2891,0.1175,0.0905,0.0611,LOW
1389,OULAD_TEST_1389,0,0.0634,0.2868,0.1846,0.0511,0.0634,LOW
1390,OULAD_TEST_1390,0,0.3235,0.5992,0.6244,0.6303,0.3235,LOW
1391,OULAD_TEST_1391,0,0.0306,0.2672,0.1224,0.0506,0.0306,LOW
1392,OULAD_TEST_1392,0,0.687,0.5913,0.8098,0.6609,0.687,MEDIUM
1393,OULAD_TEST_1393,0,0.1367,0.3585,0.3938,0.3426,0.1367,LOW
1394,OULAD_TEST_1394,0,0.1208,0.6193,0.315,0.2698,0.1208,LOW
1395,OULAD_TEST_1395,0,0.9692,0.7188,0.8783,0.8978,0.9692,HIGH
1396,OULAD_TEST_1396,1,0.9897,0.4332,0.758,0.7726,0.9897,HIGH
1397,OULAD_TEST_1397,0,0.4341,0.2502,0.4485,0.542,0.4341,MEDIUM
1398,OULAD_TEST_1398,0,0.3388,0.4812,0.4912,0.3222,0.3388,LOW
1399,OULAD_TEST_1399,1,0.3514,0.4553,0.6893,0.4687,0.3514,LOW
1400,OULAD_TEST_1400,0,0.0266,0.2576,0.142,0.1463,0.0266,LOW
1401,OULAD_TEST_1401,0,0.3477,0.4445,0.4265,0.459,0.3477,LOW
1402,OULAD_TEST_1402,1,0.7781,0.3842,0.3681,0.479,0.7781,HIGH
1403,OULAD_TEST_1403,0,0.2435,0.3455,0.4518,0.3762,0.2435,LOW
1404,OULAD_TEST_1404,1,0.5042,0.6749,0.5698,0.8071,0.5042,MEDIUM
1405,OULAD_TEST_1405,0,0.1817,0.2539,0.4259,0.5414,0.1817,LOW
1406,OULAD_TEST_1406,0,0.1003,0.56,0.2731,0.2892,0.1003,LOW
1407,OULAD_TEST_1407,1,0.9972,0.3422,0.6682,0.674,0.9972,HIGH
1408,OULAD_TEST_1408,1,0.9975,0.5986,0.4919,0.9096,0.9975,HIGH
1409,OULAD_TEST_1409,0,0.6037,0.3692,0.2712,0.1171,0.6037,MEDIUM
1410,OULAD_TEST_1410,1,0.5395,0.4987,0.8091,0.8297,0.5395,MEDIUM
1411,OULAD_TEST_1411,0,0.14,0.3069,0.0842,0.0724,0.14,LOW
1412,OULAD_TEST_1412,1,0.6281,0.5137,0.8238,0.5596,0.6281,MEDIUM
1413,OULAD_TEST_1413,0,0.1073,0.3386,0.3159,0.2344,0.1073,LOW
1414,OULAD_TEST_1414,0,0.1083,0.4032,0.3407,0.2671,0.1083,LOW
1415,OULAD_TEST_1415,0,0.4819,0.4862,0.5492,0.655,0.4819,MEDIUM
1416,OULAD_TEST_1416,1,0.9444,0.68,0.8684,0.9203,0.9444,HIGH
1417,OULAD_TEST_1417,1,0.9981,0.3955,0.392,0.2829,0.9981,HIGH
1418,OULAD_TEST_1418,1,0.5973,0.4164,0.6636,0.3728,0.5973,MEDIUM
1419,OULAD_TEST_1419,0,0.0259,0.2749,0.115,0.0818,0.0259,LOW
1420,OULAD_TEST_1420,0,0.2657,0.512,0.461,0.3662,0.2657,LOW
1421,OULAD_TEST_1421,0,0.2223,0.355,0.318,0.3881,0.2223,LOW
1422,OULAD_TEST_1422,0,0.283,0.481,0.3884,0.3893,0.283,LOW
1423,OULAD_TEST_1423,1,0.7915,0.7009,0.6553,0.8343,0.7915,HIGH
1424,OULAD_TEST_1424,1,0.6658,0.681,0.7918,0.8405,0.6658,MEDIUM
1425,OULAD_TEST_1425,0,0.2517,0.5018,0.3177,0.3375,0.2517,LOW
1426,OULAD_TEST_1426,0,0.3826,0.6526,0.6976,0.5698,0.3826,LOW
1427,OULAD_TEST_1427,0,0.0707,0.2777,0.1686,0.2089,0.0707,LOW
1428,OULAD_TEST_1428,1,0.1724,0.3903,0.3925,0.3791,0.1724,LOW
1429,OULAD_TEST_1429,1,0.4799,0.494,0.5522,0.6265,0.4799,MEDIUM
1430,OULAD_TEST_1430,0,0.0285,0.2812,0.25,0.0801,0.0285,LOW
1431,OULAD_TEST_1431,0,0.1359,0.2055,0.4895,0.3941,0.1359,LOW
1432,OULAD_TEST_1432,1,0.9912,0.5914,0.4475,0.4812,0.9912,HIGH
1433,OULAD_TEST_1433,0,0.2299,0.762,0.5886,0.518,0.2299,LOW
1434,OULAD_TEST_1434,0,0.0101,0.1637,0.0743,0.0304,0.0101,LOW
1435,OULAD_TEST_1435,0,0.1224,0.4684,0.3067,0.2214,0.1224,LOW
1436,OULAD_TEST_1436,0,0.2386,0.2156,0.2823,0.2526,0.2386,LOW
1437,OULAD_TEST_1437,1,0.9982,0.4657,0.6784,0.4816,0.9982,HIGH
1438,OULAD_TEST_1438,0,0.4027,0.5505,0.6081,0.5616,0.4027,MEDIUM
1439,OULAD_TEST_1439,1,0.9995,0.8528,0.9344,0.9846,0.9995,HIGH
1440,OULAD_TEST_1440,0,0.1956,0.3274,0.4975,0.3417,0.1956,LOW
1441,OULAD_TEST_1441,1,0.9979,0.7728,0.9203,0.9261,0.9979,HIGH
1442,OULAD_TEST_1442,1,0.2088,0.5659,0.431,0.2481,0.2088,LOW
1443,OULAD_TEST_1443,0,0.0289,0.3702,0.079,0.0554,0.0289,LOW
1444,OULAD_TEST_1444,0,0.0486,0.226,0.1193,0.1314,0.0486,LOW
1445,OULAD_TEST_1445,0,0.6896,0.5006,0.45,0.5113,0.6896,MEDIUM
1446,OULAD_TEST_1446,1,0.8757,0.8747,0.9237,0.93,0.8757,HIGH
1447,OULAD_TEST_1447,1,0.7385,0.651,0.7738,0.7534,0.7385,HIGH
1448,OULAD_TEST_1448,1,0.9891,0.4073,0.5046,0.5755,0.9891,HIGH
1449,OULAD_TEST_1449,1,0.1281,0.2642,0.2467,0.1793,0.1281,LOW
1450,OULAD_TEST_1450,0,0.1131,0.4401,0.2158,0.2835,0.1131,LOW
1451,OULAD_TEST_1451,0,0.0547,0.316,0.1438,0.0917,0.0547,LOW
1452,OULAD_TEST_1452,1,0.3725,0.5398,0.3763,0.4573,0.3725,LOW
1453,OULAD_TEST_1453,0,0.9263,0.6299,0.6579,0.8156,0.9263,HIGH
1454,OULAD_TEST_1454,0,0.3416,0.4463,0.3903,0.3321,0.3416,LOW
1455,OULAD_TEST_1455,0,0.384,0.5115,0.4589,0.4863,0.384,LOW
1456,OULAD_TEST_1456,0,0.0493,0.4369,0.1014,0.0797,0.0493,LOW
1457,OULAD_TEST_1457,0,0.4846,0.4207,0.3712,0.5511,0.4846,MEDIUM
1458,OULAD_TEST_1458,1,0.028,0.6028,0.104,0.0509,0.028,LOW
1459,OULAD_TEST_1459,0,0.0208,0.3428,0.0963,0.0478,0.0208,LOW
1460,OULAD_TEST_1460,0,0.2188,0.3353,0.3579,0.4781,0.2188,LOW
1461,OULAD_TEST_1461,1,0.122,0.3943,0.2921,0.239,0.122,LOW
1462,OULAD_TEST_1462,1,0.1461,0.5225,0.5301,0.4587,0.1461,LOW
1463,OULAD_TEST_1463,0,0.0481,0.3576,0.3993,0.2333,0.0481,LOW
1464,OULAD_TEST_1464,0,0.3738,0.5168,0.2027,0.1926,0.3738,LOW
1465,OULAD_TEST_1465,0,0.1639,0.6258,0.3461,0.1802,0.1639,LOW
1466,OULAD_TEST_1466,1,0.9989,0.59,0.7255,0.8046,0.9989,HIGH
1467,OULAD_TEST_1467,0,0.4145,0.4872,0.4798,0.3857,0.4145,MEDIUM
1468,OULAD_TEST_1468,0,0.5418,0.562,0.7073,0.7261,0.5418,MEDIUM
1469,OULAD_TEST_1469,0,0.3796,0.5268,0.6144,0.6206,0.3796,LOW
1470,OULAD_TEST_1470,0,0.1112,0.6623,0.408,0.3256,0.1112,LOW
1471,OULAD_TEST_1471,0,0.2614,0.4706,0.4148,0.3827,0.2614,LOW
1472,OULAD_TEST_1472,0,0.0442,0.3742,0.1969,0.1195,0.0442,LOW
1473,OULAD_TEST_1473,0,0.8907,0.665,0.8922,0.883,0.8907,HIGH
1474,OULAD_TEST_1474,0,0.2773,0.4017,0.324,0.2888,0.2773,LOW
1475,OULAD_TEST_1475,0,0.4869,0.5515,0.8859,0.6782,0.4869,MEDIUM
1476,OULAD_TEST_1476,0,0.0454,0.2813,0.1974,0.1123,0.0454,LOW
1477,OULAD_TEST_1477,1,0.5539,0.3283,0.2044,0.3839,0.5539,MEDIUM
1478,OULAD_TEST_1478,0,0.0215,0.3904,0.1258,0.0512,0.0215,LOW
1479,OULAD_TEST_1479,1,0.0353,0.2705,0.2789,0.1676,0.0353,LOW
1480,OULAD_TEST_1480,0,0.8979,0.7205,0.6706,0.5843,0.8979,HIGH
1481,OULAD_TEST_1481,0,0.5695,0.6452,0.6627,0.6892,0.5695,MEDIUM
1482,OULAD_TEST_1482,0,0.1482,0.5707,0.2819,0.1611,0.1482,LOW
1483,OULAD_TEST_1483,0,0.0206,0.3299,0.0813,0.0616,0.0206,LOW
1484,OULAD_TEST_1484,0,0.0694,0.3492,0.1193,0.1973,0.0694,LOW
1485,OULAD_TEST_1485,0,0.0218,0.2087,0.0639,0.0449,0.0218,LOW
1486,OULAD_TEST_1486,0,0.0215,0.2811,0.2306,0.0954,0.0215,LOW
1487,OULAD_TEST_1487,0,0.0453,0.4985,0.1814,0.09,0.0453,LOW
1488,OULAD_TEST_1488,0,0.5332,0.4768,0.4468,0.6235,0.5332,MEDIUM
1489,OULAD_TEST_1489,1,0.8527,0.7014,0.7546,0.8091,0.8527,HIGH
1490,OULAD_TEST_1490,1,0.9437,0.5714,0.5582,0.6652,0.9437,HIGH
1491,OULAD_TEST_1491,0,0.0792,0.321,0.2051,0.0823,0.0792,LOW
1492,OULAD_TEST_1492,1,0.0331,0.381,0.1683,0.2214,0.0331,LOW
1493,OULAD_TEST_1493,0,0.0401,0.4722,0.3077,0.187,0.0401,LOW
1494,OULAD_TEST_1494,0,0.1224,0.2893,0.2459,0.2179,0.1224,LOW
1495,OULAD_TEST_1495,1,0.9894,0.753,0.9342,0.9779,0.9894,HIGH
1496,OULAD_TEST_1496,1,0.9926,0.3919,0.5069,0.4819,0.9926,HIGH
1497,OULAD_TEST_1497,0,0.1288,0.4008,0.2842,0.2776,0.1288,LOW
1498,OULAD_TEST_1498,0,0.3121,0.5636,0.5764,0.4602,0.3121,LOW
1499,OULAD_TEST_1499,0,0.0872,0.4852,0.4532,0.4048,0.0872,LOW
1500,OULAD_TEST_1500,1,0.9993,0.5569,0.801,0.9469,0.9993,HIGH
1501,OULAD_TEST_1501,1,0.9861,0.6983,0.7142,0.7095,0.9861,HIGH
1502,OULAD_TEST_1502,1,0.9993,0.76,0.9777,0.9533,0.9993,HIGH
1503,OULAD_TEST_1503,0,0.0305,0.3638,0.2272,0.0951,0.0305,LOW
1504,OULAD_TEST_1504,0,0.0985,0.4205,0.2871,0.3175,0.0985,LOW
1505,OULAD_TEST_1505,0,0.4756,0.5273,0.4697,0.6431,0.4756,MEDIUM
1506,OULAD_TEST_1506,0,0.6295,0.4875,0.368,0.5166,0.6295,MEDIUM
1507,OULAD_TEST_1507,0,0.3863,0.5039,0.5997,0.735,0.3863,LOW
1508,OULAD_TEST_1508,1,0.3222,0.2766,0.4213,0.3452,0.3222,LOW
1509,OULAD_TEST_1509,1,0.394,0.377,0.3322,0.3891,0.394,LOW
1510,OULAD_TEST_1510,0,0.0218,0.4908,0.261,0.0873,0.0218,LOW
1511,OULAD_TEST_1511,0,0.1633,0.3552,0.1961,0.3372,0.1633,LOW
1512,OULAD_TEST_1512,1,0.9871,0.4017,0.6594,0.8051,0.9871,HIGH
1513,OULAD_TEST_1513,0,0.2943,0.3373,0.2817,0.1379,0.2943,LOW
1514,OULAD_TEST_1514,0,0.3819,0.5212,0.5475,0.559,0.3819,LOW
1515,OULAD_TEST_1515,0,0.0283,0.3939,0.1122,0.0538,0.0283,LOW
1516,OULAD_TEST_1516,0,0.5016,0.6693,0.5924,0.5944,0.5016,MEDIUM
1517,OULAD_TEST_1517,0,0.5017,0.8409,0.8161,0.6805,0.5017,MEDIUM
1518,OULAD_TEST_1518,0,0.1397,0.4849,0.1704,0.1182,0.1397,LOW
1519,OULAD_TEST_1519,1,0.7737,0.5841,0.9214,0.9215,0.7737,HIGH
1520,OULAD_TEST_1520,0,0.0648,0.3242,0.2334,0.1578,0.0648,LOW
1521,OULAD_TEST_1521,0,0.2061,0.5126,0.4169,0.3786,0.2061,LOW
1522,OULAD_TEST_1522,0,0.1603,0.3558,0.5062,0.5359,0.1603,LOW
1523,OULAD_TEST_1523,0,0.3164,0.5704,0.4845,0.3566,0.3164,LOW
1524,OULAD_TEST_1524,0,0.1529,0.4233,0.2285,0.2553,0.1529,LOW
1525,OULAD_TEST_1525,0,0.0439,0.4807,0.1012,0.072,0.0439,LOW
1526,OULAD_TEST_1526,0,0.0586,0.477,0.2711,0.1303,0.0586,LOW
1527,OULAD_TEST_1527,0,0.1104,0.2589,0.2986,0.1345,0.1104,LOW
1528,OULAD_TEST_1528,1,0.9878,0.5251,0.5999,0.5891,0.9878,HIGH
1529,OULAD_TEST_1529,0,0.026,0.1487,0.1183,0.1339,0.026,LOW
1530,OULAD_TEST_1530,0,0.8966,0.4587,0.7612,0.8793,0.8966,HIGH
1531,OULAD_TEST_1531,1,0.9994,0.6855,0.9358,0.9766,0.9994,HIGH
1532,OULAD_TEST_1532,0,0.0756,0.3164,0.4276,0.2357,0.0756,LOW
1533,OULAD_TEST_1533,0,0.4043,0.5046,0.2526,0.3378,0.4043,MEDIUM
1534,OULAD_TEST_1534,0,0.109,0.288,0.5186,0.3426,0.109,LOW
1535,OULAD_TEST_1535,1,0.5264,0.359,0.1412,0.1544,0.5264,MEDIUM
1536,OULAD_TEST_1536,1,0.998,0.6115,0.6024,0.9079,0.998,HIGH
1537,OULAD_TEST_1537,0,0.0635,0.6295,0.3221,0.2035,0.0635,LOW
1538,OULAD_TEST_1538,0,0.481,0.5608,0.5637,0.5,0.481,MEDIUM
1539,OULAD_TEST_1539,0,0.2948,0.4781,0.5365,0.5321,0.2948,LOW
1540,OULAD_TEST_1540,0,0.1767,0.2907,0.4953,0.4476,0.1767,LOW
1541,OULAD_TEST_1541,1,0.968,0.84,0.9176,0.936,0.968,HIGH
1542,OULAD_TEST_1542,0,0.3104,0.4568,0.4631,0.3563,0.3104,LOW
1543,OULAD_TEST_1543,1,0.9211,0.5147,0.5695,0.7757,0.9211,HIGH
1544,OULAD_TEST_1544,1,0.999,0.6056,0.8634,0.9137,0.999,HIGH
1545,OULAD_TEST_1545,1,0.8301,0.4962,0.6631,0.7269,0.8301,HIGH
1546,OULAD_TEST_1546,1,0.3169,0.7526,0.5476,0.384,0.3169,LOW
1547,OULAD_TEST_1547,1,0.9846,0.5433,0.4791,0.4205,0.9846,HIGH
1548,OULAD_TEST_1548,0,0.6877,0.6564,0.7274,0.7476,0.6877,MEDIUM
1549,OULAD_TEST_1549,0,0.1655,0.6389,0.4757,0.5659,0.1655,LOW
1550,OULAD_TEST_1550,1,0.8891,0.5392,0.7845,0.876,0.8891,HIGH
1551,OULAD_TEST_1551,0,0.5082,0.6023,0.5595,0.7114,0.5082,MEDIUM
1552,OULAD_TEST_1552,0,0.0277,0.3426,0.157,0.2085,0.0277,LOW
1553,OULAD_TEST_1553,0,0.6985,0.5776,0.7064,0.7003,0.6985,MEDIUM
1554,OULAD_TEST_1554,0,0.0243,0.2632,0.1279,0.1082,0.0243,LOW
1555,OULAD_TEST_1555,0,0.0975,0.449,0.2366,0.2083,0.0975,LOW
1556,OULAD_TEST_1556,0,0.5127,0.5431,0.7159,0.5469,0.5127,MEDIUM
1557,OULAD_TEST_1557,1,0.5943,0.718,0.773,0.8098,0.5943,MEDIUM
1558,OULAD_TEST_1558,1,0.5034,0.3449,0.6005,0.4122,0.5034,MEDIUM
1559,OULAD_TEST_1559,0,0.7199,0.5965,0.8282,0.7778,0.7199,HIGH
1560,OULAD_TEST_1560,0,0.0411,0.3225,0.1252,0.1442,0.0411,LOW
1561,OULAD_TEST_1561,0,0.3986,0.5818,0.6602,0.6584,0.3986,LOW
1562,OULAD_TEST_1562,0,0.2203,0.3834,0.3295,0.1116,0.2203,LOW
1563,OULAD_TEST_1563,1,0.9823,0.4145,0.6579,0.8151,0.9823,HIGH
1564,OULAD_TEST_1564,1,0.9944,0.3823,0.8277,0.8711,0.9944,HIGH
1565,OULAD_TEST_1565,0,0.2632,0.3243,0.2785,0.2668,0.2632,LOW
1566,OULAD_TEST_1566,0,0.5878,0.7629,0.837,0.8605,0.5878,MEDIUM
1567,OULAD_TEST_1567,1,0.9792,0.6395,0.9585,0.9731,0.9792,HIGH
1568,OULAD_TEST_1568,0,0.7911,0.6665,0.6986,0.8719,0.7911,HIGH
1569,OULAD_TEST_1569,0,0.4217,0.6573,0.7735,0.5868,0.4217,MEDIUM
1570,OULAD_TEST_1570,0,0.1594,0.4831,0.3431,0.3013,0.1594,LOW
1571,OULAD_TEST_1571,1,0.4621,0.6533,0.577,0.3543,0.4621,MEDIUM
1572,OULAD_TEST_1572,0,0.79,0.5674,0.7203,0.7342,0.79,HIGH
1573,OULAD_TEST_1573,0,0.4042,0.5642,0.7438,0.6316,0.4042,MEDIUM
1574,OULAD_TEST_1574,0,0.3437,0.4928,0.4186,0.4469,0.3437,LOW
1575,OULAD_TEST_1575,0,0.1485,0.4257,0.4532,0.3109,0.1485,LOW
1576,OULAD_TEST_1576,0,0.0256,0.341,0.2396,0.1059,0.0256,LOW
1577,OULAD_TEST_1577,0,0.6642,0.7071,0.6653,0.7607,0.6642,MEDIUM
1578,OULAD_TEST_1578,1,0.2796,0.4223,0.5302,0.3247,0.2796,LOW
1579,OULAD_TEST_1579,0,0.2667,0.4791,0.5133,0.4354,0.2667,LOW
1580,OULAD_TEST_1580,0,0.0478,0.2267,0.158,0.1277,0.0478,LOW
1581,OULAD_TEST_1581,0,0.5891,0.4782,0.3221,0.405,0.5891,MEDIUM
1582,OULAD_TEST_1582,1,0.9876,0.8008,0.9662,0.9792,0.9876,HIGH
1583,OULAD_TEST_1583,1,0.9991,0.2623,0.2898,0.517,0.9991,HIGH
1584,OULAD_TEST_1584,0,0.5028,0.4998,0.7377,0.7451,0.5028,MEDIUM
1585,OULAD_TEST_1585,0,0.0417,0.31,0.0712,0.1165,0.0417,LOW
1586,OULAD_TEST_1586,0,0.0309,0.2571,0.2415,0.0887,0.0309,LOW
1587,OULAD_TEST_1587,1,0.529,0.4731,0.6059,0.6016,0.529,MEDIUM
1588,OULAD_TEST_1588,1,0.9814,0.7259,0.4782,0.4062,0.9814,HIGH
1589,OULAD_TEST_1589,1,0.3196,0.8857,0.8715,0.7736,0.3196,LOW
1590,OULAD_TEST_1590,0,0.2962,0.3027,0.5392,0.6227,0.2962,LOW
1591,OULAD_TEST_1591,1,0.998,0.8402,0.818,0.8757,0.998,HIGH
1592,OULAD_TEST_1592,0,0.2203,0.3712,0.2626,0.311,0.2203,LOW
1593,OULAD_TEST_1593,1,0.8195,0.7464,0.7464,0.7876,0.8195,HIGH
1594,OULAD_TEST_1594,0,0.3475,0.6497,0.6027,0.5028,0.3475,LOW
1595,OULAD_TEST_1595,0,0.079,0.4299,0.2678,0.2953,0.079,LOW
1596,OULAD_TEST_1596,1,0.8708,0.5276,0.5981,0.6873,0.8708,HIGH
1597,OULAD_TEST_1597,0,0.3302,0.5082,0.4302,0.3933,0.3302,LOW
1598,OULAD_TEST_1598,0,0.287,0.4001,0.466,0.5189,0.287,LOW
1599,OULAD_TEST_1599,0,0.2834,0.6624,0.5807,0.3598,0.2834,LOW
1600,OULAD_TEST_1600,1,0.9982,0.6697,0.6655,0.8912,0.9982,HIGH
1601,OULAD_TEST_1601,1,0.998,0.2625,0.2754,0.1026,0.998,HIGH
1602,OULAD_TEST_1602,1,0.9657,0.5314,0.5884,0.6798,0.9657,HIGH
1603,OULAD_TEST_1603,0,0.0489,0.331,0.2251,0.154,0.0489,LOW
1604,OULAD_TEST_1604,0,0.918,0.4188,0.6865,0.6759,0.918,HIGH
1605,OULAD_TEST_1605,0,0.6338,0.5997,0.4218,0.7461,0.6338,MEDIUM
1606,OULAD_TEST_1606,0,0.4182,0.3109,0.4976,0.4425,0.4182,MEDIUM
1607,OULAD_TEST_1607,1,0.8071,0.7569,0.9033,0.7304,0.8071,HIGH
1608,OULAD_TEST_1608,0,0.2362,0.5901,0.4376,0.3889,0.2362,LOW
1609,OULAD_TEST_1609,0,0.1577,0.4276,0.3289,0.1791,0.1577,LOW
1610,OULAD_TEST_1610,1,0.9939,0.581,0.5233,0.6276,0.9939,HIGH
1611,OULAD_TEST_1611,0,0.4548,0.4815,0.5983,0.521,0.4548,MEDIUM
1612,OULAD_TEST_1612,0,0.6828,0.3466,0.4433,0.5855,0.6828,MEDIUM
1613,OULAD_TEST_1613,0,0.2686,0.449,0.408,0.4061,0.2686,LOW
1614,OULAD_TEST_1614,1,0.9976,0.2642,0.2982,0.1675,0.9976,HIGH
1615,OULAD_TEST_1615,1,0.999,0.4777,0.8934,0.8664,0.999,HIGH
1616,OULAD_TEST_1616,0,0.1141,0.522,0.4419,0.3401,0.1141,LOW
1617,OULAD_TEST_1617,0,0.3571,0.5455,0.51,0.5297,0.3571,LOW
1618,OULAD_TEST_1618,0,0.602,0.5591,0.5703,0.6242,0.602,MEDIUM
1619,OULAD_TEST_1619,0,0.2594,0.4345,0.3701,0.2701,0.2594,LOW
1620,OULAD_TEST_1620,0,0.2582,0.5862,0.4291,0.4959,0.2582,LOW
1621,OULAD_TEST_1621,0,0.0948,0.3417,0.2982,0.4063,0.0948,LOW
1622,OULAD_TEST_1622,0,0.3105,0.3746,0.5174,0.4326,0.3105,LOW
1623,OULAD_TEST_1623,0,0.363,0.3672,0.3892,0.419,0.363,LOW
1624,OULAD_TEST_1624,0,0.2291,0.3578,0.1627,0.0876,0.2291,LOW
1625,OULAD_TEST_1625,0,0.0642,0.4452,0.5075,0.3847,0.0642,LOW
1626,OULAD_TEST_1626,1,0.1567,0.4977,0.2043,0.2171,0.1567,LOW
1627,OULAD_TEST_1627,0,0.0676,0.3061,0.2234,0.1237,0.0676,LOW
1628,OULAD_TEST_1628,0,0.3119,0.5209,0.3489,0.4201,0.3119,LOW
1629,OULAD_TEST_1629,0,0.1881,0.4465,0.5006,0.419,0.1881,LOW
1630,OULAD_TEST_1630,1,0.9995,0.4194,0.3978,0.9494,0.9995,HIGH
1631,OULAD_TEST_1631,1,0.515,0.6172,0.6355,0.5235,0.515,MEDIUM
1632,OULAD_TEST_1632,0,0.1953,0.5719,0.53,0.5256,0.1953,LOW
1633,OULAD_TEST_1633,0,0.2544,0.6801,0.6277,0.4557,0.2544,LOW
1634,OULAD_TEST_1634,0,0.0782,0.2989,0.2578,0.178,0.0782,LOW
1635,OULAD_TEST_1635,0,0.3292,0.4839,0.2883,0.4746,0.3292,LOW
1636,OULAD_TEST_1636,0,0.105,0.3773,0.5399,0.4376,0.105,LOW
1637,OULAD_TEST_1637,0,0.1545,0.2921,0.1547,0.0818,0.1545,LOW
1638,OULAD_TEST_1638,1,0.9553,0.799,0.664,0.7098,0.9553,HIGH
1639,OULAD_TEST_1639,0,0.5699,0.4075,0.5578,0.5533,0.5699,MEDIUM
1640,OULAD_TEST_1640,1,0.6132,0.7622,0.7847,0.918,0.6132,MEDIUM
1641,OULAD_TEST_1641,0,0.0714,0.308,0.1845,0.085,0.0714,LOW
1642,OULAD_TEST_1642,1,0.9831,0.5375,0.6804,0.6795,0.9831,HIGH
1643,OULAD_TEST_1643,0,0.1069,0.3696,0.3953,0.2093,0.1069,LOW
1644,OULAD_TEST_1644,0,0.5257,0.5046,0.8529,0.7001,0.5257,MEDIUM
1645,OULAD_TEST_1645,0,0.0326,0.3771,0.2191,0.105,0.0326,LOW
1646,OULAD_TEST_1646,0,0.0261,0.3045,0.1972,0.0605,0.0261,LOW
1647,OULAD_TEST_1647,1,0.5705,0.4236,0.6763,0.7456,0.5705,MEDIUM
1648,OULAD_TEST_1648,1,0.4599,0.3129,0.5495,0.6771,0.4599,MEDIUM
1649,OULAD_TEST_1649,1,0.8021,0.2954,0.2925,0.2997,0.8021,HIGH
1650,OULAD_TEST_1650,1,0.9469,0.7992,0.8157,0.8786,0.9469,HIGH
1651,OULAD_TEST_1651,0,0.0444,0.3813,0.207,0.1031,0.0444,LOW
1652,OULAD_TEST_1652,1,0.9976,0.5885,0.5796,0.7727,0.9976,HIGH
1653,OULAD_TEST_1653,0,0.7417,0.5731,0.7004,0.856,0.7417,HIGH
1654,OULAD_TEST_1654,0,0.014,0.3072,0.1046,0.048,0.014,LOW
1655,OULAD_TEST_1655,0,0.813,0.8751,0.7571,0.7178,0.813,HIGH
1656,OULAD_TEST_1656,0,0.7906,0.5645,0.6369,0.8021,0.7906,HIGH
1657,OULAD_TEST_1657,1,0.431,0.6069,0.569,0.4193,0.431,MEDIUM
1658,OULAD_TEST_1658,0,0.0908,0.4493,0.416,0.1972,0.0908,LOW
1659,OULAD_TEST_1659,0,0.1265,0.5479,0.3702,0.1507,0.1265,LOW
1660,OULAD_TEST_1660,0,0.5994,0.4334,0.4256,0.4968,0.5994,MEDIUM
1661,OULAD_TEST_1661,0,0.2357,0.6153,0.3812,0.4872,0.2357,LOW
1662,OULAD_TEST_1662,1,0.9947,0.3531,0.7129,0.723,0.9947,HIGH
1663,OULAD_TEST_1663,0,0.0387,0.3064,0.1703,0.1199,0.0387,LOW
1664,OULAD_TEST_1664,0,0.1641,0.4902,0.3295,0.4661,0.1641,LOW
1665,OULAD_TEST_1665,0,0.1368,0.4929,0.2518,0.2839,0.1368,LOW
1666,OULAD_TEST_1666,1,0.9984,0.9076,0.7881,0.9497,0.9984,HIGH
1667,OULAD_TEST_1667,1,0.608,0.5555,0.7689,0.8332,0.608,MEDIUM
1668,OULAD_TEST_1668,0,0.0243,0.2851,0.097,0.0405,0.0243,LOW
1669,OULAD_TEST_1669,0,0.4587,0.53,0.4282,0.3622,0.4587,MEDIUM
1670,OULAD_TEST_1670,0,0.0769,0.5163,0.2794,0.1777,0.0769,LOW
1671,OULAD_TEST_1671,0,0.3222,0.4879,0.3822,0.3612,0.3222,LOW
1672,OULAD_TEST_1672,0,0.0185,0.3669,0.4107,0.1011,0.0185,LOW
1673,OULAD_TEST_1673,0,0.1329,0.3288,0.1713,0.3176,0.1329,LOW
1674,OULAD_TEST_1674,1,0.3757,0.7367,0.772,0.6099,0.3757,LOW
1675,OULAD_TEST_1675,1,0.5764,0.46,0.5908,0.6539,0.5764,MEDIUM
1676,OULAD_TEST_1676,0,0.2334,0.2962,0.2706,0.2813,0.2334,LOW
1677,OULAD_TEST_1677,0,0.4945,0.7377,0.8926,0.8431,0.4945,MEDIUM
1678,OULAD_TEST_1678,0,0.1743,0.5461,0.2997,0.2857,0.1743,LOW
1679,OULAD_TEST_1679,0,0.5371,0.7325,0.533,0.6331,0.5371,MEDIUM
1680,OULAD_TEST_1680,1,0.9923,0.6763,0.7396,0.7961,0.9923,HIGH
1681,OULAD_TEST_1681,0,0.2031,0.3059,0.3155,0.403,0.2031,LOW
1682,OULAD_TEST_1682,0,0.5023,0.5933,0.5415,0.5859,0.5023,MEDIUM
1683,OULAD_TEST_1683,0,0.0521,0.356,0.1313,0.0661,0.0521,LOW
1684,OULAD_TEST_1684,0,0.0195,0.1873,0.1185,0.0852,0.0195,LOW
1685,OULAD_TEST_1685,0,0.0964,0.3825,0.2449,0.34,0.0964,LOW
1686,OULAD_TEST_1686,1,0.9935,0.6481,0.4523,0.541,0.9935,HIGH
1687,OULAD_TEST_1687,1,0.6361,0.3535,0.7542,0.8412,0.6361,MEDIUM
1688,OULAD_TEST_1688,0,0.6426,0.2911,0.4928,0.4102,0.6426,MEDIUM
1689,OULAD_TEST_1689,0,0.2038,0.654,0.4425,0.1883,0.2038,LOW
1690,OULAD_TEST_1690,1,0.7266,0.4569,0.6623,0.7363,0.7266,HIGH
1691,OULAD_TEST_1691,1,0.9789,0.2753,0.6611,0.7137,0.9789,HIGH
1692,OULAD_TEST_1692,0,0.3998,0.512,0.4929,0.4941,0.3998,LOW
1693,OULAD_TEST_1693,1,0.9973,0.395,0.5116,0.7599,0.9973,HIGH
1694,OULAD_TEST_1694,1,0.4649,0.6081,0.4595,0.4927,0.4649,MEDIUM
1695,OULAD_TEST_1695,0,0.1175,0.4705,0.1791,0.3267,0.1175,LOW
1696,OULAD_TEST_1696,0,0.3017,0.3147,0.4505,0.3937,0.3017,LOW
1697,OULAD_TEST_1697,0,0.1033,0.2723,0.3096,0.0547,0.1033,LOW
1698,OULAD_TEST_1698,0,0.0478,0.346,0.2356,0.1669,0.0478,LOW
1699,OULAD_TEST_1699,0,0.0632,0.5008,0.3479,0.1052,0.0632,LOW
1700,OULAD_TEST_1700,1,0.7795,0.7119,0.6387,0.51,0.7795,HIGH
1701,OULAD_TEST_1701,0,0.1103,0.4697,0.1712,0.1932,0.1103,LOW
1702,OULAD_TEST_1702,0,0.1779,0.2832,0.3127,0.2295,0.1779,LOW
1703,OULAD_TEST_1703,1,0.9896,0.5331,0.445,0.5163,0.9896,HIGH
1704,OULAD_TEST_1704,0,0.4276,0.5387,0.4958,0.7002,0.4276,MEDIUM
1705,OULAD_TEST_1705,0,0.6878,0.5346,0.7629,0.8309,0.6878,MEDIUM
1706,OULAD_TEST_1706,1,0.5435,0.4351,0.5019,0.6061,0.5435,MEDIUM
1707,OULAD_TEST_1707,0,0.5009,0.2685,0.5039,0.7255,0.5009,MEDIUM
1708,OULAD_TEST_1708,0,0.0863,0.3309,0.1884,0.0554,0.0863,LOW
1709,OULAD_TEST_1709,0,0.5593,0.5889,0.7212,0.78,0.5593,MEDIUM
1710,OULAD_TEST_1710,1,0.7746,0.4563,0.7585,0.6593,0.7746,HIGH
1711,OULAD_TEST_1711,0,0.1153,0.5332,0.4531,0.2925,0.1153,LOW
1712,OULAD_TEST_1712,1,0.9961,0.4666,0.6821,0.7764,0.9961,HIGH
1713,OULAD_TEST_1713,0,0.3264,0.4591,0.4086,0.3905,0.3264,LOW
1714,OULAD_TEST_1714,0,0.041,0.3939,0.1277,0.058,0.041,LOW
1715,OULAD_TEST_1715,0,0.483,0.4186,0.4632,0.3635,0.483,MEDIUM
1716,OULAD_TEST_1716,0,0.1202,0.302,0.3125,0.1311,0.1202,LOW
1717,OULAD_TEST_1717,0,0.2509,0.5111,0.2508,0.34,0.2509,LOW
1718,OULAD_TEST_1718,0,0.0292,0.317,0.0817,0.0554,0.0292,LOW
1719,OULAD_TEST_1719,0,0.0197,0.2494,0.1173,0.0704,0.0197,LOW
1720,OULAD_TEST_1720,0,0.0651,0.551,0.2594,0.111,0.0651,LOW
1721,OULAD_TEST_1721,0,0.1319,0.5691,0.2861,0.2086,0.1319,LOW
1722,OULAD_TEST_1722,0,0.0361,0.4188,0.1763,0.0936,0.0361,LOW
1723,OULAD_TEST_1723,1,0.7895,0.5254,0.4322,0.3865,0.7895,HIGH
1724,OULAD_TEST_1724,0,0.3248,0.7059,0.5672,0.7924,0.3248,LOW
1725,OULAD_TEST_1725,0,0.0631,0.1828,0.1193,0.1126,0.0631,LOW
1726,OULAD_TEST_1726,0,0.0333,0.3645,0.2553,0.1114,0.0333,LOW
1727,OULAD_TEST_1727,0,0.0502,0.2532,0.1663,0.0669,0.0502,LOW
1728,OULAD_TEST_1728,0,0.9915,0.7395,0.8371,0.9018,0.9915,HIGH
1729,OULAD_TEST_1729,1,0.9973,0.8529,0.8413,0.8536,0.9973,HIGH
1730,OULAD_TEST_1730,1,0.3898,0.508,0.4237,0.4206,0.3898,LOW
1731,OULAD_TEST_1731,1,0.0381,0.4106,0.3449,0.1705,0.0381,LOW
1732,OULAD_TEST_1732,0,0.0434,0.567,0.2495,0.0727,0.0434,LOW
1733,OULAD_TEST_1733,1,0.0898,0.3141,0.5501,0.3899,0.0898,LOW
1734,OULAD_TEST_1734,0,0.0408,0.4511,0.2019,0.1639,0.0408,LOW
1735,OULAD_TEST_1735,0,0.512,0.7806,0.7898,0.5444,0.512,MEDIUM
1736,OULAD_TEST_1736,1,0.507,0.8195,0.8562,0.7875,0.507,MEDIUM
1737,OULAD_TEST_1737,0,0.3647,0.6765,0.7159,0.5481,0.3647,LOW
1738,OULAD_TEST_1738,0,0.2092,0.5865,0.4673,0.4729,0.2092,LOW
1739,OULAD_TEST_1739,1,0.9968,0.345,0.6662,0.6847,0.9968,HIGH
1740,OULAD_TEST_1740,0,0.6253,0.3679,0.647,0.4335,0.6253,MEDIUM
1741,OULAD_TEST_1741,0,0.0561,0.4643,0.1121,0.0902,0.0561,LOW
1742,OULAD_TEST_1742,0,0.0417,0.333,0.3489,0.1638,0.0417,LOW
1743,OULAD_TEST_1743,0,0.1357,0.3151,0.2325,0.2392,0.1357,LOW
1744,OULAD_TEST_1744,0,0.3876,0.7509,0.675,0.5454,0.3876,LOW
1745,OULAD_TEST_1745,0,0.5559,0.5191,0.688,0.7408,0.5559,MEDIUM
1746,OULAD_TEST_1746,0,0.1746,0.3716,0.3173,0.2576,0.1746,LOW
1747,OULAD_TEST_1747,0,0.0384,0.515,0.1983,0.1126,0.0384,LOW
1748,OULAD_TEST_1748,1,0.9291,0.7914,0.7561,0.7769,0.9291,HIGH
1749,OULAD_TEST_1749,0,0.0267,0.2858,0.1959,0.1028,0.0267,LOW
1750,OULAD_TEST_1750,0,0.0565,0.5041,0.3609,0.2195,0.0565,LOW
1751,OULAD_TEST_1751,0,0.179,0.3208,0.3952,0.5707,0.179,LOW
1752,OULAD_TEST_1752,0,0.954,0.5883,0.7607,0.8651,0.954,HIGH
1753,OULAD_TEST_1753,1,0.6378,0.5264,0.6918,0.737,0.6378,MEDIUM
1754,OULAD_TEST_1754,0,0.0482,0.3342,0.1773,0.0587,0.0482,LOW
1755,OULAD_TEST_1755,0,0.142,0.4035,0.2226,0.2482,0.142,LOW
1756,OULAD_TEST_1756,1,0.9945,0.6124,0.9245,0.9859,0.9945,HIGH
1757,OULAD_TEST_1757,1,0.9701,0.5069,0.2834,0.1126,0.9701,HIGH
1758,OULAD_TEST_1758,0,0.2696,0.5321,0.4041,0.327,0.2696,LOW
1759,OULAD_TEST_1759,1,0.2633,0.4123,0.2583,0.2951,0.2633,LOW
1760,OULAD_TEST_1760,0,0.2906,0.5088,0.6179,0.7828,0.2906,LOW
1761,OULAD_TEST_1761,0,0.5444,0.6527,0.6165,0.5793,0.5444,MEDIUM
1762,OULAD_TEST_1762,0,0.1702,0.4108,0.4339,0.5057,0.1702,LOW
1763,OULAD_TEST_1763,1,0.493,0.4673,0.5331,0.5485,0.493,MEDIUM
1764,OULAD_TEST_1764,0,0.0268,0.2903,0.2836,0.1485,0.0268,LOW
1765,OULAD_TEST_1765,0,0.1256,0.3028,0.4317,0.381,0.1256,LOW
1766,OULAD_TEST_1766,1,0.7835,0.3475,0.7145,0.9572,0.7835,HIGH
1767,OULAD_TEST_1767,0,0.4813,0.7058,0.61,0.5434,0.4813,MEDIUM
1768,OULAD_TEST_1768,0,0.0282,0.359,0.2571,0.0601,0.0282,LOW
1769,OULAD_TEST_1769,1,0.6531,0.6991,0.8356,0.6841,0.6531,MEDIUM
1770,OULAD_TEST_1770,1,0.9997,0.3459,0.6912,0.9697,0.9997,HIGH
1771,OULAD_TEST_1771,1,0.4517,0.3396,0.8619,0.7678,0.4517,MEDIUM
1772,OULAD_TEST_1772,0,0.0313,0.1474,0.1349,0.0684,0.0313,LOW
1773,OULAD_TEST_1773,0,0.0527,0.3495,0.3218,0.205,0.0527,LOW
1774,OULAD_TEST_1774,0,0.1598,0.4936,0.2796,0.207,0.1598,LOW
1775,OULAD_TEST_1775,1,0.9995,0.7387,0.9326,0.9713,0.9995,HIGH
1776,OULAD_TEST_1776,0,0.0474,0.5022,0.2826,0.1009,0.0474,LOW
1777,OULAD_TEST_1777,1,0.077,0.3253,0.348,0.1541,0.077,LOW
1778,OULAD_TEST_1778,0,0.359,0.4918,0.4172,0.4501,0.359,LOW
1779,OULAD_TEST_1779,0,0.8935,0.3514,0.3284,0.4391,0.8935,HIGH
1780,OULAD_TEST_1780,0,0.0474,0.4906,0.2758,0.1533,0.0474,LOW
1781,OULAD_TEST_1781,1,0.6958,0.4226,0.4403,0.4664,0.6958,MEDIUM
1782,OULAD_TEST_1782,0,0.4169,0.4212,0.5552,0.5964,0.4169,MEDIUM
1783,OULAD_TEST_1783,0,0.0574,0.565,0.2647,0.2741,0.0574,LOW
1784,OULAD_TEST_1784,0,0.0549,0.7139,0.7249,0.3013,0.0549,LOW
1785,OULAD_TEST_1785,0,0.7925,0.731,0.9576,0.9071,0.7925,HIGH
1786,OULAD_TEST_1786,0,0.2628,0.6677,0.3851,0.6211,0.2628,LOW
1787,OULAD_TEST_1787,0,0.0196,0.2046,0.1005,0.0782,0.0196,LOW
1788,OULAD_TEST_1788,0,0.4898,0.4311,0.5597,0.5109,0.4898,MEDIUM
1789,OULAD_TEST_1789,0,0.9906,0.7067,0.9216,0.9326,0.9906,HIGH
1790,OULAD_TEST_1790,0,0.3427,0.56,0.3802,0.3182,0.3427,LOW
1791,OULAD_TEST_1791,0,0.218,0.5411,0.3393,0.5051,0.218,LOW
1792,OULAD_TEST_1792,0,0.2987,0.2978,0.5123,0.4315,0.2987,LOW
1793,OULAD_TEST_1793,1,0.8875,0.8591,0.9745,0.9768,0.8875,HIGH
1794,OULAD_TEST_1794,0,0.1169,0.3621,0.1587,0.0611,0.1169,LOW
1795,OULAD_TEST_1795,1,0.9997,0.7487,0.9523,0.9749,0.9997,HIGH
1796,OULAD_TEST_1796,0,0.0313,0.3185,0.1688,0.0531,0.0313,LOW
1797,OULAD_TEST_1797,1,0.6587,0.5514,0.6365,0.7809,0.6587,MEDIUM
1798,OULAD_TEST_1798,0,0.2898,0.46,0.2321,0.3123,0.2898,LOW
1799,OULAD_TEST_1799,0,0.0339,0.4434,0.1126,0.1021,0.0339,LOW
1800,OULAD_TEST_1800,1,0.9975,0.7391,0.8533,0.8369,0.9975,HIGH
1801,OULAD_TEST_1801,0,0.241,0.5216,0.4402,0.4083,0.241,LOW
1802,OULAD_TEST_1802,0,0.084,0.3932,0.3921,0.2518,0.084,LOW
1803,OULAD_TEST_1803,0,0.1319,0.7196,0.264,0.2806,0.1319,LOW
1804,OULAD_TEST_1804,0,0.352,0.6983,0.7047,0.6122,0.352,LOW
1805,OULAD_TEST_1805,0,0.4024,0.515,0.628,0.5245,0.4024,MEDIUM
1806,OULAD_TEST_1806,0,0.4402,0.8619,0.6615,0.6486,0.4402,MEDIUM
1807,OULAD_TEST_1807,0,0.317,0.719,0.3618,0.3825,0.317,LOW
1808,OULAD_TEST_1808,1,0.453,0.3195,0.8705,0.8824,0.453,MEDIUM
1809,OULAD_TEST_1809,1,0.9036,0.7206,0.8523,0.8358,0.9036,HIGH
1810,OULAD_TEST_1810,0,0.1471,0.4978,0.5474,0.4062,0.1471,LOW
1811,OULAD_TEST_1811,0,0.5987,0.6944,0.709,0.7194,0.5987,MEDIUM
1812,OULAD_TEST_1812,1,0.6175,0.3495,0.2945,0.7764,0.6175,MEDIUM
1813,OULAD_TEST_1813,1,0.7714,0.8693,0.898,0.8885,0.7714,HIGH
1814,OULAD_TEST_1814,1,0.5353,0.4277,0.5978,0.5988,0.5353,MEDIUM
1815,OULAD_TEST_1815,0,0.1375,0.2175,0.2116,0.3573,0.1375,LOW
1816,OULAD_TEST_1816,0,0.1962,0.4435,0.2779,0.31,0.1962,LOW
1817,OULAD_TEST_1817,1,0.9753,0.4911,0.6679,0.4925,0.9753,HIGH
1818,OULAD_TEST_1818,1,0.9558,0.8523,0.9415,0.9628,0.9558,HIGH
1819,OULAD_TEST_1819,1,0.5652,0.7396,0.7757,0.6071,0.5652,MEDIUM
1820,OULAD_TEST_1820,0,0.4,0.2589,0.6907,0.359,0.4,MEDIUM
1821,OULAD_TEST_1821,0,0.0421,0.3832,0.2511,0.2827,0.0421,LOW
1822,OULAD_TEST_1822,0,0.1531,0.4919,0.5545,0.4831,0.1531,LOW
1823,OULAD_TEST_1823,1,0.9059,0.6032,0.5621,0.7854,0.9059,HIGH
1824,OULAD_TEST_1824,0,0.5457,0.466,0.1863,0.125,0.5457,MEDIUM
1825,OULAD_TEST_1825,0,0.4548,0.4018,0.7003,0.8296,0.4548,MEDIUM
1826,OULAD_TEST_1826,0,0.5019,0.3382,0.56,0.4575,0.5019,MEDIUM
1827,OULAD_TEST_1827,1,0.4473,0.3092,0.6026,0.4227,0.4473,MEDIUM
1828,OULAD_TEST_1828,0,0.0184,0.4226,0.294,0.0731,0.0184,LOW
1829,OULAD_TEST_1829,1,0.9035,0.4951,0.5974,0.5576,0.9035,HIGH
1830,OULAD_TEST_1830,0,0.1232,0.4394,0.5158,0.4334,0.1232,LOW
1831,OULAD_TEST_1831,1,0.7194,0.5178,0.4557,0.5737,0.7194,HIGH
1832,OULAD_TEST_1832,0,0.0694,0.4259,0.2856,0.1522,0.0694,LOW
1833,OULAD_TEST_1833,1,0.461,0.389,0.3801,0.4675,0.461,MEDIUM
1834,OULAD_TEST_1834,1,0.3158,0.4713,0.4516,0.4542,0.3158,LOW
1835,OULAD_TEST_1835,0,0.0374,0.3021,0.1499,0.0811,0.0374,LOW
1836,OULAD_TEST_1836,0,0.5246,0.6154,0.52,0.5433,0.5246,MEDIUM
1837,OULAD_TEST_1837,1,0.051,0.2719,0.2003,0.1205,0.051,LOW
1838,OULAD_TEST_1838,0,0.0641,0.419,0.2343,0.1305,0.0641,LOW
1839,OULAD_TEST_1839,0,0.0175,0.3458,0.186,0.104,0.0175,LOW
1840,OULAD_TEST_1840,0,0.0273,0.298,0.1703,0.1528,0.0273,LOW
1841,OULAD_TEST_1841,0,0.4579,0.4658,0.6318,0.6194,0.4579,MEDIUM
1842,OULAD_TEST_1842,0,0.0914,0.3586,0.186,0.1351,0.0914,LOW
1843,OULAD_TEST_1843,0,0.0922,0.5434,0.376,0.3846,0.0922,LOW
1844,OULAD_TEST_1844,1,0.9969,0.6959,0.7751,0.9442,0.9969,HIGH
1845,OULAD_TEST_1845,0,0.7591,0.629,0.732,0.4962,0.7591,HIGH
1846,OULAD_TEST_1846,0,0.2893,0.261,0.3983,0.5709,0.2893,LOW
1847,OULAD_TEST_1847,0,0.2973,0.5061,0.4589,0.4414,0.2973,LOW
1848,OULAD_TEST_1848,0,0.5475,0.5747,0.4515,0.5291,0.5475,MEDIUM
1849,OULAD_TEST_1849,1,0.626,0.5429,0.6804,0.5962,0.626,MEDIUM
1850,OULAD_TEST_1850,0,0.3651,0.5015,0.4789,0.4967,0.3651,LOW
1851,OULAD_TEST_1851,1,0.9984,0.8636,0.9498,0.9737,0.9984,HIGH
1852,OULAD_TEST_1852,0,0.4604,0.6933,0.6542,0.7299,0.4604,MEDIUM
1853,OULAD_TEST_1853,0,0.2027,0.6077,0.3309,0.2018,0.2027,LOW
1854,OULAD_TEST_1854,0,0.0687,0.4204,0.3066,0.2703,0.0687,LOW
1855,OULAD_TEST_1855,1,0.4192,0.4421,0.459,0.3705,0.4192,MEDIUM
1856,OULAD_TEST_1856,0,0.0631,0.4933,0.2161,0.2166,0.0631,LOW
1857,OULAD_TEST_1857,1,0.6203,0.4749,0.4762,0.2671,0.6203,MEDIUM
1858,OULAD_TEST_1858,1,0.4033,0.5751,0.3968,0.5022,0.4033,MEDIUM
1859,OULAD_TEST_1859,0,0.0468,0.3323,0.1715,0.1136,0.0468,LOW
1860,OULAD_TEST_1860,0,0.2807,0.3372,0.4264,0.3267,0.2807,LOW
1861,OULAD_TEST_1861,0,0.209,0.6742,0.4473,0.3814,0.209,LOW
1862,OULAD_TEST_1862,1,0.5063,0.6048,0.4977,0.7736,0.5063,MEDIUM
1863,OULAD_TEST_1863,0,0.1679,0.4319,0.1485,0.1476,0.1679,LOW
1864,OULAD_TEST_1864,0,0.733,0.4087,0.4896,0.4497,0.733,HIGH
1865,OULAD_TEST_1865,1,0.9805,0.7905,0.9125,0.9503,0.9805,HIGH
1866,OULAD_TEST_1866,0,0.0429,0.5364,0.1963,0.1128,0.0429,LOW
1867,OULAD_TEST_1867,0,0.4872,0.4379,0.5695,0.6377,0.4872,MEDIUM
1868,OULAD_TEST_1868,0,0.0151,0.2517,0.231,0.0454,0.0151,LOW
1869,OULAD_TEST_1869,1,0.9969,0.7523,0.921,0.7603,0.9969,HIGH
1870,OULAD_TEST_1870,0,0.6003,0.759,0.5844,0.5553,0.6003,MEDIUM
1871,OULAD_TEST_1871,0,0.1398,0.3818,0.2635,0.1251,0.1398,LOW
1872,OULAD_TEST_1872,1,0.8959,0.5268,0.9117,0.733,0.8959,HIGH
1873,OULAD_TEST_1873,0,0.8654,0.7179,0.7108,0.7204,0.8654,HIGH
1874,OULAD_TEST_1874,1,0.055,0.4935,0.2469,0.2267,0.055,LOW
1875,OULAD_TEST_1875,0,0.4169,0.4669,0.2775,0.2625,0.4169,MEDIUM
1876,OULAD_TEST_1876,1,0.1169,0.3446,0.2217,0.1315,0.1169,LOW
1877,OULAD_TEST_1877,1,0.8733,0.5924,0.6745,0.5722,0.8733,HIGH
1878,OULAD_TEST_1878,0,0.3539,0.5308,0.2921,0.2831,0.3539,LOW
1879,OULAD_TEST_1879,0,0.3976,0.4783,0.2556,0.2926,0.3976,LOW
1880,OULAD_TEST_1880,0,0.0294,0.2438,0.1302,0.1661,0.0294,LOW
1881,OULAD_TEST_1881,0,0.0258,0.335,0.1238,0.0608,0.0258,LOW
1882,OULAD_TEST_1882,0,0.2552,0.5159,0.3152,0.2861,0.2552,LOW
1883,OULAD_TEST_1883,0,0.046,0.3079,0.1747,0.059,0.046,LOW
1884,OULAD_TEST_1884,0,0.3355,0.3517,0.4415,0.5065,0.3355,LOW
1885,OULAD_TEST_1885,1,0.9269,0.678,0.9266,0.9295,0.9269,HIGH
1886,OULAD_TEST_1886,0,0.4855,0.4433,0.2641,0.4801,0.4855,MEDIUM
1887,OULAD_TEST_1887,0,0.04,0.3991,0.1133,0.2288,0.04,LOW
1888,OULAD_TEST_1888,0,0.0717,0.4089,0.4492,0.2972,0.0717,LOW
1889,OULAD_TEST_1889,0,0.5489,0.4951,0.4863,0.5591,0.5489,MEDIUM
1890,OULAD_TEST_1890,0,0.4257,0.3578,0.2206,0.4408,0.4257,MEDIUM
1891,OULAD_TEST_1891,0,0.1908,0.4914,0.45,0.3316,0.1908,LOW
1892,OULAD_TEST_1892,1,0.1604,0.5593,0.2906,0.3131,0.1604,LOW
1893,OULAD_TEST_1893,0,0.1152,0.3663,0.1494,0.1147,0.1152,LOW
1894,OULAD_TEST_1894,0,0.0815,0.3478,0.1863,0.1511,0.0815,LOW
1895,OULAD_TEST_1895,1,0.4196,0.6117,0.4895,0.238,0.4196,MEDIUM
1896,OULAD_TEST_1896,1,0.6456,0.7289,0.4375,0.5464,0.6456,MEDIUM
1897,OULAD_TEST_1897,0,0.5429,0.5519,0.4744,0.4628,0.5429,MEDIUM
1898,OULAD_TEST_1898,0,0.0545,0.4021,0.1869,0.1227,0.0545,LOW
1899,OULAD_TEST_1899,0,0.5633,0.5649,0.6267,0.3326,0.5633,MEDIUM
1900,OULAD_TEST_1900,1,0.7329,0.4235,0.617,0.8949,0.7329,HIGH
1901,OULAD_TEST_1901,1,0.6954,0.5973,0.6746,0.6205,0.6954,MEDIUM
1902,OULAD_TEST_1902,0,0.3918,0.388,0.3229,0.3627,0.3918,LOW
1903,OULAD_TEST_1903,0,0.0879,0.238,0.2708,0.2884,0.0879,LOW
1904,OULAD_TEST_1904,0,0.3038,0.5352,0.3532,0.3505,0.3038,LOW
1905,OULAD_TEST_1905,0,0.3166,0.6644,0.479,0.3556,0.3166,LOW
1906,OULAD_TEST_1906,1,0.5986,0.7403,0.764,0.6882,0.5986,MEDIUM
1907,OULAD_TEST_1907,0,0.0911,0.5088,0.3944,0.3096,0.0911,LOW
1908,OULAD_TEST_1908,0,0.0417,0.3487,0.2567,0.1273,0.0417,LOW
1909,OULAD_TEST_1909,0,0.5097,0.3192,0.6568,0.8392,0.5097,MEDIUM
1910,OULAD_TEST_1910,0,0.1051,0.4396,0.4013,0.1717,0.1051,LOW
1911,OULAD_TEST_1911,1,0.6344,0.2919,0.3643,0.487,0.6344,MEDIUM
1912,OULAD_TEST_1912,0,0.0471,0.1936,0.0747,0.0376,0.0471,LOW
1913,OULAD_TEST_1913,0,0.1295,0.8673,0.8794,0.5994,0.1295,LOW
1914,OULAD_TEST_1914,1,0.9984,0.3641,0.429,0.3267,0.9984,HIGH
1915,OULAD_TEST_1915,1,0.9914,0.4653,0.2761,0.3183,0.9914,HIGH
1916,OULAD_TEST_1916,0,0.2785,0.3961,0.7695,0.75,0.2785,LOW
1917,OULAD_TEST_1917,0,0.137,0.1991,0.0962,0.1,0.137,LOW
1918,OULAD_TEST_1918,0,0.3522,0.5249,0.429,0.4963,0.3522,LOW
1919,OULAD_TEST_1919,1,0.9096,0.387,0.1689,0.0825,0.9096,HIGH
1920,OULAD_TEST_1920,1,0.6016,0.3837,0.5409,0.6403,0.6016,MEDIUM
1921,OULAD_TEST_1921,0,0.2061,0.589,0.4307,0.3577,0.2061,LOW
1922,OULAD_TEST_1922,1,0.996,0.4853,0.4355,0.7722,0.996,HIGH
1923,OULAD_TEST_1923,1,0.9989,0.6207,0.8721,0.8685,0.9989,HIGH
1924,OULAD_TEST_1924,0,0.561,0.4358,0.303,0.3592,0.561,MEDIUM
1925,OULAD_TEST_1925,0,0.2211,0.3902,0.2727,0.2092,0.2211,LOW
1926,OULAD_TEST_1926,1,0.9995,0.7491,0.944,0.9659,0.9995,HIGH
1927,OULAD_TEST_1927,0,0.3509,0.6023,0.4773,0.4823,0.3509,LOW
1928,OULAD_TEST_1928,0,0.1706,0.2572,0.3318,0.1942,0.1706,LOW
1929,OULAD_TEST_1929,0,0.4326,0.5631,0.4927,0.4962,0.4326,MEDIUM
1930,OULAD_TEST_1930,0,0.2738,0.7301,0.288,0.3272,0.2738,LOW
1931,OULAD_TEST_1931,0,0.1352,0.3647,0.4188,0.2564,0.1352,LOW
1932,OULAD_TEST_1932,1,0.8326,0.5929,0.656,0.7024,0.8326,HIGH
1933,OULAD_TEST_1933,1,0.5242,0.4363,0.4722,0.5006,0.5242,MEDIUM
1934,OULAD_TEST_1934,0,0.8154,0.776,0.6536,0.8728,0.8154,HIGH
1935,OULAD_TEST_1935,0,0.2351,0.7119,0.6916,0.5408,0.2351,LOW
1936,OULAD_TEST_1936,0,0.7067,0.4628,0.751,0.6949,0.7067,HIGH
1937,OULAD_TEST_1937,0,0.114,0.2582,0.3444,0.2013,0.114,LOW
1938,OULAD_TEST_1938,0,0.0321,0.3687,0.1653,0.0819,0.0321,LOW
1939,OULAD_TEST_1939,1,0.9961,0.4857,0.3476,0.3808,0.9961,HIGH
1940,OULAD_TEST_1940,0,0.1771,0.5038,0.3559,0.394,0.1771,LOW
1941,OULAD_TEST_1941,0,0.2055,0.3509,0.3735,0.39,0.2055,LOW
1942,OULAD_TEST_1942,0,0.6519,0.3856,0.5939,0.7558,0.6519,MEDIUM
1943,OULAD_TEST_1943,0,0.0195,0.1869,0.25,0.1135,0.0195,LOW
1944,OULAD_TEST_1944,0,0.2922,0.312,0.1236,0.2019,0.2922,LOW
1945,OULAD_TEST_1945,0,0.424,0.3443,0.4342,0.4328,0.424,MEDIUM
1946,OULAD_TEST_1946,1,0.4198,0.6325,0.6305,0.4709,0.4198,MEDIUM
1947,OULAD_TEST_1947,0,0.0209,0.2892,0.1414,0.0663,0.0209,LOW
1948,OULAD_TEST_1948,0,0.2718,0.5219,0.4336,0.3314,0.2718,LOW
1949,OULAD_TEST_1949,0,0.1224,0.2944,0.1873,0.3416,0.1224,LOW
1950,OULAD_TEST_1950,0,0.0269,0.5292,0.229,0.1139,0.0269,LOW
1951,OULAD_TEST_1951,1,0.858,0.4153,0.5425,0.6612,0.858,HIGH
1952,OULAD_TEST_1952,0,0.6131,0.7587,0.6104,0.4538,0.6131,MEDIUM
1953,OULAD_TEST_1953,0,0.3049,0.5028,0.4428,0.3867,0.3049,LOW
1954,OULAD_TEST_1954,0,0.3828,0.4247,0.4496,0.4075,0.3828,LOW
1955,OULAD_TEST_1955,1,0.9971,0.4054,0.1471,0.4905,0.9971,HIGH
1956,OULAD_TEST_1956,1,0.7536,0.6442,0.7914,0.8221,0.7536,HIGH
1957,OULAD_TEST_1957,0,0.3903,0.5142,0.5753,0.575,0.3903,LOW
1958,OULAD_TEST_1958,0,0.1535,0.2586,0.1982,0.2166,0.1535,LOW
1959,OULAD_TEST_1959,0,0.5013,0.5413,0.5091,0.4697,0.5013,MEDIUM
1960,OULAD_TEST_1960,1,0.9986,0.9078,0.9231,0.9419,0.9986,HIGH
1961,OULAD_TEST_1961,0,0.272,0.2605,0.4367,0.5335,0.272,LOW
1962,OULAD_TEST_1962,1,0.2879,0.6208,0.339,0.2196,0.2879,LOW
1963,OULAD_TEST_1963,0,0.1367,0.4292,0.2256,0.2145,0.1367,LOW
1964,OULAD_TEST_1964,0,0.3863,0.5189,0.3087,0.1328,0.3863,LOW
1965,OULAD_TEST_1965,0,0.0631,0.4352,0.2701,0.0794,0.0631,LOW
1966,OULAD_TEST_1966,0,0.5456,0.7273,0.7651,0.7564,0.5456,MEDIUM
1967,OULAD_TEST_1967,0,0.8943,0.3417,0.5169,0.729,0.8943,HIGH
1968,OULAD_TEST_1968,0,0.2549,0.3856,0.3558,0.4803,0.2549,LOW
1969,OULAD_TEST_1969,0,0.0229,0.3765,0.2298,0.1894,0.0229,LOW
1970,OULAD_TEST_1970,0,0.094,0.4502,0.3651,0.2029,0.094,LOW
1971,OULAD_TEST_1971,0,0.2645,0.5362,0.4418,0.4272,0.2645,LOW
1972,OULAD_TEST_1972,0,0.8926,0.721,0.8781,0.8864,0.8926,HIGH
1973,OULAD_TEST_1973,1,0.6731,0.4247,0.9294,0.8176,0.6731,MEDIUM
1974,OULAD_TEST_1974,0,0.0192,0.3594,0.1784,0.0569,0.0192,LOW
1975,OULAD_TEST_1975,0,0.2796,0.4696,0.3467,0.2885,0.2796,LOW
1976,OULAD_TEST_1976,1,0.9953,0.5374,0.7752,0.672,0.9953,HIGH
1977,OULAD_TEST_1977,0,0.542,0.4888,0.6427,0.4896,0.542,MEDIUM
1978,OULAD_TEST_1978,0,0.1308,0.4787,0.4075,0.3257,0.1308,LOW
1979,OULAD_TEST_1979,0,0.3601,0.5219,0.4236,0.4922,0.3601,LOW
1980,OULAD_TEST_1980,0,0.0375,0.3983,0.1281,0.1369,0.0375,LOW
1981,OULAD_TEST_1981,1,0.9984,0.6141,0.8515,0.8617,0.9984,HIGH
1982,OULAD_TEST_1982,1,0.9971,0.6384,0.7837,0.8427,0.9971,HIGH
1983,OULAD_TEST_1983,1,0.9974,0.2923,0.3464,0.2381,0.9974,HIGH
1984,OULAD_TEST_1984,1,0.9952,0.4755,0.4091,0.4299,0.9952,HIGH
1985,OULAD_TEST_1985,0,0.3943,0.4313,0.4281,0.2962,0.3943,LOW
1986,OULAD_TEST_1986,0,0.0168,0.2449,0.1324,0.0533,0.0168,LOW
1987,OULAD_TEST_1987,0,0.1593,0.41,0.1427,0.0887,0.1593,LOW
1988,OULAD_TEST_1988,0,0.3396,0.5536,0.5574,0.5691,0.3396,LOW
1989,OULAD_TEST_1989,0,0.0144,0.3711,0.083,0.0383,0.0144,LOW
1990,OULAD_TEST_1990,0,0.0486,0.3551,0.2025,0.1559,0.0486,LOW
1991,OULAD_TEST_1991,0,0.6793,0.5708,0.6306,0.6618,0.6793,MEDIUM
1992,OULAD_TEST_1992,1,0.9991,0.3773,0.8126,0.9065,0.9991,HIGH
1993,OULAD_TEST_1993,0,0.0674,0.4533,0.2017,0.126,0.0674,LOW
1994,OULAD_TEST_1994,0,0.2016,0.6135,0.47,0.4862,0.2016,LOW
1995,OULAD_TEST_1995,0,0.5096,0.2717,0.5388,0.7136,0.5096,MEDIUM
1996,OULAD_TEST_1996,0,0.0941,0.5632,0.3391,0.2726,0.0941,LOW
1997,OULAD_TEST_1997,0,0.1346,0.6524,0.4055,0.4529,0.1346,LOW
1998,OULAD_TEST_1998,0,0.0205,0.2383,0.1389,0.1091,0.0205,LOW
1999,OULAD_TEST_1999,1,0.1293,0.4933,0.4655,0.374,0.1293,LOW
2000,OULAD_TEST_2000,1,0.8066,0.7728,0.9193,0.9515,0.8066,HIGH
2001,OULAD_TEST_2001,1,0.2655,0.3782,0.3845,0.4676,0.2655,LOW
2002,OULAD_TEST_2002,1,0.9635,0.6993,0.9225,0.9564,0.9635,HIGH
2003,OULAD_TEST_2003,1,0.2216,0.3705,0.3698,0.3559,0.2216,LOW
2004,OULAD_TEST_2004,0,0.167,0.4681,0.4555,0.4009,0.167,LOW
2005,OULAD_TEST_2005,1,0.9996,0.5091,0.8584,0.9587,0.9996,HIGH
2006,OULAD_TEST_2006,0,0.0261,0.3458,0.1565,0.0703,0.0261,LOW
2007,OULAD_TEST_2007,1,0.9046,0.8535,0.9179,0.9641,0.9046,HIGH
2008,OULAD_TEST_2008,0,0.0514,0.244,0.1217,0.2265,0.0514,LOW
2009,OULAD_TEST_2009,0,0.0496,0.3205,0.4626,0.3286,0.0496,LOW
2010,OULAD_TEST_2010,0,0.0825,0.2047,0.2329,0.1376,0.0825,LOW
2011,OULAD_TEST_2011,0,0.0923,0.3239,0.1477,0.3863,0.0923,LOW
2012,OULAD_TEST_2012,0,0.1722,0.483,0.1936,0.4367,0.1722,LOW
2013,OULAD_TEST_2013,0,0.0792,0.412,0.2306,0.1459,0.0792,LOW
2014,OULAD_TEST_2014,0,0.3472,0.5313,0.4303,0.5958,0.3472,LOW
2015,OULAD_TEST_2015,0,0.3909,0.2317,0.2736,0.4867,0.3909,LOW
2016,OULAD_TEST_2016,0,0.0678,0.5342,0.2371,0.177,0.0678,LOW
2017,OULAD_TEST_2017,0,0.9013,0.4177,0.7408,0.8912,0.9013,HIGH
2018,OULAD_TEST_2018,0,0.0128,0.252,0.0945,0.0891,0.0128,LOW
2019,OULAD_TEST_2019,0,0.3385,0.7196,0.5208,0.7033,0.3385,LOW
2020,OULAD_TEST_2020,0,0.4391,0.5162,0.4324,0.4851,0.4391,MEDIUM
2021,OULAD_TEST_2021,0,0.3147,0.4116,0.5208,0.4805,0.3147,LOW
2022,OULAD_TEST_2022,1,0.8367,0.7804,0.7904,0.8056,0.8367,HIGH
2023,OULAD_TEST_2023,1,0.9268,0.7179,0.6978,0.824,0.9268,HIGH
2024,OULAD_TEST_2024,0,0.4389,0.7917,0.6736,0.4375,0.4389,MEDIUM
2025,OULAD_TEST_2025,0,0.8544,0.3802,0.5297,0.6798,0.8544,HIGH
2026,OULAD_TEST_2026,0,0.0197,0.2476,0.1071,0.0548,0.0197,LOW
2027,OULAD_TEST_2027,1,0.9965,0.6339,0.587,0.7109,0.9965,HIGH
2028,OULAD_TEST_2028,1,0.9906,0.841,0.712,0.7623,0.9906,HIGH
2029,OULAD_TEST_2029,0,0.3202,0.5237,0.642,0.6052,0.3202,LOW
2030,OULAD_TEST_2030,0,0.6781,0.9012,0.7708,0.682,0.6781,MEDIUM
2031,OULAD_TEST_2031,0,0.2076,0.2878,0.2282,0.2741,0.2076,LOW
2032,OULAD_TEST_2032,0,0.0684,0.4671,0.1529,0.1103,0.0684,LOW
2033,OULAD_TEST_2033,0,0.0143,0.3203,0.2407,0.0445,0.0143,LOW
2034,OULAD_TEST_2034,0,0.502,0.5917,0.3715,0.7623,0.502,MEDIUM
2035,OULAD_TEST_2035,0,0.3081,0.4084,0.5155,0.4567,0.3081,LOW
2036,OULAD_TEST_2036,0,0.1586,0.2977,0.2685,0.2208,0.1586,LOW
2037,OULAD_TEST_2037,1,0.8423,0.7049,0.7213,0.6169,0.8423,HIGH
2038,OULAD_TEST_2038,0,0.0262,0.2394,0.1634,0.0913,0.0262,LOW
2039,OULAD_TEST_2039,0,0.546,0.48,0.4981,0.3686,0.546,MEDIUM
2040,OULAD_TEST_2040,0,0.502,0.6018,0.5751,0.6026,0.502,MEDIUM
2041,OULAD_TEST_2041,0,0.9993,0.3431,0.38,0.8884,0.9993,HIGH
2042,OULAD_TEST_2042,1,0.993,0.6251,0.6269,0.904,0.993,HIGH
2043,OULAD_TEST_2043,1,0.6678,0.6042,0.5015,0.569,0.6678,MEDIUM
2044,OULAD_TEST_2044,0,0.0389,0.2745,0.1979,0.2551,0.0389,LOW
2045,OULAD_TEST_2045,0,0.1698,0.5358,0.2768,0.1375,0.1698,LOW
2046,OULAD_TEST_2046,1,0.615,0.6405,0.6668,0.6897,0.615,MEDIUM
2047,OULAD_TEST_2047,0,0.3627,0.5481,0.5058,0.887,0.3627,LOW
2048,OULAD_TEST_2048,0,0.0317,0.366,0.1638,0.0692,0.0317,LOW
2049,OULAD_TEST_2049,1,0.8748,0.7328,0.7007,0.6779,0.8748,HIGH
2050,OULAD_TEST_2050,1,0.4905,0.7259,0.8138,0.7657,0.4905,MEDIUM
2051,OULAD_TEST_2051,0,0.0953,0.5685,0.23,0.1509,0.0953,LOW
2052,OULAD_TEST_2052,0,0.1391,0.4361,0.4054,0.1581,0.1391,LOW
2053,OULAD_TEST_2053,1,0.9921,0.5,0.5172,0.5075,0.9921,HIGH
2054,OULAD_TEST_2054,0,0.0833,0.5073,0.4119,0.348,0.0833,LOW
2055,OULAD_TEST_2055,0,0.133,0.3719,0.1754,0.0634,0.133,LOW
2056,OULAD_TEST_2056,0,0.7111,0.8292,0.8836,0.8543,0.7111,HIGH
2057,OULAD_TEST_2057,0,0.058,0.3494,0.362,0.1843,0.058,LOW
2058,OULAD_TEST_2058,1,0.725,0.7397,0.6064,0.6399,0.725,HIGH
2059,OULAD_TEST_2059,1,0.9964,0.6267,0.8135,0.9381,0.9964,HIGH
2060,OULAD_TEST_2060,1,0.662,0.6231,0.599,0.6107,0.662,MEDIUM
2061,OULAD_TEST_2061,0,0.4769,0.8679,0.9193,0.7276,0.4769,MEDIUM
2062,OULAD_TEST_2062,0,0.0213,0.3446,0.3273,0.1286,0.0213,LOW
2063,OULAD_TEST_2063,0,0.0536,0.3277,0.2545,0.1461,0.0536,LOW
2064,OULAD_TEST_2064,0,0.5587,0.3038,0.7285,0.6196,0.5587,MEDIUM
2065,OULAD_TEST_2065,0,0.2538,0.4141,0.3783,0.2901,0.2538,LOW
2066,OULAD_TEST_2066,0,0.4622,0.518,0.4367,0.527,0.4622,MEDIUM
2067,OULAD_TEST_2067,0,0.1056,0.4393,0.382,0.3269,0.1056,LOW
2068,OULAD_TEST_2068,0,0.3073,0.4428,0.5387,0.5144,0.3073,LOW
2069,OULAD_TEST_2069,1,0.9893,0.5116,0.5296,0.7301,0.9893,HIGH
2070,OULAD_TEST_2070,0,0.1276,0.3446,0.2037,0.1303,0.1276,LOW
2071,OULAD_TEST_2071,0,0.2578,0.7922,0.5532,0.337,0.2578,LOW
2072,OULAD_TEST_2072,1,0.2086,0.2706,0.1414,0.1781,0.2086,LOW
2073,OULAD_TEST_2073,0,0.6262,0.1997,0.3815,0.3042,0.6262,MEDIUM
2074,OULAD_TEST_2074,1,0.709,0.2921,0.8652,0.8848,0.709,HIGH
2075,OULAD_TEST_2075,0,0.0406,0.2796,0.2243,0.2788,0.0406,LOW
2076,OULAD_TEST_2076,0,0.1888,0.5674,0.3851,0.3775,0.1888,LOW
2077,OULAD_TEST_2077,0,0.0794,0.3512,0.2677,0.2291,0.0794,LOW
2078,OULAD_TEST_2078,1,0.9859,0.6636,0.9522,0.9683,0.9859,HIGH
2079,OULAD_TEST_2079,0,0.0476,0.3658,0.1766,0.1757,0.0476,LOW
2080,OULAD_TEST_2080,0,0.0262,0.2378,0.2708,0.0889,0.0262,LOW
2081,OULAD_TEST_2081,0,0.0994,0.5035,0.1559,0.0883,0.0994,LOW
2082,OULAD_TEST_2082,0,0.0737,0.3158,0.2235,0.0671,0.0737,LOW
2083,OULAD_TEST_2083,0,0.0699,0.4334,0.386,0.119,0.0699,LOW
2084,OULAD_TEST_2084,0,0.1416,0.3344,0.6988,0.4121,0.1416,LOW
2085,OULAD_TEST_2085,0,0.9784,0.5508,0.5269,0.7066,0.9784,HIGH
2086,OULAD_TEST_2086,1,0.4928,0.54,0.5722,0.6005,0.4928,MEDIUM
2087,OULAD_TEST_2087,0,0.3446,0.4994,0.4426,0.4785,0.3446,LOW
2088,OULAD_TEST_2088,1,0.9995,0.9227,0.9731,0.9858,0.9995,HIGH
2089,OULAD_TEST_2089,0,0.0727,0.4241,0.189,0.1512,0.0727,LOW
2090,OULAD_TEST_2090,0,0.1993,0.4311,0.506,0.4704,0.1993,LOW
2091,OULAD_TEST_2091,1,0.9773,0.4478,0.4297,0.7801,0.9773,HIGH
2092,OULAD_TEST_2092,1,0.9985,0.6198,0.7156,0.9083,0.9985,HIGH
2093,OULAD_TEST_2093,1,0.1852,0.4946,0.5809,0.49,0.1852,LOW
2094,OULAD_TEST_2094,1,0.5308,0.3409,0.3619,0.4951,0.5308,MEDIUM
2095,OULAD_TEST_2095,0,0.0484,0.2364,0.1318,0.0594,0.0484,LOW
2096,OULAD_TEST_2096,0,0.2774,0.3916,0.3347,0.3197,0.2774,LOW
2097,OULAD_TEST_2097,0,0.4497,0.5355,0.6574,0.6458,0.4497,MEDIUM
2098,OULAD_TEST_2098,0,0.2412,0.5093,0.3863,0.3942,0.2412,LOW
2099,OULAD_TEST_2099,0,0.3609,0.4624,0.4097,0.3704,0.3609,LOW
2100,OULAD_TEST_2100,0,0.0195,0.4978,0.2483,0.0922,0.0195,LOW
2101,OULAD_TEST_2101,0,0.214,0.6374,0.3605,0.3661,0.214,LOW
2102,OULAD_TEST_2102,1,0.6812,0.5019,0.6026,0.6748,0.6812,MEDIUM
2103,OULAD_TEST_2103,0,0.1266,0.496,0.3658,0.369,0.1266,LOW
2104,OULAD_TEST_2104,0,0.3466,0.2715,0.3547,0.7992,0.3466,LOW
2105,OULAD_TEST_2105,0,0.3571,0.5748,0.6589,0.5493,0.3571,LOW
2106,OULAD_TEST_2106,0,0.3756,0.5013,0.5912,0.7761,0.3756,LOW
2107,OULAD_TEST_2107,0,0.8504,0.7913,0.8375,0.8459,0.8504,HIGH
2108,OULAD_TEST_2108,0,0.2661,0.5847,0.3364,0.3327,0.2661,LOW
2109,OULAD_TEST_2109,0,0.0878,0.5352,0.1472,0.1259,0.0878,LOW
2110,OULAD_TEST_2110,0,0.2098,0.6552,0.5002,0.3527,0.2098,LOW
2111,OULAD_TEST_2111,0,0.0458,0.4433,0.1722,0.1157,0.0458,LOW
2112,OULAD_TEST_2112,0,0.054,0.2849,0.2113,0.1908,0.054,LOW
2113,OULAD_TEST_2113,0,0.284,0.3663,0.6466,0.6682,0.284,LOW
2114,OULAD_TEST_2114,1,0.9992,0.8154,0.9253,0.9411,0.9992,HIGH
2115,OULAD_TEST_2115,0,0.0478,0.4349,0.4086,0.1767,0.0478,LOW
2116,OULAD_TEST_2116,0,0.543,0.5121,0.58,0.6066,0.543,MEDIUM
2117,OULAD_TEST_2117,0,0.0223,0.276,0.1185,0.0695,0.0223,LOW
2118,OULAD_TEST_2118,0,0.4918,0.4106,0.5325,0.4936,0.4918,MEDIUM
2119,OULAD_TEST_2119,0,0.0812,0.5053,0.37,0.2523,0.0812,LOW
2120,OULAD_TEST_2120,0,0.0409,0.3271,0.1313,0.1123,0.0409,LOW
2121,OULAD_TEST_2121,1,0.9131,0.443,0.7146,0.901,0.9131,HIGH
2122,OULAD_TEST_2122,1,0.6706,0.5017,0.883,0.789,0.6706,MEDIUM
2123,OULAD_TEST_2123,0,0.0475,0.5056,0.171,0.0705,0.0475,LOW
2124,OULAD_TEST_2124,0,0.3552,0.5084,0.4054,0.3283,0.3552,LOW
2125,OULAD_TEST_2125,0,0.1092,0.438,0.1642,0.1692,0.1092,LOW
2126,OULAD_TEST_2126,0,0.0711,0.5511,0.1317,0.0961,0.0711,LOW
2127,OULAD_TEST_2127,0,0.0173,0.2567,0.1212,0.0543,0.0173,LOW
2128,OULAD_TEST_2128,1,0.9618,0.7329,0.8904,0.9505,0.9618,HIGH
2129,OULAD_TEST_2129,1,0.3083,0.4246,0.8368,0.6486,0.3083,LOW
2130,OULAD_TEST_2130,0,0.0256,0.2953,0.2299,0.1364,0.0256,LOW
2131,OULAD_TEST_2131,0,0.1413,0.381,0.3837,0.4544,0.1413,LOW
2132,OULAD_TEST_2132,1,0.4793,0.525,0.4648,0.4604,0.4793,MEDIUM
2133,OULAD_TEST_2133,0,0.1236,0.3504,0.3737,0.2964,0.1236,LOW
2134,OULAD_TEST_2134,0,0.059,0.3552,0.3579,0.173,0.059,LOW
2135,OULAD_TEST_2135,1,0.4697,0.281,0.7065,0.5714,0.4697,MEDIUM
2136,OULAD_TEST_2136,0,0.1536,0.2294,0.2515,0.0934,0.1536,LOW
2137,OULAD_TEST_2137,1,0.9985,0.586,0.8874,0.8885,0.9985,HIGH
2138,OULAD_TEST_2138,0,0.1029,0.5033,0.4646,0.4132,0.1029,LOW
2139,OULAD_TEST_2139,0,0.0189,0.3284,0.0859,0.0617,0.0189,LOW
2140,OULAD_TEST_2140,1,0.5539,0.7983,0.757,0.6888,0.5539,MEDIUM
2141,OULAD_TEST_2141,0,0.3437,0.6808,0.6103,0.4113,0.3437,LOW
2142,OULAD_TEST_2142,0,0.2345,0.7439,0.6219,0.5277,0.2345,LOW
2143,OULAD_TEST_2143,1,0.9984,0.4365,0.8571,0.9172,0.9984,HIGH
2144,OULAD_TEST_2144,0,0.2259,0.4578,0.4056,0.3385,0.2259,LOW
2145,OULAD_TEST_2145,0,0.0442,0.4447,0.236,0.1824,0.0442,LOW
2146,OULAD_TEST_2146,0,0.3578,0.5036,0.3487,0.3529,0.3578,LOW
2147,OULAD_TEST_2147,0,0.048,0.2983,0.1892,0.0566,0.048,LOW
2148,OULAD_TEST_2148,0,0.027,0.471,0.3417,0.1378,0.027,LOW
2149,OULAD_TEST_2149,0,0.5299,0.6695,0.6899,0.6284,0.5299,MEDIUM
2150,OULAD_TEST_2150,1,0.6781,0.2956,0.1944,0.1123,0.6781,MEDIUM
2151,OULAD_TEST_2151,1,0.949,0.6446,0.5792,0.6139,0.949,HIGH
2152,OULAD_TEST_2152,0,0.2411,0.6267,0.7534,0.6391,0.2411,LOW
2153,OULAD_TEST_2153,0,0.0603,0.391,0.0567,0.1233,0.0603,LOW
2154,OULAD_TEST_2154,1,0.6481,0.6761,0.6617,0.5675,0.6481,MEDIUM
2155,OULAD_TEST_2155,0,0.1403,0.4705,0.1846,0.0913,0.1403,LOW
2156,OULAD_TEST_2156,0,0.1954,0.5361,0.333,0.1981,0.1954,LOW
2157,OULAD_TEST_2157,0,0.0362,0.2864,0.1627,0.0784,0.0362,LOW
2158,OULAD_TEST_2158,1,0.4769,0.5446,0.5945,0.562,0.4769,MEDIUM
2159,OULAD_TEST_2159,0,0.0485,0.3057,0.1173,0.0648,0.0485,LOW
2160,OULAD_TEST_2160,0,0.0144,0.2084,0.1105,0.0377,0.0144,LOW
2161,OULAD_TEST_2161,0,0.0722,0.6498,0.468,0.3788,0.0722,LOW
2162,OULAD_TEST_2162,0,0.8153,0.4429,0.7503,0.5912,0.8153,HIGH
2163,OULAD_TEST_2163,1,0.1318,0.6399,0.2457,0.2788,0.1318,LOW
2164,OULAD_TEST_2164,0,0.0305,0.396,0.1698,0.1417,0.0305,LOW
2165,OULAD_TEST_2165,0,0.5785,0.5894,0.7267,0.857,0.5785,MEDIUM
2166,OULAD_TEST_2166,1,0.5457,0.3396,0.1592,0.174,0.5457,MEDIUM
2167,OULAD_TEST_2167,0,0.048,0.4594,0.4205,0.2172,0.048,LOW
2168,OULAD_TEST_2168,0,0.0876,0.4148,0.4773,0.3138,0.0876,LOW
2169,OULAD_TEST_2169,0,0.3711,0.6083,0.6597,0.5554,0.3711,LOW
2170,OULAD_TEST_2170,0,0.221,0.4965,0.2661,0.2366,0.221,LOW
2171,OULAD_TEST_2171,1,0.2072,0.5124,0.269,0.2711,0.2072,LOW
2172,OULAD_TEST_2172,0,0.0404,0.3692,0.2459,0.0857,0.0404,LOW
2173,OULAD_TEST_2173,1,0.94,0.5717,0.8369,0.8817,0.94,HIGH
2174,OULAD_TEST_2174,0,0.0315,0.431,0.134,0.0804,0.0315,LOW
2175,OULAD_TEST_2175,0,0.0802,0.3037,0.1617,0.2049,0.0802,LOW
2176,OULAD_TEST_2176,0,0.6639,0.6772,0.7209,0.7951,0.6639,MEDIUM
2177,OULAD_TEST_2177,0,0.5188,0.4139,0.6148,0.5177,0.5188,MEDIUM
2178,OULAD_TEST_2178,1,0.9957,0.4856,0.6185,0.5298,0.9957,HIGH
2179,OULAD_TEST_2179,0,0.0626,0.2632,0.267,0.0726,0.0626,LOW
2180,OULAD_TEST_2180,0,0.0243,0.4582,0.2784,0.1146,0.0243,LOW
2181,OULAD_TEST_2181,0,0.1573,0.5652,0.498,0.4529,0.1573,LOW
2182,OULAD_TEST_2182,1,0.2587,0.677,0.4778,0.4673,0.2587,LOW
2183,OULAD_TEST_2183,0,0.1319,0.4564,0.5215,0.344,0.1319,LOW
2184,OULAD_TEST_2184,1,0.9532,0.5332,0.4607,0.7758,0.9532,HIGH
2185,OULAD_TEST_2185,0,0.0506,0.5698,0.5202,0.1059,0.0506,LOW
2186,OULAD_TEST_2186,0,0.0244,0.4546,0.1917,0.1795,0.0244,LOW
2187,OULAD_TEST_2187,1,0.9512,0.9098,0.899,0.903,0.9512,HIGH
2188,OULAD_TEST_2188,0,0.0317,0.4434,0.2779,0.1467,0.0317,LOW
2189,OULAD_TEST_2189,0,0.4635,0.5498,0.3864,0.2361,0.4635,MEDIUM
2190,OULAD_TEST_2190,0,0.1665,0.5362,0.4064,0.3874,0.1665,LOW
2191,OULAD_TEST_2191,0,0.2831,0.4138,0.6512,0.4527,0.2831,LOW
2192,OULAD_TEST_2192,1,0.5643,0.5792,0.6018,0.6436,0.5643,MEDIUM
2193,OULAD_TEST_2193,0,0.0218,0.3572,0.1044,0.1134,0.0218,LOW
2194,OULAD_TEST_2194,1,0.9997,0.7971,0.929,0.9715,0.9997,HIGH
2195,OULAD_TEST_2195,0,0.0246,0.2614,0.1078,0.0554,0.0246,LOW
2196,OULAD_TEST_2196,0,0.0975,0.3058,0.4003,0.2647,0.0975,LOW
2197,OULAD_TEST_2197,0,0.2211,0.4201,0.1316,0.1788,0.2211,LOW
2198,OULAD_TEST_2198,1,0.5935,0.811,0.7269,0.7301,0.5935,MEDIUM
2199,OULAD_TEST_2199,0,0.0256,0.2658,0.0725,0.0415,0.0256,LOW
2200,OULAD_TEST_2200,0,0.1892,0.2954,0.1179,0.0474,0.1892,LOW
2201,OULAD_TEST_2201,0,0.0286,0.2609,0.1381,0.1094,0.0286,LOW
2202,OULAD_TEST_2202,0,0.0996,0.5506,0.2568,0.1232,0.0996,LOW
2203,OULAD_TEST_2203,0,0.1687,0.6551,0.4513,0.5468,0.1687,LOW
2204,OULAD_TEST_2204,0,0.5109,0.6696,0.4682,0.4174,0.5109,MEDIUM
2205,OULAD_TEST_2205,0,0.3506,0.4586,0.6121,0.5562,0.3506,LOW
2206,OULAD_TEST_2206,1,0.9978,0.3743,0.4924,0.6315,0.9978,HIGH
2207,OULAD_TEST_2207,0,0.2694,0.531,0.3765,0.4227,0.2694,LOW
2208,OULAD_TEST_2208,1,0.1435,0.5683,0.4649,0.1636,0.1435,LOW
2209,OULAD_TEST_2209,1,0.0488,0.5964,0.3437,0.1548,0.0488,LOW
2210,OULAD_TEST_2210,0,0.0446,0.2117,0.1762,0.1648,0.0446,LOW
2211,OULAD_TEST_2211,1,0.9073,0.3397,0.5708,0.6145,0.9073,HIGH
2212,OULAD_TEST_2212,0,0.0517,0.4953,0.2454,0.1092,0.0517,LOW
2213,OULAD_TEST_2213,0,0.0887,0.3456,0.3548,0.2218,0.0887,LOW
2214,OULAD_TEST_2214,0,0.1345,0.4029,0.4014,0.2846,0.1345,LOW
2215,OULAD_TEST_2215,0,0.1948,0.2523,0.3102,0.2938,0.1948,LOW
2216,OULAD_TEST_2216,1,0.9911,0.4945,0.4133,0.8469,0.9911,HIGH
2217,OULAD_TEST_2217,0,0.8064,0.556,0.604,0.6771,0.8064,HIGH
2218,OULAD_TEST_2218,0,0.2073,0.7303,0.7652,0.6097,0.2073,LOW
2219,OULAD_TEST_2219,0,0.034,0.2548,0.2214,0.0987,0.034,LOW
2220,OULAD_TEST_2220,1,0.34,0.5325,0.4709,0.4699,0.34,LOW
2221,OULAD_TEST_2221,0,0.5614,0.6801,0.5723,0.4707,0.5614,MEDIUM
2222,OULAD_TEST_2222,1,0.0431,0.2394,0.1595,0.1348,0.0431,LOW
2223,OULAD_TEST_2223,0,0.3412,0.3692,0.2438,0.1019,0.3412,LOW
2224,OULAD_TEST_2224,0,0.2039,0.337,0.6646,0.4088,0.2039,LOW
2225,OULAD_TEST_2225,0,0.3854,0.5237,0.5232,0.5946,0.3854,LOW
2226,OULAD_TEST_2226,1,0.9974,0.3941,0.6285,0.8615,0.9974,HIGH
2227,OULAD_TEST_2227,0,0.1071,0.6804,0.5386,0.4343,0.1071,LOW
2228,OULAD_TEST_2228,0,0.6035,0.6815,0.6667,0.5399,0.6035,MEDIUM
2229,OULAD_TEST_2229,1,0.9994,0.7691,0.9232,0.9665,0.9994,HIGH
2230,OULAD_TEST_2230,1,0.239,0.5704,0.4377,0.4716,0.239,LOW
2231,OULAD_TEST_2231,0,0.0269,0.3073,0.1831,0.0566,0.0269,LOW
2232,OULAD_TEST_2232,0,0.0163,0.4426,0.1363,0.1184,0.0163,LOW
2233,OULAD_TEST_2233,0,0.0461,0.3736,0.4484,0.2315,0.0461,LOW
2234,OULAD_TEST_2234,0,0.585,0.5314,0.7872,0.7496,0.585,MEDIUM
2235,OULAD_TEST_2235,0,0.02,0.3209,0.1796,0.2577,0.02,LOW
2236,OULAD_TEST_2236,0,0.0347,0.3453,0.3184,0.1408,0.0347,LOW
2237,OULAD_TEST_2237,0,0.19,0.353,0.4004,0.257,0.19,LOW
2238,OULAD_TEST_2238,0,0.5518,0.6008,0.6121,0.4956,0.5518,MEDIUM
2239,OULAD_TEST_2239,0,0.11,0.435,0.391,0.3519,0.11,LOW
2240,OULAD_TEST_2240,0,0.7573,0.5687,0.6333,0.8726,0.7573,HIGH
2241,OULAD_TEST_2241,0,0.0202,0.227,0.0946,0.0846,0.0202,LOW
2242,OULAD_TEST_2242,1,0.6216,0.6151,0.5356,0.4885,0.6216,MEDIUM
2243,OULAD_TEST_2243,1,0.9964,0.3062,0.2667,0.7028,0.9964,HIGH
2244,OULAD_TEST_2244,0,0.0834,0.425,0.2181,0.2354,0.0834,LOW
2245,OULAD_TEST_2245,0,0.1251,0.3174,0.1685,0.0793,0.1251,LOW
2246,OULAD_TEST_2246,0,0.0545,0.6791,0.4284,0.0816,0.0545,LOW
2247,OULAD_TEST_2247,0,0.033,0.304,0.1206,0.1552,0.033,LOW
2248,OULAD_TEST_2248,1,0.9782,0.5281,0.7796,0.8199,0.9782,HIGH
2249,OULAD_TEST_2249,0,0.1706,0.5126,0.3425,0.2466,0.1706,LOW
2250,OULAD_TEST_2250,0,0.0466,0.2949,0.2592,0.2126,0.0466,LOW
2251,OULAD_TEST_2251,0,0.303,0.3703,0.6671,0.5005,0.303,LOW
2252,OULAD_TEST_2252,1,0.9177,0.5864,0.9225,0.9857,0.9177,HIGH
2253,OULAD_TEST_2253,0,0.3817,0.729,0.6735,0.5146,0.3817,LOW
2254,OULAD_TEST_2254,0,0.219,0.495,0.341,0.3935,0.219,LOW
2255,OULAD_TEST_2255,0,0.0438,0.3455,0.2554,0.1149,0.0438,LOW
2256,OULAD_TEST_2256,0,0.4562,0.5703,0.6172,0.6475,0.4562,MEDIUM
2257,OULAD_TEST_2257,0,0.0315,0.4808,0.1221,0.0826,0.0315,LOW
2258,OULAD_TEST_2258,0,0.1757,0.3031,0.1969,0.1007,0.1757,LOW
2259,OULAD_TEST_2259,0,0.5649,0.5627,0.523,0.4374,0.5649,MEDIUM
2260,OULAD_TEST_2260,0,0.4426,0.2726,0.5024,0.8388,0.4426,MEDIUM
2261,OULAD_TEST_2261,1,0.8063,0.6279,0.5643,0.5936,0.8063,HIGH
2262,OULAD_TEST_2262,1,0.9985,0.3621,0.9558,0.9433,0.9985,HIGH
2263,OULAD_TEST_2263,0,0.0255,0.2618,0.1392,0.053,0.0255,LOW
2264,OULAD_TEST_2264,0,0.1278,0.3039,0.4021,0.2976,0.1278,LOW
2265,OULAD_TEST_2265,0,0.0934,0.6668,0.2095,0.1145,0.0934,LOW
2266,OULAD_TEST_2266,0,0.1301,0.2809,0.2818,0.2281,0.1301,LOW
2267,OULAD_TEST_2267,1,0.4855,0.4357,0.2909,0.3744,0.4855,MEDIUM
2268,OULAD_TEST_2268,0,0.0517,0.3989,0.1248,0.0948,0.0517,LOW
2269,OULAD_TEST_2269,1,0.9547,0.8379,0.9641,0.9545,0.9547,HIGH
2270,OULAD_TEST_2270,0,0.381,0.6843,0.6788,0.5837,0.381,LOW
2271,OULAD_TEST_2271,0,0.618,0.3122,0.4358,0.7846,0.618,MEDIUM
2272,OULAD_TEST_2272,0,0.0642,0.2793,0.23,0.11,0.0642,LOW
2273,OULAD_TEST_2273,1,0.5549,0.7287,0.6244,0.6517,0.5549,MEDIUM
2274,OULAD_TEST_2274,0,0.0894,0.5802,0.2966,0.1841,0.0894,LOW
2275,OULAD_TEST_2275,0,0.0719,0.4806,0.3079,0.0702,0.0719,LOW
2276,OULAD_TEST_2276,0,0.8032,0.7235,0.6966,0.7063,0.8032,HIGH
2277,OULAD_TEST_2277,0,0.2285,0.6257,0.4382,0.2932,0.2285,LOW
2278,OULAD_TEST_2278,0,0.0395,0.3916,0.0624,0.0417,0.0395,LOW
2279,OULAD_TEST_2279,0,0.1305,0.3991,0.1811,0.2503,0.1305,LOW
2280,OULAD_TEST_2280,0,0.2682,0.3389,0.4402,0.3494,0.2682,LOW
2281,OULAD_TEST_2281,0,0.4949,0.5016,0.3929,0.3562,0.4949,MEDIUM
2282,OULAD_TEST_2282,0,0.1079,0.4444,0.3132,0.1398,0.1079,LOW
2283,OULAD_TEST_2283,0,0.0773,0.5149,0.2985,0.1972,0.0773,LOW
2284,OULAD_TEST_2284,1,0.6337,0.3139,0.3322,0.2619,0.6337,MEDIUM
2285,OULAD_TEST_2285,0,0.5974,0.4813,0.4949,0.7549,0.5974,MEDIUM
2286,OULAD_TEST_2286,1,0.9904,0.8539,0.9601,0.9641,0.9904,HIGH
2287,OULAD_TEST_2287,1,0.3403,0.4521,0.4015,0.3922,0.3403,LOW
2288,OULAD_TEST_2288,0,0.0764,0.3558,0.2457,0.1564,0.0764,LOW
2289,OULAD_TEST_2289,0,0.2193,0.28,0.2877,0.2855,0.2193,LOW
2290,OULAD_TEST_2290,0,0.1938,0.4627,0.1529,0.0744,0.1938,LOW
2291,OULAD_TEST_2291,0,0.1838,0.5036,0.1943,0.1906,0.1838,LOW
2292,OULAD_TEST_2292,0,0.3189,0.5369,0.3186,0.1936,0.3189,LOW
2293,OULAD_TEST_2293,1,0.9997,0.6723,0.7718,0.9811,0.9997,HIGH
2294,OULAD_TEST_2294,0,0.6102,0.7485,0.8173,0.8333,0.6102,MEDIUM
2295,OULAD_TEST_2295,0,0.2391,0.4056,0.3946,0.4641,0.2391,LOW
2296,OULAD_TEST_2296,0,0.3933,0.5981,0.4456,0.5455,0.3933,LOW
2297,OULAD_TEST_2297,0,0.0957,0.3933,0.4715,0.4637,0.0957,LOW
2298,OULAD_TEST_2298,0,0.168,0.4633,0.312,0.2846,0.168,LOW
2299,OULAD_TEST_2299,0,0.2672,0.3974,0.5546,0.5556,0.2672,LOW
2300,OULAD_TEST_2300,0,0.07,0.2833,0.2599,0.1901,0.07,LOW
2301,OULAD_TEST_2301,0,0.0892,0.3086,0.3052,0.2611,0.0892,LOW
2302,OULAD_TEST_2302,0,0.4554,0.417,0.4653,0.4921,0.4554,MEDIUM
2303,OULAD_TEST_2303,1,0.9913,0.6555,0.7105,0.6395,0.9913,HIGH
2304,OULAD_TEST_2304,1,0.9992,0.7314,0.8672,0.9545,0.9992,HIGH
2305,OULAD_TEST_2305,0,0.7207,0.4455,0.3232,0.3405,0.7207,HIGH
2306,OULAD_TEST_2306,0,0.2517,0.4714,0.2305,0.1852,0.2517,LOW
2307,OULAD_TEST_2307,0,0.3405,0.3821,0.5739,0.2971,0.3405,LOW
2308,OULAD_TEST_2308,0,0.0134,0.2463,0.1491,0.0321,0.0134,LOW
2309,OULAD_TEST_2309,0,0.1416,0.3141,0.39,0.3651,0.1416,LOW
2310,OULAD_TEST_2310,1,0.9985,0.596,0.6978,0.8522,0.9985,HIGH
2311,OULAD_TEST_2311,0,0.4729,0.4168,0.6031,0.4936,0.4729,MEDIUM
2312,OULAD_TEST_2312,0,0.1272,0.3783,0.2408,0.2824,0.1272,LOW
2313,OULAD_TEST_2313,0,0.5493,0.4467,0.4531,0.7705,0.5493,MEDIUM
2314,OULAD_TEST_2314,0,0.2176,0.5349,0.4199,0.2417,0.2176,LOW
2315,OULAD_TEST_2315,1,0.9839,0.8132,0.8806,0.8972,0.9839,HIGH
2316,OULAD_TEST_2316,1,0.8918,0.5256,0.927,0.7317,0.8918,HIGH
2317,OULAD_TEST_2317,1,0.3629,0.3755,0.3233,0.1715,0.3629,LOW
2318,OULAD_TEST_2318,0,0.2278,0.6108,0.4044,0.3788,0.2278,LOW
2319,OULAD_TEST_2319,0,0.1081,0.4997,0.4327,0.2996,0.1081,LOW
2320,OULAD_TEST_2320,1,0.8691,0.7151,0.8941,0.7717,0.8691,HIGH
2321,OULAD_TEST_2321,0,0.0911,0.307,0.1763,0.2251,0.0911,LOW
2322,OULAD_TEST_2322,1,0.3545,0.4187,0.6637,0.4044,0.3545,LOW
2323,OULAD_TEST_2323,0,0.1588,0.5153,0.3915,0.2857,0.1588,LOW
2324,OULAD_TEST_2324,1,0.1132,0.4979,0.2377,0.1801,0.1132,LOW
2325,OULAD_TEST_2325,0,0.0368,0.3793,0.1645,0.1589,0.0368,LOW
2326,OULAD_TEST_2326,0,0.1545,0.4863,0.4242,0.257,0.1545,LOW
2327,OULAD_TEST_2327,1,0.9993,0.2871,0.9075,0.9521,0.9993,HIGH
2328,OULAD_TEST_2328,0,0.2077,0.5,0.182,0.1064,0.2077,LOW
2329,OULAD_TEST_2329,0,0.4784,0.5612,0.4877,0.5265,0.4784,MEDIUM
2330,OULAD_TEST_2330,0,0.4977,0.5511,0.6271,0.6672,0.4977,MEDIUM
2331,OULAD_TEST_2331,1,0.9041,0.4116,0.7304,0.8096,0.9041,HIGH
2332,OULAD_TEST_2332,0,0.6416,0.7381,0.6648,0.7579,0.6416,MEDIUM
2333,OULAD_TEST_2333,0,0.0391,0.3443,0.1372,0.0747,0.0391,LOW
2334,OULAD_TEST_2334,0,0.5044,0.5253,0.7624,0.7991,0.5044,MEDIUM
2335,OULAD_TEST_2335,1,0.9994,0.5467,0.8714,0.949,0.9994,HIGH
2336,OULAD_TEST_2336,0,0.6567,0.7322,0.6765,0.7235,0.6567,MEDIUM
2337,OULAD_TEST_2337,0,0.649,0.3696,0.4111,0.3636,0.649,MEDIUM
2338,OULAD_TEST_2338,0,0.2988,0.4385,0.8469,0.87,0.2988,LOW
2339,OULAD_TEST_2339,1,0.975,0.5849,0.6885,0.7581,0.975,HIGH
2340,OULAD_TEST_2340,0,0.1437,0.547,0.2858,0.1589,0.1437,LOW
2341,OULAD_TEST_2341,1,0.7014,0.9095,0.9767,0.9721,0.7014,HIGH
2342,OULAD_TEST_2342,0,0.3937,0.5316,0.6352,0.5709,0.3937,LOW
2343,OULAD_TEST_2343,0,0.4418,0.4354,0.5727,0.6559,0.4418,MEDIUM
2344,OULAD_TEST_2344,0,0.1226,0.5539,0.3982,0.2387,0.1226,LOW
2345,OULAD_TEST_2345,1,0.4689,0.5207,0.5229,0.4709,0.4689,MEDIUM
2346,OULAD_TEST_2346,0,0.1307,0.4825,0.3362,0.5674,0.1307,LOW
2347,OULAD_TEST_2347,0,0.341,0.574,0.5353,0.5418,0.341,LOW
2348,OULAD_TEST_2348,0,0.4873,0.4506,0.7756,0.8346,0.4873,MEDIUM
2349,OULAD_TEST_2349,0,0.9054,0.8013,0.717,0.8759,0.9054,HIGH
2350,OULAD_TEST_2350,0,0.2378,0.5272,0.3466,0.3964,0.2378,LOW
2351,OULAD_TEST_2351,0,0.3296,0.432,0.4025,0.2855,0.3296,LOW
2352,OULAD_TEST_2352,0,0.0199,0.4631,0.2571,0.0544,0.0199,LOW
2353,OULAD_TEST_2353,0,0.1864,0.2714,0.4918,0.5995,0.1864,LOW
2354,OULAD_TEST_2354,1,0.9963,0.4575,0.5921,0.4592,0.9963,HIGH
2355,OULAD_TEST_2355,1,0.4951,0.6297,0.5201,0.4734,0.4951,MEDIUM
2356,OULAD_TEST_2356,1,0.89,0.7967,0.5887,0.782,0.89,HIGH
2357,OULAD_TEST_2357,0,0.0277,0.394,0.1812,0.1357,0.0277,LOW
2358,OULAD_TEST_2358,0,0.2584,0.5243,0.3824,0.392,0.2584,LOW
2359,OULAD_TEST_2359,0,0.2311,0.5235,0.4124,0.3483,0.2311,LOW
2360,OULAD_TEST_2360,1,0.9945,0.4967,0.5223,0.5254,0.9945,HIGH
2361,OULAD_TEST_2361,0,0.3968,0.3579,0.3462,0.7975,0.3968,LOW
2362,OULAD_TEST_2362,0,0.2537,0.4982,0.3558,0.2488,0.2537,LOW
2363,OULAD_TEST_2363,0,0.2174,0.3301,0.4778,0.4239,0.2174,LOW
2364,OULAD_TEST_2364,1,0.9973,0.7481,0.5347,0.9111,0.9973,HIGH
2365,OULAD_TEST_2365,1,0.2158,0.4249,0.4082,0.1615,0.2158,LOW
2366,OULAD_TEST_2366,0,0.1207,0.3496,0.2137,0.1678,0.1207,LOW
2367,OULAD_TEST_2367,0,0.608,0.5208,0.4128,0.4305,0.608,MEDIUM
2368,OULAD_TEST_2368,1,0.671,0.7195,0.7564,0.8403,0.671,MEDIUM
2369,OULAD_TEST_2369,0,0.2542,0.7087,0.6879,0.7643,0.2542,LOW
2370,OULAD_TEST_2370,0,0.0634,0.2872,0.1639,0.0614,0.0634,LOW
2371,OULAD_TEST_2371,0,0.3449,0.4987,0.4157,0.3254,0.3449,LOW
2372,OULAD_TEST_2372,1,0.9285,0.6474,0.8795,0.9336,0.9285,HIGH
2373,OULAD_TEST_2373,0,0.7831,0.5964,0.8051,0.8309,0.7831,HIGH
2374,OULAD_TEST_2374,0,0.049,0.385,0.3128,0.121,0.049,LOW
2375,OULAD_TEST_2375,0,0.0444,0.2842,0.1685,0.1762,0.0444,LOW
2376,OULAD_TEST_2376,0,0.5133,0.3941,0.4487,0.427,0.5133,MEDIUM
2377,OULAD_TEST_2377,1,0.5567,0.3429,0.6111,0.7142,0.5567,MEDIUM
2378,OULAD_TEST_2378,0,0.8416,0.4542,0.6906,0.7721,0.8416,HIGH
2379,OULAD_TEST_2379,0,0.3932,0.5266,0.6176,0.5115,0.3932,LOW
2380,OULAD_TEST_2380,0,0.2944,0.4587,0.5656,0.5741,0.2944,LOW
2381,OULAD_TEST_2381,0,0.0696,0.2996,0.1993,0.1349,0.0696,LOW
2382,OULAD_TEST_2382,1,0.8786,0.6333,0.6451,0.7211,0.8786,HIGH
2383,OULAD_TEST_2383,0,0.0183,0.3459,0.2221,0.08,0.0183,LOW
2384,OULAD_TEST_2384,1,0.9503,0.5332,0.8722,0.8776,0.9503,HIGH
2385,OULAD_TEST_2385,1,0.84,0.8647,0.9479,0.8033,0.84,HIGH
2386,OULAD_TEST_2386,0,0.6017,0.4466,0.5341,0.5403,0.6017,MEDIUM
2387,OULAD_TEST_2387,0,0.5405,0.3643,0.7066,0.5504,0.5405,MEDIUM
2388,OULAD_TEST_2388,1,0.9228,0.8176,0.9085,0.9689,0.9228,HIGH
2389,OULAD_TEST_2389,0,0.0231,0.3372,0.2809,0.0902,0.0231,LOW
2390,OULAD_TEST_2390,0,0.388,0.5835,0.616,0.5843,0.388,LOW
2391,OULAD_TEST_2391,0,0.5337,0.6596,0.7134,0.5288,0.5337,MEDIUM
2392,OULAD_TEST_2392,1,0.9973,0.7326,0.8636,0.9303,0.9973,HIGH
2393,OULAD_TEST_2393,0,0.0721,0.4797,0.2586,0.1181,0.0721,LOW
2394,OULAD_TEST_2394,1,0.7307,0.6231,0.7565,0.7862,0.7307,HIGH
2395,OULAD_TEST_2395,0,0.392,0.4457,0.4627,0.4432,0.392,LOW
2396,OULAD_TEST_2396,0,0.2788,0.5627,0.2597,0.2208,0.2788,LOW
2397,OULAD_TEST_2397,0,0.2521,0.3419,0.5104,0.6046,0.2521,LOW
2398,OULAD_TEST_2398,0,0.034,0.3044,0.1995,0.1427,0.034,LOW
2399,OULAD_TEST_2399,0,0.1339,0.5496,0.3549,0.5873,0.1339,LOW
2400,OULAD_TEST_2400,0,0.0191,0.2906,0.453,0.0847,0.0191,LOW
2401,OULAD_TEST_2401,0,0.0509,0.329,0.4254,0.1548,0.0509,LOW
2402,OULAD_TEST_2402,1,0.759,0.7458,0.8591,0.8515,0.759,HIGH
2403,OULAD_TEST_2403,0,0.2366,0.5001,0.4454,0.3534,0.2366,LOW
2404,OULAD_TEST_2404,0,0.2744,0.5261,0.4027,0.51,0.2744,LOW
2405,OULAD_TEST_2405,0,0.041,0.3698,0.2841,0.0908,0.041,LOW
2406,OULAD_TEST_2406,0,0.1536,0.3039,0.3066,0.2365,0.1536,LOW
2407,OULAD_TEST_2407,1,0.7971,0.376,0.8272,0.9496,0.7971,HIGH
2408,OULAD_TEST_2408,1,0.9931,0.4986,0.7161,0.7625,0.9931,HIGH
2409,OULAD_TEST_2409,0,0.0258,0.3811,0.2144,0.1459,0.0258,LOW
2410,OULAD_TEST_2410,0,0.7125,0.5591,0.6942,0.717,0.7125,HIGH
2411,OULAD_TEST_2411,1,0.4362,0.4538,0.5292,0.5659,0.4362,MEDIUM
2412,OULAD_TEST_2412,0,0.5511,0.396,0.5925,0.8487,0.5511,MEDIUM
2413,OULAD_TEST_2413,0,0.9959,0.3474,0.4146,0.4567,0.9959,HIGH
2414,OULAD_TEST_2414,0,0.2419,0.4734,0.2387,0.1634,0.2419,LOW
2415,OULAD_TEST_2415,1,0.9961,0.7778,0.812,0.8264,0.9961,HIGH
2416,OULAD_TEST_2416,0,0.3056,0.3008,0.3784,0.3569,0.3056,LOW
2417,OULAD_TEST_2417,0,0.1199,0.4941,0.4117,0.287,0.1199,LOW
2418,OULAD_TEST_2418,0,0.6987,0.5675,0.6934,0.7291,0.6987,MEDIUM
2419,OULAD_TEST_2419,1,0.9629,0.2824,0.3969,0.8888,0.9629,HIGH
2420,OULAD_TEST_2420,0,0.0421,0.337,0.3222,0.1078,0.0421,LOW
2421,OULAD_TEST_2421,0,0.2317,0.3127,0.4176,0.3007,0.2317,LOW
2422,OULAD_TEST_2422,0,0.3142,0.6599,0.7259,0.5087,0.3142,LOW
2423,OULAD_TEST_2423,0,0.0367,0.2581,0.2085,0.1082,0.0367,LOW
2424,OULAD_TEST_2424,1,0.9929,0.5127,0.5871,0.7596,0.9929,HIGH
2425,OULAD_TEST_2425,1,0.6199,0.3608,0.1585,0.0845,0.6199,MEDIUM
2426,OULAD_TEST_2426,0,0.0551,0.4231,0.1644,0.0799,0.0551,LOW
2427,OULAD_TEST_2427,1,0.6793,0.3131,0.6581,0.6121,0.6793,MEDIUM
2428,OULAD_TEST_2428,1,0.5583,0.6497,0.582,0.4446,0.5583,MEDIUM
2429,OULAD_TEST_2429,0,0.1008,0.4379,0.1947,0.1269,0.1008,LOW
2430,OULAD_TEST_2430,1,0.8863,0.785,0.8186,0.8257,0.8863,HIGH
2431,OULAD_TEST_2431,1,0.6691,0.7221,0.8305,0.6008,0.6691,MEDIUM
2432,OULAD_TEST_2432,1,0.9487,0.7648,0.9071,0.7911,0.9487,HIGH
2433,OULAD_TEST_2433,0,0.1828,0.3489,0.2995,0.2805,0.1828,LOW
2434,OULAD_TEST_2434,1,0.9485,0.4802,0.7304,0.7715,0.9485,HIGH
2435,OULAD_TEST_2435,0,0.0601,0.4724,0.2267,0.1665,0.0601,LOW
2436,OULAD_TEST_2436,0,0.3132,0.4842,0.4995,0.3485,0.3132,LOW
2437,OULAD_TEST_2437,0,0.4265,0.666,0.6516,0.6044,0.4265,MEDIUM
2438,OULAD_TEST_2438,0,0.8025,0.5936,0.772,0.8365,0.8025,HIGH
2439,OULAD_TEST_2439,1,0.318,0.6761,0.6043,0.5168,0.318,LOW
2440,OULAD_TEST_2440,1,0.9728,0.5771,0.6076,0.8976,0.9728,HIGH
2441,OULAD_TEST_2441,0,0.1865,0.5475,0.2879,0.1497,0.1865,LOW
2442,OULAD_TEST_2442,0,0.0354,0.5039,0.448,0.4029,0.0354,LOW
2443,OULAD_TEST_2443,1,0.5185,0.5129,0.4573,0.5133,0.5185,MEDIUM
2444,OULAD_TEST_2444,0,0.3201,0.4406,0.1846,0.2017,0.3201,LOW
2445,OULAD_TEST_2445,0,0.4713,0.4837,0.4899,0.5092,0.4713,MEDIUM
2446,OULAD_TEST_2446,1,0.6064,0.5442,0.693,0.5904,0.6064,MEDIUM
2447,OULAD_TEST_2447,0,0.0456,0.3398,0.1886,0.1477,0.0456,LOW
2448,OULAD_TEST_2448,1,0.3386,0.5141,0.6491,0.5449,0.3386,LOW
2449,OULAD_TEST_2449,1,0.196,0.5438,0.3578,0.3147,0.196,LOW
2450,OULAD_TEST_2450,0,0.0235,0.2827,0.2009,0.0816,0.0235,LOW
2451,OULAD_TEST_2451,0,0.2759,0.8023,0.7834,0.4015,0.2759,LOW
2452,OULAD_TEST_2452,0,0.1107,0.452,0.3876,0.3042,0.1107,LOW
2453,OULAD_TEST_2453,0,0.1715,0.4584,0.2911,0.3617,0.1715,LOW
2454,OULAD_TEST_2454,0,0.1891,0.4661,0.2932,0.2821,0.1891,LOW
2455,OULAD_TEST_2455,0,0.4562,0.4189,0.3291,0.7475,0.4562,MEDIUM
2456,OULAD_TEST_2456,1,0.2,0.183,0.2961,0.3197,0.2,LOW
2457,OULAD_TEST_2457,0,0.5912,0.5276,0.7322,0.5101,0.5912,MEDIUM
2458,OULAD_TEST_2458,0,0.7509,0.6673,0.7179,0.5998,0.7509,HIGH
2459,OULAD_TEST_2459,0,0.0666,0.3195,0.1519,0.1448,0.0666,LOW
2460,OULAD_TEST_2460,1,0.2389,0.2942,0.5644,0.4945,0.2389,LOW
2461,OULAD_TEST_2461,0,0.0316,0.2511,0.1643,0.1472,0.0316,LOW
2462,OULAD_TEST_2462,0,0.1118,0.2161,0.1148,0.046,0.1118,LOW
2463,OULAD_TEST_2463,0,0.4957,0.5862,0.4968,0.51,0.4957,MEDIUM
2464,OULAD_TEST_2464,0,0.2081,0.4745,0.3908,0.1739,0.2081,LOW
2465,OULAD_TEST_2465,1,0.976,0.3352,0.2264,0.3447,0.976,HIGH
2466,OULAD_TEST_2466,1,0.9969,0.1997,0.6331,0.8149,0.9969,HIGH
2467,OULAD_TEST_2467,1,0.0532,0.3928,0.1169,0.2109,0.0532,LOW
2468,OULAD_TEST_2468,1,0.8207,0.5221,0.6944,0.7508,0.8207,HIGH
2469,OULAD_TEST_2469,0,0.0155,0.2509,0.1505,0.0627,0.0155,LOW
2470,OULAD_TEST_2470,0,0.0328,0.2887,0.1709,0.1591,0.0328,LOW
2471,OULAD_TEST_2471,0,0.1767,0.3414,0.3499,0.3259,0.1767,LOW
2472,OULAD_TEST_2472,0,0.0523,0.3097,0.2664,0.0852,0.0523,LOW
2473,OULAD_TEST_2473,1,0.6489,0.4691,0.4324,0.4643,0.6489,MEDIUM
2474,OULAD_TEST_2474,0,0.1577,0.3492,0.2902,0.2604,0.1577,LOW
2475,OULAD_TEST_2475,0,0.1417,0.4723,0.3136,0.235,0.1417,LOW
2476,OULAD_TEST_2476,0,0.0387,0.2849,0.2804,0.1974,0.0387,LOW
2477,OULAD_TEST_2477,0,0.0422,0.4682,0.2946,0.0682,0.0422,LOW
2478,OULAD_TEST_2478,0,0.1536,0.2936,0.177,0.2106,0.1536,LOW
2479,OULAD_TEST_2479,0,0.5141,0.5532,0.7085,0.8028,0.5141,MEDIUM
2480,OULAD_TEST_2480,0,0.0754,0.412,0.1936,0.0953,0.0754,LOW
2481,OULAD_TEST_2481,1,0.8366,0.53,0.5895,0.5713,0.8366,HIGH
2482,OULAD_TEST_2482,0,0.1415,0.5436,0.4302,0.2183,0.1415,LOW
2483,OULAD_TEST_2483,0,0.0789,0.3393,0.3002,0.274,0.0789,LOW
2484,OULAD_TEST_2484,0,0.0862,0.1975,0.2023,0.1822,0.0862,LOW
2485,OULAD_TEST_2485,0,0.0241,0.387,0.1385,0.0538,0.0241,LOW
2486,OULAD_TEST_2486,0,0.0428,0.2705,0.087,0.0344,0.0428,LOW
2487,OULAD_TEST_2487,0,0.3266,0.4767,0.3531,0.5151,0.3266,LOW
2488,OULAD_TEST_2488,0,0.2661,0.6025,0.4088,0.4766,0.2661,LOW
2489,OULAD_TEST_2489,0,0.3738,0.4431,0.4825,0.5433,0.3738,LOW
2490,OULAD_TEST_2490,0,0.0981,0.2195,0.1021,0.0945,0.0981,LOW
2491,OULAD_TEST_2491,0,0.2021,0.6078,0.5518,0.4597,0.2021,LOW
2492,OULAD_TEST_2492,0,0.2054,0.3396,0.2179,0.5025,0.2054,LOW
2493,OULAD_TEST_2493,0,0.0948,0.3578,0.1917,0.1869,0.0948,LOW
2494,OULAD_TEST_2494,0,0.0299,0.2271,0.158,0.0974,0.0299,LOW
2495,OULAD_TEST_2495,0,0.247,0.5746,0.4814,0.4619,0.247,LOW
2496,OULAD_TEST_2496,0,0.0356,0.381,0.1225,0.1017,0.0356,LOW
2497,OULAD_TEST_2497,1,0.5594,0.856,0.7338,0.6712,0.5594,MEDIUM
2498,OULAD_TEST_2498,1,0.636,0.4193,0.3582,0.3953,0.636,MEDIUM
2499,OULAD_TEST_2499,0,0.0152,0.318,0.1074,0.0452,0.0152,LOW
2500,OULAD_TEST_2500,1,0.1175,0.3719,0.4299,0.2132,0.1175,LOW
2501,OULAD_TEST_2501,1,0.8982,0.6734,0.8424,0.7778,0.8982,HIGH
2502,OULAD_TEST_2502,0,0.6053,0.5166,0.8044,0.7774,0.6053,MEDIUM
2503,OULAD_TEST_2503,1,0.1867,0.4996,0.3283,0.385,0.1867,LOW
2504,OULAD_TEST_2504,0,0.1328,0.2923,0.346,0.1387,0.1328,LOW
2505,OULAD_TEST_2505,0,0.5322,0.3731,0.2348,0.4554,0.5322,MEDIUM
2506,OULAD_TEST_2506,0,0.7564,0.4033,0.4582,0.7462,0.7564,HIGH
2507,OULAD_TEST_2507,1,0.5845,0.7126,0.6238,0.6457,0.5845,MEDIUM
2508,OULAD_TEST_2508,1,0.9904,0.5819,0.6084,0.6567,0.9904,HIGH
2509,OULAD_TEST_2509,0,0.1789,0.6265,0.3454,0.2602,0.1789,LOW
2510,OULAD_TEST_2510,0,0.0347,0.408,0.1754,0.1402,0.0347,LOW
2511,OULAD_TEST_2511,0,0.878,0.3275,0.5854,0.7485,0.878,HIGH
2512,OULAD_TEST_2512,0,0.0517,0.5236,0.2105,0.1116,0.0517,LOW
2513,OULAD_TEST_2513,0,0.4807,0.708,0.5863,0.6008,0.4807,MEDIUM
2514,OULAD_TEST_2514,1,0.301,0.5972,0.4323,0.4522,0.301,LOW
2515,OULAD_TEST_2515,1,0.2948,0.852,0.8228,0.5636,0.2948,LOW
2516,OULAD_TEST_2516,1,0.9886,0.6066,0.5873,0.6873,0.9886,HIGH
2517,OULAD_TEST_2517,0,0.0421,0.5081,0.3571,0.0933,0.0421,LOW
2518,OULAD_TEST_2518,1,0.2141,0.3869,0.2799,0.2453,0.2141,LOW
2519,OULAD_TEST_2519,1,0.9994,0.4761,0.7707,0.8785,0.9994,HIGH
2520,OULAD_TEST_2520,1,0.6422,0.5608,0.6711,0.579,0.6422,MEDIUM
2521,OULAD_TEST_2521,1,0.977,0.8262,0.8608,0.9458,0.977,HIGH
2522,OULAD_TEST_2522,0,0.0645,0.2565,0.1928,0.1185,0.0645,LOW
2523,OULAD_TEST_2523,0,0.5396,0.5146,0.4614,0.4882,0.5396,MEDIUM
2524,OULAD_TEST_2524,0,0.8105,0.5864,0.463,0.8056,0.8105,HIGH
2525,OULAD_TEST_2525,1,0.9236,0.8637,0.8391,0.9338,0.9236,HIGH
2526,OULAD_TEST_2526,0,0.7149,0.4285,0.4654,0.5866,0.7149,HIGH
2527,OULAD_TEST_2527,1,0.5123,0.5248,0.6928,0.8373,0.5123,MEDIUM
2528,OULAD_TEST_2528,0,0.0731,0.3016,0.3888,0.3393,0.0731,LOW
2529,OULAD_TEST_2529,0,0.0764,0.3635,0.1797,0.1058,0.0764,LOW
2530,OULAD_TEST_2530,0,0.0996,0.3686,0.2263,0.0994,0.0996,LOW
2531,OULAD_TEST_2531,0,0.1029,0.3127,0.2776,0.0737,0.1029,LOW
2532,OULAD_TEST_2532,0,0.2843,0.5228,0.4459,0.4172,0.2843,LOW
2533,OULAD_TEST_2533,0,0.0236,0.4275,0.0992,0.0597,0.0236,LOW
2534,OULAD_TEST_2534,0,0.4357,0.5156,0.3558,0.4378,0.4357,MEDIUM
2535,OULAD_TEST_2535,0,0.275,0.3119,0.3267,0.1565,0.275,LOW
2536,OULAD_TEST_2536,1,0.9996,0.9368,0.9402,0.9841,0.9996,HIGH
2537,OULAD_TEST_2537,0,0.0971,0.2621,0.2571,0.2768,0.0971,LOW
2538,OULAD_TEST_2538,0,0.1814,0.3073,0.3381,0.3259,0.1814,LOW
2539,OULAD_TEST_2539,1,0.993,0.3385,0.2889,0.5067,0.993,HIGH
2540,OULAD_TEST_2540,0,0.1462,0.4739,0.3702,0.3386,0.1462,LOW
2541,OULAD_TEST_2541,0,0.1786,0.4266,0.314,0.4506,0.1786,LOW
2542,OULAD_TEST_2542,1,0.3754,0.469,0.4226,0.508,0.3754,LOW
